launch_role,sku,title,vendor,product_type,age_range,supplier_price_b2c_ron,supplier_price_b2b_ron,supplier_qty,weight_kg,length_cm,width_cm,skills,short_angle_ro,key_benefits,description,main_image,image_urls,supplier_url,bundle_theme,bundle_discount,bundle_items
HERO,4048962424614,"Kit STEM Masina alimentata cu hidrogen, Fischertechnik",Fischertechnik,Robotics/Coding,9+,669.0,,12,,,,"coding,logică,algoritmi,rezolvare de probleme","Construiește și programează pas cu pas, cu proiecte clare pentru acasă sau școală.","logică,programare,rezolvare de probleme,creativitate","Kit STEM Masina alimentata cu hidrogen, Kit de constructie cu tehnologie avansata Hidrogenul și pilele de combustie - una dintre cele mai promițătoare tehnologii energetice și un subiect cu care industria auto se ocupă de ceva timp. Un lucru este clar - avem nevoie de energii alternative care vor înlocui în cele din urmă combustibilii fosili. Copiii au ocazia să abordeze acest subiect important într-un stadiu incipient, descoperind astfel lucruri interesante în domeniul energiilor alternative. Kit pentru a construi o mașină cu pile de combustie și a o pune apoi în mișcare cu ajutorul hidrogenului. Întrebărilor precum ""Cum funcționează o pila de combustie cu hidrogen și cum poate fi produs hidrogenul?"" le sunt oferite răspunsuri simple și ușor de înțeles prin intermediul modelului practic. Folosind electrolizorul celulei de combustie reversibilă, de exemplu, se poate observa cum se pot obține hidrogen și oxigen din apă, care, la rândul lor, asigură generarea de energie electrică și conducerea fără emisii. Instrucțiuni de asamblare pentru a construi un model de motor alimentat cu hidrogen. Conține 117 de piese. Bloc de alimentare de 3V inclus. Vârsta recomandată: +9 ani. Joc premiat TOP 10 jucării 2021 Confecționat din plastic. Conform reglementarilor EN71&ASTM.AVERTISMENT: Contraindicat copiilor sub 3 ani, conține piese mici. Se recomandă supravegherea copilului de către un adult în timpul jocului. Citiți instrucțiunile înainte de utilizare, urmați-le și păstrați-le pentru referință.Produs in Germania de Fischertechnik. Manula Kit STEM Masina alimentata cu hidrogen, Fischertechnik - descarca fisier",https://cdnmpro.com/708224949/p/raw/5/kit-stem-masina-alimentata-cu-hidrogen-fischertechnik~12095.jpg,https://cdnmpro.com/708224949/p/raw/5/kit-stem-masina-alimentata-cu-hidrogen-fischertechnik~12095.jpg|https://cdnmpro.com/708224949/p/raw/6/kit-stem-masina-alimentata-cu-hidrogen-fischertechnik~12096.jpg|https://cdnmpro.com/708224949/p/raw/7/kit-stem-masina-alimentata-cu-hidrogen-fischertechnik~12097.jpg|https://cdnmpro.com/708224949/p/raw/8/kit-stem-masina-alimentata-cu-hidrogen-fischertechnik~12098.jpg|https://cdnmpro.com/708224949/p/raw/9/kit-stem-masina-alimentata-cu-hidrogen-fischertechnik~12099.jpg,https://www.boribon.ro/cumpara/kit-stem-masina-alimentata-cu-hidrogen-fischertechnik-4395,Robotics Starter Pack,10%,"Kit STEM de construit motoare si generatoare, Thames & Kosmos (0814743010390); Kit STEM Incarcator frontal de asamblat si manevrat, Fischertechnik (4048962549300); Kit STEM Set volumetric, Genius Toy (4716503310442)"
HERO,4048962424706,"Kit STEM Introducere in programarea roboților, Fischertechnik",Fischertechnik,Robotics/Coding,"3 - 6, 6 - 9, 9+",758.0,,14,,,,"coding,logică,algoritmi,rezolvare de probleme","Construiește și programează pas cu pas, cu proiecte clare pentru acasă sau școală.","logică,programare,rezolvare de probleme,creativitate","Kit STEM Introducere in programarea roboților Învață să scrii propriul program care să dea viață unui robot! Această tehnologie este esențială pentru viitorii programatori și ingineri IT. Kitul Early Coding este alegerea potrivită pentru a-i învăța chiar și pe cei mai tineri pasionați de lumea IT și robotică. Cele două motoare și senzori sunt complet integrate într-un bloc. Asta înseamnă că tot ce trebuie să facă utilizatorii este să le pornească, să se conecteze prin Bluetooth folosind un dispozitiv mobil și să înceapă! Mediul simplu de programare grafică cu exemple pre-proiectate este construit pentru a fi adecvat vârstei. De asemenea, tinerii programatori își pot crea cu siguranță propriile module folosind sistemul robotilor. Instrucțiuni de asamblare pentru a construi 3 modele simple de roboți. Conține 33 de piese. Vârsta recomandată: +5 ani. Confecționat din plastic. Conform reglementarilor EN71&ASTM.AVERTISMENT: Contraindicat copiilor sub 3 ani, conține piese mici. Se recomandă supravegherea copilului de către un adult în timpul jocului. Citiți instrucțiunile înainte de utilizare, urmați-le și păstrați-le pentru referință.Produs in Germania de Fischertechnik.",https://cdnmpro.com/708224949/p/raw/0/kit-stem-introducere-in-programarea-robotilor-fischertechnik~12170.jpg,https://cdnmpro.com/708224949/p/raw/0/kit-stem-introducere-in-programarea-robotilor-fischertechnik~12170.jpg|https://cdnmpro.com/708224949/p/raw/1/kit-stem-introducere-in-programarea-robotilor-fischertechnik~12171.jpg|https://cdnmpro.com/708224949/p/raw/2/kit-stem-introducere-in-programarea-robotilor-fischertechnik~12172.jpg|https://cdnmpro.com/708224949/p/raw/3/kit-stem-introducere-in-programarea-robotilor-fischertechnik~12173.jpg|https://cdnmpro.com/708224949/p/raw/4/kit-stem-introducere-in-programarea-robotilor-fischertechnik~12174.jpg,https://www.boribon.ro/cumpara/kit-stem-introducere-in-programarea-robotilor-fischertechnik-4400,Robotics Starter Pack,10%,"Kit STEM Proiector Planetarium, Thames & Kosmos (0814743017931); Kit STEM Anatomia corpului uman, Thames & Kosmos (5060282510746); Kit STEM Calendarul stiintific de Advent, Thames & Kosmos (0658606787643)"
HERO,4048962492774,"Kit STEM Roboti inteligenti Pro, Fischertechnik",Fischertechnik,Robotics/Coding,"6 - 9, 9+",1233.0,,9,,,,"coding,logică,algoritmi,rezolvare de probleme","Construiește și programează pas cu pas, cu proiecte clare pentru acasă sau școală.","logică,programare,rezolvare de probleme,creativitate","Kit STEM Roboti inteligenti Pro, Invata cum sa programezi roboti Smart Robots Pro este pachetul complet pentru inițierea copiilor cu vârsta de peste 8 ani în domeniul programării. Tinerii programatori pot construi 12 modele diferite. Fie că este vorba despre robotul mobil pentru detectarea obstacolelor, caruselul cu lumini intermitente, controlul temperaturii cu ventilator sau sistemul de alarmă, intrarea în lumea programării este garantată cu succes. Controlul prin intermediul BT Smart Controller cu patru intrări pentru senzori digitali și analogici și două ieșiri pentru motoare sau lămpi, are o interfață USB și Bluetooth 4.1 LE. Software-ul ROBO Pro Coding permite o programare rapidă, clară și ușor de înțeles a modelelor. Materialul didactic de însoțire sprijină procesul de învățare al copiilor și explică programarea într-un mod ușor de înțeles. Instrucțiuni de asamblare pentru a construi 12 modele simple de roboți. Conține 362 de piese. Vârsta recomandată: +8 ani. Confecționat din plastic. Conform reglementarilor EN71&ASTM.AVERTISMENT: Contraindicat copiilor sub 3 ani, conține piese mici. Se recomandă supravegherea copilului de către un adult în timpul jocului. Citiți instrucțiunile înainte de utilizare, urmați-le și păstrați-le pentru referință.Produs in Germania de Fischertechnik. Manual Kit STEM Smart Robots Pro, Fischertechnik - descarca aici fisierul",https://cdnmpro.com/708224949/p/raw/8/kit-stem-roboti-inteligenti-pro-fischertechnik~12178.jpg,https://cdnmpro.com/708224949/p/raw/8/kit-stem-roboti-inteligenti-pro-fischertechnik~12178.jpg|https://cdnmpro.com/708224949/p/raw/9/kit-stem-roboti-inteligenti-pro-fischertechnik~12179.jpg|https://cdnmpro.com/708224949/p/raw/0/kit-stem-roboti-inteligenti-pro-fischertechnik~12180.jpg|https://cdnmpro.com/708224949/p/raw/1/kit-stem-roboti-inteligenti-pro-fischertechnik~12181.jpg|https://cdnmpro.com/708224949/p/raw/2/kit-stem-roboti-inteligenti-pro-fischertechnik~12182.jpg,https://www.boribon.ro/cumpara/kit-stem-roboti-inteligenti-pro-fischertechnik-4401,Robotics Starter Pack,10%,"Kit STEM Curse nebunesti, Fischertechnik (4048962492750); Kit STEM Camion de santier de asamblat si manevrat, Fischertechnik (4048962549294); Set magnetic de construit 125 piese, Cleverclixx (6152121274274)"
HERO,6975007386140,"Joc STEM Microscop digital cu ecran integrat, TopBright",TopBright ScienceCan,Robotics/Coding,"3 - 6, 6 - 9, 9+",399.0,,33,,,,"coding,logică,algoritmi,rezolvare de probleme","Construiește și programează pas cu pas, cu proiecte clare pentru acasă sau școală.","logică,programare,rezolvare de probleme,creativitate","Joc STEM Microscop digital cu ecran integrat Cu o putere de 400× mărire, permite observarea celulelor, microorganismelor și detaliilor invizibile cu ochiul liber, direct pe ecran fără a fi nevoie de ochi‑ocular. Acest kit științific include tot ce are nevoie un mic cercetător: diapozitive pregătite, instrumente de laborator (pipetă, pensetă, eprubetă, Petri) și acces pentru salvarea imaginilor și a videoclipurilor observate. Prin port USB‑C sau card SD, copiii își pot transfera observațiile pe PC sau alte dispozitive. Setul include: microscop cu ecran, stație experimentală, pipetă, pensetă, eprubetă, vas Petri, container mic, 2 lamele dreptunghice goale, 2 lamele rotunde goale, 5 lamele cu probe, cablu USB‑C, card SD. Echipat cu acumulator - incarcare USB-C (5V - 1A) Dimensiune produs: 20,5 × 15,5 × 22,0 cm Vârsta recomandată: +8 ani. Confecționat din ABS, PC. Conform reglementarilor EN71&ASTM. AVERTISMENT: Contraindicat copiilor sub 3 ani, conține piese mici. Se recomandă supravegherea copilului de către un adult în timpul jocului. Citiți instrucțiunile înainte de utilizare, urmați-le și păstrați-le pentru referință. Produs in China de TopBright Wisdom Information Technology pentru Topbright Gmbh, Germania. Manual Joc STEM Microscop digital cu ecran integrat, TopBright - descarca aici fisierul",https://cdnmpro.com/708224949/p/raw/9/joc-stem-microscop-digital-cu-ecran-integrat-topbright~100075009.jpg,https://cdnmpro.com/708224949/p/raw/9/joc-stem-microscop-digital-cu-ecran-integrat-topbright~100075009.jpg|https://cdnmpro.com/708224949/p/raw/0/joc-stem-microscop-digital-cu-ecran-integrat-topbright~100074460.jpg|https://cdnmpro.com/708224949/p/raw/3/joc-stem-microscop-digital-cu-ecran-integrat-topbright~100074463.jpg|https://cdnmpro.com/708224949/p/raw/6/joc-stem-microscop-digital-cu-ecran-integrat-topbright~100074466.jpg|https://cdnmpro.com/708224949/p/raw/9/joc-stem-microscop-digital-cu-ecran-integrat-topbright~100074469.jpg,https://www.boribon.ro/cumpara/joc-stem-microscop-digital-cu-ecran-integrat-topbright-8336,Robotics Starter Pack,10%,"Prima mea cutie cu jucarii, Speedy Monkey (0850047013392); Kit STEM Set Constructor, Fischertechnik (4048962458527); Kit STEM Telescop, Thames & Kosmos (5060282510432)"
HERO,4260771793396,"Set STEAM Laborator de chimie, TopBright",TopBright ScienceCan,Robotics/Coding,"6 - 9, 9+",349.0,,21,,,,"coding,logică,algoritmi,rezolvare de probleme","Construiește și programează pas cu pas, cu proiecte clare pentru acasă sau școală.","logică,programare,rezolvare de probleme,creativitate","Set STEAM Laboratorul de chimie al micilor oameni de știință Acest laborator le permite micilor exploratori să descopere și să experimenteze cu bulele într-un mod captivant și educativ. Cu 20 de carduri cu experimente și un manual detaliat, copiii pot realiza peste 100 de experimente care stimulează curiozitatea, gândirea critică și înțelegerea fenomenelor fizice și chimice legate lichide – cum ar fi formarea bulelor, tensiunea superficială, geometria, culorile și interacțiunea lor. Dimensiuni produs: 38 × 24,5 × 34 cm Toate componentele sunt fabricate din plastic ABS de calitate alimentară / polietilenă (sau alt tip), fără BPA, fără substanţe toxice. Se respectă standardele de siguranță EN71 și ASTM. Vârsta recomandată: +8 ani. AVERTISMENT: Contraindicat copiilor sub 3 ani, conține piese mici. Se recomandă supravegherea copilului de către un adult în timpul jocului. Citiți instrucțiunile înainte de utilizare, urmați-le și păstrați-le pentru referință. Produs in China de TopBright Wisdom Information Technology pentru Topbright Gmbh, Germania Manual Set STEAM Laborator de chimie, TopBright - descarca aici fisierul",https://cdnmpro.com/708224949/p/raw/6/set-steam-laborator-de-chimie-topbright~100012876.jpg,https://cdnmpro.com/708224949/p/raw/6/set-steam-laborator-de-chimie-topbright~100012876.jpg|https://cdnmpro.com/708224949/p/raw/3/set-steam-laborator-de-chimie-topbright~100012873.jpg|https://cdnmpro.com/708224949/p/raw/9/set-steam-laborator-de-chimie-topbright~100012879.jpg|https://cdnmpro.com/708224949/p/raw/2/set-steam-laborator-de-chimie-topbright~100012882.jpg|https://cdnmpro.com/708224949/p/raw/5/set-steam-laborator-de-chimie-topbright~100012885.jpg,https://www.boribon.ro/cumpara/set-steam-laborator-de-chimie-topbright-8303,Robotics Starter Pack,10%,"Kit STEM Proiector Planetarium, Thames & Kosmos (0814743017931); Kit STEM Tractor de asamblat si manevrat, Fischertechnik (4048962549317); Kit STEM Masina de pompieri, Fischertechnik (4048962458565)"
HERO,4716503041612,"Kit STEM Roboti inteligenti, Genius Toy",Gigo Toys,Robotics/Coding,"6 - 9, 9+",692.0,,58,,,,"coding,logică,algoritmi,rezolvare de probleme","Construiește și programează pas cu pas, cu proiecte clare pentru acasă sau școală.","logică,programare,rezolvare de probleme,creativitate","Kit STEM Roboti inteligenti - Roboți Programabili cu Senzori Ultrasonici și Conectivitate Bluetooth Descoperă lumea fascinantă a roboticii și programării cu acest kit educațional complet ce le permite copiilor să creeze, programeze și controleze roboți inteligenți cu ajutorul senzorilor și al tehnologiei Bluetooth. Senzorul ultrasonic din kit simulează funcționarea radarului, iar aplicația de programare vizuală le permite copiilor să creeze propriile comenzi și funcții personalizate. Conectarea se face ușor prin Bluetooth la smartphone sau tabletă, oferind o experiență interactivă completă. Setul include componente inteligente, cum ar fi tehnologia Bluetooth, un motor 40X cu structură planetară, o cutie de baterii cu activare prin mișcare, precum și acces la o aplicație vizuală de programare, ideală pentru introducerea în lumea codării. Necesită 3 baterii AA/LR6 – nu sunt incluse. Vărsta recomandată: +8 ani. Confecționat din plastic. Conform reglementarilor EN71&ASTM.AVERTISMENT: Contraindicat copiilor sub 3 ani, conține piese mici. Se recomandă supravegherea copilului de către un adult în timpul jocului. Citiți instrucțiunile înainte de utilizare, urmați-le și păstrați-le pentru referință.Produs in Taiwan de Genius Toy. Manual Kit STEM Roboti inteligenti, Genius Toy - descarca aici fisierul",https://cdnmpro.com/708224949/p/raw/2/kit-stem-roboti-inteligenti-genius-toy~100102612.jpg,https://cdnmpro.com/708224949/p/raw/2/kit-stem-roboti-inteligenti-genius-toy~100102612.jpg|https://cdnmpro.com/708224949/p/raw/5/kit-stem-roboti-inteligenti-genius-toy~100102615.jpg|https://cdnmpro.com/708224949/p/raw/8/kit-stem-roboti-inteligenti-genius-toy~100102618.jpg|https://cdnmpro.com/708224949/p/raw/1/kit-stem-roboti-inteligenti-genius-toy~100102621.jpg|https://cdnmpro.com/708224949/p/raw/4/kit-stem-roboti-inteligenti-genius-toy~100102624.jpg,https://www.boribon.ro/cumpara/kit-stem-roboti-inteligenti-genius-toy-8402,Robotics Starter Pack,10%,"Kit STEM Cursa cu obstacole Dynamic XM, Fischertechnik (4048962316247); Kit STEM Camion de santier de asamblat si manevrat, Fischertechnik (4048962549294); Set magnetic de construit 125 piese, Cleverclixx (6152121274274)"
HERO,0658606787650,"Kit STEM Construieste circuite electrice, Thames & Kosmos",Thames & Kosmos,Electronics/Circuits,"6 - 9, 9+",190.0,,20,,,,"circuite electrice,cauză-efect,gândire tehnică,experimente","Construiește și programează pas cu pas, cu proiecte clare pentru acasă sau școală.","logică,programare,rezolvare de probleme,creativitate","Kit STEM Construieste circuite electrice Explorați știința electricității într-un mod distractiv și practic, construind 20 de circuite electrice și dispozitive motorizate. Efectuați experimente pentru a afla despre componente electrice și principii ale științei fizice. De la circuit la circuit, descoperiți diferitele efecte pe care curentul electric le are asupra motorului și a luminii LED. Sistemul inovator de construcție vă permite să asamblați cu ușurință circuitele prin cuplarea conectorilor, apoi să le despărțiți cu ușurință când este timpul să construiți următorul circuit. După ce ați învățat elementele de bază ale circuitelor, puteți construi cinci modele distractive, motorizate, care îndeplinesc funcții diferite și deosebit de interesante! Conține 64 piese, manual instrucțiuni și informații. Vârsta recomandată: +8 ani .Confecționat din plastic. Conform reglementarilor EN71&ASTM. Necesită 2 baterii AA.AVERTISMENT: Contraindicat copiilor sub 8 ani, conține piese mici, pericol de înghițire. Se recomandă supravegherea copilului de către un adult în timpul jocului. Citiți instrucțiunile înainte de utilizare, urmați-le și păstrați-le pentru referință.Produs in Taiwan pentru Thames & Kosmos, Anglia. Manual Kit STEM Construieste circuite electrice - descarca fisier",https://cdnmpro.com/708224949/p/raw/7/kit-stem-construieste-circuite-electrice-thames-kosmos~100139007.jpg,https://cdnmpro.com/708224949/p/raw/7/kit-stem-construieste-circuite-electrice-thames-kosmos~100139007.jpg|https://cdnmpro.com/708224949/p/raw/0/kit-stem-construieste-circuite-electrice-thames-kosmos~100139010.jpg|https://cdnmpro.com/708224949/p/raw/3/kit-stem-construieste-circuite-electrice-thames-kosmos~100139013.jpg|https://cdnmpro.com/708224949/p/raw/2/kit-stem-construieste-circuite-electrice-thames-kosmos~9372.jpg|https://cdnmpro.com/708224949/p/raw/6/kit-stem-construieste-circuite-electrice-thames-kosmos~100139016.jpg,https://www.boribon.ro/cumpara/kit-stem-construieste-circuite-electrice-thames-kosmos-3682,Electricitate pentru începători,10%,"Kit STEM Roboti inteligenti, Genius Toy (4716503041612); Kit STEM Laborator de spionaj: Kit de investigare, Thames & Kosmos (0814743017634); Kit STEM Incarcator frontal de asamblat si manevrat, Fischertechnik (4048962549300)"
HERO,0814743010390,"Kit STEM de construit motoare si generatoare, Thames & Kosmos",Thames & Kosmos,Electronics/Circuits,"6 - 9, 9+",232.0,,34,,,,"circuite electrice,cauză-efect,gândire tehnică,experimente","Construiește și programează pas cu pas, cu proiecte clare pentru acasă sau școală.","logică,programare,rezolvare de probleme,creativitate","Kit STEM de construit motoare si generatoare Motoarele și generatoarele electrice se regăsesc în nenumărate dispozitive, aparate și vehicule pe care le folosim în fiecare zi. Sunt o tehnologie esențială în lumea noastră modernă. Cu acest kit, puteți efectua 25 de experimente pentru a afla cum un motor electric transformă electricitatea în mișcare și cum un generator electric face exact invers, transformând mișcarea în electricitate. Motorul electric este realizat din plastic transparent pentru a vedea cum funcționează componentele interioare. Configurați motorul să funcționeze pe baterie și aflați cum funcționează un motor. Apoi reconfigurați dispozitivul să funcționeze în sens invers ca un generator electric cu manivelă. Experimentați forța magnetismului și modul în care câmpurile magnetice se leagă de curentul electric. Construiți circuite simple constând din motor sau generator, fire și un bec pentru a afla despre fluxul de electricitate. Aflați despre roți dințate și transmisii și cum funcționează acestea pentru a converti eficient energia cinetică în energie electrică și înapoi. Manualul cu imagini colorate, de 48 de pagini, vă ghidează experimentele cu instrucțiuni pas cu pas. Conține 12 piese, manual cu instrucțiuni și informații. Necesita 2 baterii AA. Vârsta recomandată: +8 ani .AVERTISMENT: Contraindicat copiilor sub 8 ani, conține piese mici, pericol de înghițire. Se recomandă supravegherea copilului de către un adult în timpul jocului. Citiți instrucțiunile înainte de utilizare, urmați-le și păstrați-le pentru referință.Produs in China pentru Thames & Kosmos, Anglia. Manual Kit STEM de construit motoare si generatoare - descarca fisier",https://cdnmpro.com/708224949/p/raw/8/kit-stem-de-construit-motoare-si-generatoare-thames-kosmos~9398.jpg,https://cdnmpro.com/708224949/p/raw/8/kit-stem-de-construit-motoare-si-generatoare-thames-kosmos~9398.jpg|https://cdnmpro.com/708224949/p/raw/9/kit-stem-de-construit-motoare-si-generatoare-thames-kosmos~9399.jpg|https://cdnmpro.com/708224949/p/raw/0/kit-stem-de-construit-motoare-si-generatoare-thames-kosmos~9400.jpg|https://cdnmpro.com/708224949/p/raw/1/kit-stem-de-construit-motoare-si-generatoare-thames-kosmos~9401.jpg|https://cdnmpro.com/708224949/p/raw/3/kit-stem-de-construit-motoare-si-generatoare-thames-kosmos~13783.jpg,https://www.boribon.ro/cumpara/kit-stem-de-construit-motoare-si-generatoare-thames-kosmos-3690,Electricitate pentru începători,10%,"Kit STEM Roboti inteligenti Pro, Fischertechnik (4048962492774); Kit STEM Calendarul stiintific de Advent, Thames & Kosmos (0658606787643); Kit STEM de construit si explorat Universal Max, Fischertechnik (4048962516654)"
HERO,0814743017931,"Kit STEM Proiector Planetarium, Thames & Kosmos",Thames & Kosmos,Electronics/Circuits,9+,204.0,,27,,,,"circuite electrice,cauză-efect,gândire tehnică,experimente","Construiește și programează pas cu pas, cu proiecte clare pentru acasă sau școală.","logică,programare,rezolvare de probleme,creativitate","Kit STEM Proiector Planetarium Transformă-ți dormitorul într-un planetariu!Proiecții pe tavan și pe pereți ale stelelor și constelațiilor, precum și ale unor imagini cu tematică spațială. Acest planetariu sunt de fapt două proiectoare într-unul singur. Primul este o cupolă rotativă care proiectează hărți astronomice exacte ale stelelor. Sunt incluse hărți stelare atât pentru emisfera nordică, cât și pentru cea sudică. Cel de-al doilea proiectează imagini legate de spațiu, inclusiv cele opt planete, opt obiecte spațiale create de om, cum ar fi rachete și sateliți, și opt fenomene extragalactice, cum ar fi nebuloase și galaxii.Utilizați modul de iluminare nocturnă pentru a opri automat proiectorul după 15, 30 sau 60 de minute. Design compact, care economisește spațiul. Poate fi așezat pe o suprafață plană sau atârnat pe un perete. Include un poster educativ color și instrucțiuni.Cupola rotativă cu hărții stelare, emisferele nordică și sudicăLumini LED de lungă duratăMod de iluminare nocturnă și temporizator de oprire automatăLentile focalizabile Compartiment de depozitare pentru discurile cu imagini4 discuri fiecare cu 8 imagini legate de spațiu, 32 de imagini în totalCablu de alimentare USB. Vârsta recomandată: +14 ani.AVERTISMENT: Contraindicat copiilor sub 3 ani, conține piese mici, pericol de înghițire. Citiți instrucțiunile înainte de utilizare, urmați-le și păstrați-le pentru referință.Produs de Thames & Kosmos, Anglia. Manual Kit STEM Proiector Planetarium - descarca fisier",https://cdnmpro.com/708224949/p/raw/7/kit-stem-proiector-planetarium-thames-kosmos~10197.jpg,https://cdnmpro.com/708224949/p/raw/7/kit-stem-proiector-planetarium-thames-kosmos~10197.jpg|https://cdnmpro.com/708224949/p/raw/5/kit-stem-proiector-planetarium-thames-kosmos~10195.jpg|https://cdnmpro.com/708224949/p/raw/6/kit-stem-proiector-planetarium-thames-kosmos~10196.jpg|https://cdnmpro.com/708224949/p/raw/9/kit-stem-proiector-planetarium-thames-kosmos~10199.jpg|https://cdnmpro.com/708224949/p/raw/0/kit-stem-proiector-planetarium-thames-kosmos~10320.jpg,https://www.boribon.ro/cumpara/kit-stem-proiector-planetarium-thames-kosmos-3904,Electricitate pentru începători,10%,"Kit STEM Roboti inteligenti Pro, Fischertechnik (4048962492774); Kit STEM cu modele interactive Universal Pro, Fischertechnik (4048962516647); Kit STEM Principiile mecanicii, Fischertechnik (4048962492767)"
HERO,4048962424645,"Kit STEM E-Tronic Principiile Electronicii, Fischertechnik",Fischertechnik,Electronics/Circuits,9+,937.0,,3,,,,"circuite electrice,cauză-efect,gândire tehnică,experimente","Construiește și programează pas cu pas, cu proiecte clare pentru acasă sau școală.","logică,programare,rezolvare de probleme,creativitate","Kit STEM E-Tronic, Invata elementele de baza ale electronicii prin joaca Kitul E-Tronic permite descoperirea principiilor electronicii prin joacă! Copiii pot construi circuite simple, circuite în serie și paralele, întrerupătoare electronice cu tranzistori, condensatori, rezistențe și LED-uri. Acest kit de construcție îi va învăța principiile de bază, pas cu pas. Modulul electronic, un controler cu 16 programe setate, are două ieșiri de motor, trei intrări analogice pentru senzori și un potențiometru pentru controlul vitezei unui motor. Acest set de construcție poate fi folosit pentru a construi o varietate de modele interesante, de la componente simple la cele complexe, cum ar fi lumini intermitente alternante. Instrucțiuni de asamblare pentru a construi 16 modele. Conține 340 de piese între care 2 butoane, contact Reed, motor XS, modul electronic cu 16 programe fixe, 2 tranzistori, 2 rezistențe, condensator, 2 LED-uri, suport pentru baterie de 9V bloc. Vârsta recomandată: +9 ani. Confecționat din plastic. Conform reglementarilor EN71&ASTM.AVERTISMENT: Contraindicat copiilor sub 3 ani, conține piese mici. Se recomandă supravegherea copilului de către un adult în timpul jocului. Citiți instrucțiunile înainte de utilizare, urmați-le și păstrați-le pentru referință.Produs in Germania de Fischertechnik.",https://cdnmpro.com/708224949/p/raw/5/kit-stem-e-tronic-principiile-electronicii-fischertechnik~12155.jpg,https://cdnmpro.com/708224949/p/raw/5/kit-stem-e-tronic-principiile-electronicii-fischertechnik~12155.jpg|https://cdnmpro.com/708224949/p/raw/6/kit-stem-e-tronic-principiile-electronicii-fischertechnik~12156.jpg|https://cdnmpro.com/708224949/p/raw/7/kit-stem-e-tronic-principiile-electronicii-fischertechnik~12157.jpg|https://cdnmpro.com/708224949/p/raw/8/kit-stem-e-tronic-principiile-electronicii-fischertechnik~12158.jpg|https://cdnmpro.com/708224949/p/raw/9/kit-stem-e-tronic-principiile-electronicii-fischertechnik~12159.jpg,https://www.boribon.ro/cumpara/kit-stem-e-tronic-principiile-electronicii-fischertechnik-4399,Electricitate pentru începători,10%,"Kit STEM Construieste roboti extraterestrii, Genius Toy (4716503074450); Kit STEM Laborator de spionaj: Kit de investigare, Thames & Kosmos (0814743017634); Kit STEM Incarcator frontal de asamblat si manevrat, Fischertechnik (4048962549300)"
HERO,0857853001841,"Kit STEM Energie hidroelectrica, Thames & Kosmos",Thames & Kosmos,Electronics/Circuits,"6 - 9, 9+",308.0,,8,,,,"circuite electrice,cauză-efect,gândire tehnică,experimente","Construiește și programează pas cu pas, cu proiecte clare pentru acasă sau școală.","logică,programare,rezolvare de probleme,creativitate","Kit STEM Energie hidroelectrică Energia hidroelectrică a fost folosită timp de sute de ani în morile de apă, iar în prezent este folosită în mod obișnuit pentru a genera electricitate în aplicații precum barajele hidroelectrice și centralele de energie maremotrice. Explorează puterea apei construind modele și efectuând experimente cu ele. Află cum sunt utilizate diferite dispozitive pentru a extrage energie utilă din apa în mișcare - de la o roată de apă într-un mic pârâu până la o turbină uriașă într-o centrală electrică maremotrică. Alcătuiește o roată hidraulică, o moară fierăstrău și o moară cu ciocane pentru a valorifica energia apei în mișcare și a efectua diferite tipuri de muncă fizică. Cercetează proprietățile fascinante ale apei prin efectuarea de experimente care implică tensiunea superficială, aderența și coeziunea. Învață despre presiunea apei construind un turn de apă, vase comunicante și o fântână cu apă. Construiește o centrală hidroelectrică pentru a genera electricitate și a aprinde un LED. Află de unde provine energia din valurile oceanului, maree și râuri și descoperă cum se poate genera electricitate din ele. Manualul de experimente în culori, cu 32 de pagini, oferă instrucțiuni ilustrate și informații științifice. Kitul conține 105 piese, 12 experimente, manual cu instrucțiuni.Vârsta recomandată: 8+ ani. Premiul Alegerea părinților Confecționat din plastic. Conform reglementarilor EN71&ASTM.AVERTISMENT: Contraindicat copiilor sub 3 ani, conține piese mici. Se recomandă supravegherea copilului de către un adult în timpul jocului. Citiți instrucțiunile înainte de utilizare, urmați-le și păstrați-le pentru referință.Produs in Taiwan pentru Thames & Kosmos, Anglia. Manual Kit STEM Energie hidroelectrica, Thames & Kosmos - descarca fisier",https://cdnmpro.com/708224949/p/raw/5/kit-stem-energie-hidroelectrica-thames-kosmos~12245.jpg,https://cdnmpro.com/708224949/p/raw/5/kit-stem-energie-hidroelectrica-thames-kosmos~12245.jpg|https://cdnmpro.com/708224949/p/raw/6/kit-stem-energie-hidroelectrica-thames-kosmos~12246.jpg|https://cdnmpro.com/708224949/p/raw/7/kit-stem-energie-hidroelectrica-thames-kosmos~12247.jpg|https://cdnmpro.com/708224949/p/raw/8/kit-stem-energie-hidroelectrica-thames-kosmos~12248.jpg|https://cdnmpro.com/708224949/p/raw/9/kit-stem-energie-hidroelectrica-thames-kosmos~12249.jpg,https://www.boribon.ro/cumpara/kit-stem-energie-hidroelectrica-thames-kosmos-4413,Electricitate pentru începători,10%,"Kit STEM Roboti inteligenti, Genius Toy (4716503041612); Kit STEM Set volumetric, Genius Toy (4716503310442); Kit STEM Camion de santier de asamblat si manevrat, Fischertechnik (4048962549294)"
HERO,4048962316247,"Kit STEM Cursa cu obstacole Dynamic XM, Fischertechnik",Fischertechnik,Electronics/Circuits,"6 - 9, 9+",308.0,,8,,,,"circuite electrice,cauză-efect,gândire tehnică,experimente","Construiește și programează pas cu pas, cu proiecte clare pentru acasă sau școală.","logică,programare,rezolvare de probleme,creativitate","Kit STEM Cursa cu obstacole cu bila metalica Dynamic XM Cu acest kit de construcție, distracția și acțiunea sunt garantate! După ce au fost catapultate pe rampa de lansare, bilele sar și aterizează în pâlnia rotativă. Pentru a asigura aterizarea corectă a bilelor în tava de colectare, rampa de lansare poate fi reglată în jurul a trei axe. În total, trei modele distincte pot fi construite cu acest set. Descoperă lumea fascinantă și creativă a cursei cu obstacole Fischertechnik! Poate fi combinat cu seturile de construit 536620 Dynamic S, 533872 Dynamic M și 536621 Dynamic L2 Instrucțiuni de asamblare pentru a construi 3 modele de circuite, complexe și originale. Conține 280 de piese. Vârsta recomandată: +7 ani. Confecționat din plastic. Conform reglementarilor EN71&ASTM.AVERTISMENT: Contraindicat copiilor sub 3 ani, conține piese mici. Se recomandă supravegherea copilului de către un adult în timpul jocului. Citiți instrucțiunile înainte de utilizare, urmați-le și păstrați-le pentru referință.Produs in Germania de Fischertechnik.",https://cdnmpro.com/708224949/p/raw/4/kit-stem-cursa-cu-obstacole-dynamic-xm-fischertechnik~12004.jpg,https://cdnmpro.com/708224949/p/raw/4/kit-stem-cursa-cu-obstacole-dynamic-xm-fischertechnik~12004.jpg|https://cdnmpro.com/708224949/p/raw/5/kit-stem-cursa-cu-obstacole-dynamic-xm-fischertechnik~12005.jpg|https://cdnmpro.com/708224949/p/raw/6/kit-stem-cursa-cu-obstacole-dynamic-xm-fischertechnik~12006.jpg|https://cdnmpro.com/708224949/p/raw/7/kit-stem-cursa-cu-obstacole-dynamic-xm-fischertechnik~12007.jpg|https://cdnmpro.com/708224949/p/raw/8/kit-stem-cursa-cu-obstacole-dynamic-xm-fischertechnik~12008.jpg,https://www.boribon.ro/cumpara/kit-stem-cursa-cu-obstacole-dynamic-xm-fischertechnik-4387,Electricitate pentru începători,10%,"Kit STEM Construieste mecanisme propulsate cu apa, Genius Toy (4716503070773); Set magnetic de construit 125 piese, Cleverclixx (6152121274274); Kit STEM de construit si explorat Universal Max, Fischertechnik (4048962516654)"
HERO,4048962316223,"Kit STEM Energie Solara, Fischertechnik",Fischertechnik,Renewable Energy,"6 - 9, 9+",181.0,,25,,,,"energie verde,știința energiei,proiecte,curiozitate","Construiește și programează pas cu pas, cu proiecte clare pentru acasă sau școală.","logică,programare,rezolvare de probleme,creativitate","Kit STEM Energie Solara Kit de construcție STEM prin intermediul căruia copiii dobândesc în mod ludic primele cunoștințe despre energia regenerabilă. Rotorul solar, o combinație de celulă solară și motor, este piesa centrală a celor trei modele și face ca elicea să se rotească folosind puterea soarelui. Modelele de elicopter, bărcuță pneumatică și ventilator sunt puse în mișcare cu ajutorul energiei solare. Figurina FischertechNik inclusă aduce un plus de distracție. Alimentat cu energie solarăRotor solar funcțional Conține 80 de piese, instrucțiuni de asamblare. Vârsta recomandată: +7 ani. Confecționat din plastic și metal. Conform reglementarilor EN71&ASTM.AVERTISMENT: Contraindicat copiilor sub 3 ani, conține piese mici. Se recomandă supravegherea copilului de către un adult în timpul jocului. Citiți instrucțiunile înainte de utilizare, urmați-le și păstrați-le pentru referință.Produs in Germania de Fischertechnik.",https://cdnmpro.com/708224949/p/raw/1/kit-stem-energie-solara-fischertechnik~11921.jpg,https://cdnmpro.com/708224949/p/raw/1/kit-stem-energie-solara-fischertechnik~11921.jpg|https://cdnmpro.com/708224949/p/raw/2/kit-stem-energie-solara-fischertechnik~11922.jpg|https://cdnmpro.com/708224949/p/raw/3/kit-stem-energie-solara-fischertechnik~11923.jpg|https://cdnmpro.com/708224949/p/raw/4/kit-stem-energie-solara-fischertechnik~11924.jpg|https://cdnmpro.com/708224949/p/raw/5/kit-stem-energie-solara-fischertechnik~11925.jpg,https://www.boribon.ro/cumpara/kit-stem-energie-solara-fischertechnik-4379,Green Energy Pack,10%,"Instrument muzical Pian electronic Djeco (3070900060067); Kit STEM Telescop, Thames & Kosmos (5060282510432); Kit STEM Principiile mecanicii, Fischertechnik (4048962492767)"
HERO,4048962229721,"Kit STEM Sisteme pneumatice, Fischertechnik",Fischertechnik,Renewable Energy,"6 - 9, 9+",391.0,,6,,,,"energie verde,știința energiei,proiecte,curiozitate","Construiește și programează pas cu pas, cu proiecte clare pentru acasă sau școală.","logică,programare,rezolvare de probleme,creativitate","Kit STEM Sisteme pneumatice, Modele alimentate cu energie pneumatica Setul de construcție Puterea pneumatică adoptă o abordare de învățare prin joc a principiilor pneumatice, prin intermediul unor modele realiste care indică funcționalitatea supapelor și cilindrilor pneumatici. Aerul este pompat manual într-o cameră de aer. Apăsarea supapelor manuale transportă aerul comprimat prin furtunuri în cilindrul pneumatic. Se pot construi un excavator și alte patru modele. Instrucțiuni de asamblare pentru a construi 5 modele alimentate cu energie pneumatica. Conține 200 de piese. Vârsta recomandată: +8 ani. Confecționat din plastic. Conform reglementarilor EN71&ASTM.AVERTISMENT: Contraindicat copiilor sub 3 ani, conține piese mici. Se recomandă supravegherea copilului de către un adult în timpul jocului. Citiți instrucțiunile înainte de utilizare, urmați-le și păstrați-le pentru referință.Produs in Germania de Fischertechnik.",https://cdnmpro.com/708224949/p/raw/3/kit-stem-sisteme-pneumatice-fischertechnik~12083.jpg,https://cdnmpro.com/708224949/p/raw/3/kit-stem-sisteme-pneumatice-fischertechnik~12083.jpg|https://cdnmpro.com/708224949/p/raw/4/kit-stem-sisteme-pneumatice-fischertechnik~12084.jpg|https://cdnmpro.com/708224949/p/raw/5/kit-stem-sisteme-pneumatice-fischertechnik~12085.jpg|https://cdnmpro.com/708224949/p/raw/6/kit-stem-sisteme-pneumatice-fischertechnik~12086.jpg|https://cdnmpro.com/708224949/p/raw/7/kit-stem-sisteme-pneumatice-fischertechnik~12087.jpg,https://www.boribon.ro/cumpara/kit-stem-sisteme-pneumatice-fischertechnik-4394,Green Energy Pack,10%,"Instrument muzical Pian electronic Djeco (3070900060067); Kit STEM Laborator de spionaj: Kit de investigare, Thames & Kosmos (0814743017634); Kit STEM Tractor de asamblat si manevrat, Fischertechnik (4048962549317)"
HERO,0814743017634,"Kit STEM Laborator de spionaj: Kit de investigare, Thames & Kosmos",Thames & Kosmos,Science/Lab,"6 - 9, 9+",232.0,,36,,,,"metoda științifică,observație,experimente,curiozitate","Construiește și programează pas cu pas, cu proiecte clare pentru acasă sau școală.","logică,programare,rezolvare de probleme,creativitate","Kit STEM Laborator de spionaj: Kit de investigare Puteți identifica un lichid sau o pulbere necunoscută? Ce secrete devin vizibile sub o lumină UV? Cum se analizează amprentele digitale, solul, cerneala și probele de scris de mână? Asumați-vă rolul unui cercetător criminalistic pentru a afla! Efectuați experimente pe probe de laborator folosind tehnici chimice și fizice. Analizați solide și lichide, preparați o soluție fluorescentă, inspectați cerneala invizibilă, ridicați amprente, căutați bancnote false și examinați cerneala folosind cromatografia. Experimentele sunt însoțite de povești captivante despre mistere și crime inventate care trebuie rezolvate. Examinați probe în laboratorEfectuați experimente fascinanteDescoperiți secrete ascunse cu ajutorul lanternei UV, a prafului pentru amprente, a benzilor de testare a pH-ului și multe alteleFolosiți instrumentele și echipamentele pentru a analiza dovezile și a rezolva cazulEfectuați experimente pe probe folosind procese chimice și fiziceAnalizați dovezile pentru a rezolva mistere și crime imaginareClemele din plastic fixează echipamentul sau notițele pentru acces fără mâini liber Baterii necesare: AAA (1) Vârsta recomandată: 8 - 12 ani. Premii 2023 Toy Insider Topul jucăriilor de vacanță Confecționat din carton și plastic. Conform reglementarilor EN71&ASTM.AVERTISMENT: Contraindicat copiilor sub 3 ani, conține piese mici. Se recomandă supravegherea copilului de către un adult în timpul jocului. Citiți instrucțiunile înainte de utilizare, urmați-le și păstrați-le pentru referință.Produs in Taiwan pentru Thames & Kosmos, Anglia. Manual Kit STEM Laborator de spionaj Thames & Kosmos - vezi fisier",https://cdnmpro.com/708224949/p/raw/5/kit-stem-laborator-de-spionaj-kit-de-investigare-thames-kosmos~11295.jpg,https://cdnmpro.com/708224949/p/raw/5/kit-stem-laborator-de-spionaj-kit-de-investigare-thames-kosmos~11295.jpg|https://cdnmpro.com/708224949/p/raw/3/kit-stem-laborator-de-spionaj-kit-de-investigare-thames-kosmos~11293.jpg|https://cdnmpro.com/708224949/p/raw/4/kit-stem-laborator-de-spionaj-kit-de-investigare-thames-kosmos~11294.jpg|https://cdnmpro.com/708224949/p/raw/6/kit-stem-laborator-de-spionaj-kit-de-investigare-thames-kosmos~11296.jpg|https://cdnmpro.com/708224949/p/raw/5/kit-stem-laborator-de-spionaj-kit-de-investigare-thames-kosmos~14985.jpg,https://www.boribon.ro/cumpara/kit-stem-laborator-de-spionaj-kit-de-investigare-thames-kosmos-4215,Mini Lab Pack,10%,"Kit STEM de construit si explorat Universal Max, Fischertechnik (4048962516654); Kit STEM Cursa cu bile metalice - Booster, Fischertechnik (4048962516586); Kit STEM Sisteme pneumatice, Fischertechnik (4048962229721)"
HERO,4048962458565,"Kit STEM Masina de pompieri, Fischertechnik",Fischertechnik,Science/Lab,"6 - 9, 9+",617.0,,11,,,,"metoda științifică,observație,experimente,curiozitate","Construiește și programează pas cu pas, cu proiecte clare pentru acasă sau școală.","logică,programare,rezolvare de probleme,creativitate","Kit STEM Masina de interventie pompieri 4 modele fantastice, pentru a realiza fapte eroice și a salva orașe întregi. Setul de construcție include un adaptor pentru o sticlă PET convențională, care se instalatează în model pentru a fi folosită ca rezervor de apă. Acest lucru îi învață pe copii importanța sustenabilității și faptul că obiectele de zi cu zi pot avea multe alte utilizări. O pompă de aer este folosită pentru a presuriza sticla PET umplută cu apă. Atunci când se deschide supapa, apa se pulverizează prin furtunul de incendiu conectat. Un mod educativ și distractiv pentru copii de a învăța despre relația dintre presiunea aerului și cea a apei. Împreună cu omulețul inclus, fischertechNik, copiii trăiesc multe aventuri interesante: sunt experimentate misiuni eroice, sunt stinse incendii și sunt salvați oameni. Instrucțiuni de asamblare pentru a construi 4 modele de mașini de intervenție pentru pompieri. Conține 322 de piese de asamblat între care cilindru pneumatic cu supapă de reținere, supapă manuală, furtun pneumatic, adaptor pentru sticlă PET, pulverizatoare de apă, vehicul cu direcție. Vârsta recomandată: +7 ani. Confecționat din plastic. Conform reglementarilor EN71&ASTM.AVERTISMENT: Contraindicat copiilor sub 3 ani, conține piese mici. Se recomandă supravegherea copilului de către un adult în timpul jocului. Citiți instrucțiunile înainte de utilizare, urmați-le și păstrați-le pentru referință.Produs in Germania de Fischertechnik.",https://cdnmpro.com/708224949/p/raw/2/kit-stem-masina-de-pompieri-fischertechnik~11962.jpg,https://cdnmpro.com/708224949/p/raw/2/kit-stem-masina-de-pompieri-fischertechnik~11962.jpg|https://cdnmpro.com/708224949/p/raw/3/kit-stem-masina-de-pompieri-fischertechnik~11963.jpg|https://cdnmpro.com/708224949/p/raw/4/kit-stem-masina-de-pompieri-fischertechnik~11964.jpg|https://cdnmpro.com/708224949/p/raw/5/kit-stem-masina-de-pompieri-fischertechnik~11965.jpg|https://cdnmpro.com/708224949/p/raw/6/kit-stem-masina-de-pompieri-fischertechnik~11966.jpg,https://www.boribon.ro/cumpara/kit-stem-masina-de-pompieri-fischertechnik-4382,Mini Lab Pack,10%,"Kit STEM Set Constructor, Fischertechnik (4048962458527); Kit STEM Proiector Planetarium, Thames & Kosmos (0814743017931); Kit STEM Energie Solara, Fischertechnik (4048962316223)"
HERO,4048962516647,"Kit STEM cu modele interactive Universal Pro, Fischertechnik",Fischertechnik,Science/Lab,"6 - 9, 9+",284.0,,12,,,,"metoda științifică,observație,experimente,curiozitate","Construiește și programează pas cu pas, cu proiecte clare pentru acasă sau școală.","logică,programare,rezolvare de probleme,creativitate","Kit STEM cu modele interactive Universal Pro Kit de construcție entry-level, permite micilor ingineri să descopere principiile tehnice de bază cu ajutorul unor modele amuzante, cum ar fi un lansator de avioane de hârtie, un labirint și o mașină de pictat ouă. Varietatea de blocuri de construcție în culori noi și piese turnate inovatoare deschide noi posibilități de proiectare. Universal Pro nu promovează doar creativitatea, ci și înțelegerea tehnică a minților tinere. O jucărie distractivă și educativă care deschide lumea tehnologiei într-un mod jucăuș. Conține 217 de piese, 10 modele. Vârsta recomandată: +7 ani. Confecționat din plastic. Conform reglementarilor EN71&ASTM.AVERTISMENT: Contraindicat copiilor sub 3 ani, conține piese mici. Se recomandă supravegherea copilului de către un adult în timpul jocului. Citiți instrucțiunile înainte de utilizare, urmați-le și păstrați-le pentru referință.Produs in Germania de Fischertechnik.",https://cdnmpro.com/708224949/p/raw/5/kit-stem-cu-modele-interactive-universal-pro-fischertechnik~19625.jpg,https://cdnmpro.com/708224949/p/raw/5/kit-stem-cu-modele-interactive-universal-pro-fischertechnik~19625.jpg|https://cdnmpro.com/708224949/p/raw/0/kit-stem-cu-modele-interactive-universal-pro-fischertechnik~19620.jpg|https://cdnmpro.com/708224949/p/raw/1/kit-stem-cu-modele-interactive-universal-pro-fischertechnik~19621.jpg|https://cdnmpro.com/708224949/p/raw/2/kit-stem-cu-modele-interactive-universal-pro-fischertechnik~19622.jpg|https://cdnmpro.com/708224949/p/raw/3/kit-stem-cu-modele-interactive-universal-pro-fischertechnik~19623.jpg,https://www.boribon.ro/cumpara/kit-stem-cu-modele-interactive-universal-pro-fischertechnik-7787,Mini Lab Pack,10%,"Kit STEM Set Constructor, Fischertechnik (4048962458527); Lampa de veghe - Muzicantii din Bremen, Egmont Toys (5420023044082); Set de explorator cu valiza, Egmont Toys (5420023043979)"
HERO,5060282510746,"Kit STEM Anatomia corpului uman, Thames & Kosmos",Thames & Kosmos,Engineering/Logic,"6 - 9, 9+",232.0,,14,,,,"inginerie,mecanică,logică spațială,motricitate fină","Construiește și programează pas cu pas, cu proiecte clare pentru acasă sau școală.","logică,programare,rezolvare de probleme,creativitate","Kit STEM Descopera corpul uman Anatomia umană este secțiunea din biologie care se referă la structura corpului uman. Kit pentru explorarea și învățarea corpului prin asamblarea unui trunchi de bărbat. Fiecare piesă a scheletului și a organelor se potrivește ca un puzzle, se poate astfel cunoaște și înțelege așezarea organelor, inclusiv creierul, sistemul scheletic, digestiv și cardiovascular.Odată ce oasele și organele sunt asamblate, întreaga structură este învelită într-o carcasă exterioară a corpului pe jumătate transparentă, permițând ca modelul anatomic să fie privit ca o expoziție de muzeu. Aflați fapte interesante despre organele umane și despre capacitatea lor uimitoare de a ne menține în viață! Model scara 1 : 6.Conține 37 piese, manual cu instrucțiuni. Vârsta recomandată: +8 ani. Confecționat din plastic. Conform reglementarilor EN71&ASTM.AVERTISMENT: Contraindicat copiilor sub 3 ani. Se recomandă supravegherea copilului de către un adult în timpul jocului. Citiți instrucțiunile înainte de utilizare, urmați-le și păstrați-le pentru referință.Produs in China pentru Thames & Kosmos, Anglia. Manual Kit STEM Anatomia corpului uman - descarca fisier",https://cdnmpro.com/708224949/p/raw/7/kit-stem-anatomia-corpului-uman-thames-kosmos~10097.jpg,https://cdnmpro.com/708224949/p/raw/7/kit-stem-anatomia-corpului-uman-thames-kosmos~10097.jpg|https://cdnmpro.com/708224949/p/raw/5/kit-stem-anatomia-corpului-uman-thames-kosmos~10095.jpg|https://cdnmpro.com/708224949/p/raw/6/kit-stem-anatomia-corpului-uman-thames-kosmos~10096.jpg|https://cdnmpro.com/708224949/p/raw/8/kit-stem-anatomia-corpului-uman-thames-kosmos~10098.jpg|https://cdnmpro.com/708224949/p/raw/6/kit-stem-anatomia-corpului-uman-thames-kosmos~14236.jpg,https://www.boribon.ro/cumpara/kit-stem-anatomia-corpului-uman-thames-kosmos-3888,Engineering + Logic Pack,10%,"Kit STEM cu modele interactive Universal Pro, Fischertechnik (4048962516647); Kit STEM de construit motoare si generatoare, Thames & Kosmos (0814743010390); Kit STEM Roboti inteligenti Pro, Fischertechnik (4048962492774)"
HERO,4048962250299,"Kit STEM Principiile mecanicii si staticii, Fischertechnik",Fischertechnik,Engineering/Logic,9+,758.0,,7,,,,"inginerie,mecanică,logică spațială,motricitate fină","Construiește și programează pas cu pas, cu proiecte clare pentru acasă sau școală.","logică,programare,rezolvare de probleme,creativitate","Kit STEM Principiile mecanicii si staticii, Setul de constructie suprem pentru orice viitor constructor de masini, tehniciar sau inginer Setul de construcție tehnică pentru toți viitorii ingineri și tehnicieni: Cum funcționează o transmisie manuală? Ce este un angrenaj planetar? Cum se proiectează un pod stabil? Răspunsurile la aceste și multe alte întrebări elementare din domeniul mecanicii se găsesc în acest set de construcție cu 30 de modele diferite. Descoperă principiile tehnologiei prin joacă! Instrucțiuni de asamblare pentru a construi 30 de modele tehnice și educative. Conține 500 de piese. Vârsta recomandată: +9 ani. Confecționat din plastic. Conform reglementarilor EN71&ASTM.AVERTISMENT: Contraindicat copiilor sub 3 ani, conține piese mici. Se recomandă supravegherea copilului de către un adult în timpul jocului. Citiți instrucțiunile înainte de utilizare, urmați-le și păstrați-le pentru referință.Produs in Germania de Fischertechnik.",https://cdnmpro.com/708224949/p/raw/3/kit-stem-principiile-mecanicii-si-staticii-fischertechnik~12103.jpg,https://cdnmpro.com/708224949/p/raw/3/kit-stem-principiile-mecanicii-si-staticii-fischertechnik~12103.jpg|https://cdnmpro.com/708224949/p/raw/4/kit-stem-principiile-mecanicii-si-staticii-fischertechnik~12104.jpg|https://cdnmpro.com/708224949/p/raw/5/kit-stem-principiile-mecanicii-si-staticii-fischertechnik~12105.jpg|https://cdnmpro.com/708224949/p/raw/6/kit-stem-principiile-mecanicii-si-staticii-fischertechnik~12106.jpg|https://cdnmpro.com/708224949/p/raw/7/kit-stem-principiile-mecanicii-si-staticii-fischertechnik~12107.jpg,https://www.boribon.ro/cumpara/kit-stem-principiile-mecanicii-si-staticii-fischertechnik-4396,Engineering + Logic Pack,10%,"Kit STEM Calendarul stiintific de Advent, Thames & Kosmos (0658606787643); Kit STEM de construit motoare si generatoare, Thames & Kosmos (0814743010390); Kit STEM Energia eoliana si aplicatiile ei, Genius Toy (4716503070797)"
HERO,4048962516654,"Kit STEM de construit si explorat Universal Max, Fischertechnik",Fischertechnik,Engineering/Logic,9+,490.0,,9,,,,"inginerie,mecanică,logică spațială,motricitate fină","Construiește și programează pas cu pas, cu proiecte clare pentru acasă sau școală.","logică,programare,rezolvare de probleme,creativitate","Kit STEM de construit si explorat Universal Max Cu Universal Max înțelegerea tehnologiei devine o aventură. Cu ajutorul unor modele captivante, cum ar fi o mașină de curse, un elicopter, o motocicleta, etc. copiii învață principiile tehnice de bază într-un mod distractiv. Universal Max nu oferă doar o gamă largă de modele, ci și culori noi și piese turnate care stimulează creativitatea micilor constructori. O jucărie distractivă și educativă care deschide lumea tehnologiei într-un mod jucăuș. Conține 375 de piese, 10 modele. Vârsta recomandată: +7 ani. Confecționat din plastic. Conform reglementarilor EN71&ASTM.AVERTISMENT: Contraindicat copiilor sub 3 ani, conține piese mici. Se recomandă supravegherea copilului de către un adult în timpul jocului. Citiți instrucțiunile înainte de utilizare, urmați-le și păstrați-le pentru referință.Produs in Germania de Fischertechnik.",https://cdnmpro.com/708224949/p/raw/4/kit-stem-de-construit-si-explorat-universal-max-fischertechnik~19614.jpg,https://cdnmpro.com/708224949/p/raw/4/kit-stem-de-construit-si-explorat-universal-max-fischertechnik~19614.jpg|https://cdnmpro.com/708224949/p/raw/3/kit-stem-de-construit-si-explorat-universal-max-fischertechnik~19613.jpg|https://cdnmpro.com/708224949/p/raw/5/kit-stem-de-construit-si-explorat-universal-max-fischertechnik~19615.jpg|https://cdnmpro.com/708224949/p/raw/6/kit-stem-de-construit-si-explorat-universal-max-fischertechnik~19616.jpg|https://cdnmpro.com/708224949/p/raw/7/kit-stem-de-construit-si-explorat-universal-max-fischertechnik~19617.jpg,https://www.boribon.ro/cumpara/kit-stem-de-construit-si-explorat-universal-max-fischertechnik-7786,Engineering + Logic Pack,10%,"Kit STEM cu modele interactive Universal Pro, Fischertechnik (4048962516647); Kit STEM Curse nebunesti, Fischertechnik (4048962492750); Joc STEM Microscop digital cu ecran integrat, TopBright (6975007386140)"
TEST,4716503043814,"Kit STEM Marele set de inginerie, Genius Toy",Gigo Toys,Robotics/Coding,"6 - 9, 9+",438.0,,61,,,,"coding,logică,algoritmi,rezolvare de probleme","Construiește și programează pas cu pas, cu proiecte clare pentru acasă sau școală.","logică,programare,rezolvare de probleme,creativitate","Kit STEM Marele set de inginerie Descoperă legile fizicii cu ajutorul vehiculelor, mașinilor și echipamentelor tehnice. ● Realizează modele interesante precum un dragster, un microscop, un submarin și multe altele. În cinci capitole, veți explora experimental diferite domenii ale fizicii și proiectării inginerești prin construirea de modele funcționale și efectuarea de teste cu acestea. Explorați vehiculele marine, submersibilele, flotabilitatea, energia eoliană, rotația, angrenajele, conversia energiei, centrul de greutate, echilibrul, pneumatica, hidraulica, statica, optica și multe altele în cinci capitole. În capitolul apă construiți modele de barcă cu reacție, submarin, catamaran și barcă cu vele. În capitolul terestru, proiectați modele de dragster, triciclu, frână de automobil, suspensie de automobil și macara turn. In capitolul aer, construiți modele de elicopter, planor, moară de vânt și frunză căzătoare. In capitolul ingineria în societate, asamblați modele de stivuitor, top, braț hidraulic, elevator cu foarfecă și instrument de măsurare a distanței. În capitolul dispozitive optice, construiți modele de stabilizator pentru aparat foto, trepied, selfie stick și microscop pentru smartphone. ● În plus față de modelele descrise în manualul de instrucțiuni, puteți proiecta și construi propriile modele. Posibilitățile de construcție în acest sistem modular de inginerie sunt practic nelimitate. Un manual complet vă ghidează construcția de modele și experimentele cu instrucțiuni ilustrate pas cu pas. Include rezervoare de apă, rezervor pneumatic și pompă de aer integrată, pistoane pneumatice, supape de schimbare, tuburi, grinzi structurale, axe, angrenaje, roți, folii și multe altele. Piesele din aceast kit sunt compatibile cu piesele altor seturi de construcție Gigo.Conține 258 piese, 22 modele, manual cu instrucțiuni. Vărsta recomandată: +8 ani. Confecționat din plastic. Conform reglementarilor EN71&ASTM.AVERTISMENT: Contraindicat copiilor sub 3 ani, conține piese mici. Se recomandă supravegherea copilului de către un adult în timpul jocului. Citiți instrucțiunile înainte de utilizare, urmați-le și păstrați-le pentru referință.Produs in Taiwan de Genius Toy. Manual Kit STEM Marele set de inginerie, Gigo Toys - descarca aici fisierul",https://cdnmpro.com/708224949/p/raw/5/kit-stem-marele-set-de-inginerie-genius-toy~19955.jpg,https://cdnmpro.com/708224949/p/raw/5/kit-stem-marele-set-de-inginerie-genius-toy~19955.jpg|https://cdnmpro.com/708224949/p/raw/0/kit-stem-marele-set-de-inginerie-genius-toy~19950.jpg|https://cdnmpro.com/708224949/p/raw/1/kit-stem-marele-set-de-inginerie-genius-toy~19951.jpg|https://cdnmpro.com/708224949/p/raw/2/kit-stem-marele-set-de-inginerie-genius-toy~19952.jpg|https://cdnmpro.com/708224949/p/raw/3/kit-stem-marele-set-de-inginerie-genius-toy~19953.jpg,https://www.boribon.ro/cumpara/kit-stem-marele-set-de-inginerie-genius-toy-7853,Robotics Starter Pack,8%,"Kit STEM Proiector Planetarium, Thames & Kosmos (0814743017931); Kit STEM Camion de santier de asamblat si manevrat, Fischertechnik (4048962549294); Kit STEM Calendarul stiintific de Advent, Thames & Kosmos (0658606787643)"
TEST,4716503070773,"Kit STEM Construieste mecanisme propulsate cu apa, Genius Toy",Gigo Toys,Robotics/Coding,"6 - 9, 9+",308.0,,58,,,,"coding,logică,algoritmi,rezolvare de probleme","Construiește și programează pas cu pas, cu proiecte clare pentru acasă sau școală.","logică,programare,rezolvare de probleme,creativitate","Kit STEM Construieste mecanisme propulsate cu apa Acest kit unic permite construirea a două sisteme diferite alimentate cu aer și apă: mașini propulsate cu jet de apă și motoare cu propulsie hidropneumatică. Sistemul hidropneumatic utilizează ca motor un sistem autonom de turbine cu aer și apă. Mașinile propulsate cu jet de apă sunt o activitate distractivă în aer liber, în timp ce modelele autonome cu motor hidropneumatic pot fi construite și experimentate atât în interior, cât și în exterior. Concurează cu prietenii tăi pentru a vedea al cui model ajunge cel mai departe! 15 modele propulsate de un motor hidropneumatic.● Două sisteme diferite:* Primul sistem are 7 modele care prezintă sistemul acționat hidro-pneumatic.- Ideal atât pentru interior, cât și pentru exterior, deoarece apa este circulată și conținută în interior.* Sistemul doi are 8 modele care expun un sistem propulsat de jet de apă.- Ideal pentru exterior deoarece apa este pulverizată în exterior.● Include piese speciale: rezervoare de apă, pompă securizată, duză, unitate de alimentare aer-apă.● Un manual cu instrucțiuni ilustrate pas cu pas îți ghidează construcția de modele și experimentele. Piesele din aceast kit sunt compatibile cu piesele altor seturi de construcție Gigo Toys.Conține 165 de piese, 15 modele, manual cu instrucțiuni. Vărsta recomandată: +8 ani. Confecționat din plastic. Conform reglementarilor EN71&ASTM.AVERTISMENT: Contraindicat copiilor sub 3 ani, conține piese mici. Se recomandă supravegherea copilului de către un adult în timpul jocului. Citiți instrucțiunile înainte de utilizare, urmați-le și păstrați-le pentru referință.Produs in Taiwan de Genius Toy. Manual Kit STEM Construieste mecanisme propulsate cu apa, Gigo Toys - descarca aici fisierul",https://cdnmpro.com/708224949/p/raw/3/kit-stem-construieste-mecanisme-propulsate-cu-apa-genius-toy~20023.jpg,https://cdnmpro.com/708224949/p/raw/3/kit-stem-construieste-mecanisme-propulsate-cu-apa-genius-toy~20023.jpg|https://cdnmpro.com/708224949/p/raw/1/kit-stem-construieste-mecanisme-propulsate-cu-apa-genius-toy~20021.jpg|https://cdnmpro.com/708224949/p/raw/2/kit-stem-construieste-mecanisme-propulsate-cu-apa-genius-toy~20022.jpg|https://cdnmpro.com/708224949/p/raw/4/kit-stem-construieste-mecanisme-propulsate-cu-apa-genius-toy~20024.jpg|https://cdnmpro.com/708224949/p/raw/5/kit-stem-construieste-mecanisme-propulsate-cu-apa-genius-toy~20025.jpg,https://www.boribon.ro/cumpara/kit-stem-construieste-mecanisme-propulsate-cu-apa-genius-toy-7867,Robotics Starter Pack,8%,"Kit STEM Proiector Planetarium, Thames & Kosmos (0814743017931); Kit STEM Tractor de asamblat si manevrat, Fischertechnik (4048962549317); Kit STEM Telescop, Thames & Kosmos (5060282510432)"
TEST,4716503123622,"Kit STEM Laborator de circuite electrice, Genius Toy",Gigo Toys,Robotics/Coding,"6 - 9, 9+",773.0,,20,,,,"coding,logică,algoritmi,rezolvare de probleme","Construiește și programează pas cu pas, cu proiecte clare pentru acasă sau școală.","logică,programare,rezolvare de probleme,creativitate","Kit STEM Laborator de Circuite electrice – Învățare prin joacă și inovație Acest pachet dedicat școlilor, oferă o experiență educativă bazată pe construcție, explorare și descoperire. 🔹 Învățare prin construcție: Fiecare lecție pornește de la un model de asamblat, folosind blocurile de construcție Gigo. Activitatea include și momente dedicate creativității individuale, încurajând copiii să experimenteze și să creeze liber. 🔹 Gândire inovatoare: Laboratorul depășește limitele educației tradiționale, transformând învățarea într-o aventură ludică și creativă. Copiii învață prin experimentare să gândească „în afara cutiei” și să abordeze problemele cu soluții originale. 🔹 Dezvoltare personală și spirit de echipă: Programul pune accent atât pe descoperirea talentelor individuale, cât și pe colaborarea eficientă în echipă – abilități esențiale pentru viitor. 🔹 Progres pas cu pas: Cursurile sunt structurate pe niveluri, de la ușor la avansat, îmbinând concepte din științele vieții cu aplicații practice din viața de zi cu zi. 🔹 Experimente captivante: Blocurile de construcție Gigo pot fi refolosite pentru numeroase activități experimentale, economisind timp și resurse, și oferind copiilor experiențe de învățare concrete și interactive. Misiunea Gigo Learning Lab este de a-i ajuta pe copii să învețe cu entuziasm știința prin activități practice și captivante, dezvoltându-și abilitățile de rezolvare a problemelor, curiozitatea și atitudinea pozitivă față de cunoaștere.Prin aplicarea noilor cunoștințe în viața de zi cu zi, copiii își formează gândirea inovatoare și abilitățile necesare pentru a deveni micii inventatori ai viitorului. Material didactic pentru școli. Suportul de baterii este special conceput pentru siguranță și accesibilitate, permițând copiilor să experimenteze fără riscuri. Cu 20 de modele și experimente posibile și 211 componente, copiii pot construi, testa și chiar proiecta propriul generator electric! Acest kit STEM oferă o experiență sigură și practică în învățarea circuitelor electrice, conexiunilor în serie/paralel și a curentului electric. Necesită 2 baterii AA/LR06 – nu sunt incluse Vărsta recomandată: +8 ani. Confecționat din plastic. Conform reglementarilor EN71&ASTM.AVERTISMENT: Contraindicat copiilor sub 3 ani, conține piese mici. Se recomandă supravegherea copilului de către un adult în timpul jocului. Citiți instrucțiunile înainte de utilizare, urmați-le și păstrați-le pentru referință.Produs in Taiwan de Genius Toy.",https://cdnmpro.com/708224949/p/raw/2/kit-stem-laborator-de-circuite-electrice-genius-toy~100102642.jpg,https://cdnmpro.com/708224949/p/raw/2/kit-stem-laborator-de-circuite-electrice-genius-toy~100102642.jpg|https://cdnmpro.com/708224949/p/raw/5/kit-stem-laborator-de-circuite-electrice-genius-toy~100102645.jpg|https://cdnmpro.com/708224949/p/raw/8/kit-stem-laborator-de-circuite-electrice-genius-toy~100102648.jpg|https://cdnmpro.com/708224949/p/raw/1/kit-stem-laborator-de-circuite-electrice-genius-toy~100102651.jpg|https://cdnmpro.com/708224949/p/raw/4/kit-stem-laborator-de-circuite-electrice-genius-toy~100102654.jpg,https://www.boribon.ro/cumpara/kit-stem-laborator-de-circuite-electrice-genius-toy-8403,Robotics Starter Pack,8%,"Kit STEM Cursa cu bile metalice - Booster, Fischertechnik (4048962516586); Kit STEM Camion de santier de asamblat si manevrat, Fischertechnik (4048962549294); Atelier creativ 65 pentru adulti Goblen si broderie, Djeco (3070900100657)"
TEST,4716503006512,"Kit STEM Electricitate si Magnetism, Genius Toy",Gigo Toys,Robotics/Coding,"6 - 9, 9+",399.0,,115,,,,"coding,logică,algoritmi,rezolvare de probleme","Construiește și programează pas cu pas, cu proiecte clare pentru acasă sau școală.","logică,programare,rezolvare de probleme,creativitate","Kit STEM Electricitate si Magnetism Realizează experimente captivante cu circuite și dispozitive magnetice pentru a învăța despre electricitate și magnetism și despre modul în care aceste două proprietăți fundamentale sunt strâns legate între ele. Construiește circuite în serie și în paralel pentru a aprinde un bec. Experimentează cu butoane și întrerupătoare on-off. Asamblează circuite care includ un motor care se învârte, două întrerupătoare și până la trei becuri.Efectuează teste pentru a vedea ce materiale sunt magnetice. Învață despre forța magnetismului și despre polii magnetici. Magnetizează un metal. Folosește umpluturi de fier pentru a face vizibile câmpuri magnetice invizibile. Investighează forța și direcția magnetică cu ajutorul unui dispozitiv cu pendul magnetic. Învață cum funcționează o busolă și despre câmpurile magnetice ale Pământului. Efectuează o serie de experimente cu un electromagnet robust.În cele din urmă, pune în valoare tot ce ai învățat construind un difuzor, un comutator cu releu electromagnetic și o cheie de telegraf în cod Morse.Componentele sunt special concepute pentru a face învățarea distractivă și accesibilă. Blocurile electrice se potrivesc între ele cu ajutorul unor conectori simpli cu ștecher și priză. Deoarece blocurile sunt viu colorate și au forme unice, este ușor de urmărit schemele de asamblare pentru a construi dispozitive funcționale. Manualul de experimente de 50 de pagini, complet color, te va ghida prin experimente cu diagrame ușor de urmărit. Fiecare model aduce în prim-plan un principiu diferit – de la circuite electrice simple, la electromagneți funcționali, până la dispozitive mecanice puse în mișcare de forța câmpului magnetic. Kitul conține 137 de componente de construit și experimentat, manual cu instrucțiuni. Necesită 2 baterii AA / LR06 (nu sunt incluse)Vârsta recomandată: 8+ ani. Confecționat din plastic. Conform reglementarilor EN71&ASTM.AVERTISMENT: Contraindicat copiilor sub 3 ani, conține piese mici. Se recomandă supravegherea copilului de către un adult în timpul jocului. Citiți instrucțiunile înainte de utilizare, urmați-le și păstrați-le pentru referință. Nu amestecați bateriile vechi cu cele noi. Nu amestecați baterii alcaline, standard (carbon-zinc) sau reîncărcabile (nichel-cadmiu). Niciuna dintre componentele electrice sau electronice din acest kit nu trebuie aruncată la gunoiul menajer obișnuit după ce ați terminat cu ele. În schimb, acestea trebuie să fie predate la o locație de colectare pentru reciclarea dispozitivelor electrice și electronice. Vă rugăm să contactați autoritatea locală pentru a afla care este locul de eliminare adecvat. AVERTISMENT: MAGNEȚI MICI - Acest produs conține magneți mici. Magneții înghițiți se pot lipi între ei de-a lungul intestinelor, provocând infecții grave și moartea. Solicitați imediat asistență medicală dacă magneții sunt înghițiți sau inhalați.Produs in Taiwan de Genius Toys. Manual Kit STEM Electricitate si Magnetism, Gigo Toys - descarca aici fisierul",https://cdnmpro.com/708224949/p/raw/3/kit-stem-electricitate-si-magnetism-genius-toy~100101163.jpg,https://cdnmpro.com/708224949/p/raw/3/kit-stem-electricitate-si-magnetism-genius-toy~100101163.jpg|https://cdnmpro.com/708224949/p/raw/6/kit-stem-electricitate-si-magnetism-genius-toy~100101166.jpg|https://cdnmpro.com/708224949/p/raw/9/kit-stem-electricitate-si-magnetism-genius-toy~100101169.jpg|https://cdnmpro.com/708224949/p/raw/2/kit-stem-electricitate-si-magnetism-genius-toy~100101172.jpg|https://cdnmpro.com/708224949/p/raw/5/kit-stem-electricitate-si-magnetism-genius-toy~100101175.jpg,https://www.boribon.ro/cumpara/kit-stem-electricitate-si-magnetism-genius-toy-8399,Robotics Starter Pack,8%,"Instrument muzical Pian electronic Djeco (3070900060067); Kit STEM Principiile mecanicii si staticii, Fischertechnik (4048962250299); Set magnetic de construit 125 piese, Cleverclixx (6152121274274)"
TEST,4716503070797,"Kit STEM Energia eoliana si aplicatiile ei, Genius Toy",Gigo Toys,Robotics/Coding,"6 - 9, 9+",304.0,,45,,,,"coding,logică,algoritmi,rezolvare de probleme","Construiește și programează pas cu pas, cu proiecte clare pentru acasă sau școală.","logică,programare,rezolvare de probleme,creativitate","Kit STEM Energie eoliana si aplicatiile ei Kit de construcție care include două tipuri de lame de turbină eoliană și o cutie de viteze cu trei rapoarte de transmisie diferite pentru experimente. Puteți regla unghiul și numărul de pale ale turbinei eoliene pentru a utiliza cel mai bine vântul, pentru a face LED-ul să lumineze puternic și pentru a încărca bateria reîncărcabilă cât mai repede posibil. Construiește 2 turbine eoliene uriașe, înalte de aproape un metru.● Energia generată de vânt poate aprinde o lumină LED sau poate reîncărca o baterie!● Un manual cu instrucțiuni ilustrate pas cu pas îți ghidează construcția de modele și experimentele. Haideți să explorăm această sursă uimitoare și gratuită de energie regenerabilă! Piesele din aceast kit sunt compatibile cu piesele altor seturi de construcție Gigo Toys.Conține 124 piese, manual cu instrucțiuni. Necesită o baterie AA/HR06 - nu este inclusă. Vărsta recomandată: +8 ani. Confecționat din plastic. Conform reglementarilor EN71&ASTM.AVERTISMENT: Contraindicat copiilor sub 3 ani, conține piese mici. Se recomandă supravegherea copilului de către un adult în timpul jocului. Citiți instrucțiunile înainte de utilizare, urmați-le și păstrați-le pentru referință.Produs in Taiwan de Genius Toy. Manual Kit STEM Energia eoliana si aplicatiile ei, Gigo Toys - descarca aici fisierul",https://cdnmpro.com/708224949/p/raw/6/kit-stem-energia-eoliana-si-aplicatiile-ei-genius-toy~20016.jpg,https://cdnmpro.com/708224949/p/raw/6/kit-stem-energia-eoliana-si-aplicatiile-ei-genius-toy~20016.jpg|https://cdnmpro.com/708224949/p/raw/4/kit-stem-energia-eoliana-si-aplicatiile-ei-genius-toy~20014.jpg|https://cdnmpro.com/708224949/p/raw/5/kit-stem-energia-eoliana-si-aplicatiile-ei-genius-toy~20015.jpg|https://cdnmpro.com/708224949/p/raw/7/kit-stem-energia-eoliana-si-aplicatiile-ei-genius-toy~20017.jpg|https://cdnmpro.com/708224949/p/raw/8/kit-stem-energia-eoliana-si-aplicatiile-ei-genius-toy~20018.jpg,https://www.boribon.ro/cumpara/kit-stem-energia-eoliana-si-aplicatiile-ei-genius-toy-7866,Robotics Starter Pack,8%,"Kit STEM Cursa cu obstacole Dynamic XM, Fischertechnik (4048962316247); Kit STEM Principiile mecanicii, Fischertechnik (4048962492767); Set magnetic de construit 125 piese, Cleverclixx (6152121274274)"
TEST,4716503113005,"Kit STEM Aplicatii robotice in industrie, Genius Toy",Gigo Toys,Robotics/Coding,9+,994.0,,19,,,,"coding,logică,algoritmi,rezolvare de probleme","Construiește și programează pas cu pas, cu proiecte clare pentru acasă sau școală.","logică,programare,rezolvare de probleme,creativitate","Kit STEM Laborator Aplicatii robotice in industrie – Învățare prin experimentare practică și inovație Kit avansat dedicat școlilor, oferă o experiență STEM completă, combinând principii fundamentale de știință, inginerie și programare pentru a crea mașinării inteligente și funcționale. 🔹 Învățare prin construcție: Fiecare lecție pornește de la un model de asamblat. Activitatea include și momente dedicate creativității individuale, încurajând copiii să experimenteze și să creeze liber. 🔹 Gândire inovatoare: Laboratorul depășește limitele educației tradiționale, transformând învățarea într-o aventură ludică și creativă. Copiii învață prin experimentare să gândească „în afara cutiei” și să abordeze problemele cu soluții originale. 🔹 Dezvoltare personală și spirit de echipă: Programul pune accent atât pe descoperirea talentelor individuale, cât și pe colaborarea eficientă în echipă – abilități esențiale pentru viitor. 🔹 Progres pas cu pas: Cursurile sunt structurate pe niveluri, de la ușor la avansat, îmbinând concepte din științele vieții cu aplicații practice din viața de zi cu zi. 🔹 Experimente captivante: Blocurile de construcție Gigo pot fi refolosite pentru numeroase activități experimentale, economisind timp și resurse, și oferind copiilor experiențe de învățare concrete și interactive. Misiunea Gigo Learning Lab este de a-i ajuta pe copii să învețe cu entuziasm știința prin activități practice și captivante, dezvoltându-și abilitățile de rezolvare a problemelor, curiozitatea și atitudinea pozitivă față de cunoaștere.Prin aplicarea noilor cunoștințe în viața de zi cu zi, copiii își formează gândirea inovatoare și abilitățile necesare pentru a deveni micii inventatori ai viitorului. Material didactic pentru școli. Cu AI INDUSTRY, copiii pot construi o varietate de mașinării bazate pe principiile automatizării industriale, cum ar fi: Bandă transportoare – pentru a înțelege cum se mută obiectele într-o linie de producție Clește mecanic – care simulează preluarea și manipularea obiectelor Motoarele puternice și controlerul Bluetooth permit modelelor să se miște fluid și să execute comenzi programate, oferind o experiență practică în programare și robotică. Pentru a alimenta și controla mașinăriile, este necesară folosirea a trei baterii AA (nu sunt incluse). Controlul modelelor se realizează printr-un controler Bluetooth ușor de utilizat, sincronizat cu motoarele performante 40X DDM incluse în kit. Vărsta recomandată: +10 ani. Confecționat din plastic. Conform reglementarilor EN71&ASTM.AVERTISMENT: Contraindicat copiilor sub 3 ani, conține piese mici. Se recomandă supravegherea copilului de către un adult în timpul jocului. Citiți instrucțiunile înainte de utilizare, urmați-le și păstrați-le pentru referință.Produs in Taiwan de Gigo Toy. Manual Kit STEM Aplicatii robotice in industrie, Genius Toy - descarca aici fisierul",https://cdnmpro.com/708224949/p/raw/2/kit-stem-aplicatii-robotice-in-industrie-genius-toy~100102762.jpg,https://cdnmpro.com/708224949/p/raw/2/kit-stem-aplicatii-robotice-in-industrie-genius-toy~100102762.jpg|https://cdnmpro.com/708224949/p/raw/5/kit-stem-aplicatii-robotice-in-industrie-genius-toy~100102765.jpg|https://cdnmpro.com/708224949/p/raw/8/kit-stem-aplicatii-robotice-in-industrie-genius-toy~100102768.jpg|https://cdnmpro.com/708224949/p/raw/1/kit-stem-aplicatii-robotice-in-industrie-genius-toy~100102771.jpg|https://cdnmpro.com/708224949/p/raw/4/kit-stem-aplicatii-robotice-in-industrie-genius-toy~100102774.jpg,https://www.boribon.ro/cumpara/kit-stem-aplicatii-robotice-in-industrie-genius-toy-8404,Robotics Starter Pack,8%,"Kit STEM Proiector Planetarium, Thames & Kosmos (0814743017931); Kit STEM Principiile mecanicii si staticii, Fischertechnik (4048962250299); Kit STEM cu modele interactive Universal Pro, Fischertechnik (4048962516647)"
TEST,6975007386379,"Kit STEM Sistemul Solar, TopBright",TopBright ScienceCan,Robotics/Coding,"6 - 9, 9+",225.0,,28,,,,"coding,logică,algoritmi,rezolvare de probleme","Construiește și programează pas cu pas, cu proiecte clare pentru acasă sau școală.","logică,programare,rezolvare de probleme,creativitate","Glob educațional Sistem solar interactiv cu lumini, planete mobile și quiz audio Călătoria spre stele începe în camera copilului! Copiii pot explora sistemul nostru solar într-un mod captivant și educativ – rotind planetele, ascultând fapte audio și răspunzând la întrebări‑quiz. Cu planete mobile, lumină solară, proiecții și funcție audio, copiii învață despre astronomie prin joc. Copiii pot comuta între modul Cunoaștere și modul Întrebări & Răspunsuri pentru a învăța și testa noile informații. Funcția de autocontrol le permite să verifice singuri răspunsurile, iar modul „enciclopedie” oferă explicații audio clare, captivante și ușor de înțeles. Redare vocală diponibilă doar în limbile engleză și franceză. Este prevăzut cu 12 carduri ilustrate (dublă față), peste 66 de informații educative și un mod chestionar cu 48 de întrebări pentru testarea cunoștințelor. Necesită 3 baterii AA-1.5V (nu sunt incluse). Dimensiune produs: 15,7 × 15,7 × 23,7 cm. Vârsta recomandată: +6 ani. Confecționat din ABS, PC. Conform reglementarilor EN71&ASTM.AVERTISMENT: Contraindicat copiilor sub 3 ani, conține piese mici. Se recomandă supravegherea copilului de către un adult în timpul jocului. Citiți instrucțiunile înainte de utilizare, urmați-le și păstrați-le pentru referință.Produs in China de TopBright Wisdom Information Technology pentru Topbright Gmbh, Germania Manual Kit STEM Glob educational Sistemul Solar, TopBright - descarca aici fisierul",https://cdnmpro.com/708224949/p/raw/1/kit-stem-sistemul-solar-topbright~100075021.jpg,https://cdnmpro.com/708224949/p/raw/1/kit-stem-sistemul-solar-topbright~100075021.jpg|https://cdnmpro.com/708224949/p/raw/3/kit-stem-sistemul-solar-topbright~100074883.jpg|https://cdnmpro.com/708224949/p/raw/6/kit-stem-sistemul-solar-topbright~100074886.jpg|https://cdnmpro.com/708224949/p/raw/9/kit-stem-sistemul-solar-topbright~100074889.jpg|https://cdnmpro.com/708224949/p/raw/2/kit-stem-sistemul-solar-topbright~100074892.jpg,https://www.boribon.ro/cumpara/kit-stem-sistemul-solar-topbright-8338,Robotics Starter Pack,8%,"Kit STEM Curse nebunesti, Fischertechnik (4048962492750); Kit STEM de construit si explorat Universal Max, Fischertechnik (4048962516654); Set magnetic de construit 125 piese, Cleverclixx (6152121274274)"
TEST,4716503074450,"Kit STEM Construieste roboti extraterestrii, Genius Toy",Gigo Toys,Robotics/Coding,"6 - 9, 9+",191.0,,56,,,,"coding,logică,algoritmi,rezolvare de probleme","Construiește și programează pas cu pas, cu proiecte clare pentru acasă sau școală.","logică,programare,rezolvare de probleme,creativitate","Kit STEM Construieste roboti extraterestrii Construiește 10 modele de roboți cu aspect reptilian, 10 mecanisme inedite și învață despre fizica pârghiilor și a mecanismelor articulate.Modelele sunt acționate de o cutie cu motor alimentată cu baterii.● Un model de șarpe-robot extraterestru cu brațe rotative și coadă articulată, un insectoid-robot extraterestru care se târăște pe șase picioare, un model de raptor extraterestru cu aripi care se mișcă în sus și în jos, o gheară clește cu un mecanism de foarfecă, un model de robot extraterestru biped. În plus, se pot construi machete ale unui pumpjack, dispozitiv oscilant, robot-broască extraterestră care țopăie, robot-dino care se deplasează cu braț alternativ și robot-dragon extraterestru care se rostogolește. Cleștii, proiectați cu funcții de rulare și cățărare, conferă modelelor un plus de realism. Motorul 28X cu întrerupător oferă un cuplu mai mare și o viteză mai rapidă, putând funcționa atât în sensul acelor de ceasornic, cât și invers. Asamblarea este ușoară și rapidă. Necesită 2 baterii AA/LR06 – neincluse. Un manual cu instrucțiuni ilustrate pas cu pas îți ghidează construcția de modele și experimentele. Piesele din plastic durabil pot fi reconfigurate într-o varietate de moduri; construiește modele din manual sau creează-ți propriile modele, învățând fizica mecanică cu experimente simple. Kitul conține 138 piese, 10 modele, manual cu instrucțiuni. Vârsta recomandată: +6 ani. Confecționat din plastic, cauciuc, polistiren. Conform reglementarilor EN71&ASTM.AVERTISMENT: Contraindicat copiilor sub 3 ani, conține piese mici. Se recomandă supravegherea copilului de către un adult în timpul jocului. Citiți instrucțiunile înainte de utilizare, urmați-le și păstrați-le pentru referință.Produs in Taiwan de Genius Toy Manual Kit STEM Construieste roboti extraterestrii, Gigo Toys - descarca aici fisierul",https://cdnmpro.com/708224949/p/raw/0/kit-stem-construieste-roboti-extraterestrii-genius-toy~20010.jpg,https://cdnmpro.com/708224949/p/raw/0/kit-stem-construieste-roboti-extraterestrii-genius-toy~20010.jpg|https://cdnmpro.com/708224949/p/raw/8/kit-stem-construieste-roboti-extraterestrii-genius-toy~20008.jpg|https://cdnmpro.com/708224949/p/raw/9/kit-stem-construieste-roboti-extraterestrii-genius-toy~20009.jpg|https://cdnmpro.com/708224949/p/raw/1/kit-stem-construieste-roboti-extraterestrii-genius-toy~20011.jpg|https://cdnmpro.com/708224949/p/raw/2/kit-stem-construieste-roboti-extraterestrii-genius-toy~20012.jpg,https://www.boribon.ro/cumpara/kit-stem-construieste-roboti-extraterestrii-genius-toy-7865,Robotics Starter Pack,8%,"Kit STEM E-Tronic Principiile Electronicii, Fischertechnik (4048962424645); Kit STEM Tractor de asamblat si manevrat, Fischertechnik (4048962549317); Set magnetic de construit 125 piese, Cleverclixx (6152121274274)"
TEST,4048962492750,"Kit STEM Curse nebunesti, Fischertechnik",Fischertechnik,Electronics/Circuits,"6 - 9, 9+",449.0,,8,,,,"circuite electrice,cauză-efect,gândire tehnică,experimente","Construiește și programează pas cu pas, cu proiecte clare pentru acasă sau școală.","logică,programare,rezolvare de probleme,creativitate","Kit STEM Curse nebunesti Senzațiile tari și adrenalina sunt garantate pentru circuitele incluse în set. Cele patru modele reprezintă diverse atracții din parcul de distracții. Se merge cu toată viteza la înălțime și cu capul în jos în cercuri. Se pot construi modelele Free Fall Tower, Bungee Ball, Gyrospin și Spinmaster.Efect de învățare combinat cu multă distracție, reușind să facă înțeleasă pentru copii creativitatea și tehnologia din spatele modelelor din parcurile de distracții. Împreună cu cele 2 figurine fischertechNik, copiii au parte de multe aventuri interesante. Instrucțiuni de asamblare pentru a construi 4 modele de circuite pentru parcurile de distracție, ușor de înțeles de către copii. Conține 360 de piese de asamblat. Vârsta recomandată: +8 ani. Confecționat din plastic. Conform reglementarilor EN71&ASTM.AVERTISMENT: Contraindicat copiilor sub 3 ani, conține piese mici. Se recomandă supravegherea copilului de către un adult în timpul jocului. Citiți instrucțiunile înainte de utilizare, urmați-le și păstrați-le pentru referință.Produs in Germania de Fischertechnik.",https://cdnmpro.com/708224949/p/raw/6/kit-stem-curse-nebunesti-fischertechnik~11956.jpg,https://cdnmpro.com/708224949/p/raw/6/kit-stem-curse-nebunesti-fischertechnik~11956.jpg|https://cdnmpro.com/708224949/p/raw/3/kit-stem-curse-nebunesti-fischertechnik~11953.jpg|https://cdnmpro.com/708224949/p/raw/4/kit-stem-curse-nebunesti-fischertechnik~11954.jpg|https://cdnmpro.com/708224949/p/raw/5/kit-stem-curse-nebunesti-fischertechnik~11955.jpg|https://cdnmpro.com/708224949/p/raw/7/kit-stem-curse-nebunesti-fischertechnik~11957.jpg,https://www.boribon.ro/cumpara/kit-stem-curse-nebunesti-fischertechnik-4381,Electricitate pentru începători,8%,"Kit STEM Laborator de circuite electrice, Genius Toy (4716503123622); Kit STEM Calendarul stiintific de Advent, Thames & Kosmos (0658606787643); Kit STEM Anatomia corpului uman, Thames & Kosmos (5060282510746)"
TEST,0814743016989,"Kit STEM Bila cu plasma, Thames & Kosmos",Thames & Kosmos,Electronics/Circuits,9+,205.0,,8,,,,"circuite electrice,cauză-efect,gândire tehnică,experimente","Construiește și programează pas cu pas, cu proiecte clare pentru acasă sau școală.","logică,programare,rezolvare de probleme,creativitate","Kit STEM Bila cu plasma Un spectacol de lumini hipnotizant. Bila cu plasmă creează un spectacol fascinant de tentacule electrice strălucitoare, ca un fulger care curge din vârful degetelor.Plasma este cea de-a patra stare a materiei. Nu este nici solidă, nici lichidă, nici gazoasă, ci un gaz ionizat supraîncărcat care se găsește în fiecare stea. Funcționează prin trimiterea unui curent alternativ de înaltă tensiune de la o bobină Tesla din centrul său, prin intermediul unui gaz nobil, la suprafața interioară a sferei de sticlă. Electronii care scapă fac ca gazul inert din interiorul sferei să se aprindă, creând efectele uimitoare. Cu acest dispozitiv incredibil, puteți vedea efectiv electricitatea în palmă.Designul sferei vă permite să o expuneți pe o masă sau să o agățați pe un perete, ca pe o aplica. Poate fi alimentat prin intermediul unui cablu USB-C sau al bateriilor. Porniți modul activat de sunet și urmăriți arcuri de plasmă dansând pe ritmul melodiei preferate.Spectacol interactiv de lumini cu electricitateCaracteristici:Sferă de sticlă de 12.7 cm Două moduri: permanent activat și activat prin sunetPort de alimentare USB-C și cablu inclus (adaptorul de alimentare nu este inclus)Funcționează și cu 4 baterii AAA (nu sunt incluse)Sigur de utilizat. Respectați toate instrucțiunile și precauțiile. Vârsta recomandată: +14 ani.AVERTISMENT: Contraindicat copiilor sub 3 ani, conține piese mici, pericol de înghițire. Citiți instrucțiunile înainte de utilizare, urmați-le și păstrați-le pentru referință.Produs de Thames & Kosmos, Anglia. Manual Kit STEM Bila cu plasma - descarca fisier",https://cdnmpro.com/708224949/p/raw/4/kit-stem-bila-cu-plasma-thames-kosmos~10194.jpg,https://cdnmpro.com/708224949/p/raw/4/kit-stem-bila-cu-plasma-thames-kosmos~10194.jpg|https://cdnmpro.com/708224949/p/raw/1/kit-stem-bila-cu-plasma-thames-kosmos~10191.jpg|https://cdnmpro.com/708224949/p/raw/2/kit-stem-bila-cu-plasma-thames-kosmos~10192.jpg|https://cdnmpro.com/708224949/p/raw/3/kit-stem-bila-cu-plasma-thames-kosmos~10193.jpg|https://cdnmpro.com/708224949/p/raw/5/kit-stem-bila-cu-plasma-thames-kosmos~14305.jpg,https://www.boribon.ro/cumpara/kit-stem-bila-cu-plasma-thames-kosmos-3903,Electricitate pentru începători,8%,"Kit STEM Roboti inteligenti, Genius Toy (4716503041612); Kit STEM cu modele interactive Universal Pro, Fischertechnik (4048962516647); Kit STEM Tractor de asamblat si manevrat, Fischertechnik (4048962549317)"
TEST,4048962516586,"Kit STEM Cursa cu bile metalice - Booster, Fischertechnik",Fischertechnik,Electronics/Circuits,"6 - 9, 9+",247.0,,6,,,,"circuite electrice,cauză-efect,gândire tehnică,experimente","Construiește și programează pas cu pas, cu proiecte clare pentru acasă sau școală.","logică,programare,rezolvare de probleme,creativitate","Kit STEM Cursa cu bile metalice - Booster Aruncă cu măiestrie bilele în pâlnie, ghidează-le prin serpentine printre obstacole și stabilește câștigătorul final - acesta este scopul Cursei cu bile metalice. Fie că este folosit de unul singur, fie că este integrat armonios într-un model existent al cursei cu bile metalice, acest kit creează competiții captivante, pline de surprize! Instrucțiuni de asamblare pentru a construi două modele de circuite, complexe și originale. Conține 148 de piese. Vârsta recomandată: +8 ani. Confecționat din plastic. Conform reglementarilor EN71&ASTM.AVERTISMENT: Contraindicat copiilor sub 3 ani, conține piese mici. Se recomandă supravegherea copilului de către un adult în timpul jocului. Citiți instrucțiunile înainte de utilizare, urmați-le și păstrați-le pentru referință.Produs in Germania de Fischertechnik.",https://cdnmpro.com/708224949/p/raw/5/kit-stem-cursa-cu-bile-metalice-booster-fischertechnik~12405.jpg,https://cdnmpro.com/708224949/p/raw/5/kit-stem-cursa-cu-bile-metalice-booster-fischertechnik~12405.jpg|https://cdnmpro.com/708224949/p/raw/6/kit-stem-cursa-cu-bile-metalice-booster-fischertechnik~12406.jpg|https://cdnmpro.com/708224949/p/raw/7/kit-stem-cursa-cu-bile-metalice-booster-fischertechnik~12407.jpg|https://cdnmpro.com/708224949/p/raw/8/kit-stem-cursa-cu-bile-metalice-booster-fischertechnik~12408.jpg|https://cdnmpro.com/708224949/p/raw/9/kit-stem-cursa-cu-bile-metalice-booster-fischertechnik~12409.jpg,https://www.boribon.ro/cumpara/kit-stem-cursa-cu-bile-metalice-booster-fischertechnik-4445,Electricitate pentru începători,8%,"Set STEAM Laborator de chimie, TopBright (4260771793396); Kit STEM Masina de pompieri, Fischertechnik (4048962458565); Kit STEM Set Constructor, Fischertechnik (4048962458527)"
TEST,0850047013392,"Prima mea cutie cu jucarii, Speedy Monkey",Speedy Monkey,Electronics/Circuits,"1 - 3, 3 - 6",215.0,,21,,,,"circuite electrice,cauză-efect,gândire tehnică,experimente","Construiește și programează pas cu pas, cu proiecte clare pentru acasă sau școală.","logică,programare,rezolvare de probleme,creativitate","Prima mea cutie cu jucării, Speedy Monkey Set de jucării 5‑în‑1 menit să aducă bucurie și ordine în camera copilului. Confecționat din lemn FSC într-o valijoară din carton rezistent, are dimensiuni compacte pentru transport și depozitare ușoare. Setul conține: valiză‑cutie decorativă pentru depozitare; set de blocuri din lemn în săculeț din bumbac; iepuraș din lemn de stivuit; puzzle în formă de pui; arici de tras. Caracteristici: Motricitate fină – stivuirea, potrivirea puzzle‑ului, trasul ariciului, manevrarea cuburilor stimulează dexteritatea și coordonarea mâini‑ochi Ordine și organizare – cutia încurajează dezvoltarea obiceiurilor de depozitare. Joc deschis – stimulare creativă și senzorială. Recomandat pentru copii peste 1 an 🌱 Realizat din lemn certificat FSC, vopsit în culori non‑toxice AVERTISMENT: Contraindicat copiilor sub 1 an. Se recomandă supravegherea copilului în timpul jocului. Producător: Speedy Monkey",https://cdnmpro.com/708224949/p/raw/2/prima-mea-cutie-cu-jucarii-speedy-monkey~21392.jpg,https://cdnmpro.com/708224949/p/raw/2/prima-mea-cutie-cu-jucarii-speedy-monkey~21392.jpg|https://cdnmpro.com/708224949/p/raw/3/prima-mea-cutie-cu-jucarii-speedy-monkey~21393.jpg|https://cdnmpro.com/708224949/p/raw/4/prima-mea-cutie-cu-jucarii-speedy-monkey~21394.jpg,https://www.boribon.ro/cumpara/prima-mea-cutie-cu-jucarii-speedy-monkey-8169,Electricitate pentru începători,8%,"Kit STEM Construieste mecanisme propulsate cu apa, Genius Toy (4716503070773); Kit STEM Telescop, Thames & Kosmos (5060282510432); Kit STEM Tractor de asamblat si manevrat, Fischertechnik (4048962549317)"
TEST,5420023044082,"Lampa de veghe - Muzicantii din Bremen, Egmont Toys",Egmont Toys,Electronics/Circuits,"0 - 1, 1 - 3, 3 - 6, 6 - 9",194.0,,10,,,,"circuite electrice,cauză-efect,gândire tehnică,experimente",Joacă educativă STEM care dezvoltă curiozitatea și gândirea logică.,"învățare STEM,creativitate,gândire logică,joacă educativă","Lampă de veghe - Muzicanții din Bremen Realizată din lemn natur, scena spune povestea muzicienilor din Bremen. Lumina de veghe aduce o notă de poezie în camera copilului. Sistem cu LED-uri, este echipat cu un cablu USB. Dimensiune 19 x 19 x 3 cm. Confecționat din lemn. Conform reglementărilor EN71 & ASTM.Articol decorativ. Nu este jucărie.Producător: Egmont Toys, Belgia",https://cdnmpro.com/708224949/p/raw/0/lampa-de-veghe-muzicantii-din-bremen-egmont-toys~12390.jpg,https://cdnmpro.com/708224949/p/raw/0/lampa-de-veghe-muzicantii-din-bremen-egmont-toys~12390.jpg|https://cdnmpro.com/708224949/p/raw/9/lampa-de-veghe-muzicantii-din-bremen-egmont-toys~12389.jpg|https://cdnmpro.com/708224949/p/raw/0/lampa-de-veghe-muzicantii-din-bremen-egmont-toys~15640.jpg|https://cdnmpro.com/708224949/p/raw/8/lampa-de-veghe-muzicantii-din-bremen-egmont-toys~15838.jpg,https://www.boribon.ro/cumpara/lampa-de-veghe-muzicantii-din-bremen-egmont-toys-4440,Electricitate pentru începători,8%,"Kit STEM Masina alimentata cu hidrogen, Fischertechnik (4048962424614); Kit STEM Calendarul stiintific de Advent, Thames & Kosmos (0658606787643); Kit STEM Camion de santier de asamblat si manevrat, Fischertechnik (4048962549294)"
TEST,3070900060067,Instrument muzical Pian electronic Djeco,Djeco,Electronics/Circuits,"3 - 6, 6 - 9",484.5,,1,,,,"circuite electrice,cauză-efect,gândire tehnică,experimente","Construiește și programează pas cu pas, cu proiecte clare pentru acasă sau școală.","logică,programare,rezolvare de probleme,creativitate","Pian Djeco Pian electronic din lemn cu ilustrații frumoase de Magali Attiogbé, conceput pentru copii, cu 18 clape. Copiii pot folosi partiturile pentru a cânta 4 melodii internațoinale sau pot compune propriile piese. Fiecare notă de pe claviatură are propriul semn colorat, identic cu semnul de pe partitură. Dimensiuni pian 33 x 24,7 x 28 cm.Vârsta recomandată: + 3 ani. Confecționat din lemn, materiale și culori non toxice conform reglementărilor EN71 & ASTM. Certificat FSC®.AVERTISMENT: Contraindicat copiior sub 2 ani. A se utiliza strict sub supravegherea unei persoane adulte. Producător: Djeco, Franța.",https://cdnmpro.com/708224949/p/raw/5/instrument-muzical-pian-electronic-djeco~3315.jpg,https://cdnmpro.com/708224949/p/raw/5/instrument-muzical-pian-electronic-djeco~3315.jpg|https://cdnmpro.com/708224949/p/raw/1/instrument-muzical-pian-electronic-djeco~3051.jpg|https://cdnmpro.com/708224949/p/raw/2/instrument-muzical-pian-electronic-djeco~3312.jpg|https://cdnmpro.com/708224949/p/raw/9/instrument-muzical-pian-electronic-djeco~3319.jpg|https://cdnmpro.com/708224949/p/raw/1/instrument-muzical-pian-electronic-djeco~3321.jpg,https://www.boribon.ro/cumpara/instrument-muzical-pian-electronic-djeco-1424,Electricitate pentru începători,8%,"Kit STEM Aplicatii robotice in industrie, Genius Toy (4716503113005); Kit STEM Telescop, Thames & Kosmos (5060282510432); Kit STEM Incarcator frontal de asamblat si manevrat, Fischertechnik (4048962549300)"
TEST,4048962424577,"Kit STEM Motoare pneumatice, Fischertechnik",Fischertechnik,Renewable Energy,9+,906.0,,2,,,,"energie verde,știința energiei,proiecte,curiozitate","Construiește și programează pas cu pas, cu proiecte clare pentru acasă sau școală.","logică,programare,rezolvare de probleme,creativitate","Kit STEM Motoare pneumatice, Modele alimentate cu energie pneumatica Utilizarea motoarelor pneumatice este indispensabilă în multe domenii. Aceste motoare includ, pe de o parte, sistemul de aer comprimat, iar pe de altă parte, combustibilul nelimitat - aerul care garantează funcționarea pe termen lung. Cele 6 modele pneumatice ilustrează funcțiile pneumatice și utilizarea aerului comprimat, iar componentele realiste permit înțelegerea rapidă și promovează imaginația tehnică. Aceste modele folosesc supapele și furtunurile pneumatice, compresorul sau clapetele de aer de evacuare pentru a demonstra numeroasele moduri de funcționare și a permite astfel efectuarea de mișcări diverse.Pe lângă scopul educativ, kitul Strong Pneumatics oferă tinerilor ingineri aventură și distracție. Instrucțiuni de asamblare pentru a construi 6 modele alimentate cu energie pneumatică. Conține 660 de piese. Vârsta recomandată: +9 ani. Confecționat din plastic. Conform reglementarilor EN71&ASTM.AVERTISMENT: Contraindicat copiilor sub 3 ani, conține piese mici. Se recomandă supravegherea copilului de către un adult în timpul jocului. Citiți instrucțiunile înainte de utilizare, urmați-le și păstrați-le pentru referință.Produs in Germania de Fischertechnik.",https://cdnmpro.com/708224949/p/raw/4/kit-stem-motoare-pneumatice-fischertechnik~12144.jpg,https://cdnmpro.com/708224949/p/raw/4/kit-stem-motoare-pneumatice-fischertechnik~12144.jpg|https://cdnmpro.com/708224949/p/raw/5/kit-stem-motoare-pneumatice-fischertechnik~12145.jpg|https://cdnmpro.com/708224949/p/raw/6/kit-stem-motoare-pneumatice-fischertechnik~12146.jpg|https://cdnmpro.com/708224949/p/raw/7/kit-stem-motoare-pneumatice-fischertechnik~12147.jpg|https://cdnmpro.com/708224949/p/raw/8/kit-stem-motoare-pneumatice-fischertechnik~12148.jpg,https://www.boribon.ro/cumpara/kit-stem-motoare-pneumatice-fischertechnik-4398,Green Energy Pack,8%,"Kit STEM E-Tronic Principiile Electronicii, Fischertechnik (4048962424645); Kit STEM Set volumetric, Genius Toy (4716503310442); Kit STEM Set Constructor, Fischertechnik (4048962458527)"
TEST,5420023043979,"Set de explorator cu valiza, Egmont Toys",Egmont Toys,Renewable Energy,"3 - 6, 6 - 9",263.0,,21,,,,"energie verde,știința energiei,proiecte,curiozitate","Construiește și programează pas cu pas, cu proiecte clare pentru acasă sau școală.","logică,programare,rezolvare de probleme,creativitate","Set de explorator cu valiza si accesorii lemn Set de exlorator de la Egmont Toys, varianta premium, cu instrumente din lemn de înaltă calitate. Fiecare piesa conținută este o mică bijuterie. Micul tău explorator va găsi tot ce are nevoie pentru a descoperi și studia minunățiile naturii. Cadran solar, busolă, lupă, cutie pentru observarea insectelor, binoclu toate acestea așezate frumos într-o cutie-valiză cu mâner, cusută manual. Setul conține valiză cartonată cu mâner, binoclu, busolă, lupă, recipient cu capac pentru mostre. Binoclul are husă și mărește de 4 ori.Vârsta recomandată: + 3 ani.AVERTISMENT: Contraindicat copiilor sub 3 ani. A se utiliza sub directa supraveghere a unei persoane adulte.Producător: Egmont Toys, Belgia",https://cdnmpro.com/708224949/p/raw/1/set-de-explorator-cu-valiza-egmont-toys~11761.jpg,https://cdnmpro.com/708224949/p/raw/1/set-de-explorator-cu-valiza-egmont-toys~11761.jpg|https://cdnmpro.com/708224949/p/raw/0/set-de-explorator-cu-valiza-egmont-toys~11760.jpg|https://cdnmpro.com/708224949/p/raw/2/set-de-explorator-cu-valiza-egmont-toys~11762.jpg|https://cdnmpro.com/708224949/p/raw/0/set-de-explorator-cu-valiza-egmont-toys~15200.jpg|https://cdnmpro.com/708224949/p/raw/2/set-de-explorator-cu-valiza-egmont-toys~15202.jpg,https://www.boribon.ro/cumpara/set-de-explorator-cu-valiza-egmont-toys-4346,Green Energy Pack,8%,"Kit STEM E-Tronic Principiile Electronicii, Fischertechnik (4048962424645); Kit STEM Laborator de spionaj: Kit de investigare, Thames & Kosmos (0814743017634); Kit STEM de construit si explorat Universal Max, Fischertechnik (4048962516654)"
TEST,8436580423113,"Puzzle 100 piese Cosmos, Londji",Londji,Renewable Energy,"6 - 9, 9+",80.0,,19,,,,"energie verde,știința energiei,proiecte,curiozitate","Construiește și programează pas cu pas, cu proiecte clare pentru acasă sau școală.","logică,programare,rezolvare de probleme,creativitate","Puzzle cu sistemul solar De la Jupiter la Marte, de la Uranus la Saturn, de la Pământ la Venus. Călătorește prin sistemul solar cu acest puzzle Londji. Acum în dimensiune de buzunar, puzzle cu 100 de piese. Design: Carmen Saldaña. Dimensiune puzzle: 23,5 x 16,5 cm. Vârsta recomandată: +6 ani. AVERTISMENT: Contraindicat copiilor sub 3 ani, conține piese mici, pericol de sufocare. A se utiliza sub directa supraveghere a unui adult. Producător: Londji, Spania.",https://cdnmpro.com/708224949/p/raw/4/puzzle-100-piese-cosmos-londji~10424.jpg,https://cdnmpro.com/708224949/p/raw/4/puzzle-100-piese-cosmos-londji~10424.jpg|https://cdnmpro.com/708224949/p/raw/9/puzzle-100-piese-cosmos-londji~8129.jpg|https://cdnmpro.com/708224949/p/raw/0/puzzle-100-piese-cosmos-londji~8130.jpg|https://cdnmpro.com/708224949/p/raw/1/puzzle-100-piese-cosmos-londji~8131.jpg|https://cdnmpro.com/708224949/p/raw/2/puzzle-100-piese-cosmos-londji~8132.jpg,https://www.boribon.ro/cumpara/puzzle-100-piese-cosmos-londji-3280,Green Energy Pack,8%,"Prima mea cutie cu jucarii, Speedy Monkey (0850047013392); Kit STEM Calendarul stiintific de Advent, Thames & Kosmos (0658606787643); Kit STEM Principiile mecanicii si staticii, Fischertechnik (4048962250299)"
TEST,0658606787643,"Kit STEM Calendarul stiintific de Advent, Thames & Kosmos",Thames & Kosmos,Science/Lab,"6 - 9, 9+",210.0,,12,,,,"metoda științifică,observație,experimente,curiozitate","Construiește și programează pas cu pas, cu proiecte clare pentru acasă sau școală.","logică,programare,rezolvare de probleme,creativitate","Kit STEM Calendarul stiintific de Advent Calendarul Advent pentru Copii – 24 de Experimente Științifice (RO) face din perioada de așteptare a Crăciunului un traseu zilnic al explorării și uimii. În fiecare zi, copiii deschid o nouă cutie și găsesc un experiment surpriză, ușor de realizat acasă. Cele 24 de cutii frumos ilustrate ascund materiale special pregătite pentru experimente, alături de instrucțiuni clare, scrise și desenate de specialiști. Majoritatea ustensilelor necesare sunt incluse, iar restul sunt obiecte simple din gospodărie. Experimentele sunt rapide, sigure și captivante, explorând concepte de chimie, biologie și fizică, toate reinterpretate într-o atmosferă magică de sărbătoare. Adaugă o notă educativă unei tradiții îndrăgite și oferă copiilor bucuria de a învăța prin joacă cu experimente inspirate de magia Crăciunului! Vârsta recomandată: +8 ani. Confecționat din carton și plastic. Conform reglementarilor EN71&ASTM.AVERTISMENT: Contraindicat copiilor sub 3 ani, conține piese mici. Se recomandă supravegherea copilului de către un adult în timpul jocului. Citiți instrucțiunile înainte de utilizare, urmați-le și păstrați-le pentru referință.Produs in China pentru Thames & Kosmos, Anglia.",https://cdnmpro.com/708224949/p/raw/2/kit-stem-calendarul-stiintific-de-advent-thames-kosmos~100125352.jpg,https://cdnmpro.com/708224949/p/raw/2/kit-stem-calendarul-stiintific-de-advent-thames-kosmos~100125352.jpg|https://cdnmpro.com/708224949/p/raw/5/kit-stem-calendarul-stiintific-de-advent-thames-kosmos~100125355.jpg|https://cdnmpro.com/708224949/p/raw/8/kit-stem-calendarul-stiintific-de-advent-thames-kosmos~100125358.jpg|https://cdnmpro.com/708224949/p/raw/1/kit-stem-calendarul-stiintific-de-advent-thames-kosmos~100125361.jpg,https://www.boribon.ro/cumpara/kit-stem-calendarul-stiintific-de-advent-thames-kosmos-8513,Mini Lab Pack,8%,"Kit STEM Principiile mecanicii, Fischertechnik (4048962492767); Kit STEM Curse nebunesti, Fischertechnik (4048962492750); Set de explorator cu valiza, Egmont Toys (5420023043979)"
TEST,4716503310442,"Kit STEM Set volumetric, Genius Toy",Gigo Toys,Science/Lab,"3 - 6, 6 - 9, 9+",114.0,,15,,,,"metoda științifică,observație,experimente,curiozitate","Construiește și programează pas cu pas, cu proiecte clare pentru acasă sau școală.","logică,programare,rezolvare de probleme,creativitate","Kit STEM Set volumetric - 6 Forme Geometrice 3D Transformă învățarea matematicii într-o experiență vizuală și practică. Special conceput pentru a ajuta copiii să înțeleagă noțiuni fundamentale de geometrie spațială și volum. Acest set conține 6 modele tridimensionale esențiale: cub, paralelipiped (cutie dreptunghiulară), cilindru, con, sferă și piramidă pătratică. Fiecare model are aceeași lățime sau diametru – 10 cm, ceea ce permite comparații directe între volume, într-un mod intuitiv și clar pentru copii. Modelele sunt prevăzute cu o parte deschisă, permițând umplerea cu apă, nisip sau alte materiale. Această caracteristică le transformă în instrumente ideale pentru experimente interactive, demonstrând cum formele diferite pot conține volume diferite – chiar și atunci când dimensiunile par similare. Material didactic pentru școli și grădinițe. Vărsta recomandată: +3 ani. Confecționat din plastic. Conform reglementarilor EN71&ASTM.AVERTISMENT: Contraindicat copiilor sub 3 ani, conține piese mici. Se recomandă supravegherea copilului de către un adult în timpul jocului. Citiți instrucțiunile înainte de utilizare, urmați-le și păstrați-le pentru referință.Produs in Taiwan de Genius Toy.",https://cdnmpro.com/708224949/p/raw/7/kit-stem-set-volumetric-genius-toy~100102807.jpg,https://cdnmpro.com/708224949/p/raw/7/kit-stem-set-volumetric-genius-toy~100102807.jpg|https://cdnmpro.com/708224949/p/raw/0/kit-stem-set-volumetric-genius-toy~100102810.jpg,https://www.boribon.ro/cumpara/kit-stem-set-volumetric-genius-toy-8405,Mini Lab Pack,8%,"Kit STEM Set Constructor, Fischertechnik (4048962458527); Kit STEM Curse nebunesti, Fischertechnik (4048962492750); Kit STEM Energie Solara, Fischertechnik (4048962316223)"
TEST,5060282510432,"Kit STEM Telescop, Thames & Kosmos",Thames & Kosmos,Science/Lab,"6 - 9, 9+",144.0,,2,,,,"metoda științifică,observație,experimente,curiozitate","Construiește și programează pas cu pas, cu proiecte clare pentru acasă sau școală.","logică,programare,rezolvare de probleme,creativitate","Kit STEM Telescop Ați văzut vreodată o fotografie în prim-plan a Lunii, cu peisajul său plin de cratere fascinante? Cu acest telescop, puteți investiga suprafața Lunii! De asemenea, puteți căuta pe cerul nopții constelații și planete sau pur și simplu puteți urmări păsările în zbor. Obțineți o vedere de aproape a veverițelor, căprioarelor și a altor animale sălbatice sau imaginați-vă că sunteți un pirat care navighează pe cele șapte mări! Un telescop entry-level cu putere de mărire de 12x, corp durabil și optică de calitate. Are, de asemenea, un capac moale pentru lentile oculare, pentru un confort sporit. Este însoțitorul perfect pentru tinerii cercetători care pornesc să observe lumea din jurul lor! Conține telescop, manual cu instrucțiuni și informații. Vârsta recomandată: +6 ani. PremiiPremiul Parents' Choice Recommended 2020Ghidul cadourilor de primăvară și vară al Toy Insider 2020 AVERTISMENT: Contraindicat copiilor sub 3 ani, conține piese mici, pericol de înghițire. Se recomandă supravegherea copilului de către un adult în timpul jocului. Citiți instrucțiunile înainte de utilizare, urmați-le și păstrați-le pentru referință.Produs in Taiwan pentru Thames & Kosmos, Anglia. Manual Kit STEM Telescop - descarca fisier",https://cdnmpro.com/708224949/p/raw/6/kit-stem-telescop-thames-kosmos~9406.jpg,https://cdnmpro.com/708224949/p/raw/6/kit-stem-telescop-thames-kosmos~9406.jpg|https://cdnmpro.com/708224949/p/raw/7/kit-stem-telescop-thames-kosmos~9407.jpg|https://cdnmpro.com/708224949/p/raw/8/kit-stem-telescop-thames-kosmos~9408.jpg|https://cdnmpro.com/708224949/p/raw/4/kit-stem-telescop-thames-kosmos~13664.jpg|https://cdnmpro.com/708224949/p/raw/6/kit-stem-telescop-thames-kosmos~13666.jpg,https://www.boribon.ro/cumpara/kit-stem-telescop-thames-kosmos-3692,Mini Lab Pack,8%,"Kit STEM Incarcator frontal de asamblat si manevrat, Fischertechnik (4048962549300); Kit STEM Cursa cu obstacole Dynamic XM, Fischertechnik (4048962316247); Kit STEM Energie Solara, Fischertechnik (4048962316223)"
TEST,3070900100657,"Atelier creativ 65 pentru adulti Goblen si broderie, Djeco",Djeco,Science/Lab,9+,162.45,,26,,,,"metoda științifică,observație,experimente,curiozitate","Construiește și programează pas cu pas, cu proiecte clare pentru acasă sau școală.","logică,programare,rezolvare de probleme,creativitate","Kit creativ de brodat pe panza imprimata Atelierele creative Djeco dedicate adulților, le oferă acestora posibilitatea de a experimenta tehnicile și trucurile artiștilor, într-un mod accesibil, cu materiale profesionale, ghidați pas cu pas. Cu acest atelier vei învăța pas cu pas cum să creezi o lucrare colorată și plină de textură, realizată prin cusături precise pe o pânză imprimată. Fiecare fir și fiecare punct adaugă profunzime și culoare, transformând modelul într-o adevărată operă de artă. Kitul include toate materialele necesare și un tutorial video detaliat, care te va ghida în fiecare etapă. În plus, creația ta poate fi expusă în cadrul de lemn inclus, iar cutia decorativă reutilizabilă îți permite să păstrezi totul organizat și elegant. Un kit elegant și complet, gata de oferit celor dragi sau de păstrat pentru propriile creații artistice. 🔹 Conținutul setului: pânză de needlepoint color-print, 8 x 15 metri de fire colorate, 2 ace pentru broderie, dispozitiv pentru introdus ața în ac (threader), 8 ace de fixare, ramă de lemn pentru expunere, șablon pentru ghidarea cusăturilor si un pliant explicativ și card cu cod QR pentru tutorial video. Dimensiuni produs: 21 × 29 × 2 cm Vârsta recomandată: +15 ani. Materiale: Pânză, lemn și carton certificate FSC®.AVERTISMENT: Contraindicat copiilor sub 3 ani. A se utiliza sub stricta supraveghere a unei persoane adulte. Producător: Djeco, Franța",https://cdnmpro.com/708224949/p/raw/2/atelier-creativ-65-pentru-adulti-goblen-si-broderie-djeco~100113742.jpg,https://cdnmpro.com/708224949/p/raw/2/atelier-creativ-65-pentru-adulti-goblen-si-broderie-djeco~100113742.jpg|https://cdnmpro.com/708224949/p/raw/5/atelier-creativ-65-pentru-adulti-goblen-si-broderie-djeco~100113745.jpg|https://cdnmpro.com/708224949/p/raw/8/atelier-creativ-65-pentru-adulti-goblen-si-broderie-djeco~100113748.jpg|https://cdnmpro.com/708224949/p/raw/1/atelier-creativ-65-pentru-adulti-goblen-si-broderie-djeco~100113751.jpg|https://cdnmpro.com/708224949/p/raw/4/atelier-creativ-65-pentru-adulti-goblen-si-broderie-djeco~100113754.jpg,https://www.boribon.ro/cumpara/atelier-creativ-65-pentru-adulti-goblen-si-broderie-djeco-8482,Mini Lab Pack,8%,"Kit STEM Camion de santier de asamblat si manevrat, Fischertechnik (4048962549294); Kit STEM Construieste circuite electrice, Thames & Kosmos (0658606787650); Puzzle 100 piese Cosmos, Londji (8436580423113)"
TEST,6152121274274,"Set magnetic de construit 125 piese, Cleverclixx",Cleverclixx,Science/Lab,"3 - 6, 6 - 9",571.0,,13,,,,"metoda științifică,observație,experimente,curiozitate","Construiește și programează pas cu pas, cu proiecte clare pentru acasă sau școală.","logică,programare,rezolvare de probleme,creativitate","Set magnetic de construit 110 + bonus 15 piese glitter, Cleverclixx Cu un total de 125 de piese, copiii pot construi structuri uimitoare: de la castele grandioase până la orașe colorate și creative. Plăcile magnetice Cleverclixx nu sunt doar jucării – ele oferă o experiență de învățare completă, stimulând dezvoltarea abilităților STEAM (Știință, Tehnologie, Inginerie, Artă și Matematică). Copiii experimentează echilibrul, gravitația și structurile 3D, învățând prin joacă și imaginație. Datorită magnetilor puternici, construcțiile sunt stabile și durabile, iar culorile intense oferă un efect vizual spectaculos. Setul este complet compatibil cu toate celelalte pachete Cleverclixx, oferind posibilități infinite de extindere. Material: plastic MABS de înaltă calitate, fără BPA. Certificări de siguranță: CPSC, CE, EN71, ASTM Vârsta recomandată: 3+ ani Producător: Cleverclixx, Belgia 🇧🇪 AVERTISMENT: Contraindicat copiilor sub 3 ani. Se recomandă supravegherea copilului de către un adult în timpul jocului.",https://cdnmpro.com/708224949/p/raw/9/set-magnetic-de-construit-125-piese-cleverclixx~100107529.jpg,https://cdnmpro.com/708224949/p/raw/9/set-magnetic-de-construit-125-piese-cleverclixx~100107529.jpg|https://cdnmpro.com/708224949/p/raw/2/set-magnetic-de-construit-125-piese-cleverclixx~100107532.jpg|https://cdnmpro.com/708224949/p/raw/5/set-magnetic-de-construit-125-piese-cleverclixx~100107535.jpg|https://cdnmpro.com/708224949/p/raw/8/set-magnetic-de-construit-125-piese-cleverclixx~100107538.jpg|https://cdnmpro.com/708224949/p/raw/1/set-magnetic-de-construit-125-piese-cleverclixx~100107541.jpg,https://www.boribon.ro/cumpara/set-magnetic-de-construit-125-piese-cleverclixx-8409,Mini Lab Pack,8%,"Kit STEM Anatomia corpului uman, Thames & Kosmos (5060282510746); Kit STEM Proiector Planetarium, Thames & Kosmos (0814743017931); Puzzle 100 piese Cosmos, Londji (8436580423113)"
TEST,4048962492767,"Kit STEM Principiile mecanicii, Fischertechnik",Fischertechnik,Engineering/Logic,"6 - 9, 9+",366.0,,8,,,,"inginerie,mecanică,logică spațială,motricitate fină","Construiește și programează pas cu pas, cu proiecte clare pentru acasă sau școală.","logică,programare,rezolvare de probleme,creativitate","Kit STEM Principiile mecanicii, Descopera bazele mecanicii prin joaca Pătrunde în lumea mecanicii și descoperă conceptele de bază. Cum funcționează un burghiu cu percuție? Cum construiești un angrenaj de ceas? În ce scop este folosit un angrenaj planetar? Acestea și alte întrebări elementare din lumea mecanicii primesc răspuns cu setul Mechanics, folosind 12 modele diferite. Descoperiți elementele de bază ale tehnologiei prin joc! Instrucțiuni de asamblare pentru a construi 12 modele, complexe și originale. Conține 243 de piese. Vârsta recomandată: +8 ani. Confecționat din plastic. Conform reglementarilor EN71&ASTM.AVERTISMENT: Contraindicat copiilor sub 3 ani, conține piese mici. Se recomandă supravegherea copilului de către un adult în timpul jocului. Citiți instrucțiunile înainte de utilizare, urmați-le și păstrați-le pentru referință.Produs in Germania de Fischertechnik.",https://cdnmpro.com/708224949/p/raw/7/kit-stem-principiile-mecanicii-fischertechnik~12047.jpg,https://cdnmpro.com/708224949/p/raw/7/kit-stem-principiile-mecanicii-fischertechnik~12047.jpg|https://cdnmpro.com/708224949/p/raw/8/kit-stem-principiile-mecanicii-fischertechnik~12048.jpg|https://cdnmpro.com/708224949/p/raw/9/kit-stem-principiile-mecanicii-fischertechnik~12049.jpg|https://cdnmpro.com/708224949/p/raw/0/kit-stem-principiile-mecanicii-fischertechnik~12050.jpg|https://cdnmpro.com/708224949/p/raw/1/kit-stem-principiile-mecanicii-fischertechnik~12051.jpg,https://www.boribon.ro/cumpara/kit-stem-principiile-mecanicii-fischertechnik-4391,Engineering + Logic Pack,8%,"Kit STEM Laborator de spionaj: Kit de investigare, Thames & Kosmos (0814743017634); Kit STEM de construit motoare si generatoare, Thames & Kosmos (0814743010390); Kit STEM Electricitate si Magnetism, Genius Toy (4716503006512)"
TEST,4048962549287,"Kit STEM Excavator de asamblat si manevrat, Fischertechnik",Fischertechnik,Engineering/Logic,"6 - 9, 9+",179.0,,14,,,,"inginerie,mecanică,logică spațială,motricitate fină","Construiește și programează pas cu pas, cu proiecte clare pentru acasă sau școală.","logică,programare,rezolvare de probleme,creativitate","Excavator de jucarie pentru mici constructori ✅ Experiență autentică de șantier – Excavatorul Fischertechnik este echipat cu un braț mobil și o cupă funcțională, permițând copiilor să sape, să mute materiale și să creeze propriul șantier. 🛠️ Asamblare ușoară și educativă – Cu 125 de piese și instrucțiuni clare, copiii cu vârsta de 7+ ani pot construi singuri modelul, dezvoltându-și abilitățile tehnice și creativitatea. 🎨 Design realist și atractiv – Mișcările detaliate și combinația de culori specifică fischertechnik fac ca acest excavator să fie piesa de rezistență a fiecărui șantier de joacă. 🎁 Cadoul ideal pentru micii ingineri – Perfect pentru copiii pasionați de construcții, mecanisme și jocuri interactive, acest set oferă ore întregi de distracție educativă. 📦 Specificații: Număr de piese: 125 Număr de modele: 1 Vârsta recomandată: 7+ ani 🔧 Transformă joaca într-o aventură de construcție și lasă copilul să exploreze lumea șantierelor! Confecționat din plastic. Conform reglementarilor EN71&ASTM.AVERTISMENT: Contraindicat copiilor sub 3 ani, conține piese mici. Se recomandă supravegherea copilului de către un adult în timpul jocului. Citiți instrucțiunile înainte de utilizare, urmați-le și păstrați-le pentru referință.Produs in Germania de Fischertechnik.",https://cdnmpro.com/708224949/p/raw/5/kit-stem-excavator-de-asamblat-si-manevrat-fischertechnik~20365.jpg,https://cdnmpro.com/708224949/p/raw/5/kit-stem-excavator-de-asamblat-si-manevrat-fischertechnik~20365.jpg|https://cdnmpro.com/708224949/p/raw/3/kit-stem-excavator-de-asamblat-si-manevrat-fischertechnik~20363.jpg|https://cdnmpro.com/708224949/p/raw/4/kit-stem-excavator-de-asamblat-si-manevrat-fischertechnik~20364.jpg|https://cdnmpro.com/708224949/p/raw/6/kit-stem-excavator-de-asamblat-si-manevrat-fischertechnik~20366.jpg,https://www.boribon.ro/cumpara/kit-stem-excavator-de-asamblat-si-manevrat-fischertechnik-7954,Engineering + Logic Pack,8%,"Kit STEM Masina de pompieri, Fischertechnik (4048962458565); Kit STEM de construit motoare si generatoare, Thames & Kosmos (0814743010390); Kit STEM Introducere in programarea roboților, Fischertechnik (4048962424706)"
TEST,4048962549294,"Kit STEM Camion de santier de asamblat si manevrat, Fischertechnik",Fischertechnik,Engineering/Logic,"6 - 9, 9+",122.0,,27,,,,"inginerie,mecanică,logică spațială,motricitate fină","Construiește și programează pas cu pas, cu proiecte clare pentru acasă sau școală.","logică,programare,rezolvare de probleme,creativitate","Camion de asamblat pentru mici constructori ✅ Putere și eficiență pe șantier – Camionul Fischertechnik este echipat cu un spațiu de încărcare rabatabil și roți robuste, fiind perfect pentru transportul în siguranță al materialelor grele pe șantier. 🛠️ Asamblare ușoară și rapidă – Cu 52 de piese și instrucțiuni clare, copiii cu vârsta de 7+ ani pot construi camionul singuri și se pot bucura imediat de aventuri pe șantierul lor de joacă. 🎨 Design modern și atrăgător – Combinația de culori face ca acest camion să fie nu doar un vehicul de lucru fiabil, ci și o piesă de rezistență în orice cameră de joacă. 🎁 Cadoul ideal pentru micii ingineri – Perfect pentru copiii pasionați de construcții și mecanisme, acest set oferă ore întregi de joacă educativă și interactivă. 📦 Specificații: Număr de piese: 52 Număr de modele: 1 Vârsta recomandată: 7+ ani 🔧 Pregătește-te de acțiune și transportă încărcături ca un adevărat profesionist! Confecționat din plastic. Conform reglementarilor EN71&ASTM.AVERTISMENT: Contraindicat copiilor sub 3 ani, conține piese mici. Se recomandă supravegherea copilului de către un adult în timpul jocului. Citiți instrucțiunile înainte de utilizare, urmați-le și păstrați-le pentru referință.Produs in Germania de Fischertechnik.",https://cdnmpro.com/708224949/p/raw/8/kit-stem-camion-de-santier-de-asamblat-si-manevrat-fischertechnik~20368.jpg,https://cdnmpro.com/708224949/p/raw/8/kit-stem-camion-de-santier-de-asamblat-si-manevrat-fischertechnik~20368.jpg|https://cdnmpro.com/708224949/p/raw/7/kit-stem-camion-de-santier-de-asamblat-si-manevrat-fischertechnik~20367.jpg|https://cdnmpro.com/708224949/p/raw/9/kit-stem-camion-de-santier-de-asamblat-si-manevrat-fischertechnik~20369.jpg|https://cdnmpro.com/708224949/p/raw/0/kit-stem-camion-de-santier-de-asamblat-si-manevrat-fischertechnik~20370.jpg|https://cdnmpro.com/708224949/p/raw/1/kit-stem-camion-de-santier-de-asamblat-si-manevrat-fischertechnik~20371.jpg,https://www.boribon.ro/cumpara/kit-stem-camion-de-santier-de-asamblat-si-manevrat-fischertechnik-7955,Engineering + Logic Pack,8%,"Set magnetic de construit 125 piese, Cleverclixx (6152121274274); Kit STEM Curse nebunesti, Fischertechnik (4048962492750); Joc STEM Microscop digital cu ecran integrat, TopBright (6975007386140)"
TEST,4048962458527,"Kit STEM Set Constructor, Fischertechnik",Fischertechnik,Engineering/Logic,6 - 9,150.0,,7,,,,"inginerie,mecanică,logică spațială,motricitate fină","Construiește și programează pas cu pas, cu proiecte clare pentru acasă sau școală.","logică,programare,rezolvare de probleme,creativitate","Kit STEM Set Constructor Kit construcție de bază. Șase vehicule și două avioane pot fi construite din componentele diverse și colorate Fischertechnik. Instrucțiunile de construcție adaptate vârstei ajută copiii să realizeze modelele și le trezesc interesul pentru construirea propriilor modele creative. Sunt promovate abilități importante, cum ar fi coordonarea ochi-mână, motricitatea grosieră și fină. Împreună cu omulețul inclus, fischertechNik, copiii au parte de multe aventuri interesante. Componente mari, potrivite pentru mâini miciInstrucțiuni de asamblare pentru a construi 8 modele, ușor de înțeles pentru copii. Conține 67 de piese de asamblat, figurina fischertechNik. Vârsta recomandată: +5 ani. Joc premiat. Confecționat din plastic. Conform reglementarilor EN71&ASTM.AVERTISMENT: Contraindicat copiilor sub 3 ani, conține piese mici. Se recomandă supravegherea copilului de către un adult în timpul jocului. Citiți instrucțiunile înainte de utilizare, urmați-le și păstrați-le pentru referință.Produs in Germania de Fischertechnik.",https://cdnmpro.com/708224949/p/raw/1/kit-stem-set-constructor-fischertechnik~11841.jpg,https://cdnmpro.com/708224949/p/raw/1/kit-stem-set-constructor-fischertechnik~11841.jpg|https://cdnmpro.com/708224949/p/raw/6/kit-stem-set-constructor-fischertechnik~11836.jpg|https://cdnmpro.com/708224949/p/raw/7/kit-stem-set-constructor-fischertechnik~11837.jpg|https://cdnmpro.com/708224949/p/raw/8/kit-stem-set-constructor-fischertechnik~11838.jpg|https://cdnmpro.com/708224949/p/raw/9/kit-stem-set-constructor-fischertechnik~11839.jpg,https://www.boribon.ro/cumpara/kit-stem-set-constructor-fischertechnik-4363,Engineering + Logic Pack,8%,"Kit STEM Telescop, Thames & Kosmos (5060282510432); Kit STEM Bila cu plasma, Thames & Kosmos (0814743016989); Kit STEM Laborator de circuite electrice, Genius Toy (4716503123622)"
TEST,4048962549317,"Kit STEM Tractor de asamblat si manevrat, Fischertechnik",Fischertechnik,Engineering/Logic,"6 - 9, 9+",122.0,,19,,,,"inginerie,mecanică,logică spațială,motricitate fină","Construiește și programează pas cu pas, cu proiecte clare pentru acasă sau școală.","logică,programare,rezolvare de probleme,creativitate","Tractor de asamblat pentru mici constructori ✅ Putere și versatilitate pe orice teren – Tractorul Fischertechnik este echipat cu roți mari și robuste, fiind ideal pentru deplasarea pe șantier și PE teren accidentat. 🛠️ Asamblare ușoară și rapidă – Cu 58 de piese și instrucțiuni ilustrate, copiii cu vârsta de 7+ ani vor construi tractorul cu ușurință și vor începe imediat joaca. 🚜 Perfect pentru transport și încărcare – Remorca sa este ideală pentru mutarea materialelor de construcție, oferind o experiență realistă de joc. 🎨 Design atractiv și durabil – Componentele solide și noua schemă de culori fischertechnik fac din acest tractor un model apreciat de toți micii tehnicieni. 🎁 Cadoul ideal pentru micii pasionați de utilaje – Perfect pentru copiii care iubesc construcțiile și vehiculele de șantier, oferind ore întregi de joacă educativă. 📦 Specificații: Număr de piese: 58 Număr de modele: 1 Vârsta recomandată: 7+ ani 🔧 Urcă la volan și pornește la drum pentru aventuri pline de acțiune pe șantier! Confecționat din plastic. Conform reglementarilor EN71&ASTM.AVERTISMENT: Contraindicat copiilor sub 3 ani, conține piese mici. Se recomandă supravegherea copilului de către un adult în timpul jocului. Citiți instrucțiunile înainte de utilizare, urmați-le și păstrați-le pentru referință.Produs in Germania de Fischertechnik.",https://cdnmpro.com/708224949/p/raw/7/kit-stem-tractor-de-asamblat-si-manevrat-fischertechnik~20377.jpg,https://cdnmpro.com/708224949/p/raw/7/kit-stem-tractor-de-asamblat-si-manevrat-fischertechnik~20377.jpg|https://cdnmpro.com/708224949/p/raw/8/kit-stem-tractor-de-asamblat-si-manevrat-fischertechnik~20378.jpg|https://cdnmpro.com/708224949/p/raw/9/kit-stem-tractor-de-asamblat-si-manevrat-fischertechnik~20379.jpg|https://cdnmpro.com/708224949/p/raw/0/kit-stem-tractor-de-asamblat-si-manevrat-fischertechnik~20380.jpg|https://cdnmpro.com/708224949/p/raw/1/kit-stem-tractor-de-asamblat-si-manevrat-fischertechnik~20381.jpg,https://www.boribon.ro/cumpara/kit-stem-tractor-de-asamblat-si-manevrat-fischertechnik-7957,Engineering + Logic Pack,8%,"Set magnetic de construit 125 piese, Cleverclixx (6152121274274); Instrument muzical Pian electronic Djeco (3070900060067); Set STEAM Laborator de chimie, TopBright (4260771793396)"
TEST,4048962549300,"Kit STEM Incarcator frontal de asamblat si manevrat, Fischertechnik",Fischertechnik,Engineering/Logic,"6 - 9, 9+",122.0,,10,,,,"inginerie,mecanică,logică spațială,motricitate fină","Construiește și programează pas cu pas, cu proiecte clare pentru acasă sau școală.","logică,programare,rezolvare de probleme,creativitate","Incarcator frontal de santier de asamblat si manevrat pentru mici constructori ✅ Partenerul perfect pe șantier – Încărcătorul frontal Fischertechnik este echipat cu un cupa rabatabilă, permițând copiilor să încarce și să transporte materiale de construcție cu ușurință. Asamblare simplă și rapidă – Cu 73 de piese și instrucțiuni detaliate, copiii cu vârsta de 7+ ani pot construi încărcătorul frontal fără dificultăți și începe imediat aventura pe șantier. Design robust și atractiv – Modelul impresionează prin funcționalitate realistă și prin combinația de culori, fiind un element de impact în orice cameră de joacă. Cadou pentru micii constructori – Recomandat pentru copiii pasionați de utilaje și construcții, acest set oferă ore întregi de joacă educativă și interactivă. Specificații: Număr de piese: 73 Număr de modele: 1 Vârsta recomandată: 7+ ani 🔧 Încărcă și transportă materiale ca un adevărat profesionist! Confecționat din plastic. Conform reglementarilor EN71&ASTM.AVERTISMENT: Contraindicat copiilor sub 3 ani, conține piese mici. Se recomandă supravegherea copilului de către un adult în timpul jocului. Citiți instrucțiunile înainte de utilizare, urmați-le și păstrați-le pentru referință.Produs in Germania de Fischertechnik.",https://cdnmpro.com/708224949/p/raw/3/kit-stem-incarcator-frontal-de-asamblat-si-manevrat-fischertechnik~20373.jpg,https://cdnmpro.com/708224949/p/raw/3/kit-stem-incarcator-frontal-de-asamblat-si-manevrat-fischertechnik~20373.jpg|https://cdnmpro.com/708224949/p/raw/2/kit-stem-incarcator-frontal-de-asamblat-si-manevrat-fischertechnik~20372.jpg|https://cdnmpro.com/708224949/p/raw/4/kit-stem-incarcator-frontal-de-asamblat-si-manevrat-fischertechnik~20374.jpg|https://cdnmpro.com/708224949/p/raw/5/kit-stem-incarcator-frontal-de-asamblat-si-manevrat-fischertechnik~20375.jpg|https://cdnmpro.com/708224949/p/raw/6/kit-stem-incarcator-frontal-de-asamblat-si-manevrat-fischertechnik~20376.jpg,https://www.boribon.ro/cumpara/kit-stem-incarcator-frontal-de-asamblat-si-manevrat-fischertechnik-7956,Engineering + Logic Pack,8%,"Kit STEM Set volumetric, Genius Toy (4716503310442); Kit STEM E-Tronic Principiile Electronicii, Fischertechnik (4048962424645); Kit STEM Introducere in programarea roboților, Fischertechnik (4048962424706)"
TEST,4048962458558,"Kit STEM Transport pe cablu, Fischertechnik",Fischertechnik,STEM,"6 - 9, 9+",340.0,,12,,,,"STEM,creativitate,logică,învățare prin joacă","Construiește și programează pas cu pas, cu proiecte clare pentru acasă sau școală.","logică,programare,rezolvare de probleme,creativitate","Kit STEM Transport pe cablu Kitul de construcție conține trei modele diferite și realiste de telecabine, care pot fi atașate cu ajutorul unor tampoane de vid, de exemplu, și care pot acoperi distanțe și înălțimi în camera copiilor, fiind explorate astfel diferitele funcții ale telefericelor. Telefericul traversează lanțuri muntoase impunătoare, leagă orașe și cartiere, transportă oameni sau încărcături, este un mijloc de transport impresionant care merită explorat. Împreună cu omulețul inclus, fischertechNik, copiii au parte de multe aventuri interesante. Instrucțiuni de asamblare pentru a construi 3 modele de teleferic, ușor de înțeles de către copii. Conține 269 de piese de asamblat, 6 m de cablu. Vârsta recomandată: +7 ani. Confecționat din plastic. Conform reglementarilor EN71&ASTM.AVERTISMENT: Contraindicat copiilor sub 3 ani, conține piese mici. Se recomandă supravegherea copilului de către un adult în timpul jocului. Citiți instrucțiunile înainte de utilizare, urmați-le și păstrați-le pentru referință.Produs in Germania de Fischertechnik.",https://cdnmpro.com/708224949/p/raw/7/kit-stem-transport-pe-cablu-fischertechnik~11947.jpg,https://cdnmpro.com/708224949/p/raw/7/kit-stem-transport-pe-cablu-fischertechnik~11947.jpg|https://cdnmpro.com/708224949/p/raw/8/kit-stem-transport-pe-cablu-fischertechnik~11948.jpg|https://cdnmpro.com/708224949/p/raw/9/kit-stem-transport-pe-cablu-fischertechnik~11949.jpg|https://cdnmpro.com/708224949/p/raw/0/kit-stem-transport-pe-cablu-fischertechnik~11950.jpg|https://cdnmpro.com/708224949/p/raw/1/kit-stem-transport-pe-cablu-fischertechnik~11951.jpg,https://www.boribon.ro/cumpara/kit-stem-transport-pe-cablu-fischertechnik-4380,STEM Mix Pack,8%,"Kit STEM Camion de santier de asamblat si manevrat, Fischertechnik (4048962549294); Atelier creativ 65 pentru adulti Goblen si broderie, Djeco (3070900100657); Kit STEM Bila cu plasma, Thames & Kosmos (0814743016989)"
TEST,4048962516593,"Kit STEM Completare pentru Cursa cu bile metalice - Intrecerea, Fischertechnik",Fischertechnik,STEM,"6 - 9, 9+",113.0,,11,,,,"STEM,creativitate,logică,învățare prin joacă","Construiește și programează pas cu pas, cu proiecte clare pentru acasă sau școală.","logică,programare,rezolvare de probleme,creativitate","Kit STEM Completare pentru Cursa cu bile metalice - Întrecerea Jucătorii au posibilitatea de a-și împiedica adversarii să câștige cu ajutorul a patru capcane care pot fi instalate și ajustate, sporind în același timp distracția jocului și aducând o dinamică interesantă în cursă. Până la patru jucători pot interveni activ în acțiunea cursei. Acest kit îmbunătățește experiența interactivă a jocului, catapultând modelele din seria Cursa cu bile metalice într-o nouă dimensiune de distracție și dinamică a jocului. Poate fi folosit doar in completarea setului Cursa cu bile metalice, cod 564070. Conține 77 de piese. Vârsta recomandată: +8 ani. Confecționat din plastic. Conform reglementarilor EN71&ASTM.AVERTISMENT: Contraindicat copiilor sub 3 ani, conține piese mici. Se recomandă supravegherea copilului de către un adult în timpul jocului. Citiți instrucțiunile înainte de utilizare, urmați-le și păstrați-le pentru referință.Produs in Germania de Fischertechnik.",https://cdnmpro.com/708224949/p/raw/5/kit-stem-completare-pentru-cursa-cu-bile-metalice-intrecerea~12415.jpg,https://cdnmpro.com/708224949/p/raw/5/kit-stem-completare-pentru-cursa-cu-bile-metalice-intrecerea~12415.jpg|https://cdnmpro.com/708224949/p/raw/4/kit-stem-completare-pentru-cursa-cu-bile-metalice-intrecerea~12414.jpg|https://cdnmpro.com/708224949/p/raw/6/kit-stem-completare-pentru-cursa-cu-bile-metalice-intrecerea~12416.jpg|https://cdnmpro.com/708224949/p/raw/7/kit-stem-completare-pentru-cursa-cu-bile-metalice-intrecerea~12417.jpg|https://cdnmpro.com/708224949/p/raw/8/kit-stem-completare-pentru-cursa-cu-bile-metalice-intrecerea~12418.jpg,https://www.boribon.ro/cumpara/kit-stem-completare-pentru-cursa-cu-bile-metalice-intrecerea-4446,STEM Mix Pack,8%,"Kit STEM de construit si explorat Universal Max, Fischertechnik (4048962516654); Kit STEM Calendarul stiintific de Advent, Thames & Kosmos (0658606787643); Instrument muzical Pian electronic Djeco (3070900060067)"
