id,name,slug,description,price,compareAtPrice,sku,images,categoryId,tags,attributes,metadata,isActive,featured,stockQuantity,reservedQuantity,reorderPoint,weight,dimensions,averageRating,reviewCount,totalSold,createdAt,updatedAt,barcode,ageGroup,costPrice,importDuties,shippingCost,storageCost,packagingCost,laborCost,qualityControlCost,paymentProcessingFee,customerServiceCost,operationalOverhead,status,stemDiscipline,supplierId,isBundle,bundleItems,bundleDiscount
af680edf-58a7-433d-a236-711747edf53c,Creagami Titirezi - Origami 3D Educațional,creagami-titirezi-origami-3d-educational-CTV-842,"Origami 3D. Creează o adevărată sculptură în relief, cu ajutorul bucățelelor de hârtie pe care le îndoi precum la origami, și apoi le asamblezi modular pentru a realiza titirezi inediți. Dezvoltă manualitatea, concentrarea și relaxează în același timp. Vârsta recomandată: +3 ani. Fiecare produs are QR code, care vă încarcă video cu instrucțiuni și moduri de îmbinare a pieselor. AVERTISMENT: Contraindicat copiilor sub 3 ani, conține piese mici, pericol de sufocare. A se utiliza sub directa supraveghere a unui adult. Producător: CreativaMente, Italia",71.0,84.99,CTV-842,"[""https://cdnmpro.com/708224949/p/raw/5/creagami-titirezi~5655.jpg"", ""https://cdnmpro.com/708224949/p/raw/4/creagami-titirezi~5994.jpg"", ""https://cdnmpro.com/708224949/p/raw/5/creagami-titirezi~5995.jpg"", ""https://cdnmpro.com/708224949/p/raw/6/creagami-titirezi~5996.jpg""]",cmltqoqsf0004jjujibh2j3vx,"[""CreativaMente""]","{""brand"": ""CreativaMente"", ""gender"": ""Adult, Baiat, Fata"", ""originalAgeText"": ""6 - 9, 9+"", ""supplierSource"": ""Boribon"", ""sourceCategory"": ""Creative||Outlet %"", ""stemRelevanceScore"": 10, ""viralPotentialScore"": 10}","{""shortTitleRo"": ""Creagami Titirezi - Origami 3D Educațional"", ""metaDescriptionRo"": ""Crează sculpturi 3D unice cu piese de origami modular! Dezvoltă manualitatea, concentrarea și imaginația copiilor +3 ani. Include QR code cu video tutorial. Jucărie STEM virală perfectă pentru Reels!"", ""learningOutcomes"": [""motorică fină"", ""concentrare"", ""asamblare modulară"", ""creativitate""], ""specialCategories"": [""art-craft""]}",True,False,5,0,3.0,300.0,"{""length"": ""20.0 cm""}",0.0,0,0,2026-03-22 23:59:49.000,2026-03-22 23:59:49.000,,ELEMENTARY_6_8,,0,0,0,0,0,0,2.9,0,0,APPROVED,ART_STEAM,ee75eea8-9f64-4076-96a2-52f5d6926c14,False,,
e8d4e002-0ea8-4199-872e-9b496e71236f,Creagami Șarpe - Origami 3D Educațional,creagami-sarpe-origami-3d-educational-CTV-711,"Origami 3D. Creează o adevărată sculptură în relief, cu ajutorul bucățelelor de hârtie pe care le îndoi precum la origami, și apoi le asamblezi modular pentru a realiza forme inedite. Dezvoltă manualitatea, concentrarea și relaxează în același timp. Vârsta recomandată: +7 ani. Fiecare produs are QR code, care vă încarcă video cu instrucțiuni și moduri de îmbinare a pieselor. AVERTISMENT: Contraindicat copiilor sub 3 ani, conține piese mici, pericol de sufocare. A se utiliza sub directa supraveghere a unui adult. Producător: CreativaMente, Italia",71.0,84.99,CTV-711,"[""https://cdnmpro.com/708224949/p/raw/8/creagami-sarpe~6358.jpg"", ""https://cdnmpro.com/708224949/p/raw/5/creagami-sarpe~6775.jpg"", ""https://cdnmpro.com/708224949/p/raw/6/creagami-sarpe~6776.jpg"", ""https://cdnmpro.com/708224949/p/raw/8/creagami-sarpe~6778.jpg""]",cmltqoqsf0004jjujibh2j3vx,"[""CreativaMente""]","{""brand"": ""CreativaMente"", ""gender"": ""Baiat, Fata"", ""originalAgeText"": ""6 - 9, 9+"", ""supplierSource"": ""Boribon"", ""sourceCategory"": ""Creative||Outlet %"", ""stemRelevanceScore"": 10, ""viralPotentialScore"": 9}","{""shortTitleRo"": ""Creagami Șarpe - Origami 3D Educațional"", ""metaDescriptionRo"": ""Construiește un șarpe origami 3D spectaculos! Set modular care dezvoltă dexteritatea și relaxarea. Recomandat 7+ ani. Include instrucțiuni video – ideal pentru conținut TikTok și cadouri educative."", ""learningOutcomes"": [""motorică fină"", ""concentrare"", ""asamblare modulară"", ""răbdare""], ""specialCategories"": [""art-craft""]}",True,False,5,0,3.0,300.0,"{""length"": ""20.0 cm""}",0.0,0,0,2026-03-22 23:59:49.000,2026-03-22 23:59:49.000,,ELEMENTARY_6_8,,0,0,0,0,0,0,2.9,0,0,APPROVED,ART_STEAM,ee75eea8-9f64-4076-96a2-52f5d6926c14,False,,
99d169c3-ff9f-414a-b4c1-9f5c2e10b796,Creagami Panda - Origami 3D Educațional,creagami-panda-origami-3d-educational-CTV-734,"Origami 3D. Creează o adevărată sculptură în relief, cu ajutorul bucățelelor de hârtie pe care le îndoi precum la origami, și apoi le asamblezi modular pentru a realiza forme inedite. Dezvoltă manualitatea, concentrarea și relaxează în același timp. Vârsta recomandată: +7 ani. Fiecare produs are QR code, care vă încarcă video cu instrucțiuni și moduri de îmbinare a pieselor. AVERTISMENT: Contraindicat copiilor sub 3 ani, conține piese mici, pericol de sufocare. A se utiliza sub directa supraveghere a unui adult. Producător: CreativaMente, Italia",141.0,168.99,CTV-734,"[""https://cdnmpro.com/708224949/p/raw/7/creagami-panda~6357.jpg"", ""https://cdnmpro.com/708224949/p/raw/1/creagami-panda~6771.jpg"", ""https://cdnmpro.com/708224949/p/raw/2/creagami-panda~6772.jpg"", ""https://cdnmpro.com/708224949/p/raw/3/creagami-panda~6773.jpg""]",cmltqoqsf0004jjujibh2j3vx,"[""CreativaMente""]","{""brand"": ""CreativaMente"", ""gender"": ""Baiat, Fata"", ""originalAgeText"": ""6 - 9, 9+"", ""supplierSource"": ""Boribon"", ""sourceCategory"": ""Creative||Outlet %"", ""stemRelevanceScore"": 10, ""viralPotentialScore"": 9}","{""shortTitleRo"": ""Creagami Panda - Origami 3D Educațional"", ""metaDescriptionRo"": ""Creează un panda origami 3D adorabil cu piese modulare! Dezvoltă creativitatea și fine motor skills. Vârsta 7+. QR code cu tutorial – jucărie STEM perfectă pentru părinți și conținut viral."", ""learningOutcomes"": [""motorică fină"", ""concentrare"", ""asamblare modulară"", ""creativitate""], ""specialCategories"": [""art-craft""]}",True,False,9,0,3.0,300.0,"{""length"": ""20.0 cm""}",0.0,0,0,2026-03-22 23:59:49.000,2026-03-22 23:59:49.000,,ELEMENTARY_6_8,,0,0,0,0,0,0,2.9,0,0,APPROVED,ART_STEAM,ee75eea8-9f64-4076-96a2-52f5d6926c14,False,,
7a73441d-5b13-4d65-b97a-a4a3558f5255,Smarty Puzzle Star Words - Joc Educativ Engleză,smarty-puzzle-star-words-joc-educativ-engleza-CTV_012,"Smarty Puzzle- Star Words Joc educativ, perfect pentru distracție în familie și pentru învățarea limbii engleze. Piesele se potrivesc asemenea pieselor de la puzzle, astfel încât jucătorii să formeze propoziții din diferitele cuvinte în engleză. Conține 2 zaruri, 1 săculeț textil, 252 piese de tip puzzle cu cuvinte în engleză Vârsta recomandată: + 6 ani AVERTISMENT: Contraindicat copiilor sub 3 ani, conține piese mici, pericol de sufocare. A se utiliza sub directa supraveghere a unui adult. Producător: CreativaMente, Italia Manual Joc educativ Smarty Puzzle - Star Words - descarca fisier",124.0,148.99,CTV_012,"[""https://cdnmpro.com/708224949/p/raw/6/joc-educativ-smarty-puzzle-star-words~6206.jpg"", ""https://cdnmpro.com/708224949/p/raw/0/joc-educativ-smarty-puzzle-star-words~6480.jpg"", ""https://cdnmpro.com/708224949/p/raw/1/joc-educativ-smarty-puzzle-star-words~6481.jpg""]",cmltqoqov0003jjujnu1ppk5u,"[""CreativaMente""]","{""brand"": ""CreativaMente"", ""gender"": ""Baiat, Fata"", ""originalAgeText"": ""6 - 9, 9+"", ""supplierSource"": ""Boribon"", ""sourceCategory"": ""Educative||Outlet %"", ""stemRelevanceScore"": 10, ""viralPotentialScore"": 8}","{""shortTitleRo"": ""Smarty Puzzle Star Words - Joc Educativ Engleză"", ""metaDescriptionRo"": ""Puzzle educativ cu cuvinte în engleză – distracție în familie și învățare ușoară! Potrivește piesele și învață vocabular. Perfect pentru 6+ ani și dezvoltare lingvistică STEM."", ""learningOutcomes"": [""vocabular în engleză"", ""construcție de propoziții"", ""logică lingvistică"", ""joc de echipă""], ""specialCategories"": [""logic-game""]}",True,False,6,0,3.0,1000.0,"{""length"": ""25.0 cm""}",0.0,0,0,2026-03-22 23:59:49.000,2026-03-22 23:59:49.000,,ELEMENTARY_6_8,,0,0,0,0,0,0,2.9,0,0,APPROVED,MATH,ee75eea8-9f64-4076-96a2-52f5d6926c14,False,,
b422eaa4-57cc-4e22-a798-9a2c1c2fab32,Kinoptik Rigolomonsters - Joc Optic Magic,kinoptik-rigolomonsters-joc-optic-magic-DJ05603,"Kinoptik Rigolomonsters Un joc distractiv de imaginație, construcție și animație! Copiii proiectează și creează monstruleși amuzanți alăturând părțile magnetice pe tablă - există mii de combinații din care să aleagă! Prin suprapunerea și mișcarea filtrului cu dungi, ei pot face monștrii să prindă viață și să se miște în moduri magice și neașteptate. Broșură de instrucțiuni inclusă oferă îndrumare pas cu pas. Joc de imaginație: inventează monștri găsind noi modalități de a alătura piesele. Joc de construcție: creați modele pe tabla hașurată. Joc de animație: folosește cele 2 filtre pentru a descoperi mișcări magice și surprinzătoare.Tabla hașurată ajută la poziționarea pieselor rapid și ușor.Un exercițiu de creativitate și logică.Conținut: tablă magnetică (21,5 x 21,5 cm), 2 foi de plastic (15,5 x 15,5 cm și 12 x 12 cm), 27 piese magnetice, set de instrucțiuni.Vârsta recomandată: 5-8 ani.Confecționat din hârtie și carton certificate FSC®. Conform reglementărilor EN71&ASTM. AVERTISMENT: Conține magneți! Contraindicat copiilor sub 3 ani, conține piese mici, pericol de sufocare. A se utiliza sub directa supraveghere a unui adult. Producător: Djeco, Franța Video: https://www.youtube.com/watch?v=sc1G4PJc_yk",87.4,104.99,DJ05603,"[""https://cdnmpro.com/708224949/p/raw/4/kinoptik-rigolomonsters-djeco~8374.jpg"", ""https://cdnmpro.com/708224949/p/raw/2/kinoptik-rigolomonsters-djeco~8642.jpg"", ""https://cdnmpro.com/708224949/p/raw/3/kinoptik-rigolomonsters-djeco~8643.jpg""]",cmltqoqsf0004jjujibh2j3vx,"[""Djeco""]","{""brand"": ""Djeco"", ""gender"": ""Baiat"", ""originalAgeText"": ""3 - 6, 6 - 9"", ""supplierSource"": ""Boribon"", ""sourceCategory"": ""Jocuri||Toate||De construit||Educative||Magnetice"", ""stemRelevanceScore"": 10, ""viralPotentialScore"": 8}","{""shortTitleRo"": ""Kinoptik Rigolomonsters - Joc Optic Magic"", ""metaDescriptionRo"": ""Creează monștri haioși și dă-le viață cu efectul optic magic! Joc Djeco de imaginație și animație. Vârsta 3-9 ani – viral pe TikTok, dezvoltă creativitate și logică spațială."", ""learningOutcomes"": [""imaginație creativă"", ""construcție 2D"", ""percepție optică"", ""gândire spațială""], ""specialCategories"": [""optics"", ""magnetic""]}",True,False,13,0,4.0,900.0,"{""length"": ""23.0 cm""}",0.0,0,0,2026-03-22 23:59:49.000,2026-03-22 23:59:49.000,3070900056039,PRESCHOOL_3_5,,0,0,0,0,0,0,2.9,0,0,APPROVED,MATH,ee75eea8-9f64-4076-96a2-52f5d6926c14,False,,
2079eb98-1fb8-4ecd-840c-dfd9df014967,Kinoptik Roboți - Joc Optic Magic,kinoptik-roboti-joc-optic-magic-DJ05611,"Kinoptik Roboți Un joc distractiv de imaginație, construcție și animație. Copiii proiectează și creează roboți aiuriți combinând părțile magnetice de pe tablă - există mii de combinații din care pot să aleagă. Prin mișcarea filtrului optic, ei pot face roboții să prindă viață și să se miște în moduri magice și neașteptate. Broșura de instrucțiuni este inclusă. Joc care stimulează imaginația: copilul construiește forme noi și le adaptează după funcționalitate; set de îndemânare: copilul asamblează pe planșa de lucru formele după model sau liber; joc de animație: cu ajutorul filtrelor se creează efecte optice dinamice. Un exercițiu de creativitate și logică. O mulțime de piese pentru ore de joacă.Conținut: tablă magnetică (30 x 30 cm), 2 filtre optice (24 x 24 cm și 19 x 19 cm), 60 piese de magnetice, broșură cu instrucțiuni.Vârsta recomandată: 6-10 ani.Confecționat din materiale non-toxice, conform reglementărilor EN71&ASTM, cu certificare FSC®.AVERTISMENT: Conține magneți! Contraindicat copiilor sub 3 ani, conține piese mici, pericol de sufocare. A se utiliza sub directa supraveghere a unui adult. Producător: Djeco, Franța",120.65,144.99,DJ05611,"[""https://cdnmpro.com/708224949/p/raw/3/kinoptik-roboti-djeco~16373.jpg"", ""https://cdnmpro.com/708224949/p/raw/3/kinoptik-roboti-djeco~3213.jpg"", ""https://cdnmpro.com/708224949/p/raw/9/kinoptik-roboti-djeco~3599.jpg"", ""https://cdnmpro.com/708224949/p/raw/4/kinoptik-roboti-djeco~16374.jpg""]",cmltqoqsf0004jjujibh2j3vx,"[""Djeco""]","{""brand"": ""Djeco"", ""gender"": ""Baiat"", ""originalAgeText"": ""3 - 6, 6 - 9"", ""supplierSource"": ""Boribon"", ""sourceCategory"": ""De construit||Toate||Jocuri||Educative||Magnetice"", ""stemRelevanceScore"": 10, ""viralPotentialScore"": 8}","{""shortTitleRo"": ""Kinoptik Roboți - Joc Optic Magic"", ""metaDescriptionRo"": ""Construiește roboți și animează-i cu filtrul optic! Set Djeco STEM cu efect wow. Recomandat 3-9 ani – perfect pentru Reels și dezvoltare imaginație + abilități motorii."", ""learningOutcomes"": [""imaginație creativă"", ""construcție 2D"", ""percepție optică"", ""motorică fină""], ""specialCategories"": [""optics"", ""magnetic""]}",True,False,12,0,4.0,200.0,"{""length"": ""32.0 cm""}",0.0,0,0,2026-03-22 23:59:49.000,2026-03-22 23:59:49.000,3070900056114,PRESCHOOL_3_5,,0,0,0,0,0,0,2.9,0,0,APPROVED,ART_STEAM,ee75eea8-9f64-4076-96a2-52f5d6926c14,False,,
24a7653f-cfea-44e3-accd-d42a47c60389,Kinoptik Animonsters - Joc Optic Magic,kinoptik-animonsters-joc-optic-magic-DJ05600,"Kinoptik Animonsters Un joc distractiv de imaginație, construcție și animație! Copiii creează monstruleți haioși combinând părțile magnetice de pe tablă - există mii de combinații din care să aleagă! Prin mișcarea filtrului optic, ei pot face ca monstruleții să prindă viață și să se miște în moduri magice și neașteptate. Conținut: tablă magnetică, 2 filtre optice, 25 piese magnetice și broșură cu instrucțiuni și modele.Vârsta recomandată: 5-8 ani. Confecționat din carton. Conform reglementărilor EN71&ASTM. AVERTISMENT: Conține magneți! Contraindicat copiilor sub 3 ani, conține piese mici, pericol de sufocare. A se utiliza sub directa supraveghere a unui adult.Producător: Djeco, Franța Video: https://www.youtube.com/watch?v=PxY21nBqIoE",94.05,112.99,DJ05600,"[""https://cdnmpro.com/708224949/p/raw/3/kinoptik-animonsters-djeco~3203.jpg"", ""https://cdnmpro.com/708224949/p/raw/7/kinoptik-animonsters-djeco~3557.jpg"", ""https://cdnmpro.com/708224949/p/raw/8/kinoptik-animonsters-djeco~3558.jpg""]",cmltqoqsf0004jjujibh2j3vx,"[""Djeco""]","{""brand"": ""Djeco"", ""gender"": ""Baiat"", ""originalAgeText"": ""3 - 6, 6 - 9"", ""supplierSource"": ""Boribon"", ""sourceCategory"": ""De construit||Toate||Jocuri||Educative||Magnetice"", ""stemRelevanceScore"": 10, ""viralPotentialScore"": 8}","{""shortTitleRo"": ""Kinoptik Animonsters - Joc Optic Magic"", ""metaDescriptionRo"": ""Creează monștri și fă-i să se miște cu filtrul optic! Joc Djeco viral. Vârsta 3-9 ani – dezvoltă creativitate, logică și coordonare. Ideal pentru conținut social media."", ""learningOutcomes"": [""imaginație creativă"", ""construcție 2D"", ""percepție optică"", ""coordonare mână-ochi""], ""specialCategories"": [""optics"", ""magnetic""]}",True,False,0,0,3.0,200.0,"{""length"": ""23.0 cm""}",0.0,0,0,2026-03-22 23:59:49.000,2026-03-22 23:59:49.000,3070900056008,PRESCHOOL_3_5,,0,0,0,0,0,0,2.9,0,0,APPROVED,MATH,ee75eea8-9f64-4076-96a2-52f5d6926c14,False,,
f7015771-9742-43df-8c79-643aefddad4a,Zig & Go Muzica 52 piese - Traseu Reacție în Lanț,zig-go-muzica-52-piese-traseu-reactie-in-lant-DJ05645,"Zig and Go set de construcție trasee, Muzica O colecție de seturi pentru construit fascinante trasee cu reacție în lanț și sunete sau chiar un ritm specific cu acest set complex. Mișcarea, la început lentă, dar apoi tot mai alertă, conduce la parcurgerea traseului cu schimbări de direcții și sunete muzicale. Joc de construcție: copiii vor trebui să folosească îndemânarea pentru poziționa pieselor și creaurea unui parcurs. Joc de reacție în lanț: copiii învață despre cauzalitatea mișcărilor, ingeniozitatea și magia reacțiilor în lanț, cauză-efect! Joc de gândire: copiii trebuie să se gândească la cât de repede se vor mișca piesele - care depinde de greutate - și să aproximeze distanțele dintre ele. Sunt furnizate instrucțiuni pas cu pas pentru 3 modele. Video accesibil printr-un cod QR. Inventează parcursuri nesfârșite pentru ore întregi de distracție, singur sau cu alții. Conține 52 de piese din lemn și metal, premium, colorate. Toate kiturile din colecție sunt compatibile, pentru parcursuri acțiune-reacțiune din ce în ce mai inventive. Set premiat în anul 2021. Vârsta recomandată: +8 ani. Confecționat din lemn și metal. Conform reglementărilor EN71&ASTM. Certificare FSC AVERTISMENT: Contraindicat copiilor sub 3 ani, conține piese mici, pericol de sufocare. A se utiliza sub directa supraveghere a unui adult. Producător: Djeco, Franța",342.0,410.5,DJ05645,"[""https://cdnmpro.com/708224949/p/raw/2/set-de-constructie-trasee-zig-go-muzica-52-piese-djeco~16292.jpg"", ""https://cdnmpro.com/708224949/p/raw/3/set-de-constructie-trasee-zig-go-muzica-52-piese-djeco~7313.jpg"", ""https://cdnmpro.com/708224949/p/raw/7/set-de-constructie-trasee-zig-go-muzica-52-piese-djeco~7837.jpg"", ""https://cdnmpro.com/708224949/p/raw/1/set-de-constructie-trasee-zig-go-muzica-52-piese-djeco~7841.jpg"", ""https://cdnmpro.com/708224949/p/raw/2/set-de-constructie-trasee-zig-go-muzica-52-piese-djeco~7842.jpg""]",cmltqoq940001jjujkuq676do,"[""Djeco""]","{""brand"": ""Djeco"", ""gender"": ""Baiat"", ""originalAgeText"": ""6 - 9, 9+"", ""supplierSource"": ""Boribon"", ""sourceCategory"": ""De construit||Toate||Jocuri||Jucarii Montessori||Educative"", ""stemRelevanceScore"": 10, ""viralPotentialScore"": 6}","{""shortTitleRo"": ""Zig & Go Muzica 52 piese - Traseu Reacție în Lanț"", ""metaDescriptionRo"": ""Traseu Zig & Go cu muzică – reacție în lanț spectaculoasă! 52 piese Djeco. Vârsta 6+ – cel mai viral joc STEM pentru Reels și TikTok."", ""learningOutcomes"": [""gândire cauzală"", ""construcție 3D"", ""planificare secvențială"", ""îndemânare""], ""specialCategories"": [""chain-reaction"", ""construction""]}",True,False,10,0,3.0,3000.0,"{""length"": ""32.5 cm""}",0.0,0,0,2026-03-22 23:59:49.000,2026-03-22 23:59:49.000,3070900056459,ELEMENTARY_6_8,,0,0,0,0,0,0,2.9,0,0,APPROVED,ENGINEERING,ee75eea8-9f64-4076-96a2-52f5d6926c14,False,,
d9007b37-ddeb-4b16-93f2-8e01126265b2,Zig & Go Bila Cea Mai Mare - Traseu Reacție în Lanț,zig-go-bila-cea-mai-mare-traseu-reactie-in-lant-DJ05641,"Zig and Go, set de construit trasee O colecție de seturi pentru construit fascinante trasee cu reacție în lanț. Mișcarea, la început lentă, dar apoi tot mai alertă, conduce la parcurgerea traseului cu schimbări de direcții, curbe și surprize dinamice. Joc de construcție: copiii vor trebui să folosească îndemânarea pentru poziționa pieselor și crearea unui parcurs. Joc de reacție în lanț: copiii învață despre cauzalitatea mișcărilor, ingeniozitatea și magia reacțiilor în lanț, legătura cauză-efect! Joc de gândire: copiii trebuie să se gândească la cât de repede se vor mișca piesele - care depinde de greutate - și să aproximeze distanțele dintre ele. Sunt furnizate instrucțiuni pas cu pas pentru 3 trasee. Video accesibil printr-un cod QR. Inventează parcursuri nesfârșite pentru ore întregi de distracție, singur sau cu alții. Conține 27 de piese din lemn și 2 bile de sticlă. Toate kiturile din colecție sunt compatibile între ele, pentru parcursuri acțiune-reacțiune din ce în ce mai inventive. Vârsta recomandată: +7 ani. Confecționat din lemn și metal. Conform reglementărilor EN71&ASTM. AVERTISMENT: Contraindicat copiilor sub 3 ani, conține piese mici, pericol de sufocare. A se utiliza sub directa supraveghere a unui adult. Producător: Djeco, Franța",190.95,228.99,DJ05641,"[""https://cdnmpro.com/708224949/p/raw/3/set-de-constructie-trasee-zig-go-bila-cea-mai-mare-27-piese-djeco~8503.jpg"", ""https://cdnmpro.com/708224949/p/raw/8/set-de-constructie-trasee-zig-go-bila-cea-mai-mare-27-piese-djeco~8338.jpg"", ""https://cdnmpro.com/708224949/p/raw/0/set-de-constructie-trasee-zig-go-bila-cea-mai-mare-27-piese-djeco~8500.jpg"", ""https://cdnmpro.com/708224949/p/raw/1/set-de-constructie-trasee-zig-go-bila-cea-mai-mare-27-piese-djeco~8501.jpg"", ""https://cdnmpro.com/708224949/p/raw/2/set-de-constructie-trasee-zig-go-bila-cea-mai-mare-27-piese-djeco~8502.jpg""]",cmltqoq940001jjujkuq676do,"[""Djeco""]","{""brand"": ""Djeco"", ""gender"": ""Baiat, Fata"", ""originalAgeText"": ""6 - 9, 9+"", ""supplierSource"": ""Boribon"", ""sourceCategory"": ""Jocuri||Jucarii Montessori||De construit||Educative"", ""stemRelevanceScore"": 10, ""viralPotentialScore"": 6}","{""shortTitleRo"": ""Zig & Go Bila Cea Mai Mare - Traseu Reacție în Lanț"", ""metaDescriptionRo"": ""Zig & Go cu bila gigantică – traseu de construcție wow! 27 piese. Dezvoltă logică și răbdare. Recomandat 6+ ani – conținut viral garantat."", ""learningOutcomes"": [""gândire cauzală"", ""construcție 3D"", ""înțelegerea cauză-efect"", ""răbdare""], ""specialCategories"": [""chain-reaction"", ""construction""]}",True,False,7,0,3.0,1000.0,"{""length"": ""24.5 cm""}",0.0,0,0,2026-03-22 23:59:49.000,2026-03-22 23:59:49.000,3070900056411,ELEMENTARY_6_8,,0,0,0,0,0,0,2.9,0,0,APPROVED,MATH,ee75eea8-9f64-4076-96a2-52f5d6926c14,False,,
b533d72a-6996-46fb-8cb4-5260874953e2,Zig & Go Dring - Traseu Reacție în Lanț,zig-go-dring-traseu-reactie-in-lant-DJ05642,"Zig & Go, set de constructie trasee, 25 piese O colecție de seturi pentru construit fascinante trasee cu reacție în lanț. Un joc de construcție din lemn de reacții în lanț care necesită îndemânare și gândire atentă. Copiii copiază cele 3 modele din broșura de instrucțiuni pentru a construi trasee sau își alcătuiesc propriile variante - posibilitățile sunt nelimitate! Toate kiturile din colecție sunt compatibile, pentru trasee acțiune-reacțiune din ce în ce mai inventive. Joc de construcție: copiii vor trebui să folosească îndemânarea pentru a poziționa piesele pentru a construi un traseu. Joc cu reacție în lanț: copiii învață despre ingeniozitatea și magia lanțurilor de mișcare! Joc de gândire: copiii trebuie să se gândească la cât de repede se vor mișca piesele - care depinde de greutate - și să măsoare distanțele dintre ele. Video accesibil printr-un cod QR. Conținut: joc de construcție cu 22 de piese din lemn, 2 bile metalice și un clopoțel metalic, broșură cu instrucțiuni de 16 pagini. Vârsta recomandată: 7 - 99 ani. Confecționat din lemn și metal. Conform reglementărilor EN71&ASTM. Certificare FSC. AVERTISMENT: Contraindicat copiilor sub 3 ani, conține piese mici, pericol de sufocare. A se utiliza sub directa supraveghere a unui adult. Producător: Djeco, Franța",166.25,199.5,DJ05642,"[""https://cdnmpro.com/708224949/p/raw/6/set-de-constructie-trasee-zig-go-dring-25-piese-djeco~16306.jpg"", ""https://cdnmpro.com/708224949/p/raw/0/set-de-constructie-trasee-zig-go-dring-25-piese-djeco~5170.jpg"", ""https://cdnmpro.com/708224949/p/raw/2/set-de-constructie-trasee-zig-go-dring-25-piese-djeco~5392.jpg"", ""https://cdnmpro.com/708224949/p/raw/3/set-de-constructie-trasee-zig-go-dring-25-piese-djeco~5393.jpg"", ""https://cdnmpro.com/708224949/p/raw/4/set-de-constructie-trasee-zig-go-dring-25-piese-djeco~5394.jpg""]",cmltqoq940001jjujkuq676do,"[""Djeco""]","{""brand"": ""Djeco"", ""gender"": ""Baiat, Fata"", ""originalAgeText"": ""3 - 6, 6 - 9"", ""supplierSource"": ""Boribon"", ""sourceCategory"": ""De construit||Toate||Jocuri||Jucarii Montessori||Educative"", ""stemRelevanceScore"": 10, ""viralPotentialScore"": 6}","{""shortTitleRo"": ""Zig & Go Dring - Traseu Reacție în Lanț"", ""metaDescriptionRo"": ""Zig & Go Dring cu clopoțel – final spectaculos! 25 piese Djeco. Joc STEM perfect pentru 3-9 ani și video-uri satisfăcătoare pe social media."", ""learningOutcomes"": [""gândire cauzală"", ""construcție 3D"", ""îndemânare"", ""rezolvare de probleme""], ""specialCategories"": [""chain-reaction"", ""construction""]}",True,False,5,0,3.0,2000.0,"{""length"": ""25.0 cm""}",0.0,0,0,2026-03-22 23:59:49.000,2026-03-22 23:59:49.000,3070900056428,PRESCHOOL_3_5,,0,0,0,0,0,0,2.9,0,0,APPROVED,ENGINEERING,ee75eea8-9f64-4076-96a2-52f5d6926c14,False,,
173d548e-ce95-44e2-8509-eda36f1044a4,Zig & Go Roll - Traseu Reacție în Lanț,zig-go-roll-traseu-reactie-in-lant-DJ05640,"Zig & Go set de constructie trasee, 28 piese Un joc de construcție din lemn de reacții în lanț care necesită îndemânare și gândire atentă. Copiii copiază cele 3 modele din broșura de instrucțiuni pentru a construi trasee sau își alcătuiesc propriile variante - posibilitățile sunt nelimitate! Toate kiturile din colecție sunt compatibile, pentru trasee acțiune-reacțiune din ce în ce mai inventive. Joc de construcție: copiii vor trebui să folosească îndemânarea pentru a poziționa piesele pentru a construi un traseu. Joc cu reacție în lanț: copiii învață despre ingeniozitatea și magia lanțurilor de mișcare! Joc de gândire: copiii trebuie să se gândească la cât de repede se vor mișca piesele - care depinde de greutate - și să măsoare distanțele dintre ele. Video accesibil printr-un cod QR. Conținut: joc de construcție cu 28 de piese din lemn și 2 bile metalice, broșură cu instrucțiuni de 16 pagini. Vârsta recomandată: 7 - 99 ani. Confecționat din lemn și metal. Conform reglementărilor EN71&ASTM. AVERTISMENT: Contraindicat copiilor sub 3 ani, conține piese mici, pericol de sufocare. A se utiliza sub directa supraveghere a unui adult. Producător: Djeco, Franța",190.95,228.99,DJ05640,"[""https://cdnmpro.com/708224949/p/raw/7/set-de-constructie-trasee-zig-go-roll-28-piese-djeco~16307.jpg"", ""https://cdnmpro.com/708224949/p/raw/9/set-de-constructie-trasee-zig-go-roll-28-piese-djeco~5169.jpg"", ""https://cdnmpro.com/708224949/p/raw/7/set-de-constructie-trasee-zig-go-roll-28-piese-djeco~5387.jpg"", ""https://cdnmpro.com/708224949/p/raw/8/set-de-constructie-trasee-zig-go-roll-28-piese-djeco~5388.jpg"", ""https://cdnmpro.com/708224949/p/raw/9/set-de-constructie-trasee-zig-go-roll-28-piese-djeco~5389.jpg""]",cmltqoq940001jjujkuq676do,"[""Djeco""]","{""brand"": ""Djeco"", ""gender"": ""Baiat, Fata"", ""originalAgeText"": ""3 - 6, 6 - 9"", ""supplierSource"": ""Boribon"", ""sourceCategory"": ""De construit||Toate||Jocuri||Jucarii Montessori||Educative"", ""stemRelevanceScore"": 10, ""viralPotentialScore"": 6}","{""shortTitleRo"": ""Zig & Go Roll - Traseu Reacție în Lanț"", ""metaDescriptionRo"": ""Zig & Go Roll clasic cu bile – traseu de construcție viral! 28 piese. Dezvoltă logică spațială. Cel mai iubit joc Djeco pentru Reels."", ""learningOutcomes"": [""gândire cauzală"", ""construcție 3D"", ""îndemânare"", ""gândire spațială""], ""specialCategories"": [""chain-reaction"", ""construction""]}",True,False,15,0,4.0,2000.0,"{""length"": ""25.0 cm""}",0.0,0,0,2026-03-22 23:59:49.000,2026-03-22 23:59:49.000,3070900056404,PRESCHOOL_3_5,,0,0,0,0,0,0,2.9,0,0,APPROVED,MATH,ee75eea8-9f64-4076-96a2-52f5d6926c14,False,,
c10dc947-ccf1-4fd6-bc88-ce2382e0a5c7,Cubologic 16 - Joc de Logică,cubologic-16-joc-de-logica-DJ08576,"Joc de logică Cubologic 16 Un joc de observație și răbdare. Reconstituiți perfect imaginea de pe cartea provocare folosind cele 16 cuburi! Pentru un jucător. Cadrul din lemn îi ajută pe copii să introducă corect cuburile. Soluțiile provocărilor sunt furnizate în broșură. Ilustrații în stil vintage și o lume de personaje ciudate și amuzante. Dezvoltă răbdarea și logica. Scopul jocului: Recreează imaginea de pe cartea provocare folosind cele 16 cuburi. Fratele mai mare al Cubologic 9, acest joc este compus din 30 de cărți „provocare”. Fiecare carte reprezintă o imagine de reconstituit folosind cele 16 cuburi disponibile. Imaginile sunt mereu compuse din 4 linii a 4 cuburi. Pentru fiecare provocare, este posibilă o singură soluție! +++ Nivel de dificultate progresiv Conținut: 16 cuburi de lemn, 30 de cărți provocare și suport de lemn. Reguli de joc disponibile în 10 limbi. Ilustrator: Ben NewmannVârsta recomandată: 8-99 ani.Confecționat din lemn certificat FSC®. Conform reglementărilor EN71.AVERTISMENT! Contraindicat copiilor sub 3 ani. A se folosi sub directa supraveghere a unei persoane adulte. Producător: Djeco, Franța",116.85,139.99,DJ08576,"[""https://cdnmpro.com/708224949/p/raw/9/joc-de-logica-cubologic-16-djeco~16359.jpg"", ""https://cdnmpro.com/708224949/p/raw/2/joc-de-logica-cubologic-16-djeco~8462.jpg"", ""https://cdnmpro.com/708224949/p/raw/0/joc-de-logica-cubologic-16-djeco~8730.jpg"", ""https://cdnmpro.com/708224949/p/raw/1/joc-de-logica-cubologic-16-djeco~8731.jpg""]",cmltqoqov0003jjujnu1ppk5u,"[""Djeco""]","{""brand"": ""Djeco"", ""gender"": ""Adult, Baiat, Fata"", ""originalAgeText"": ""6 - 9, 9+"", ""supplierSource"": ""Boribon"", ""sourceCategory"": ""De logica||Toate||Jocuri||Educative"", ""stemRelevanceScore"": 9, ""viralPotentialScore"": 6}","{""shortTitleRo"": ""Cubologic 16 - Joc de Logică"", ""metaDescriptionRo"": ""Cubologic 16 – reconstituie imaginile cu 16 cuburi! Joc Djeco de logică. Vârsta 6+ – dezvoltă gândirea vizuală și răbdarea."", ""learningOutcomes"": [""observație vizuală"", ""pattern recognition"", ""răbdare"", ""logică""], ""specialCategories"": [""logic-game"", ""puzzle-iq""]}",True,False,33,0,10.0,500.0,"{""length"": ""22.0 cm""}",0.0,0,0,2026-03-22 23:59:49.000,2026-03-22 23:59:49.000,3070900085763,ELEMENTARY_6_8,,0,0,0,0,0,0,2.9,0,0,APPROVED,MATH,ee75eea8-9f64-4076-96a2-52f5d6926c14,False,,
6469e739-2b41-49f5-9699-4638e17b8f4e,Cubologic 9 - Joc de Logică,cubologic-9-joc-de-logica-DJ08581,"Joc de logică Cubologic 9 Un joc de observație și răbdare. Reconstituiți perfect imaginea de pe cartea provocare folosind cele 9 cuburi.Pentru un jucător. Cadrul din lemn îi ajută pe copii să introducă corect cuburile. Soluțiile provocărilor sunt furnizate în broșură. Ilustrații în stil vintage și o lume de personaje ciudate și amuzante. Dezvoltă răbdarea și logica. Scopul jocului: Recreează imaginea de pe cartea provocare folosind cele 9 cuburi.Fratele mai mic al Cubologic 16, acest joc este compus din 30 de cărți „provocare”. Fiecare carte reprezintă o imagine de reconstituit folosind cele 9 cuburi disponibile. Imaginile sunt mereu compuse din 3 linii a 3 cuburi. Pentru fiecare provocare, este posibilă o singură soluție! +++ Nivel de dificultate progresiv Conținut: 9 cuburi de lemn, 30 de cărți provocare și suport de lemn. Reguli de joc disponibile în 10 limbi. Ilustrator: Ben Newmann Vârsta recomandată: 8-99 ani. Confecționat din lemn certificat FSC®. Conform reglementărilor EN71. AVERTISMENT! Contraindicat copiilor sub 3 ani. A se folosi sub directa supraveghere a unei persoane adulte. Producător: Djeco, Franța.",123.5,147.99,DJ08581,"[""https://cdnmpro.com/708224949/p/raw/8/joc-de-logica-cubologic-9-djeco~16358.jpg"", ""https://cdnmpro.com/708224949/p/raw/3/joc-de-logica-cubologic-9-djeco~8463.jpg"", ""https://cdnmpro.com/708224949/p/raw/2/joc-de-logica-cubologic-9-djeco~8732.jpg""]",cmltqoqov0003jjujnu1ppk5u,"[""Djeco""]","{""brand"": ""Djeco"", ""gender"": ""Adult, Baiat, Fata"", ""originalAgeText"": ""6 - 9, 9+"", ""supplierSource"": ""Boribon"", ""sourceCategory"": ""De logica||Toate||Jocuri||Educative"", ""stemRelevanceScore"": 9, ""viralPotentialScore"": 6}","{""shortTitleRo"": ""Cubologic 9 - Joc de Logică"", ""metaDescriptionRo"": ""Cubologic 9 – versiune ușoară cu 9 cuburi! Joc Djeco logic. Perfect pentru 6+ ani și începători – dezvoltă concentrarea și rezolvarea problemelor."", ""learningOutcomes"": [""observație vizuală"", ""pattern recognition"", ""răbdare"", ""concentrare""], ""specialCategories"": [""logic-game"", ""puzzle-iq""]}",True,False,10,0,3.0,500.0,"{""length"": ""22.0 cm""}",0.0,0,0,2026-03-22 23:59:49.000,2026-03-22 23:59:49.000,3070900085817,ELEMENTARY_6_8,,0,0,0,0,0,0,2.9,0,0,APPROVED,MATH,ee75eea8-9f64-4076-96a2-52f5d6926c14,False,,
b5bf6bb1-7cc8-4f15-878f-f1a73c3989be,Orbita Spațială - Joc de Logică,orbita-spatiala-joc-de-logica-DJ00817,"Joc logic Orbita spatiala O temă pe care copiii o adoră: spațiul. Fixați fiecare astronaut la stația sa spațială pentru a-i opri să plutească în derivă în spațiul infinit. Depinde de tine să găsești singura soluție posibilă pentru fiecare dintre cele 60 de provocări. Patru niveluri de dificultate crescătoare. Un joc original cu adaptare 3D. Dezvoltă răbdarea, logica și abilitățile de deducție.O singură soluție posibilă pentru fiecare provocare.Găsiți soluțiile la sfârșitul broșurii.Conținut: o tablă spațială din lemn cu o grilă din lemn, 7 piese personaj din lemn, 13 piese din plastic, 30 de cărți de provocare ilustrate pe ambele părți și o broșură cu reguli de joc în 10 limbi. Vârsta recomandată: 6-99 ani. Pentru un jucător. Confecționat din lemn certificat FSC®. Producător: Djeco. Manual Joc de logica Orbita spatiala, Djeco - descarca aici fisierul",142.5,170.99,DJ00817,"[""https://cdnmpro.com/708224949/p/raw/1/joc-de-logica-orbita-spatiala-djeco~18311.jpg"", ""https://cdnmpro.com/708224949/p/raw/9/joc-de-logica-orbita-spatiala-djeco~18309.jpg"", ""https://cdnmpro.com/708224949/p/raw/0/joc-de-logica-orbita-spatiala-djeco~18310.jpg""]",cmltqoqov0003jjujnu1ppk5u,"[""Djeco""]","{""brand"": ""Djeco"", ""gender"": ""Baiat, Fata"", ""originalAgeText"": ""6 - 9, 9+"", ""supplierSource"": ""Boribon"", ""sourceCategory"": ""Jocuri||Toate||De logica||Educative"", ""stemRelevanceScore"": 9, ""viralPotentialScore"": 6}","{""shortTitleRo"": ""Orbita Spațială - Joc de Logică"", ""metaDescriptionRo"": ""Joc logic Orbita Spațială – temă spațială captivantă! Djeco. Dezvoltă logică și imaginație la copii 6+ ani."", ""learningOutcomes"": [""logică deductivă"", ""rezolvare de probleme"", ""gândire spațială"", ""răbdare""], ""specialCategories"": [""logic-game"", ""puzzle-iq"", ""astronomy""]}",True,False,22,0,7.0,700.0,"{""length"": ""20.0 cm""}",0.0,0,0,2026-03-22 23:59:49.000,2026-03-22 23:59:49.000,3070900008175,ELEMENTARY_6_8,,0,0,0,0,0,0,2.9,0,0,APPROVED,MATH,ee75eea8-9f64-4076-96a2-52f5d6926c14,False,,
7f922adf-3e3e-4610-b66a-01fa9bf63b18,Geobonhomme - Joc cu Magneți,geobonhomme-joc-cu-magneti-DJ03136,"Geobonhomme joc cu magneti Joc sub forma unei serviete din lemn, cu mâner și închizătoare, potrivită pentru transport, cu 35 de piese magnetice din lemn și 20 de carduri cu modele, pentru a recrea tot felul de personaje fantastice.Deschide servieta și așează piesele pe suprafețele magnetice interioare pentru a crea personaje. Copiii folosesc formele geometrice colorate simple pentru a învăța să recreeze și să pună împreună imagini.Dă liber imaginației pentru nenumătate creații. Dezvoltă creativitatea și abilitățile motorii. Perfect pentru călătorii. Conținut: 1 servietă din lemn 35 de piese groase din lemn, magnetice 20 de carduri model. Vârsta recomandată: + 4 ani. Confecționat din lemn certificat FSC® și vopsele non toxice conform reglementărilor EN71&ASTM. AVERTISMENT! Acest joc conține magneți! Magneții se lipesc unul de altul sau de un obiect metalic; în interiorul corpului uman pot provoca accidente. Cereți imediat asistența medicului în caz de inghițire. Contraindicat copiilor sub 3 ani. Conține piese mici. A se folosi sub directa supraveghere a unei persoane adulte. Producător: Djeco, Franţa.",190.95,228.99,DJ03136,"[""https://cdnmpro.com/708224949/p/raw/3/joc-cu-magneti-geobonhomme-djeco~2093.jpg"", ""https://cdnmpro.com/708224949/p/raw/3/joc-cu-magneti-geobonhomme-djeco~1343.jpg"", ""https://cdnmpro.com/708224949/p/raw/5/joc-cu-magneti-geobonhomme-djeco~2075.jpg"", ""https://cdnmpro.com/708224949/p/raw/0/joc-cu-magneti-geobonhomme-djeco~2080.jpg"", ""https://cdnmpro.com/708224949/p/raw/4/joc-cu-magneti-geobonhomme-djeco~2084.jpg""]",cmltqoqd70002jjujuey1ukeu,"[""Djeco""]","{""brand"": ""Djeco"", ""gender"": ""Baiat, Fata"", ""originalAgeText"": ""3 - 6"", ""supplierSource"": ""Boribon"", ""sourceCategory"": ""De construit||Toate||Jocuri||Educative||Magnetice"", ""stemRelevanceScore"": 10, ""viralPotentialScore"": 8}","{""shortTitleRo"": ""Geobonhomme - Joc cu Magneți"", ""metaDescriptionRo"": ""Joc cu magneți Geobonhomme – creează personaje fantastice! Djeco magnetic. Vârsta 3+ – distracție creativă și educațională."", ""learningOutcomes"": [""recunoaștere forme geometrice"", ""creativitate"", ""gândire spațială"", ""coordonare mână-ochi""], ""specialCategories"": [""magnetic"", ""construction""]}",True,False,11,0,3.0,1000.0,"{""length"": ""30.0 cm""}",0.0,0,0,2026-03-22 23:59:49.000,2026-03-22 23:59:49.000,3070900031364,PRESCHOOL_3_5,,0,0,0,0,0,0,2.9,0,0,APPROVED,ENGINEERING,ee75eea8-9f64-4076-96a2-52f5d6926c14,False,,
e60cdbda-9133-402e-9c43-ea131153a7d6,Laborator Meteorologic Thames & Kosmos - Kit STEM,laborator-meteorologic-thames-kosmos-kit-stem-K_550049,"Kit STEM Laborator meteorologic Către toți meteorologii în formare! Stația meteo compactă, 5 în 1, oferă instrumentele necesare pentru a investiga fenomene meteorologice specifice și sistemul climatic al Pământului în general. Folosind cele cinci atașamente, copiii pot efectua o varietate de experimente legate de climă. Ei vor înțelege motivului pentru care vremea este unul dintre cele mai populare subiecte de conversație și de studiu științific. Stația meteorologică se montează în aer liber și se utilizează paleta de vânt, busola, pluviometrul, anemometrul (indicatorul vitezei vântului) și termometrul încorporate pentru a măsura datele meteorologice. Investighează o varietate de subiecte, inclusiv curentul și presiunea aerului, curenții oceanici, ciclul hidrologic și multe altele. Încurajează și dezvoltă abilitățile de observare și de luare a notițelor. Promovează un sentiment de responsabilitate pentru planeta noastră, natură și mediu. Manualul îi conduce pe tinerii cercetători prin opt experimente practice și include pagini pentru înregistrarea observațiilor. Designul eficient include un țăruș durabil cu înălțime reglabilă pentru a fixa stația meteorologică în pământ pentru măsurători în timp real. Kitul conține 17 piese, 8 experimente, manual cu instrucțiuni. Vârsta recomandată: +8 ani. Confecționat din plastic și metal. Conform reglementarilor EN71&ASTM.AVERTISMENT: Contraindicat copiilor sub 3 ani, conține piese mici. Se recomandă supravegherea copilului de către un adult în timpul jocului. Citiți instrucțiunile înainte de utilizare, urmați-le și păstrați-le pentru referință. Fabricat în Taiwan pentru Thames & Kosmos, Anglia. Manual Kit STEM Laborator meteorologic, Thames & Kosmos - descarca aici fisierul",127.0,152.5,K_550049,"[""https://cdnmpro.com/708224949/p/raw/8/kit-stem-laborator-meteorologic-thames-kosmos~19318.jpg"", ""https://cdnmpro.com/708224949/p/raw/6/kit-stem-laborator-meteorologic-thames-kosmos~19316.jpg"", ""https://cdnmpro.com/708224949/p/raw/7/kit-stem-laborator-meteorologic-thames-kosmos~19317.jpg"", ""https://cdnmpro.com/708224949/p/raw/9/kit-stem-laborator-meteorologic-thames-kosmos~19319.jpg""]",cmltqoqov0003jjujnu1ppk5u,"[""Thames & Kosmos""]","{""brand"": ""Thames & Kosmos"", ""gender"": ""Baiat, Fata"", ""originalAgeText"": ""6 - 9, 9+"", ""supplierSource"": ""Boribon"", ""sourceCategory"": ""Jocuri||Toate||De exterior||Educative||STEM"", ""stemRelevanceScore"": 10, ""viralPotentialScore"": 9}","{""shortTitleRo"": ""Laborator Meteorologic Thames & Kosmos - Kit STEM"", ""metaDescriptionRo"": ""Kit STEM Laborator Meteorologic – experimente reale cu vremea! Thames & Kosmos. Vârsta 6+ – știință autentică pentru copii curioși."", ""learningOutcomes"": [""observație meteorologică"", ""experimentare practică"", ""înțelegerea climei"", ""gândire științifică""], ""specialCategories"": [""science-experiment""]}",True,False,7,0,3.0,300.0,"{""length"": ""28.5 cm"", ""width"": ""25.0 cm""}",0.0,0,0,2026-03-22 23:59:49.000,2026-03-22 23:59:49.000,814743016958,ELEMENTARY_6_8,,0,0,0,0,0,0,2.9,0,0,APPROVED,SCIENCE,ee75eea8-9f64-4076-96a2-52f5d6926c14,False,,
ba6051df-f569-4224-955e-f30d35501fd9,Primii Pași Unelte & Construcții Thames & Kosmos - Kit STEM,primii-pasi-unelte-constructii-thames-kosmos-kit-stem-K_567017,"Kit STEM Primii pasi Unelte si constructii Învață cum să folosești uneltele și construiește-ți propriul banc de lucru cu acest kit introductiv de construcție pentru copii cu vârste începând cu 3 ani. Alăturați-vă lui Ty și Karlie - tinerii ingineri prezentați în kiturile Primii pași - pentru a învăța cum să folosiți un ciocan, o șurubelniță și o cheie, precum și principiile inginerești în baza cărora funcționează aceste unelte.Uneltele incluse sunt mari, confortabile pentru mâinile mici, fiind în același timp ușoare și sigure. În plus față de bancul de lucru, construiți alte cinci modele folosind pieselor de construcție modulare incluse, inclusiv o mașină de curse, un avion, o casă, o foarfecă și o cutie de scule pentru a transporta sculele. Apoi construiți după imaginație!O modalitate distractivă și captivantă de a preda concepte simple de inginerie copiilor mici, permițând adulților să pună bazele unor abilități și înțelegeri solide legate de STEM la o vârstă fragedă. Construcția modelelor ajută la dezvoltarea abilităților de motricitate fină, a abilităților de inginerie mecanică, a abilităților vizuale-spațiale și a abilităților de raționament și de dezvoltare a conceptelor. Piesele din această trusă sunt compatibile cu piesele altor truse de inginerie Thames & Kosmos Primii Pași (Kids first).Conține 47 piese, 6 modele, manual cu instrcțiuni. Confecționat din plastic. Conform reglementarilor EN71&ASTM.AVERTISMENT: Contraindicat copiilor sub 3 ani, conține piese mici. Se recomandă supravegherea copilului de către un adult în timpul jocului. Citiți instrucțiunile înainte de utilizare, urmați-le și păstrați-le pentru referință.Produs in Taiwan pentru Thames & Kosmos, Anglia. Manual Kit STEM Primii pasi Unelte si constructii - descarca fisier",254.0,304.99,K_567017,"[""https://cdnmpro.com/708224949/p/raw/9/kit-stem-primii-pasi-unelte-si-constructii-thames-kosmos~10159.jpg"", ""https://cdnmpro.com/708224949/p/raw/8/kit-stem-primii-pasi-unelte-si-constructii-thames-kosmos~10158.jpg"", ""https://cdnmpro.com/708224949/p/raw/0/kit-stem-primii-pasi-unelte-si-constructii-thames-kosmos~10160.jpg"", ""https://cdnmpro.com/708224949/p/raw/1/kit-stem-primii-pasi-unelte-si-constructii-thames-kosmos~10161.jpg"", ""https://cdnmpro.com/708224949/p/raw/5/kit-stem-primii-pasi-unelte-si-constructii-thames-kosmos~14275.jpg""]",cmltqoq940001jjujkuq676do,"[""Thames & Kosmos""]","{""brand"": ""Thames & Kosmos"", ""gender"": ""Baiat"", ""originalAgeText"": ""3 - 6"", ""supplierSource"": ""Boribon"", ""sourceCategory"": ""Jocuri||De construit||STEM"", ""stemRelevanceScore"": 10, ""viralPotentialScore"": 7}","{""shortTitleRo"": ""Primii Pași Unelte & Construcții Thames & Kosmos - Kit STEM"", ""metaDescriptionRo"": ""Kit STEM Primii Pași – unelte și construcții pentru cei mici! Thames & Kosmos. Recomandat 3-6 ani – primii pași în inginerie."", ""learningOutcomes"": [""utilizarea uneltelor"", ""principii de inginerie"", ""construcție practică"", ""motorică grosieră""], ""specialCategories"": [""construction""]}",True,False,3,0,3.0,1400.0,"{""length"": ""37.0 cm"", ""width"": ""29.0 cm""}",0.0,0,0,2026-03-22 23:59:49.000,2026-03-22 23:59:49.000,814743016873,PRESCHOOL_3_5,,0,0,0,0,0,0,2.9,0,0,APPROVED,ENGINEERING,ee75eea8-9f64-4076-96a2-52f5d6926c14,False,,
9cb1b7f9-ea5a-4905-a062-6217179a9dc1,Set Cristale Roșu 4M - Experiment STEM Viral,set-cristale-rosu-4m-experiment-stem-viral-4M-03929,"Set experimente de crescut Cristale, rosu este un kit educativ fascinant care le permite copiilor sa creasca propriul cristal spectaculos de culoare rosie. Acest set ofera o introducere practica in lumea chimiei si a formarii cristalelor, stimuland curiozitatea si intelegerea stiintifica. Beneficii Explorare stiintifica , Demonstreaza procesele de formare a cristalelor intr-un mod captivant si vizual. Dezvoltarea abilitatilor , Imbunatateste rabdarea, atentia la detalii si intelegerea proceselor chimice. Constientizare ecologica , Incurajeaza interesul pentru stiinta si mediul inconjurator prin experimente practice. Caracteristici Formare rapida a cristalului , Permite observarea procesului de cristalizare in decurs de cateva zile. Continut complet , Include toate materialele necesare pentru experiment: solutie de cristalizare, recipient de crestere, baza de afisare si instructiuni detaliate. Design atractiv , Baza de afisare in forma de capsula spatiala ofera o prezentare impresionanta a cristalului finalizat. Ce spun utilizatorii? """"Copilul meu a fost uimit sa vada cum creste cristalul zi de zi! — Maria, Bucuresti """"Un mod excelent de a introduce conceptele de chimie intr-un mod distractiv. — Andrei, Cluj-Napoca """"Instructiunile sunt clare, iar rezultatul final este spectaculos. Recomand cu caldura! — Elena, Iasi Detalii tehnice: Dimensiuni ambalaj: 17 cm (latime) x 22 cm (inaltime) x 6 cm (adancime) Varsta recomandata: 10 ani+ Timp estimat de crestere a cristalului: 7-10 zile — Adauga acum in cos Set experimente de crescut Cristale, rosu si ofera-i copilului tau o experienta educativa si distractiva! Transforma invatarea intr-o aventura stiintifica. Comanda acum si lasa imaginatia sa prinda viata!",69.0,82.99,4M-03929,"[""https://gomagcdn.ro/domains/kidstory.ro/files/product/original/set-experimente-de-crescut-cristale-rosu-278804.png"", ""https://gomagcdn.ro/domains/kidstory.ro/files/product/original/set-experimente-de-crescut-cristale-rosu-880981.png"", ""https://gomagcdn.ro/domains/kidstory.ro/files/product/original/set-experimente-de-crescut-cristale-rosu-574345.png""]",cmli6buv20021jjpbr43q9cpr,"[""4M""]","{""brand"": ""4M"", ""originalAgeText"": ""7-10 ani"", ""supplierSource"": ""Kidstory"", ""sourceCategory"": ""Stiinta si geografie"", ""stemRelevanceScore"": 10, ""viralPotentialScore"": 10}","{""shortTitleRo"": ""Set Cristale Roșu 4M - Experiment STEM Viral"", ""metaDescriptionRo"": ""Set experimente de crescut cristale roșu – crește propriul cristal spectaculos! 4M. Viral pe TikTok, vârsta 7-10 ani."", ""learningOutcomes"": [""chimie aplicată"", ""observație științifică"", ""răbdare"", ""înțelegerea cauză-efect""], ""specialCategories"": [""science-experiment"", ""chemistry""]}",True,False,5,0,3.0,,,0.0,0,0,2026-03-22 23:59:49.000,2026-03-22 23:59:49.000,4893156039293,ELEMENTARY_6_8,21.0,0,0,0,0,0,0,2.9,0,0,APPROVED,SCIENCE,26f5418c-965d-4630-994c-b51947cdec04,False,,
0e2f62ad-6fd1-4675-b9ba-4d7523efddf4,Set Cristale Albastru 4M - Experiment STEM Viral,set-cristale-albastru-4m-experiment-stem-viral-4M-03930,"Set experimente de crescut Cristale, albastru este un kit educativ fascinant care le permite copiilor sa creasca propriul cristal spectaculos de culoare albastra. Acest set ofera o introducere practica in lumea chimiei si a formarii cristalelor, stimuland curiozitatea si intelegerea stiintifica. Beneficii Explorare stiintifica , Demonstreaza procesele de formare a cristalelor intr-un mod captivant si vizual. Dezvoltarea abilitatilor , Imbunatateste rabdarea, atentia la detalii si intelegerea proceselor chimice. Constientizare ecologica , Incurajeaza interesul pentru stiinta si mediul inconjurator prin experimente practice. Caracteristici Formare rapida a cristalului , Permite observarea procesului de cristalizare in decurs de cateva zile. Continut complet , Include toate materialele necesare pentru experiment: solutie de cristalizare, recipient de crestere, baza de afisare si instructiuni detaliate. Design atractiv , Baza de afisare in forma de capsula spatiala ofera o prezentare impresionanta a cristalului finalizat. Ce spun utilizatorii? """"Copilul meu a fost uimit sa vada cum creste cristalul zi de zi! — Maria, Bucuresti """"Un mod excelent de a introduce conceptele de chimie intr-un mod distractiv. — Andrei, Cluj-Napoca """"Instructiunile sunt clare, iar rezultatul final este spectaculos. Recomand cu caldura! — Elena, Iasi Detalii tehnice: Dimensiuni ambalaj: 17 cm (latime) x 22 cm (inaltime) x 6 cm (adancime) Varsta recomandata: 10 ani+ Timp estimat de crestere a cristalului: 7-10 zile — Adauga acum in cos Set experimente de crescut Cristale, albastru si ofera-i copilului tau o experienta educativa si distractiva! Transforma invatarea intr-o aventura stiintifica. Comanda acum si lasa imaginatia sa prinda viata!",69.0,82.99,4M-03930,"[""https://gomagcdn.ro/domains/kidstory.ro/files/product/original/set-experimente-de-crescut-cristale-albastru-480213.png"", ""https://gomagcdn.ro/domains/kidstory.ro/files/product/original/set-experimente-de-crescut-cristale-albastru-148312.png"", ""https://gomagcdn.ro/domains/kidstory.ro/files/product/original/set-experimente-de-crescut-cristale-albastru-299963.png""]",cmli6buv20021jjpbr43q9cpr,"[""4M""]","{""brand"": ""4M"", ""originalAgeText"": ""7-10 ani"", ""supplierSource"": ""Kidstory"", ""sourceCategory"": ""Stiinta si geografie"", ""stemRelevanceScore"": 10, ""viralPotentialScore"": 10}","{""shortTitleRo"": ""Set Cristale Albastru 4M - Experiment STEM Viral"", ""metaDescriptionRo"": ""Set experimente de crescut cristale albastru – crește propriul cristal spectaculos! 4M. Timp-lapse wow pentru Reels."", ""learningOutcomes"": [""chimie aplicată"", ""observație științifică"", ""răbdare"", ""înțelegerea cauză-efect""], ""specialCategories"": [""science-experiment"", ""chemistry""]}",True,False,5,0,3.0,,,0.0,0,0,2026-03-22 23:59:49.000,2026-03-22 23:59:49.000,4893156039309,ELEMENTARY_6_8,21.0,0,0,0,0,0,0,2.9,0,0,APPROVED,SCIENCE,26f5418c-965d-4630-994c-b51947cdec04,False,,
78cd952c-2ae8-4bb8-9f69-16b7c1097088,Stiința Cristalelor 4M - Experiment STEM Viral,stiinta-cristalelor-4m-experiment-stem-viral-4M-03917,"Efectuati o serie de experimente chimice cu acest kit educational 4M pentru a va cultiva propriul set de clustere de cristal Aquamarine, clustere de cristal Glow-in-the-Dark Moon si un copac de cristal. Invata cum se formeaza cristalele din solutii, expune-le ca o colectie si arata-le prietenilor tai! Varste peste 14 ani Dimensiune cutie: 22 x 17 x 6 cm",95.0,113.99,4M-03917,"[""https://gomagcdn.ro/domains/kidstory.ro/files/product/original/set-experimente-de-crescut-cristale-stiinta-cristalelor-225677.jpg"", ""https://gomagcdn.ro/domains/kidstory.ro/files/product/original/set-experimente-de-crescut-cristale-stiinta-cristalelor-587525.jpg"", ""https://gomagcdn.ro/domains/kidstory.ro/files/product/original/set-experimente-de-crescut-cristale-stiinta-cristalelor-429445.jpg"", ""https://gomagcdn.ro/domains/kidstory.ro/files/product/original/set-experimente-de-crescut-cristale-stiinta-cristalelor-069318.jpg"", ""https://gomagcdn.ro/domains/kidstory.ro/files/product/original/set-experimente-de-crescut-cristale-stiinta-cristalelor-392631.jpg"", ""https://gomagcdn.ro/domains/kidstory.ro/files/product/original/set-experimente-de-crescut-cristale-stiinta-cristalelor-417635.jpg"", ""https://gomagcdn.ro/domains/kidstory.ro/files/product/original/set-experimente-de-crescut-cristale-stiinta-cristalelor-140707.jpg"", ""https://gomagcdn.ro/domains/kidstory.ro/files/product/original/set-experimente-de-crescut-cristale-stiinta-cristalelor-222368.jpg""]",cmli6buv20021jjpbr43q9cpr,"[""4M""]","{""brand"": ""4M"", ""supplierSource"": ""Kidstory"", ""sourceCategory"": ""Stiinta si geografie"", ""stemRelevanceScore"": 10, ""viralPotentialScore"": 10}","{""shortTitleRo"": ""Stiința Cristalelor 4M - Experiment STEM Viral"", ""metaDescriptionRo"": ""Set Stiința Cristalelor – cluster, glow și copac de cristal! 4M. Cel mai complet kit cristale educativ."", ""learningOutcomes"": [""chimie aplicată"", ""formarea cristalelor"", ""experimentare practică"", ""observație științifică""], ""specialCategories"": [""science-experiment"", ""chemistry""]}",True,False,5,0,3.0,,,0.0,0,0,2026-03-22 23:59:49.000,2026-03-22 23:59:49.000,4893156039170,PRESCHOOL_3_5,21.0,0,0,0,0,0,0,2.9,0,0,APPROVED,SCIENCE,26f5418c-965d-4630-994c-b51947cdec04,False,,
63c85910-b1fa-41af-b5f7-cb3a2f762409,Kit Sapat Cristale KidzLabs - Experiment STEM,kit-sapat-cristale-kidzlabs-experiment-stem-4M-03252,"Excaveaza-ti propriile cristale naturale. Adauga-le in colectia ta cool. Setul contine cristale naturale de diferite culori. Va va placea acest kit de sapat minerale! Cadoul perfect pentru orice copil cu varsta peste 5 ani Contine 1 bloc de ipsos cu 8 cristale naturale ingropate in interior, 1 unealta de sapat special conceputa, 1 perie, 1 lupa, 1 set vitrine cu capac si card de baza, 1 husa si instructiuni detaliate cu fapte amuzante. Dimensiuni cutie: 21.5 X 16.7 X 5.8 CM Varsta ani: 5 ani+",90.0,107.99,4M-03252,"[""https://gomagcdn.ro/domains/kidstory.ro/files/product/original/kit-de-sapat-cristale-kidzlabs-361040.jpg"", ""https://gomagcdn.ro/domains/kidstory.ro/files/product/original/kit-de-sapat-cristale-kidzlabs-641975.jpg"", ""https://gomagcdn.ro/domains/kidstory.ro/files/product/original/kit-de-sapat-cristale-kidzlabs-742454.jpg"", ""https://gomagcdn.ro/domains/kidstory.ro/files/product/original/kit-de-sapat-cristale-kidzlabs-031576.jpg"", ""https://gomagcdn.ro/domains/kidstory.ro/files/product/original/kit-de-sapat-cristale-kidzlabs-660693.jpg"", ""https://gomagcdn.ro/domains/kidstory.ro/files/product/original/kit-de-sapat-cristale-kidzlabs-034705.jpg"", ""https://gomagcdn.ro/domains/kidstory.ro/files/product/original/kit-de-sapat-cristale-kidzlabs-404743.jpg"", ""https://gomagcdn.ro/domains/kidstory.ro/files/product/original/kit-de-sapat-cristale-kidzlabs-770768.jpg"", ""https://gomagcdn.ro/domains/kidstory.ro/files/product/original/kit-de-sapat-cristale-kidzlabs-808974.jpg"", ""https://gomagcdn.ro/domains/kidstory.ro/files/product/original/kit-de-sapat-cristale-kidzlabs-001541.jpg""]",cmli6buv20021jjpbr43q9cpr,"[""4M""]","{""brand"": ""4M"", ""originalAgeText"": ""5-7 ani"", ""supplierSource"": ""Kidstory"", ""sourceCategory"": ""Experimente"", ""stemRelevanceScore"": 10, ""viralPotentialScore"": 10}","{""shortTitleRo"": ""Kit Sapat Cristale KidzLabs - Experiment STEM"", ""metaDescriptionRo"": ""Kit de săpat cristale KidzLabs – excavează cristale naturale! 4M. Devino geolog la tine acasă."", ""learningOutcomes"": [""geologie aplicată"", ""coordonare mână-ochi"", ""observație și colecționare"", ""răbdare""], ""specialCategories"": [""science-experiment"", ""paleontology""]}",True,False,5,0,3.0,,,0.0,0,0,2026-03-22 23:59:49.000,2026-03-22 23:59:49.000,4893156032522,ELEMENTARY_6_8,21.0,0,0,0,0,0,0,2.9,0,0,APPROVED,SCIENCE,26f5418c-965d-4630-994c-b51947cdec04,False,,
f3b82b09-4a63-41d9-90db-34f58bf61b45,Geode de Cristal 4M - Experiment STEM Viral,geode-de-cristal-4m-experiment-stem-viral-4M-03919,Creste-ti propria geoda de cristal frumoasa cu acest experiment de chimie distractiv si interesant. Bucurati-va de momentul in care va veti descoperi geoda de cristal. Include un recipient special conceput pentru cultivarea geodei de cristal de calitate si continutul pentru realizarea a 2 seturi complete de geode de cristal. Dimensiune cutie: 17cm x 22cm x 6cm Varsta recomandata: 10 ani +,95.0,113.99,4M-03919,"[""https://gomagcdn.ro/domains/kidstory.ro/files/product/original/set-experimente-de-crescut-geode-de-cristal-818366.png"", ""https://gomagcdn.ro/domains/kidstory.ro/files/product/original/set-experimente-de-crescut-geode-de-cristal-757578.jpg"", ""https://gomagcdn.ro/domains/kidstory.ro/files/product/original/set-experimente-de-crescut-geode-de-cristal-707843.jpg"", ""https://gomagcdn.ro/domains/kidstory.ro/files/product/original/set-experimente-de-crescut-geode-de-cristal-250428.jpg"", ""https://gomagcdn.ro/domains/kidstory.ro/files/product/original/set-experimente-de-crescut-geode-de-cristal-760416.jpg"", ""https://gomagcdn.ro/domains/kidstory.ro/files/product/original/set-experimente-de-crescut-geode-de-cristal-684991.jpg"", ""https://gomagcdn.ro/domains/kidstory.ro/files/product/original/set-experimente-de-crescut-geode-de-cristal-563515.jpg"", ""https://gomagcdn.ro/domains/kidstory.ro/files/product/original/set-experimente-de-crescut-geode-de-cristal-083184.jpg""]",cmli6buv20021jjpbr43q9cpr,"[""4M""]","{""brand"": ""4M"", ""supplierSource"": ""Kidstory"", ""sourceCategory"": ""Stiinta si geografie"", ""stemRelevanceScore"": 10, ""viralPotentialScore"": 10}","{""shortTitleRo"": ""Geode de Cristal 4M - Experiment STEM Viral"", ""metaDescriptionRo"": ""Set experimente de crescut geode de cristal – descoperă geoda ta! 4M. Surpriză și știință în același pachet."", ""learningOutcomes"": [""chimie aplicată"", ""observație științifică"", ""răbdare"", ""formarea cristalelor""], ""specialCategories"": [""science-experiment"", ""chemistry""]}",True,False,5,0,3.0,,,0.0,0,0,2026-03-22 23:59:49.000,2026-03-22 23:59:49.000,4893156039194,PRESCHOOL_3_5,21.0,0,0,0,0,0,0,2.9,0,0,APPROVED,SCIENCE,26f5418c-965d-4630-994c-b51947cdec04,False,,
0542ce3f-a174-4bcb-bb51-4bcb7d83383e,Terariu Cristale cu Dinozauri 4M - Experiment STEM,terariu-cristale-cu-dinozauri-4m-experiment-stem-4M-03926,"Creste-ti propriile cristale si creeaza un terariu minunat de dinozauri. Include 4 compusi de crestere a cristalelor si 3 dinozauri, plus propria ta cutie de terariu. Combina mai multe concepte STEM in kitul de terariu cu dinozauri. Aplicati geologia, chimia si paleontologia pentru a crea un terariu de dinozauri plin de cristale colorate pe care copiii le cresc singuri. Apoi expuneti creatia lor pentru ca toata lumea sa se bucure. Acest kit este un cadou excelent pentru orice copil interesat de stiinta sau geologie. Pentru varste de peste 10 ani. Dimensiune cutie: 28 x 24 x 8 cm",143.0,171.5,4M-03926,"[""https://gomagcdn.ro/domains/kidstory.ro/files/product/original/set-experimente-de-crescut-cristale-terariu-cu-dinozauri-328059.jpg"", ""https://gomagcdn.ro/domains/kidstory.ro/files/product/original/set-experimente-de-crescut-cristale-terariu-cu-dinozauri-043112.jpg"", ""https://gomagcdn.ro/domains/kidstory.ro/files/product/original/set-experimente-de-crescut-cristale-terariu-cu-dinozauri-891314.jpg"", ""https://gomagcdn.ro/domains/kidstory.ro/files/product/original/set-experimente-de-crescut-cristale-terariu-cu-dinozauri-770325.jpg"", ""https://gomagcdn.ro/domains/kidstory.ro/files/product/original/set-experimente-de-crescut-cristale-terariu-cu-dinozauri-066800.jpg""]",cmli6buv20021jjpbr43q9cpr,"[""4M""]","{""brand"": ""4M"", ""supplierSource"": ""Kidstory"", ""sourceCategory"": ""Stiinta si geografie"", ""stemRelevanceScore"": 10, ""viralPotentialScore"": 10}","{""shortTitleRo"": ""Terariu Cristale cu Dinozauri 4M - Experiment STEM"", ""metaDescriptionRo"": ""Terariu cu dinozauri + cristale – combină geologie și dinozauri! 4M. Kit viral pentru copii pasionați."", ""learningOutcomes"": [""geologie și chimie aplicate"", ""paleontologie"", ""observație științifică"", ""creativitate""], ""specialCategories"": [""science-experiment"", ""chemistry"", ""paleontology""]}",True,False,5,0,3.0,,,0.0,0,0,2026-03-22 23:59:49.000,2026-03-22 23:59:49.000,4893156039262,PRESCHOOL_3_5,21.0,0,0,0,0,0,0,2.9,0,0,APPROVED,SCIENCE,26f5418c-965d-4630-994c-b51947cdec04,False,,
3cae78a5-3ec8-4ec0-a83c-5d3be70fe912,Fosilă T-Rex Fosforescentă Sci:Bits - Kit Dino,fosila-t-rex-fosforescenta-scibits-kit-dino-4M-03420,"Descopera Setul 4M Sci:Bits Glow T-Rex Skeleton , o experienta educativa captivanta care permite copiilor sa asambleze un schelet de T-Rex fosforescent. Acest kit combina distractia cu invatarea, oferind o incursiune fascinanta in lumea dinozaurilor. Contine un singur tub cu elemente pentru a recrea un singur T-rex. Beneficii Dezvoltarea abilitatilor motorii fine , Asamblarea pieselor imbunatateste coordonarea mana-ochi si dexteritatea, esentiale pentru activitatile zilnice si scolare. Stimularea curiozitatii stiintifice , Copiii invata despre anatomia dinozaurilor si procesele paleontologice, alimentandu-le pasiunea pentru stiinta si descoperire. Invatare interactiva , Kitul include acces la aplicatia AR Dinocodes, care adauga o dimensiune digitala experientei, permitand copiilor sa vada dinozaurul prindand viata in realitatea augmentata. Distractie fosforescenta , Scheletul asamblat straluceste in intuneric, oferind o experienta vizuala captivanta si un element de surpriza in timpul jocului. Caracteristici Continutul setului , Toate piesele necesare pentru asamblarea scheletului de T-Rex sunt incluse intr-un tub de testare compact, facilitand depozitarea si transportul. Contine 11 piese Aplicatie bonus , Descarcati gratuit aplicatia AR Dinocodes pentru a adauga o componenta interactiva si educativa suplimentara experientei de asamblare. Varsta recomandata , Potrivit pentru copiii cu varsta de 5 ani si peste, fiind o modalitate excelenta de a introduce concepte stiintifice intr-un mod distractiv si accesibil. Ce spun utilizatorii? """"Un kit educativ si distractiv, , Copilul meu a fost fascinat de procesul de asamblare si de faptul ca scheletul straluceste in intuneric. """"O modalitate excelenta de a invata despre dinozauri, , Acest set a starnit interesul fiului meu pentru paleontologie si l-a invatat despre structura dinozaurilor intr-un mod interactiv. """"Aplicatia AR adauga un plus de valoare, , Functionalitatea de realitate augmentata a transformat experienta intr-una si mai captivanta pentru copilul meu. Detalii tehnice: Material: Plastic fosforescent de inalta calitate Varsta recomandata: 5+ ani • Siguranta: Contine piese mici; a se utiliza sub supravegherea unui adult Adauga acum in cos Setul 4M Sci:Bits Glow T-Rex Skeleton si ofera-i copilului tau o aventura educativa in lumea dinozaurilor! Transforma invatarea intr-o experienta palpitanta si interactiva. Comanda acum si descoperiti impreuna misterele T-Rex-ului! Avertismente! Nerecomandat copiilor sub 3 ani, contine piese mici, pericol de inghitire! Recomandam indrumarea adultilor in utilizare. Cititi cu atentie instructiunile inainte de folosire. Urmati-le si pastrati-le pentru referinta in utilizari viitoare. Culorile si continutul pot varia fata de ilustratii. Fabricat in China.",33.0,39.5,4M-03420,"[""https://gomagcdn.ro/domains/kidstory.ro/files/product/original/fosila-t-rex-fosforescenta-sci-bits-913583.jpeg"", ""https://gomagcdn.ro/domains/kidstory.ro/files/product/original/fsg3420_2000x-12130-8580.jpg"", ""https://gomagcdn.ro/domains/kidstory.ro/files/product/original/00-03420_catalogue_photo_packagefront-12130-8140.jpg"", ""https://gomagcdn.ro/domains/kidstory.ro/files/product/original/fsg3420_3_2000x-12130-5302.jpg"", ""https://gomagcdn.ro/domains/kidstory.ro/files/product/original/00-03420_catalogue_photo_productcontent-12130-2979.jpg""]",cmli6buv20021jjpbr43q9cpr,"[""4M""]","{""brand"": ""4M"", ""supplierSource"": ""Kidstory"", ""sourceCategory"": ""Stiinta si geografie"", ""stemRelevanceScore"": 10, ""viralPotentialScore"": 10}","{""shortTitleRo"": ""Fosilă T-Rex Fosforescentă Sci:Bits - Kit Dino"", ""metaDescriptionRo"": ""Fosilă T-Rex fosforescentă – asamblează și luminează în întuneric! 4M. Kit dinozauri STEM perfect pentru noapte."", ""learningOutcomes"": [""asamblare practică"", ""motorică fină"", ""cunoașterea dinozaurilor"", ""coordonare mână-ochi""], ""specialCategories"": [""paleontology"", ""construction""]}",True,False,5,0,3.0,,,0.0,0,0,2026-03-22 23:59:49.000,2026-03-22 23:59:49.000,4893156034205,PRESCHOOL_3_5,21.0,0,0,0,0,0,0,2.9,0,0,APPROVED,SCIENCE,26f5418c-965d-4630-994c-b51947cdec04,False,,
d76459ba-dc3b-4ed0-9552-aff3abe07194,Sistemul Solar 3D Strălucitor 4M - Kit Spațial,sistemul-solar-3d-stralucitor-4m-kit-spatial-4M-05520,Acest sistem solar de 4M este perfect pentru copiii interesati sa invete despre planete si sistemul solar. Explorati sistemul solar din confortul propriei case cu acest model cosmic spectaculos. Priviti planetele cum stralucesc in intuneric in timp ce se rotesc in jurul soarelui! Acest model gigantic are 75 cm x 75 cm latime atunci cand este construit. Include o harta de perete bonus si fapte amuzante. Un proiect grozav care poate fi atarnat cu mandrie in dormitorul oricarui copil pentru educatie si uimire continua. O jucarie inspirata de stiinta si mestesuguri pentru intreaga familie. Varsta 8+.,148.0,177.5,4M-05520,"[""https://gomagcdn.ro/domains/kidstory.ro/files/product/original/kit-constructie-sistemul-solar-3d-straluceste-in-intuneric-196332.png"", ""https://gomagcdn.ro/domains/kidstory.ro/files/product/original/kit-constructie-sistemul-solar-3d-straluceste-in-intuneric-586881.png"", ""https://gomagcdn.ro/domains/kidstory.ro/files/product/original/kit-constructie-sistemul-solar-3d-straluceste-in-intuneric-221629.png""]",cmli6buv20021jjpbr43q9cpr,"[""4M""]","{""brand"": ""4M"", ""supplierSource"": ""Kidstory"", ""sourceCategory"": ""Stiinta si geografie"", ""stemRelevanceScore"": 10, ""viralPotentialScore"": 10}","{""shortTitleRo"": ""Sistemul Solar 3D Strălucitor 4M - Kit Spațial"", ""metaDescriptionRo"": ""Kit Sistemul Solar 3D – planetele strălucesc în întuneric! 4M. Model educativ spațial wow."", ""learningOutcomes"": [""astronomie de bază"", ""construcție 3D"", ""cunoașterea planetelor"", ""răbdare""], ""specialCategories"": [""astronomy"", ""construction""]}",True,False,5,0,3.0,,,0.0,0,0,2026-03-22 23:59:49.000,2026-03-22 23:59:49.000,4893156055200,PRESCHOOL_3_5,21.0,0,0,0,0,0,0,2.9,0,0,APPROVED,TECHNOLOGY,26f5418c-965d-4630-994c-b51947cdec04,False,,
9cd9cb44-94d6-4edb-9a29-ecb54b8c2963,Robot Solar 4M (v2) - Kit Eco STEM,robot-solar-4m-v2-kit-eco-stem-4M-03294,"– Kit constructie Robot solar, Stiinta Verde - Green Science este un kit educativ captivant care le permite copiilor sa construiasca un robot alimentat de energie solara. Acest set ofera o introducere practica in conceptele de energie regenerabila si reciclare, incurajand creativitatea si gandirea ecologica. Beneficii Invatare practica , Introduce copiii in principiile energiei solare si ale reciclarii. Dezvoltarea abilitatilor , Imbunatateste coordonarea mana-ochi si abilitatile de rezolvare a problemelor. Stimulare creativa , Incurajeaza creativitatea prin personalizarea robotului cu materiale reciclate. Caracteristici Alimentare solara , Functioneaza exclusiv cu energie solara, fara a necesita baterii. Materiale reciclabile , Permite utilizarea materialelor reciclate pentru personalizarea robotului. Continut complet , Include toate componentele necesare pentru asamblare si instructiuni detaliate. Ce spun utilizatorii? """"Copilul meu a fost fascinat sa vada cum robotul se misca cu ajutorul soarelui! — Maria, Bucuresti """"Un mod excelent de a introduce conceptele de energie regenerabila intr-un mod distractiv. — Andrei, Cluj-Napoca """"Asamblarea a fost usoara si educativa. Recomand pentru toti micii inventatori! — Elena, Iasi Detalii tehnice: Dimensiuni ambalaj: 24 cm (latime) x 22 cm (inaltime) x 6 cm (adancime) Varsta recomandata: 8 ani+ Nu necesita baterii , functioneaza exclusiv cu energie solara — Adauga acum in cos Kit constructie Robot solar, Stiinta Verde - Green Science si ofera-i copilului tau o experienta educativa si distractiva! Transforma invatarea intr-o aventura ecologica. Comanda acum si lasa imaginatia sa prinda viata!",133.0,159.5,4M-03294,"[""https://gomagcdn.ro/domains/kidstory.ro/files/product/original/kit-constructie-robot-solar-stiinta-verde-green-science-327354.png"", ""https://gomagcdn.ro/domains/kidstory.ro/files/product/original/kit-constructie-robot-solar-stiinta-verde-green-science-959702.png"", ""https://gomagcdn.ro/domains/kidstory.ro/files/product/original/kit-constructie-robot-solar-stiinta-verde-green-science-872958.png""]",cmli6buv20021jjpbr43q9cpr,"[""4M""]","{""brand"": ""4M"", ""originalAgeText"": ""7-10 ani"", ""supplierSource"": ""Kidstory"", ""sourceCategory"": ""Stiinta si geografie"", ""stemRelevanceScore"": 10, ""viralPotentialScore"": 10}","{""shortTitleRo"": ""Robot Solar 4M (v2) - Kit Eco STEM"", ""metaDescriptionRo"": ""Kit Robot Solar – energie solară pură! 4M. Jucărie eco STEM clasică."", ""learningOutcomes"": [""energie regenerabilă"", ""asamblare practică"", ""gândire ecologică"", ""principii robotice""], ""specialCategories"": [""renewable-energy"", ""construction""]}",True,False,5,0,3.0,,,0.0,0,0,2026-03-22 23:59:49.000,2026-03-22 23:59:49.000,4893156032942,ELEMENTARY_6_8,21.0,0,0,0,0,0,0,2.9,0,0,APPROVED,TECHNOLOGY,26f5418c-965d-4630-994c-b51947cdec04,False,,
3e6c3a0b-cdee-49f3-bc5c-25230f2d3e30,Crab Robot Hibrid 4M - Kit Eco STEM,crab-robot-hibrid-4m-kit-eco-stem-4M-03448,"Kit constructie Crab robot hibrid, Stiinta Verde - Green Science este un kit educativ captivant care le permite copiilor sa construiasca o lampa ecologica alimentata prin forta gravitatiei sau manual. Acest set ofera o introducere practica in conceptele de energie regenerabila si reciclare, incurajand creativitatea si gandirea ecologica. Beneficii Invatare practica , Demonstreaza cum functioneaza diferite surse de energie regenerabila prin experimente interactive. Dezvoltarea abilitatilor , Imbunatateste abilitatile de rezolvare a problemelor si intelegerea principiilor stiintifice. Constientizare ecologica , Incurajeaza responsabilitatea fata de mediu si utilizarea surselor de energie durabile. Caracteristici Alimentare ecologica , Functioneaza prin forta gravitatiei sau prin actionare manuala, fara a necesita baterii. Design educativ , Creat pentru a stimula curiozitatea si intelegerea conceptelor de energie regenerabila. Continut complet , Include toate componentele necesare pentru asamblare si instructiuni detaliate. Ce spun utilizatorii? """"Copilul meu a fost fascinat de modul in care lampa functioneaza fara baterii! — Maria, Bucuresti """"Un mod excelent de a introduce conceptele de energie regenerabila intr-un mod distractiv. — Andrei, Cluj-Napoca """"Asamblarea a fost usoara si educativa. Recomand cu incredere! — Elena, Iasi Detalii tehnice: Dimensiuni ambalaj: 17 cm (latime) x 22 cm (inaltime) x 6 cm (adancime) Varsta recomandata: 8 ani+ Nu necesita baterii , functioneaza exclusiv cu surse de energie regenerabila — Adauga acum in cos Kit constructie Crab robot hibrid, Stiinta Verde - Green Science si ofera-i copilului tau o experienta educativa si distractiva! Transforma invatarea intr-o aventura ecologica. Comanda acum si lasa imaginatia sa prinda viata!",148.0,177.5,4M-03448,"[""https://gomagcdn.ro/domains/kidstory.ro/files/product/original/kit-constructie-crab-robot-hibrid-stiinta-verde-green-science-518683.png"", ""https://gomagcdn.ro/domains/kidstory.ro/files/product/original/kit-constructie-crab-robot-hibrid-stiinta-verde-green-science-732151.png""]",cmli6buv20021jjpbr43q9cpr,"[""4M""]","{""brand"": ""4M"", ""originalAgeText"": ""7-10 ani"", ""supplierSource"": ""Kidstory"", ""sourceCategory"": ""Stiinta si geografie"", ""stemRelevanceScore"": 10, ""viralPotentialScore"": 10}","{""shortTitleRo"": ""Crab Robot Hibrid 4M - Kit Eco STEM"", ""metaDescriptionRo"": ""Kit Crab Robot hibrid – energie regenerabilă fără baterii! 4M. Robot solar distractiv."", ""learningOutcomes"": [""energie regenerabilă"", ""asamblare practică"", ""gândire ecologică"", ""principii mecanice""], ""specialCategories"": [""renewable-energy"", ""construction""]}",True,False,5,0,3.0,,,0.0,0,0,2026-03-22 23:59:49.000,2026-03-22 23:59:49.000,4893156034489,ELEMENTARY_6_8,21.0,0,0,0,0,0,0,2.9,0,0,APPROVED,TECHNOLOGY,26f5418c-965d-4630-994c-b51947cdec04,False,,
c917f636-3750-48fe-b9c0-22aafdd3773f,Magblox Marble Run 98 piese - Set Magnetic,magblox-marble-run-98-piese-set-magnetic-MBL-115,"Placile magnetice MAGBLOX®Magnetic Building au fost concepute pentru a stimula si incuraja dezvoltarea cognitiva a copiilor, constientizarea spatiala, abilitatile motorii fine si grosiere, toate in timp ce ""Invatam prin joaca, ! Magbrix Ball Run ofera distractia suprema in constructii! Este versatila nu numai prin designul sau deschis, ci si prin unicitatea sa, in care copilul dumneavoastra poate adauga la ea blocurile de constructie preferate in timp ce bila alearga pe circuit. Conectorii au fost conceputi pentru a-i ajuta pe copii sa isi imbunatateasca si sa demonstreze o utilizare solida a abilitatilor motrice, pe masura ce monteaza piesele fara teama de a le strica sau de a se frustra pentru ca nu reusesc sa o asambleze. Conectorii au un sistem de interblocare identificabil cu alte jucarii de constructie, cum ar fi Duplo®, ceea ce face ca produsul nostru sa fie usor de utilizat cu ore nesfarsite de bucurie. Cea mai buna distractie de constructie! Setul magnetic Magbrix Ball Run Pastel contine 98 piese in culori pastel: 30 de patrate conectoare pastel 12 tuburi in unghi drept (indoire la 90 de grade) 12 tuburi in forma de U (indoire la 180 de grade) 10 tuburi inclinate de alunecare 10 tuburi lungi si drepte 16 tuburi drepte scurte 2 boluri rotative 6 bile de lemn pastel 1 brosura cu idei Dimensiuni cutie: 46 x 33.5 x 10.5cm Cresteti invatarea si activitatile STEM ale copilului dvs. prin: Abilitati de constructie si constructie Invatare despre simetrie si modele Construirea si intelegerea formelor si structurilor 2D si 3D Recunoasterea formelor Relatii matematice si spatiale Persistenta, abilitati de rezolvare a problemelor, abilitati de coordonare ochi-mana Creativitate fara sfarsit Culorile, transluciditatea si magnetii le permit copiilor sa construiasca si sa creeze in moduri in care nu pot cu blocurile standard. Setul magnetic Magblox este combinatia perfecta intre jocul liber (open-end) si cel STEM (Sttinta, Tehnologie, Inginerie, Matematica). Atat un joc creativ, imaginativ, ce imbie la jocul de rol, cat si un joc care dezvolta abilitatile tehnice atat de necesare in zilele noastre. Toate piesele MAGBLOX® sunt compatibile intre ele si cu alte marci de placi magnetice. Sunt sigure, durabile si fabricate din plastic reciclat ABS de calitate alimentara, fara BPA si fara ftalati. Seturile magnetice de constructie MAGBLOX® sunt sigure pentru copii si respecta standardele internationale de calitate si siguranta AS NZS ISO 8124, EN71, ASTM, si CPSIA. MAGBLOX® este potrivit pentru copiii cu varsta de la 3 ani in sus. Designul MAGBLOX® este o idee originala a lui JC Ingenium®. Toate seturile de constructie MAGBLOX® sunt compatibile cu alte placi magnetice, inclusiv cu placile magnetice Magbrix - compatibile cu caramizi de constructie tip Lego, MegaBlocks, etc. AVERTISMENT! Nerecomandat copiilor mai mici de 3 ani. Produsul poate contine piese mici care se pot inghiti sau inhala, existand pericolul de sufocare. Nu lasati ambalajele produselor la indemana copiilor, indepartati toate ambalajele inainte de a oferi jucaria copilului. Jucaria contine magneti sau componente magnetice. Magnetii care se lipesc unul de celalalt sau se ataseaza de un obiect metalic in interiorul corpului uman pot provoca accidente grave. Cereti imediat asistenta medicala in cazul in care magnetii sunt inghititi sau inhalati.",511.0,612.99,MBL-115,"[""https://gomagcdn.ro/domains/kidstory.ro/files/product/original/set-magnetic-magblox-98-piese-circuit-cu-bile-magbrix-marble-run-copie-203668.png"", ""https://gomagcdn.ro/domains/kidstory.ro/files/product/original/set-magnetic-magblox-98-piese-circuit-cu-bile-magbrix-marble-run-copie-478849.png"", ""https://gomagcdn.ro/domains/kidstory.ro/files/product/original/set-magnetic-magblox-98-piese-circuit-cu-bile-magbrix-marble-run-copie-250951.png"", ""https://gomagcdn.ro/domains/kidstory.ro/files/product/original/set-magnetic-magblox-98-piese-circuit-cu-bile-magbrix-marble-run-copie-212586.png"", ""https://gomagcdn.ro/domains/kidstory.ro/files/product/original/set-magnetic-magblox-98-piese-circuit-cu-bile-magbrix-marble-run-copie-539524.png"", ""https://gomagcdn.ro/domains/kidstory.ro/files/product/original/set-magnetic-magblox-98-piese-circuit-cu-bile-magbrix-marble-run-copie-997554.png"", ""https://gomagcdn.ro/domains/kidstory.ro/files/product/original/set-magnetic-magblox-98-piese-circuit-cu-bile-magbrix-marble-run-copie-261584.png"", ""https://gomagcdn.ro/domains/kidstory.ro/files/product/original/set-magnetic-magblox-98-piese-circuit-cu-bile-magbrix-marble-run-copie-274131.png""]",cmltqoqd70002jjujuey1ukeu,"[""Magblox""]","{""brand"": ""Magblox"", ""supplierSource"": ""Kidstory"", ""sourceCategory"": ""Jucarii Magnetice"", ""stemRelevanceScore"": 10, ""viralPotentialScore"": 10}","{""shortTitleRo"": ""Magblox Marble Run 98 piese - Set Magnetic"", ""metaDescriptionRo"": ""Magblox Marble Run pastel – circuit cu bile magnetic! Set constructiv viral."", ""learningOutcomes"": [""construcție 3D"", ""gândire spațială"", ""rezolvare de probleme"", ""motorică fină""], ""specialCategories"": [""magnetic"", ""marble-run""]}",True,False,5,0,3.0,,,0.0,0,0,2026-03-22 23:59:49.000,2026-03-22 23:59:49.000,9357280000260,TEEN_13_PLUS,21.0,0,0,0,0,0,0,2.9,0,0,APPROVED,ENGINEERING,26f5418c-965d-4630-994c-b51947cdec04,False,,
3b91f7e0-8013-48e8-a52a-0b76a0d2607e,Sapa Mosasaurus 4M - Kit Dino,sapa-mosasaurus-4m-kit-dino-4M-03457,"Sapa un dinozaur Mosasaurus: incorporat in acest bloc dur de ipsos este un schelet complet, realist al unui Mosasaurus , si depinde de tine sa-l scoti. Utilizati capatul plat al instrumentului de sapat pentru a razui cu grija bucati de tencuiala, putin cate putin. Odata ce ai lovit osul, treceti la perie pentru a o elibera usor de praf. Toate oasele se conecteaza cu usurinta intre ele si se tin puternic folosind ceara moale inclusa. Configurati afisajul uimitor, astfel incat toata lumea sa va poata verifica descoperirea fascinanta , Exista chiar si lucruri amuzante despre Stegosaurus imprimate pe spate. Sapa, descopera si inspira-te cu setul 4M Dig A Dinosaur. Schelet afisabil de Mosasaurus incorporat in caramida de ipsos. Incurajeaza dexteritatea motrica fina, pasiunea pentru invatare si interesul pentru paleontologie. Copiii se simt ca niste adevarati paleontologi care isi scot propriul schelet de dinozaur. O unealta de sapat faciliteaza taierea caramizii de ipsos. Utilizati o perie pentru a indeparta usor praful din jurul oaselor. Include bloc de ipsos cu schelet Mosasaurus, unealta de sapat, perie, ceara moale pentru pozitionarea fosilei, afisaj din carton cu platforma si fapte amuzante. Instructiuni detaliate de asamblare si ingrijire incluse. Scheletul masoara aproximativ 19 cm inaltime cand este asamblat. Materiale de calitate pentru experienta exceptionala de paleontolog. Acest set este un proiect stiintific distractiv pentru copii si intreaga familie, care dezvolta concentrarea, capacitatea de rezolvare a problemelor si motricitatea fina! Varsta 8+; cu ajutorul unui adult, poate fi folosit inca de la 5 ani. Dimensiune cutie: 17 cm x 22 cm x 6 cm",69.0,82.99,4M-03457,"[""https://gomagcdn.ro/domains/kidstory.ro/files/product/original/set-educativ-sapa-si-descopera-dinozauri-mosasaurus-227963.png"", ""https://gomagcdn.ro/domains/kidstory.ro/files/product/original/set-educativ-sapa-si-descopera-dinozauri-mosasaurus-917238.png"", ""https://gomagcdn.ro/domains/kidstory.ro/files/product/original/set-educativ-sapa-si-descopera-dinozauri-mosasaurus-034665.jpg"", ""https://gomagcdn.ro/domains/kidstory.ro/files/product/original/set-educativ-sapa-si-descopera-dinozauri-mosasaurus-210933.jpg""]",cmli6buv20021jjpbr43q9cpr,"[""4M""]","{""brand"": ""4M"", ""originalAgeText"": ""7-10 ani"", ""supplierSource"": ""Kidstory"", ""sourceCategory"": ""Stiinta si geografie"", ""stemRelevanceScore"": 10, ""viralPotentialScore"": 10}","{""shortTitleRo"": ""Sapa Mosasaurus 4M - Kit Dino"", ""metaDescriptionRo"": ""Set Sapa și Descoperă Mosasaurus – devino paleontolog! 4M. Kit excavare dinozauri."", ""learningOutcomes"": [""paleontologie de bază"", ""răbdare"", ""motorică fină"", ""coordonare mână-ochi""], ""specialCategories"": [""paleontology""]}",True,False,5,0,3.0,,,0.0,0,0,2026-03-22 23:59:49.000,2026-03-22 23:59:49.000,4893156034571,ELEMENTARY_6_8,21.0,0,0,0,0,0,0,2.9,0,0,APPROVED,GENERAL,26f5418c-965d-4630-994c-b51947cdec04,False,,
53e23428-636c-40b1-a842-5969eb24de14,Sapa Pteranodon 4M - Kit Dino,sapa-pteranodon-4m-kit-dino-4M-03459,"Sapa un dinozaur Pteranodon: incorporat in acest bloc dur de ipsos este un schelet complet, realist al unui Pteranodon , si depinde de tine sa-l scoti. Utilizati capatul plat al instrumentului de sapat pentru a razui cu grija bucati de tencuiala, putin cate putin. Odata ce ai lovit osul, treceti la perie pentru a o elibera usor de praf. Toate oasele se conecteaza cu usurinta intre ele si se tin puternic folosind ceara moale inclusa. Configurati afisajul uimitor, astfel incat toata lumea sa va poata verifica descoperirea fascinanta , Exista chiar si lucruri amuzante despre Pteranodon imprimate pe spate. Sapa, descopera si inspira-te cu setul 4M Dig A Dinosaur. Schelet afisabil de Pteranodon incorporat in caramida de ipsos. Incurajeaza dexteritatea motrica fina, pasiunea pentru invatare si interesul pentru paleontologie. Copiii se simt ca niste adevarati paleontologi care isi scot propriul schelet de dinozaur. O unealta de sapat faciliteaza taierea caramizii de ipsos. Utilizati o perie pentru a indeparta usor praful din jurul oaselor. Include bloc de ipsos cu schelet Pteranodon, unealta de sapat, perie, ceara moale pentru pozitionarea fosilei, afisaj din carton cu platforma si fapte amuzante. Instructiuni detaliate de asamblare si ingrijire incluse. Scheletul masoara aproximativ 19 cm inaltime cand este asamblat. Materiale de calitate pentru experienta exceptionala de paleontolog. Acest set este un proiect stiintific distractiv pentru copii si intreaga familie, care dezvolta concentrarea, capacitatea de rezolvare a problemelor si motricitatea fina! Varsta 8+; cu ajutorul unui adult, poate fi folosit inca de la 5 ani. Dimensiune cutie: 17 cm x 22 cm x 6 cm",69.0,82.99,4M-03459,"[""https://gomagcdn.ro/domains/kidstory.ro/files/product/original/set-educativ-sapa-si-descopera-dinozauri-pteranodon-708560.png"", ""https://gomagcdn.ro/domains/kidstory.ro/files/product/original/set-educativ-sapa-si-descopera-dinozauri-pteranodon-671985.png"", ""https://gomagcdn.ro/domains/kidstory.ro/files/product/original/set-educativ-sapa-si-descopera-dinozauri-pteranodon-639979.jpg"", ""https://gomagcdn.ro/domains/kidstory.ro/files/product/original/set-educativ-sapa-si-descopera-dinozauri-pteranodon-218760.jpg"", ""https://gomagcdn.ro/domains/kidstory.ro/files/product/original/set-educativ-sapa-si-descopera-dinozauri-pteranodon-607178.jpg"", ""https://gomagcdn.ro/domains/kidstory.ro/files/product/original/set-educativ-sapa-si-descopera-dinozauri-pteranodon-453582.png""]",cmli6buv20021jjpbr43q9cpr,"[""4M""]","{""brand"": ""4M"", ""originalAgeText"": ""7-10 ani"", ""supplierSource"": ""Kidstory"", ""sourceCategory"": ""Stiinta si geografie"", ""stemRelevanceScore"": 10, ""viralPotentialScore"": 10}","{""shortTitleRo"": ""Sapa Pteranodon 4M - Kit Dino"", ""metaDescriptionRo"": ""Set Sapa și Descoperă Pteranodon – descoperă scheletul! 4M. Kit dinozauri educativ."", ""learningOutcomes"": [""paleontologie de bază"", ""răbdare"", ""motorică fină"", ""coordonare mână-ochi""], ""specialCategories"": [""paleontology""]}",True,False,5,0,3.0,,,0.0,0,0,2026-03-22 23:59:49.000,2026-03-22 23:59:49.000,4893156034595,ELEMENTARY_6_8,21.0,0,0,0,0,0,0,2.9,0,0,APPROVED,GENERAL,26f5418c-965d-4630-994c-b51947cdec04,False,,
9f50974f-c321-488c-a79c-ca37ce35868e,Magblox Hexagon 6 piese - Set Magnetic,magblox-hexagon-6-piese-set-magnetic-MBL-105,"Placile magnetice MAGBLOX®Magnetic Building au fost concepute pentru a stimula si incuraja dezvoltarea cognitiva a copiilor, constientizarea spatiala, abilitatile motorii fine si grosiere, toate in timp ce ""Invatam prin joaca, ! Un hexagon este un poligon cu sase laturi. Pare o forma simpla, dar este destul de uimitoare. S-ar putea chiar sa fii surprins sa descoperi unde poti gasi hexagonul in viata de zi cu zi! Magblox® ofera pachetul Hexagon 6 ca un supliment la colectia dvs. existenta, cu optiunea de a incorpora aceasta noua forma in 6 culori diferite, cu nuante vibrante si luminoase. Dimensiuni cutie: 17x13,5x5 cm Cresteti invatarea si activitatile STEM ale copilului dvs. prin: Abilitati de constructie si constructie Invatare despre simetrie si modele Construirea si intelegerea formelor si structurilor 2D si 3D Recunoasterea formelor Relatii matematice si spatiale Persistenta, abilitati de rezolvare a problemelor, abilitati de coordonare ochi-mana Creativitate fara sfarsit Culorile, transluciditatea si magnetii le permit copiilor sa construiasca si sa creeze in moduri in care nu pot cu blocurile standard. Setul magnetic Magblox este combinatia perfecta intre jocul liber (open-end) si cel STEM (Stiinta, Tehnologie, Inginerie, Matematica). Atat un joc creativ, imaginativ, ce imbie la jocul de rol, cat si un joc care dezvolta abilitatile tehnice atat de necesare in zilele noastre. Toate piesele MAGBLOX® sunt compatibile intre ele si cu alte marci de placi magnetice. Sunt sigure, durabile si fabricate din plastic reciclat ABS de calitate alimentara, fara BPA si fara ftalati. Seturile magnetice de constructie MAGBLOX® sunt sigure pentru copii si respecta standardele internationale de calitate si siguranta AS NZS ISO 8124, EN71, ASTM, si CPSIA. MAGBLOX® este potrivit pentru copiii cu varsta de la 3 ani in sus. Designul MAGBLOX® este o idee originala a lui JC Ingenium®. Toate seturile de constructie MAGBLOX® sunt compatibile cu alte placi magnetice, inclusiv cu placile magnetice Magbrix - compatibile cu caramizi de constructie tip Lego, MegaBlocks, etc. AVERTISMENT! Nerecomandat copiilor mai mici de 3 ani. Produsul poate contine piese mici care se pot inghiti sau inhala, existand pericolul de sufocare. Nu lasati ambalajele produselor la indemana copiilor, indepartati toate ambalajele inainte de a oferi jucaria copilului. Jucaria contine magneti sau componente magnetice. Magnetii care se lipesc unul de celalalt sau se ataseaza de un obiect metalic in interiorul corpului uman pot provoca accidente grave. Cereti imediat asistenta medicala in cazul in care magnetii sunt inghititi sau inhalati.",153.0,183.5,MBL-105,"[""https://gomagcdn.ro/domains/kidstory.ro/files/product/original/set-magnetic-magblox-2-sasiuri-magnetice-accesorii-pentru-constructie-cu-roti-de-lemn-copie-889769.png"", ""https://gomagcdn.ro/domains/kidstory.ro/files/product/original/set-magnetic-magblox-2-sasiuri-magnetice-accesorii-pentru-constructie-cu-roti-de-lemn-copie-169852.png"", ""https://gomagcdn.ro/domains/kidstory.ro/files/product/original/set-magnetic-magblox-2-sasiuri-magnetice-accesorii-pentru-constructie-cu-roti-de-lemn-copie-532286.webp"", ""https://gomagcdn.ro/domains/kidstory.ro/files/product/original/set-magnetic-magblox-2-sasiuri-magnetice-accesorii-pentru-constructie-cu-roti-de-lemn-copie-905569.png"", ""https://gomagcdn.ro/domains/kidstory.ro/files/product/original/set-magnetic-magblox-6-piese-magnetice-hexagon-pentru-constructie-862292.png"", ""https://gomagcdn.ro/domains/kidstory.ro/files/product/original/set-magnetic-magblox-6-piese-magnetice-hexagon-pentru-constructie-751698.png""]",cmltqoqd70002jjujuey1ukeu,"[""Magblox""]","{""brand"": ""Magblox"", ""supplierSource"": ""Kidstory"", ""sourceCategory"": ""Jucarii Magnetice"", ""stemRelevanceScore"": 10, ""viralPotentialScore"": 10}","{""shortTitleRo"": ""Magblox Hexagon 6 piese - Set Magnetic"", ""metaDescriptionRo"": ""Magblox 6 piese hexagon magnetice – construcție modulară! Extensie perfectă."", ""learningOutcomes"": [""recunoaștere forme geometrice"", ""construcție 3D"", ""gândire spațială"", ""matematică aplicată""], ""specialCategories"": [""magnetic"", ""mathematics""]}",True,False,5,0,3.0,,,0.0,0,0,2026-03-22 23:59:49.000,2026-03-22 23:59:49.000,9357280000147,ELEMENTARY_6_8,21.0,0,0,0,0,0,0,2.9,0,0,APPROVED,ENGINEERING,26f5418c-965d-4630-994c-b51947cdec04,False,,
bc2b1489-2818-490f-a41f-1e6faac4d385,Labirint cu Bilă Roșu Fridolin - Joc Logic,labirint-numerotat-cu-bila-rosu-Fr_17481,"LABIRINT CU BILA, ROSU Joc logic și de îndemânare- labirint cu bilă. Confecționat din lemn și materiale non-toxice conform reglementărilor EN71 & ASTM Vârsta recomandată: +6 ani. AVERTISMENT: Contraindicat copiilor sub 3 ani. Conține piese mici ce pot fi înghițite. A se utiliza sub stricta supraveghere a unei persoane adulte. Producător: Fridolin, Germania",25.0,29.99,Fr_17481,"[""https://cdnmpro.com/708224949/p/raw/5/labirint-numerotat-cu-bila-rosu~2355.jpg""]",cmli6bo4x0008jjpbrbibqgfi,"[""Fridolin""]","{""brand"": ""Fridolin"", ""gender"": ""Baiat, Fata"", ""originalAgeText"": ""6 - 9, 9+"", ""supplierSource"": ""Boribon"", ""sourceCategory"": ""De logica||Toate||Jocuri"", ""stemRelevanceScore"": 10, ""viralPotentialScore"": 8}","{""learningOutcomes"": [""coordonare mână-ochi"", ""îndemânare"", ""concentrare"", ""rezolvare de probleme""], ""specialCategories"": [""logic-game""], ""shortTitleRo"": ""Labirint cu Bilă Roșu Fridolin - Joc Logic"", ""metaDescriptionRo"": ""Labirint numerotat cu bilă roșu – joc logic și îndemânare! Fridolin.""}",True,False,4,22,3.0,200.0,"{""length"": ""9.0 cm""}",,0,0,2026-02-07 02:17:14.098,2026-03-22 23:59:49.000,4031172174813,ELEMENTARY_6_8,16.5,0,0,0,0,0,0,2.9,0,0,APPROVED,GENERAL,ee75eea8-9f64-4076-96a2-52f5d6926c14,False,,
92fb8976-9b07-4c74-9a75-a36782d62da9,IQ 3D Puzzle Cub Roșu Fridolin - Puzzle IQ,joc-logic-iq-3d-puzzle-cub-natur-rosu-fridolin-Fr_17422,"Test IQ Puzzle 3D din lemn Cub șarpe roșu - natur Scopul jocului este de a demonta si apoi a monta puzzle-ul. Dezvoltă perspicacitatea și inteligența.Jocuri de gândire în care trebuie să dezlegați misterul puzzle-urilor. Grad de dificultate: *** Vârsta recomandată +8 ani. Confecționat din lemn și materiale non-toxice conform reglementărilor EN71 & ASTM. Certificate FSC®. AVERTISMENT: Contraindicat copiilor sub 3 ani. Conține piese mici ce pot fi inghițite. A se utiliza sub stricta supraveghere a unei persoane adulte. Producător: Fridolin, Germania.",27.9,33.5,Fr_17422,"[""https://cdnmpro.com/708224949/p/raw/6/joc-logic-iq-3d-puzzle-cub-natur-rosu-fridolin~3516.jpg"",""https://cdnmpro.com/708224949/p/raw/6/joc-logic-iq-3d-puzzle-cub-natur-rosu-fridolin~3786.jpg"",""https://cdnmpro.com/708224949/p/raw/7/joc-logic-iq-3d-puzzle-cub-natur-rosu-fridolin~3787.jpg""]",cmli6bo4x0008jjpbrbibqgfi,"[""Fridolin""]","{""brand"": ""Fridolin"", ""originalAgeText"": ""3 - 6, 6 - 9"", ""supplierSource"": ""Boribon"", ""sourceCategory"": ""De logica||Toate||Jocuri||Promotii||Jucarii din lemn"", ""stemRelevanceScore"": 9, ""viralPotentialScore"": 8}","{""shortTitleRo"": ""IQ 3D Puzzle Cub Roșu Fridolin - Puzzle IQ"", ""metaDescriptionRo"": ""Joc logic IQ 3D Puzzle Cub natur-roșu – test de inteligență! Fridolin."", ""learningOutcomes"": [""logică spațială"", ""perspicacitate"", ""rezolvare de probleme"", ""răbdare""], ""specialCategories"": [""puzzle-iq""]}",True,False,17,4,5.0,200.0,"{""length"": ""4.5 cm""}",,0,0,2026-02-07 02:17:14.098,2026-03-22 23:59:49.000,4031172174226,PRESCHOOL_3_5,20.46,0,0,0,0,0,0,2.9,0,0,APPROVED,GENERAL,ee75eea8-9f64-4076-96a2-52f5d6926c14,False,,
b4ba4023-ad35-4193-b138-d086ba776f55,Submarin de Scufundări 4M - Experiment,submarin-de-scufundari-4M-03212,"Vezi cum se scufunda submarinul si reapare la suprafata cu ajutorul prafului de copt. Este uimitor! Umpleti rezervorul submarinului cu praf de copt (neinclus) si urmariti cum acesta va continua sa se scufunde in adancuri si sa urce apoi la suprafata. Acesta jucarie, inventata cu circa 70 ani in urma, poate fi folosita si ca un experiment de chimie in fata unei clase de elevi curiosi. Important: folositi exclusiv praf de copt, nu bicarbonat de sodiu. Varsta 5 ani+ Dimensiune pachet: 13cm x 19.5cm x 2.4cm",29.0,34.99,4M-03212,"[""https://gomagcdn.ro/domains/kidstory.ro/files/product/original/submarin-de-scufundari-454279.jpg"",""https://gomagcdn.ro/domains/kidstory.ro/files/product/original/submarin-de-scufundari-595234.jpg"",""https://gomagcdn.ro/domains/kidstory.ro/files/product/original/submarin-de-scufundari-273469.jpg"",""https://gomagcdn.ro/domains/kidstory.ro/files/product/original/submarin-de-scufundari-092653.jpg"",""https://gomagcdn.ro/domains/kidstory.ro/files/product/original/submarin-de-scufundari-494622.jpg"",""https://gomagcdn.ro/domains/kidstory.ro/files/product/original/submarin-de-scufundari-221005.jpg"",""https://gomagcdn.ro/domains/kidstory.ro/files/product/original/submarin-de-scufundari-012494.jpg""]",cmli6buv20021jjpbr43q9cpr,"[""4M""]","{""brand"": ""4M"", ""supplierSource"": ""Kidstory"", ""sourceCategory"": ""Stiinta si geografie"", ""stemRelevanceScore"": 10, ""viralPotentialScore"": 7}","{""shortTitleRo"": ""Submarin de Scufundări 4M - Experiment"", ""metaDescriptionRo"": ""Submarin de scufundări – experiment cu praful de copt! 4M știință."", ""learningOutcomes"": [""chimie aplicată"", ""înțelegerea densității"", ""gândire științifică"", ""observație""], ""specialCategories"": [""science-experiment"", ""chemistry""]}",True,False,1,2,3.0,,,,0,0,2026-02-07 02:17:55.145,2026-03-22 23:59:49.000,4893156032126,PRESCHOOL_3_5,21.75,0,0,0,0,0,0,2.9,0,0,APPROVED,SCIENCE,26f5418c-965d-4630-994c-b51947cdec04,False,,
17b1ac62-9b9c-4a36-8d97-3a1e0ec07f61,Sparge Geoda Mini 4M - Experiment Cristal,mini-experiment-sparge-o-geoda-cristal-4M-03925,Sparge aceasta piatra pentru a debloca magia prinsa inauntru. Un proiect simplu si distractiv! Un cristal geoda pentru a fi spart si a scoate la suprafata mijlocul stralucitor! Apoi poate fi expus ca bibelou sau amintire! Varsta 3+. Nota: Necesita supravegherea unui adult daca are sub 14 ani.,31.0,36.99,4M-03925,"[""https://gomagcdn.ro/domains/kidstory.ro/files/product/original/mini-experiment-sparge-o-geoda-cristal-428093.png"",""https://gomagcdn.ro/domains/kidstory.ro/files/product/original/mini-experiment-sparge-o-geoda-cristal-574845.png""]",cmli6buv20021jjpbr43q9cpr,"[""4M""]","{""brand"": ""4M"", ""supplierSource"": ""Kidstory"", ""sourceCategory"": ""Stiinta si geografie"", ""stemRelevanceScore"": 10, ""viralPotentialScore"": 9}","{""shortTitleRo"": ""Sparge Geoda Mini 4M - Experiment Cristal"", ""metaDescriptionRo"": ""Mini experiment sparge geoda – deblochează magia! 4M cristale."", ""learningOutcomes"": [""geologie de bază"", ""observație"", ""motorică fină"", ""curiozitate științifică""], ""specialCategories"": [""science-experiment""]}",True,False,1,0,3.0,,,,0,0,2026-02-07 02:17:55.145,2026-03-22 23:59:49.000,4893156039255,PRESCHOOL_3_5,23.25,0,0,0,0,0,0,2.9,0,0,APPROVED,SCIENCE,26f5418c-965d-4630-994c-b51947cdec04,False,,
c2a4e23b-a93f-4651-81ba-05428e2bbdde,IQ Puzzle Metalic 5* Fridolin - Puzzle IQ,joc-logic-iq-puzzle-metalic-5-fridolin-Fr_17265,"Test IQ puzzle metalic Vultur Joc logic puzzle 3D metalic. Scopul jocului este de a demonta și apoi de a monta la loc puzzle-ul. Jocuri de gândire în care trebuie să dezlegi misterul puzzle-urilor, dezvoltă perspicacitatea, inteligența, răbdarea și concentrarea. Confecționat din materiale non-toxice conform reglementărilor EN71 & ASTM. Certificare FSC®. Vârsta recomandată: +6 ani.Grad de dificultate: *****AVERTISMENT: Contraindicat copiilor sub 3 ani. Conține piese mici ce pot fi înghițite. A se utiliza sub stricta supraveghere a unei persoane adulte. Producător: Fridolin, Germania.",32.4,38.99,Fr_17265,"[""https://cdnmpro.com/708224949/p/raw/4/joc-logic-iq-puzzle-metalic-5-fridolin~3514.jpg"",""https://cdnmpro.com/708224949/p/raw/4/joc-logic-iq-puzzle-metalic-5-fridolin~3784.jpg""]",cmli6bo4x0008jjpbrbibqgfi,"[""Fridolin""]","{""brand"": ""Fridolin"", ""originalAgeText"": ""3 - 6, 6 - 9"", ""supplierSource"": ""Boribon"", ""sourceCategory"": ""De logica||Toate||Jocuri||Promotii"", ""stemRelevanceScore"": 9, ""viralPotentialScore"": 8}","{""shortTitleRo"": ""IQ Puzzle Metalic 5* Fridolin - Puzzle IQ"", ""metaDescriptionRo"": ""Joc logic IQ puzzle metalic Vultur 5* – dificultate maximă! Fridolin."", ""learningOutcomes"": [""logică deductivă"", ""perspicacitate"", ""răbdare"", ""concentrare""], ""specialCategories"": [""puzzle-iq""]}",True,False,10,1,3.0,200.0,"{""length"": ""9.4 cm""}",,0,0,2026-02-07 02:17:14.098,2026-03-22 23:59:49.000,4031172172659,PRESCHOOL_3_5,23.76,0,0,0,0,0,0,2.9,0,0,APPROVED,GENERAL,ee75eea8-9f64-4076-96a2-52f5d6926c14,False,,
b511046c-3d70-4bb1-a85f-7eeaf0f6d9fa,IQ Metalic 3* Fridolin - Puzzle IQ,joc-logic-iq-metalic-3-Fr_17266,"Joc logic IQ Metalic nr. 3 – Triunghi | Fridolin Puzzle metalic de dezlegat — obiectivul este să eliberezi inelul din structura metalică. Un clasic al jocurilor de logică — puzzle-ul metalic IQ nr. 3 constă dintr-o structură metalică în formă de triunghi și o tijă cu inel, prinse împreună. Obiectivul este simplu de enunțat: eliberează inelul. Soluția, mai puțin. Pare ușor. Dar nu este. Detalii: Material: metal cromat Dificultate: 3 din 5 Format compact — se poate purta în buzunar Soluția este inclusă De ce să-l alegi: Antrenează gândirea spațială, răbdarea și capacitatea de a gândi în afara tiparelor. Gadget anti-stres pe birou sau cadou pentru pasionații de puzzle. Dificultate medie (3/5). Compact, elegant, antrenant. Potrivit pentru adulți și tineri de peste 8 ani. Conform reglementărilor EN71 & ASTM. AVERTISMENT: Contraindicat copiilor sub 3 ani. Producător: Fridolin, Germania",36.0,42.99,Fr_17266,"[""https://cdnmpro.com/708224949/p/raw/5/joc-logic-iq-metalic-3-fridolin~100183875.jpg"",""https://cdnmpro.com/708224949/p/raw/8/joc-logic-iq-metalic-3-fridolin~100183878.jpg""]",cmli6bo4x0008jjpbrbibqgfi,"[""Fridolin""]","{""brand"": ""Fridolin"", ""originalAgeText"": ""3 - 6, 6 - 9"", ""supplierSource"": ""Boribon"", ""sourceCategory"": ""De logica||Toate||Jocuri"", ""stemRelevanceScore"": 9, ""viralPotentialScore"": 8}","{""shortTitleRo"": ""IQ Metalic 3* Fridolin - Puzzle IQ"", ""metaDescriptionRo"": ""Joc logic IQ metalic nr. 3 triunghi – test de inteligență! Fridolin."", ""learningOutcomes"": [""logică deductivă"", ""perspicacitate"", ""răbdare"", ""rezolvare de probleme""], ""specialCategories"": [""puzzle-iq""]}",True,False,1,0,3.0,200.0,"{""length"": ""9.4 cm""}",,0,0,2026-02-07 02:17:14.098,2026-03-22 23:59:49.000,4031172172666,PRESCHOOL_3_5,23.76,0,0,0,0,0,0,2.9,0,0,APPROVED,GENERAL,ee75eea8-9f64-4076-96a2-52f5d6926c14,False,,
18337bd9-43a9-4da2-820e-7b4a41416139,Jucărie Optică Rachetă Londji - Vedere Insectă,jucarie-optica-racheta-londji-Lj_CD037U,"Jucărie optică Rachetă Jucărie optică, descompune şi multiplică imaginea în mii de bucăţele. Modele caleidoscopice se formează prin descompunerea în părți mici a obiectelor din jur.Descoperă lumea prin ochii unei insecte. Un obiectiv cu totul special.Ilustrație Can SeixantaVârsta recomandată: 3-103 ani.Confecționată din carton reciclat și lentilă acrilică, conform reglementărilor EN71&ASTM.AVERTISMENT: Contraindicat copiilor sub 3 ani, conține piese mici, pericol de sufocare. A se utiliza sub directa supraveghere a unui adult. Îndepărtaţi eticheta înainte de a oferi jucăria copilului. Producător: Londji, Spania.",37.0,44.5,Lj_CD037U,"[""https://cdnmpro.com/708224949/p/raw/9/jucarie-optica-racheta-londji~16899.jpg"",""https://cdnmpro.com/708224949/p/raw/2/jucarie-optica-racheta-londji~8482.jpg"",""https://cdnmpro.com/708224949/p/raw/9/jucarie-optica-racheta-londji~8769.jpg"",""https://cdnmpro.com/708224949/p/raw/0/jucarie-optica-racheta-londji~16900.jpg"",""https://cdnmpro.com/708224949/p/raw/1/jucarie-optica-racheta-londji~16901.jpg""]",cmltqoqsf0004jjujibh2j3vx,"[""Londji""]",,"{""shortTitleRo"": ""Jucărie Optică Rachetă Londji - Vedere Insectă"", ""metaDescriptionRo"": ""Jucărie optică Rachetă – privește lumea ca o insectă! Londji."", ""learningOutcomes"": [""percepție optică"", ""curiozitate științifică"", ""observarea naturii"", ""vedere din perspectivă nouă""], ""specialCategories"": [""optics""]}",True,False,17,0,5.0,,,,0,0,2026-02-07 02:17:14.098,2026-03-22 23:59:49.000,Lj_CD037U,TODDLERS_1_3,24.42,0,0,0,0,0,0,2.9,0,0,APPROVED,,ee75eea8-9f64-4076-96a2-52f5d6926c14,False,,
10d5c3f6-b9ad-4f74-b4a4-7d520ab02221,Jucărie Optică Albina Londji - Vedere Insectă,jucarie-optica-albina-londji-LJ_CD023U,"Jucărie optică Albina Privește lumea prin ochii unei albineJucărie optică, descompune şi multiplică imaginea în mii de bucăţele. Spre deosebire de caleidoscoapele clasice, care fac modele din bucățelele mici aflate în interiorul instrumentului, teleidoscopul face modele caleidoscopice din obiectele din jur.Vârsta recomandată: 3-103 ani.Confecționat din carton reciclat și plastic, conform reglementărilor EN71&ASTM.AVERTISMENT: Contraindicat copiilor sub 3 ani, conține piese mici, pericol de sufocare. A se utiliza sub directa supraveghere a unui adult. Îndepărtaţi eticheta înainte de a oferi jucăria copilului. Producător: Londji, Spania.",37.0,44.5,LJ_CD023U,"[""https://cdnmpro.com/708224949/p/raw/7/jucarie-optica-albina-londji~16907.jpg"",""https://cdnmpro.com/708224949/p/raw/1/jucarie-optica-albina-londji~4911.jpg"",""https://cdnmpro.com/708224949/p/raw/6/jucarie-optica-albina-londji~5086.jpg"",""https://cdnmpro.com/708224949/p/raw/5/jucarie-optica-albina-londji~16905.jpg"",""https://cdnmpro.com/708224949/p/raw/6/jucarie-optica-albina-londji~16906.jpg""]",cmltqoqsf0004jjujibh2j3vx,"[""Londji""]",,"{""shortTitleRo"": ""Jucărie Optică Albina Londji - Vedere Insectă"", ""metaDescriptionRo"": ""Jucărie optică Albina – efect optic uimitor! Londji."", ""learningOutcomes"": [""percepție optică"", ""curiozitate științifică"", ""observarea naturii"", ""vedere din perspectivă nouă""], ""specialCategories"": [""optics""]}",True,False,22,1,7.0,,,,0,0,2026-02-07 02:17:14.098,2026-03-22 23:59:49.000,LJ_CD023U,TODDLERS_1_3,24.42,0,0,0,0,0,0,2.9,0,0,APPROVED,,ee75eea8-9f64-4076-96a2-52f5d6926c14,False,,
1698e114-75d3-4b7d-8baa-eafe5ea91dde,Jucărie Optică Buburuză Londji - Vedere Insectă,jucarie-optica-buburuza-londji-LJ_CD022U,"Jucărie optică Buburuză O lentilă optică într-o ilustrație cu buburuză pentru a vă permite să vedeți ca o insectă. Un caleidoscop mic, ideal pentru divertisment în călătorii. Jucărie optică, descompune şi multiplică imaginea în mii de bucăţele. Spre deosebire de caleidoscoapele clasice, care fac modele din bucățelele mici aflate în interiorul instrumentului, teleidoscopul face modele caleidoscopice din obiectele din jur.Vârsta recomandată: 3-103 ani. Confecționat din carton reciclat și plastic, conform reglementărilor EN71&ASTM.AVERTISMENT: Contraindicat copiilor sub 3 ani, conține piese mici, pericol de sufocare. A se utiliza sub directa supraveghere a unui adult. Îndepărtaţi eticheta înainte de a oferi jucăria copilului. Producător: Londji, Spania.",37.0,44.5,LJ_CD022U,"[""https://cdnmpro.com/708224949/p/raw/0/jucarie-optica-buburuza-londji~16910.jpg"",""https://cdnmpro.com/708224949/p/raw/0/jucarie-optica-buburuza-londji~4910.jpg"",""https://cdnmpro.com/708224949/p/raw/5/jucarie-optica-buburuza-londji~5085.jpg"",""https://cdnmpro.com/708224949/p/raw/8/jucarie-optica-buburuza-londji~16908.jpg"",""https://cdnmpro.com/708224949/p/raw/9/jucarie-optica-buburuza-londji~16909.jpg""]",cmltqoqsf0004jjujibh2j3vx,"[""Londji""]",,"{""shortTitleRo"": ""Jucărie Optică Buburuză Londji - Vedere Insectă"", ""metaDescriptionRo"": ""Jucărie optică Buburuză – obiectiv special! Londji."", ""learningOutcomes"": [""percepție optică"", ""curiozitate științifică"", ""observarea naturii"", ""vedere caleidoscopică""], ""specialCategories"": [""optics""]}",True,False,29,1,9.0,,,,0,0,2026-02-07 02:17:14.098,2026-03-22 23:59:49.000,LJ_CD022U,TODDLERS_1_3,24.42,0,0,0,0,0,0,2.9,0,0,APPROVED,,ee75eea8-9f64-4076-96a2-52f5d6926c14,False,,
7e30c407-9137-42c0-b2a4-8f37dccfc1e5,IQ 3D Puzzle Knot Fridolin - Puzzle IQ,joc-logic-iq-3d-puzzle-in-cutie-metalica-knot-fridolin-Fr_17523,"Test IQ Puzzle 3D din lemn de bambus Knot Joc logic puzzle 3D din lemn de bambus, în cutie metalică. Scopul jocului este de a monta puzzle-ul cu ajutorul pieselor din cutie. Jocuri de gândire în care trebuie să dezlegați misterul puzzle-urilor. Dezvoltă răbdarea, perspicacitatea, inteligența. Grad de dificultate: *** Vârsta recomandată +8 ani. Confecționat din lemn și materiale non-toxice conform reglementărilor EN71 & ASTM. Certificate FSC®. AVERTISMENT: Contraindicat copiilor sub 3 ani. Conține piese mici ce pot fi inghițite. A se utiliza sub stricta supraveghere a unei persoane adulte. Producător: Fridolin, Germania.",41.4,49.5,Fr_17523,"[""https://cdnmpro.com/708224949/p/raw/8/joc-logic-iq-3d-puzzle-in-cutie-metalica-knot-fridolin~3518.jpg"",""https://cdnmpro.com/708224949/p/raw/9/joc-logic-iq-3d-puzzle-in-cutie-metalica-knot-fridolin~3789.jpg"",""https://cdnmpro.com/708224949/p/raw/0/joc-logic-iq-3d-puzzle-in-cutie-metalica-knot-fridolin~3790.jpg""]",cmli6bo4x0008jjpbrbibqgfi,"[""Fridolin""]",,"{""shortTitleRo"": ""IQ 3D Puzzle Knot Fridolin - Puzzle IQ"", ""metaDescriptionRo"": ""Joc logic IQ 3D Puzzle Knot în cutie metalică! Fridolin bambus."", ""learningOutcomes"": [""logică spațială"", ""perspicacitate"", ""rezolvare de probleme"", ""răbdare""], ""specialCategories"": [""puzzle-iq""]}",True,False,5,0,3.0,,,,0,0,2026-02-07 02:17:14.098,2026-03-22 23:59:49.000,4031172175230,ELEMENTARY_6_8,30.36,0,0,0,0,0,0,2.9,0,0,APPROVED,GENERAL,ee75eea8-9f64-4076-96a2-52f5d6926c14,False,,
09f378d6-17a8-45b5-b7a0-14cb25164b64,Eliberează Inelul 1 Fridolin - Puzzle IQ,joc-logic-iq-puzzle-cu-snur-elibereaza-inelul-1-fridolin-Fr_17131,"Test IQ puzzle lemn de bambus cu șnur Elibereaza inelul-1 Test IQ puzzle cu șnur verde deschis și lemn de bambus într-o cutie metalică: două bile - un cerc. Dezvoltă perspicacitatea, inteligența, răbdarea și concentrarea. Dimensiuni cutie: 6 x 2,2 x 9,4 cm (L x A x P). Confecționat din lemn și materiale non-toxice conform reglementărilor EN71 & ASTM. Vârsta recomandată: +8 ani.Grad de dificultate: **AVERTISMENT: Contraindicat copiilor sub 3 ani. Conține piese mici ce pot fi înghițite, șnur lung. A se utiliza sub stricta supraveghere a unei persoane adulte. Producător: Fridolin, Germania.",41.4,49.5,Fr_17131,"[""https://cdnmpro.com/708224949/p/raw/0/joc-logic-iq-puzzle-cu-snur-elibereaza-inelul-1-fridolin~2370.jpg"",""https://cdnmpro.com/708224949/p/raw/3/joc-logic-iq-puzzle-cu-snur-elibereaza-inelul-1-fridolin~2673.jpg""]",cmli6bo4x0008jjpbrbibqgfi,"[""Fridolin""]","{""brand"": ""Fridolin"", ""gender"": ""Adult, Baiat, Fata"", ""originalAgeText"": ""6 - 9, 9+"", ""supplierSource"": ""Boribon"", ""sourceCategory"": ""De logica||Toate||Jocuri||Promotii||Jucarii din lemn"", ""stemRelevanceScore"": 9, ""viralPotentialScore"": 10}","{""shortTitleRo"": ""Eliberează Inelul 1 Fridolin - Puzzle IQ"", ""metaDescriptionRo"": ""Joc logic IQ puzzle cu șnur Eliberează inelul! Fridolin."", ""learningOutcomes"": [""logică deductivă"", ""perspicacitate"", ""răbdare"", ""concentrare""], ""specialCategories"": [""puzzle-iq""]}",True,False,1,0,3.0,200.0,"{""length"": ""9.4 cm""}",,0,0,2026-02-07 02:17:14.098,2026-03-22 23:59:49.000,4031172171317,ELEMENTARY_6_8,30.36,0,0,0,0,0,0,2.9,0,0,APPROVED,GENERAL,ee75eea8-9f64-4076-96a2-52f5d6926c14,False,,
e0ced494-1249-4c14-847e-e463f0e76bee,Tangram în Cutie Metalică Fridolin - Puzzle IQ,iq-test-tangram-in-cutie-metalica-fridolin-Fr_17323,"Tangram din lemn în cutie metalică Tangram-ul, jocul pătratului magic este format din 7 figuri geometrice (2 triunghiuri mari, unul mediu și 2 mici, un paralelogram și un pătrat). Diferența dintre tangram și un puzzle normal este că, în timp ce la puzzle piesele sunt așezate într-un singur fel, după un anumit model, la tangram modelele sunt nenumărate – poți așeza piesele cum vrei, rezultând o varietate de figuri. Se vor folosi toate cele şapte piese care alcătuiesc pătratul iniţial (şi numai ele) la alcătuirea oricărei imagini. Piesele se vor aşeza una lângă alta, fără suprapunere, în plan. Peste 1600 de imagini reprezentând animale, oameni, litere, cifre, obiecte și multe altele pot fi create din cele 7 piese ale tangramului. Vârsta recomandată: +6 ani. Confecționate din lemn și materiale non-toxice, cu culori non-toxice, conform reglementărilor EN71 & ASTM. Certificate FSC®.AVERTISMENT: Contraindicat copiilor sub 3 ani. Conține piese mici ce pot fi inghițite. Pericol de sufocare. A se utiliza sub directa supraveghere a unei persoane adulte. Producător: Fridolin, Germania.",46.0,54.99,Fr_17323,"[""https://cdnmpro.com/708224949/p/raw/7/iq-test-tangram-in-cutie-metalica-fridolin~1107.jpg""]",cmli6bo4x0008jjpbrbibqgfi,"[""Fridolin""]",,"{""shortTitleRo"": ""Tangram în Cutie Metalică Fridolin - Puzzle IQ"", ""metaDescriptionRo"": ""IQ Test Tangram – peste 1600 imagini! Fridolin lemn."", ""learningOutcomes"": [""recunoaștere forme geometrice"", ""gândire spațială"", ""matematică aplicată"", ""creativitate combinatorie""], ""specialCategories"": [""puzzle-iq"", ""mathematics""]}",True,False,11,0,3.0,,,,0,0,2026-02-07 02:17:14.098,2026-03-22 23:59:49.000,4031172173236,ELEMENTARY_6_8,30.36,0,0,0,0,0,0,2.9,0,0,APPROVED,MATH,ee75eea8-9f64-4076-96a2-52f5d6926c14,False,,
6b50d933-e7f6-45be-b75d-331cd994a84e,Labirint Lemn cu Bilă Egmont Toys - Joc Logic,labirint-din-lemn-cu-bila-egmont-toys-Egm_511172,"Mini-labirint din lemn Provoacă-ți abilitățile și răbdarea cu acest mini-labirint din lemn! Înclină și rotește cutia pentru a ghida bila spre linia de sosire, evitând capcanele. Este un joc de buzunar perfect pentru mânuțe mici și concentrare mare. Dimensiune: 12 x 12 x 2.5 cm Vârsta recomandată: +3 ani. Confecționat din lemn și cu bila metalica. Conform reglementărilor EN71 & ASTM.AVERTISMENT: Contraindicat copiilor sub 3 ani. Conține piese mici ce pot fi înghițite. A se utiliza sub stricta supraveghere a unei persoane adulte. Două modele disponibile: cu mașinuțe sau cu ciupercuțe.Producător: Egmont Toys, Belgia.",49.0,58.99,Egm_511172,"[""https://cdnmpro.com/708224949/p/raw/3/labirint-din-lemn-cu-bila-egmont-toys~21713.jpg"",""https://cdnmpro.com/708224949/p/raw/4/labirint-din-lemn-cu-bila-egmont-toys~21714.jpg"",""https://cdnmpro.com/708224949/p/raw/5/labirint-din-lemn-cu-bila-egmont-toys~21715.jpg"",""https://cdnmpro.com/708224949/p/raw/6/labirint-din-lemn-cu-bila-egmont-toys~21716.jpg"",""https://cdnmpro.com/708224949/p/raw/7/labirint-din-lemn-cu-bila-egmont-toys~21717.jpg""]",cmltqoqov0003jjujnu1ppk5u,"[""Egmont Toys""]","{""brand"": ""Egmont Toys"", ""gender"": ""Baiat, Fata"", ""originalAgeText"": ""3 - 6, 6 - 9"", ""supplierSource"": ""Boribon"", ""sourceCategory"": ""Educative||Toate||Noutati||Jucarii din lemn"", ""stemRelevanceScore"": 10, ""viralPotentialScore"": 6}","{""shortTitleRo"": ""Labirint Lemn cu Bilă Egmont Toys - Joc Logic"", ""metaDescriptionRo"": ""Mini labirint din lemn cu bilă – ghidă spre final! Egmont Toys."", ""learningOutcomes"": [""coordonare mână-ochi"", ""îndemânare"", ""concentrare"", ""răbdare""], ""specialCategories"": [""logic-game""]}",True,False,27,0,8.0,200.0,"{""length"": ""12.0 cm""}",,0,0,2026-02-07 02:17:14.098,2026-03-22 23:59:49.000,5420023045515,PRESCHOOL_3_5,32.34,0,0,0,0,0,0,2.9,0,0,APPROVED,,ee75eea8-9f64-4076-96a2-52f5d6926c14,False,,
5f5f401a-d2bf-431f-a856-cd0fc5af9574,Impossiblo Ocean Djeco (v2) - Joc Logic,joc-de-logica-impossiblo-ocean-djeco-DJ00807,"Joc de logică Impossiblo Ocean 4 puzzle-uri captivante! Asamblează imaginile pentru a finaliza fiecare dintre cele 4 provocări de puzzle pătrat, de la cele mai simple la cele mai complicate.O singură soluție posibilă pentru fiecare puzzle.Soluția se regăsește în broșură.Design mic, ușor de transportat, sau cadoul perfect!Dezvoltă răbdarea.Conținut: 4 puzzle-uri cu 9 piese și o broșură cu reguli de joc în 10 limbi.Vârsta recomandata: 6 - 99 ani. Fabricat din hârtie și carton certificate FSC®. AVERTISMENT: Contraindicat copiilor sub 3 ani. A se utiliza sub directa supraveghere a unui adult. Producător: Djeco, Franța. Manual Joc de logica Impossiblo Ocean, Djeco - descarca aici fisierul",50.35,60.5,DJ00807,"[""https://cdnmpro.com/708224949/p/raw/8/joc-de-logica-impossiblo-ocean-djeco~16718.jpg"",""https://cdnmpro.com/708224949/p/raw/7/joc-de-logica-impossiblo-ocean-djeco~16717.jpg"",""https://cdnmpro.com/708224949/p/raw/9/joc-de-logica-impossiblo-ocean-djeco~16719.jpg""]",cmltqoqov0003jjujnu1ppk5u,"[""Djeco""]",,"{""shortTitleRo"": ""Impossiblo Ocean Djeco (v2) - Joc Logic"", ""metaDescriptionRo"": ""Joc de logică Impossiblo Ocean – 4 puzzle-uri! Djeco."", ""learningOutcomes"": [""logică deductivă"", ""rezolvare de probleme"", ""răbdare"", ""gândire vizuală""], ""specialCategories"": [""puzzle-iq"", ""logic-game""]}",True,False,23,0,7.0,,,,0,0,2026-02-07 02:17:14.098,2026-03-22 23:59:49.000,3070900008076,ELEMENTARY_6_8,34.98,0,0,0,0,0,0,2.9,0,0,APPROVED,GENERAL,ee75eea8-9f64-4076-96a2-52f5d6926c14,False,,
e3ad5b1d-5afc-48c9-a0ed-d1c680adb1c3,Impossiblo Animo Djeco (v2) - Joc Logic,joc-de-logica-impossiblo-animo-djeco-DJ00808,"Joc de logică Impossiblo Animo 4 puzzle-uri captivante! Asamblează imaginile pentru a finaliza fiecare dintre cele 4 provocări de puzzle pătrat, de la cele mai simple la cele mai complicate.O singură soluție posibilă pentru fiecare puzzle.Soluția se regăsește în broșură.Design mic, ușor de transportat, sau cadoul perfect!Dezvoltă răbdarea.Conținut: 4 puzzle-uri cu 9 piese și o broșură cu reguli de joc în 10 limbi.Vârsta recomandata: 6 - 99 ani. Fabricat din hârtie și carton certificate FSC®. AVERTISMENT: Contraindicat copiilor sub 3 ani. A se utiliza sub directa supraveghere a unui adult. Producător: Djeco, Franța. Manual Joc de logica Impossiblo Animo, Djeco - descarca aici fisierul",50.35,60.5,DJ00808,"[""https://cdnmpro.com/708224949/p/raw/2/joc-de-logica-impossiblo-animo-djeco~16722.jpg"",""https://cdnmpro.com/708224949/p/raw/0/joc-de-logica-impossiblo-animo-djeco~16720.jpg"",""https://cdnmpro.com/708224949/p/raw/1/joc-de-logica-impossiblo-animo-djeco~16721.jpg""]",cmltqoqov0003jjujnu1ppk5u,"[""Djeco""]",,"{""shortTitleRo"": ""Impossiblo Animo Djeco (v2) - Joc Logic"", ""metaDescriptionRo"": ""Joc de logică Impossiblo Animo – 4 puzzle-uri! Djeco."", ""learningOutcomes"": [""logică deductivă"", ""rezolvare de probleme"", ""răbdare"", ""gândire vizuală""], ""specialCategories"": [""puzzle-iq"", ""logic-game""]}",True,False,12,0,4.0,,,,0,0,2026-02-07 02:17:14.098,2026-03-22 23:59:49.000,3070900008083,ELEMENTARY_6_8,34.98,0,0,0,0,0,0,2.9,0,0,APPROVED,GENERAL,ee75eea8-9f64-4076-96a2-52f5d6926c14,False,,
0c992b13-7d3f-4157-9c2e-19821dc85a4d,IQ 3D Puzzle Băiat Albastru Fridolin (v2) - Puzzle IQ,joc-logic-iq-3d-puzzle-baiat-albastru-fridolin-Fr_17342,"Test IQ Puzzle 3D din lemn de bambus Boy Scopul jocului este de aranjare a puzzle-ului, sub formă de băiat robot. Dezvoltă perspicacitatea și inteligența. Jocuri de gândire în care trebuie să dezlegați misterul puzzle-urilor. Grad de dificultate: **** Vârsta recomandată +8 ani. Confecționat din lemn și materiale non-toxice conform reglementărilor EN71 & ASTM. Certificate FSC®. AVERTISMENT: Contraindicat copiilor sub 3 ani. Conține piese mici ce pot fi inghițite. A se utiliza sub stricta supraveghere a unei persoane adulte. Producător: Fridolin, Germania.",50.4,60.5,Fr_17342,"[""https://cdnmpro.com/708224949/p/raw/0/joc-logic-iq-3d-puzzle-baiat-albastru-fridolin~3040.jpg"",""https://cdnmpro.com/708224949/p/raw/5/joc-logic-iq-3d-puzzle-baiat-albastru-fridolin~3305.jpg"",""https://cdnmpro.com/708224949/p/raw/6/joc-logic-iq-3d-puzzle-baiat-albastru-fridolin~3306.jpg""]",cmli6bo4x0008jjpbrbibqgfi,"[""Fridolin""]","{""brand"": ""Fridolin"", ""originalAgeText"": ""6 - 9, 9+"", ""supplierSource"": ""Boribon"", ""sourceCategory"": ""De logica||Toate||Jocuri||Promotii||Jucarii din lemn"", ""stemRelevanceScore"": 9, ""viralPotentialScore"": 8}","{""shortTitleRo"": ""IQ 3D Puzzle Băiat Albastru Fridolin (v2) - Puzzle IQ"", ""metaDescriptionRo"": ""Joc logic IQ 3D Puzzle Băiat albastru! Fridolin."", ""learningOutcomes"": [""logică spațială"", ""perspicacitate"", ""rezolvare de probleme"", ""coordonare mână-ochi""], ""specialCategories"": [""puzzle-iq""]}",True,False,33,0,10.0,200.0,"{""length"": ""4.8 cm""}",,0,0,2026-02-07 02:17:14.098,2026-03-22 23:59:49.000,4031172173427,ELEMENTARY_6_8,36.96,0,0,0,0,0,0,2.9,0,0,APPROVED,TECHNOLOGY,ee75eea8-9f64-4076-96a2-52f5d6926c14,False,,
15c39906-ef61-4acd-b20d-a88e134f9ab8,Puzzle Mic Unicorn Londji (v2) - Puzzle Educațional,puzzle-mic-unicorn-londji-LJ_PZ617U,"Puzzle mic Petrecerea Unicornului 🦄 În această seară, când soarele apune, ne pregătim să sărbătorim împreună ziua unicornului! Asamblează puzzle-ul și descoperă toate detaliile petrecerii pe care zânele și elfii au pregătit-o! Un joc educativ, sustenabil și perfect pentru distracție oriunde te afli. 🔹 Conține: Puzzle de 24 de piese + 12 piese de observație 🔎🔹 Dimensiune puzzle: 16,5 x 23,5 cm🔹 Dimensiune cutie: 14 x 8,5 x 4 cm🔹 Materiale: Hârtie FSC și carton reciclat🔹 Ilustrație: Txell Darné🔹 Vârstă recomandată: 4+ ani🔹 Fabricat în Barcelona Avertisment! Nu este potrivit pentru copiii sub 3 ani. Conține piese mici. 🎂 Pregătește-te de o aventură magică alături de unicorn! 🦄 Conform reglementărilor EN71. AVERTISMENT: Contraindicat copiilor sub 3 ani. Se recomandă supravegherea copilului de către un adult în timpul jocului.Produs in Barcelona de Londji.",51.0,60.99,LJ_PZ617U,"[""https://cdnmpro.com/708224949/p/raw/9/puzzle-mic-unicorn-londji~20519.jpg"",""https://cdnmpro.com/708224949/p/raw/1/puzzle-mic-unicorn-londji~20501.jpg"",""https://cdnmpro.com/708224949/p/raw/4/puzzle-mic-unicorn-londji~20454.jpg"",""https://cdnmpro.com/708224949/p/raw/5/puzzle-mic-unicorn-londji~20455.jpg"",""https://cdnmpro.com/708224949/p/raw/6/puzzle-mic-unicorn-londji~20456.jpg""]",cmltqoqov0003jjujnu1ppk5u,"[""Londji""]",,"{""shortTitleRo"": ""Puzzle Mic Unicorn Londji (v2) - Puzzle Educațional"", ""metaDescriptionRo"": ""Puzzle mic Petrecerea Unicornului – 24 piese! Londji."", ""learningOutcomes"": [""coordonare mână-ochi"", ""atenție la detalii"", ""observație vizuală"", ""răbdare""], ""specialCategories"": [""logic-game""]}",True,False,12,0,4.0,,,,0,0,2026-02-07 02:17:14.098,2026-03-22 23:59:49.000,LJ_PZ617U,TODDLERS_1_3,33.66,0,0,0,0,0,0,2.9,0,0,APPROVED,GENERAL,ee75eea8-9f64-4076-96a2-52f5d6926c14,False,,
985e03a2-24b5-47c8-8aa2-6cbc36d5f7bb,IQ 3D Puzzle Star Fridolin (v2) - Puzzle IQ,joc-logic-iq-3d-puzzle-star-fridolin-Fr_17462,"Test IQ Puzzle 3D din lemn de bambus Star Scopul jocului este de a demonta si apoi a monta puzzle-ul. Dezvoltă perspicacitatea și inteligența.Jocuri de gândire în care trebuie să dezlegați misterul puzzle-urilor, dezvoltă perspicacitatea, inteligența. Grad de dificultate: **** Vârsta recomandată +8 ani. Confecționat din lemn și materiale non-toxice conform reglementărilor EN71 & ASTM. Certificate FSC®. AVERTISMENT: Contraindicat copiilor sub 3 ani. Conține piese mici ce pot fi inghițite. A se utiliza sub stricta supraveghere a unei persoane adulte. Producător: Fridolin, Germania",54.0,64.99,Fr_17462,"[""https://cdnmpro.com/708224949/p/raw/4/joc-logic-iq-3d-puzzle-star-fridolin~2354.jpg"",""https://cdnmpro.com/708224949/p/raw/2/joc-logic-iq-3d-puzzle-star-fridolin~2652.jpg""]",cmli6bo4x0008jjpbrbibqgfi,"[""Fridolin""]","{""brand"": ""Fridolin"", ""gender"": ""Adult, Baiat, Fata"", ""originalAgeText"": ""6 - 9, 9+"", ""supplierSource"": ""Boribon"", ""sourceCategory"": ""De logica||Toate||Jocuri||Promotii||Jucarii din lemn"", ""stemRelevanceScore"": 9, ""viralPotentialScore"": 8}","{""shortTitleRo"": ""IQ 3D Puzzle Star Fridolin (v2) - Puzzle IQ"", ""metaDescriptionRo"": ""Joc logic IQ 3D Puzzle Star! Fridolin."", ""learningOutcomes"": [""logică spațială"", ""perspicacitate"", ""rezolvare de probleme"", ""răbdare""], ""specialCategories"": [""puzzle-iq""]}",True,False,12,1,4.0,300.0,"{""length"": ""8.5 cm""}",,0,0,2026-02-07 02:17:14.098,2026-03-22 23:59:49.000,4031172174622,ELEMENTARY_6_8,39.6,0,0,0,0,0,0,2.9,0,0,APPROVED,GENERAL,ee75eea8-9f64-4076-96a2-52f5d6926c14,False,,
adc0aac3-5805-4220-b0e1-184a61d23a3f,Cleverclixx Circuit Pastel 70 piese - Marble Run Magnetic,joc-magnetic-circuit-pastel-cu-bile-70-piese-cleverclixx-CC-1002,"Cleverclixx Circuit pastel cu bile 70 piese Set magnetic de construcție cu 70 piese conceput pentru a inspira micii arhitecți! Acest set este introducerea perfectă în jocul magnetic, oferind posibilități nelimitate pentru structuri creative și trasee spectaculoase pentru bile. De ce să alegi Cleverclixx? 🔹 Stimulează creativitatea și imaginația – Magneții au ceva magic, captivând copiii și oferindu-le libertatea de a construi forme și structuri unice.🔹 Crește odată cu copilul – De la vârsta de 3 ani, cei mici pot explora conceptele de construcție 3D. Pe măsură ce cresc, pot realiza structuri mai complexe și chiar folosi Cleverclixx pentru exerciții matematice la școală.🔹 Compatibil și extensibil – Toate seturile Cleverclixx sunt complet compatibile între ele, permițând extinderea colecției și dezvoltarea continuă a creativității.🔹 Joacă versatilă – Construiește pe podea sau du creativitatea la un alt nivel atașând construcțiile pe suprafețe magnetice, precum caloriferele. Folosește markere lavabile pentru a desena litere, numere sau forme și transformă joaca într-o experiență educativă!🔹 Încurajează învățarea STEAM – Cleverclixx dezvoltă abilități din domeniile Știință, Tehnologie, Inginerie, Artă și Matematică (STEAM), transformând învățarea într-un proces practic, captivant și distractiv. Educațional și sigur Seturile Cleverclixx sunt utilizate în grădinițe și școli primare din întreaga lume pentru a sprijini dezvoltarea abilităților motorii, gândirii logice și rezolvării problemelor. Misiunea Cleverclixx este de a crea jucării educaționale care inspiră curiozitatea, creativitatea și dorința de a învăța pe tot parcursul vieții. Detalii produs ✔ 70 piese magnetice în culori pastelate✔ Recomandat pentru copii de la 3 ani✔ Fabricat din plastic MABS de înaltă calitate✔ Fără BPA - sigur pentru copii✔ Certificat (CPSC, CE, EN71, ASTM) Descoperă mai multe! Explorează gama completă de seturi Cleverclixx, inclusiv seturi mici, medii, mari, culori pastelate & intense, circuite cu bile și multe altele. Lasă imaginația să construiască fără limite cu Cleverclixx! 🚀 Avertisment! Nu este potrivit pentru copiii sub 3 ani. Conține piese mici. Se recomandă supravegherea copilului de către un adult în timpul jocului. Produs de Cleverclixx",451.0,540.99,CC-1002,"[""https://cdnmpro.com/708224949/p/raw/7/joc-magnetic-circuit-pastel-cu-bile-70-piese-cleverclixx~20537.jpg"",""https://cdnmpro.com/708224949/p/raw/9/joc-magnetic-circuit-pastel-cu-bile-70-piese-cleverclixx~20539.jpg"",""https://cdnmpro.com/708224949/p/raw/3/joc-magnetic-circuit-pastel-cu-bile-70-piese-cleverclixx~20543.jpg"",""https://cdnmpro.com/708224949/p/raw/4/joc-magnetic-circuit-pastel-cu-bile-70-piese-cleverclixx~100022974.jpg"",""https://cdnmpro.com/708224949/p/raw/7/joc-magnetic-circuit-pastel-cu-bile-70-piese-cleverclixx~100022977.jpg""]",cmltqoqd70002jjujuey1ukeu,"[""Cleverclixx""]","{""brand"": ""Cleverclixx"", ""gender"": ""Baiat, Fata"", ""originalAgeText"": ""3 - 6"", ""supplierSource"": ""Boribon"", ""sourceCategory"": ""Jocuri||Toate||De construit||STEM||Magnetice"", ""stemRelevanceScore"": 10, ""viralPotentialScore"": 10}","{""shortTitleRo"": ""Cleverclixx Circuit Pastel 70 piese - Marble Run Magnetic"", ""metaDescriptionRo"": ""Cleverclixx Circuit pastel cu bile 70 piese – construcție magnetică!"", ""learningOutcomes"": [""construcție 3D"", ""gândire spațială"", ""motorică fină"", ""rezolvare de probleme""], ""specialCategories"": [""magnetic"", ""marble-run""]}",True,False,8,0,3.0,1800.0,"{""length"": ""33.5 cm"", ""width"": ""30.5 cm""}",,0,0,2026-02-07 02:17:14.098,2026-03-22 23:59:49.000,6096128047069,PRESCHOOL_3_5,311.19,0,0,0,0,0,0,2.9,0,0,APPROVED,MATH,ee75eea8-9f64-4076-96a2-52f5d6926c14,False,,
45036a74-a36c-4b5c-98f2-77e84f0b00c4,Cleverclixx Circuit Luminoase 100 piese - Marble Run Magnetic,jocuri-magnetice-circuit-cu-bile-luminoase-100-piese-cleverclixx-CC-1003,"Cleverclixx Circuit cu bile luminoase – Construiește cel mai spectaculos circuit pentru bile! Set magnetic pentru construirea unui circuit pentru bile plin de culoare și lumină, oferind ore întregi de distracție și creativitate. 🚀 Construcții interactive & joacă fără limite Creează trasee unice pentru bile și urmărește-le în acțiune! Stimulează creativitatea, imaginația și îndemânarea copilului. Design captivant, cu piese luminoase pentru un efect vizual spectaculos. 🎓 Joacă educativă – ideală pentru metoda STEAM Seturile magnetic Cleverclixx cresc odată cu copilul! De la 3 ani – învață bazele construcțiilor 3D. Pe măsură ce cresc, copiii pot realiza structuri mai complexe. Util și în școală – ajută la înțelegerea conceptelor matematice și a gândirii logice. De ce să alegi Cleverclixx? 🔹 Stimulează creativitatea și imaginația – Magneții au ceva magic, captivând copiii și oferindu-le libertatea de a construi forme și structuri unice.🔹 Compatibil și extensibil – Toate seturile Cleverclixx sunt compatibile atât între ele cât și cu alte seturi magnetice, permițând extinderea colecției și dezvoltarea continuă a creativității.🔹 Joacă versatilă – Construiește pe podea sau du creativitatea la un alt nivel atașând construcțiile pe suprafețe magnetice, precum caloriferele. Folosește markere lavabile pentru a desena litere, numere sau forme și transformă joaca într-o experiență educativă!🔹 Încurajează învățarea STEAM – Cleverclixx dezvoltă abilități din domeniile Știință, Tehnologie, Inginerie, Artă și Matematică (STEAM), transformând învățarea într-un proces practic, captivant și distractiv. Educațional și sigur Seturile Cleverclixx sunt utilizate în grădinițe și școli primare din întreaga lume pentru a sprijini dezvoltarea abilităților motorii, gândirii logice și rezolvării problemelor. Misiunea Cleverclixx este de a crea jucării educaționale care inspiră curiozitatea, creativitatea și dorința de a învăța pe tot parcursul vieții. Detalii produs ✔ 100 piese magnetice, culori diferite✔ Recomandat pentru copii de la 3 ani✔ Fabricat din plastic MABS de înaltă calitate✔ Fără BPA - sigur pentru copii✔ Certificat (CPSC, CE, EN71, ASTM) Lasă imaginația să construiască fără limite cu Cleverclixx! 🚀 Avertisment! Nu este potrivit pentru copiii sub 3 ani. Conține piese mici. Se recomandă supravegherea copilului de către un adult în timpul jocului. Produs de Cleverclixx",498.0,597.5,CC-1003,"[""https://cdnmpro.com/708224949/p/raw/4/jocuri-magnetice-circuit-cu-bile-luminoase-100-piese-cleverclixx~20544.jpg"",""https://cdnmpro.com/708224949/p/raw/5/jocuri-magnetice-circuit-cu-bile-luminoase-100-piese-cleverclixx~20545.jpg"",""https://cdnmpro.com/708224949/p/raw/6/jocuri-magnetice-circuit-cu-bile-luminoase-100-piese-cleverclixx~20546.jpg"",""https://cdnmpro.com/708224949/p/raw/7/jocuri-magnetice-circuit-cu-bile-luminoase-100-piese-cleverclixx~20547.jpg"",""https://cdnmpro.com/708224949/p/raw/0/jocuri-magnetice-circuit-cu-bile-luminoase-100-piese-cleverclixx~20550.jpg""]",cmltqoqd70002jjujuey1ukeu,"[""Cleverclixx""]","{""brand"": ""Cleverclixx"", ""gender"": ""Baiat, Fata"", ""originalAgeText"": ""3 - 6"", ""supplierSource"": ""Boribon"", ""sourceCategory"": ""Jocuri||Toate||De construit||Educative||STEM||Magnetice"", ""stemRelevanceScore"": 10, ""viralPotentialScore"": 10}","{""shortTitleRo"": ""Cleverclixx Circuit Luminoase 100 piese - Marble Run Magnetic"", ""metaDescriptionRo"": ""Cleverclixx Circuit cu bile luminoase 100 piese – efect wow!"", ""learningOutcomes"": [""construcție 3D"", ""gândire spațială"", ""motorică fină"", ""creativitate""], ""specialCategories"": [""magnetic"", ""marble-run""]}",True,False,7,0,3.0,2400.0,"{""length"": ""37.0 cm"", ""width"": ""32.0 cm""}",,0,0,2026-02-07 02:17:14.098,2026-03-22 23:59:49.000,6096124770725,PRESCHOOL_3_5,343.62,0,0,0,0,0,0,2.9,0,0,APPROVED,MATH,ee75eea8-9f64-4076-96a2-52f5d6926c14,False,,
f154bf15-a4d1-439a-9f36-b8566504893c,Cleverclixx Circuit Pastel 110 piese - Marble Run Magnetic,joc-magnetic-circuit-pastel-cu-bile-110-piese-cleverclixx-CC-1001,"Cleverclixx Circuit pastel cu bile Set magnetic de construcție cu 110 piese conceput pentru a inspira micii arhitecți! Acest set este introducerea perfectă în jocul magnetic, oferind posibilități nelimitate pentru structuri creative și trasee spectaculoase cu bile. De ce să alegi Cleverclixx? 🔹 Stimulează creativitatea și imaginația – Magneții au ceva magic, captivând copiii și oferindu-le libertatea de a construi forme și structuri unice.🔹 Crește odată cu copilul tău – De la vârsta de 3 ani, cei mici pot explora conceptele de construcție 3D. Pe măsură ce cresc, vor realiza structuri din ce în ce mai complexe și vor putea folosi Cleverclixx pentru exerciții matematice la școală.🔹 Compatibil și extensibil – Toate seturile Cleverclixx sunt complet compatibile între ele, permițând extinderea colecției și dezvoltarea continuă a creativității.🔹 Joacă versatilă – Construiește pe podea sau du creativitatea la un alt nivel atașând construcțiile pe suprafețe magnetice, precum caloriferele. Folosește markere lavabile pentru a desena litere, numere sau forme și transformă joaca într-o experiență educativă!🔹 Încurajează învățarea STEAM – Cleverclixx dezvoltă abilități din domeniile Știință, Tehnologie, Inginerie, Artă și Matematică (STEAM), transformând învățarea într-un proces practic, captivant și distractiv. Educațional și sigur Seturile Cleverclixx sunt utilizate în grădinițe și școli primare din întreaga lume pentru a sprijini dezvoltarea abilităților motorii, gândirii logice și rezolvării problemelor. Misiunea Cleverclixx este de a crea jucării educaționale care inspiră curiozitatea, creativitatea și dorința de a învăța pe tot parcursul vieții. Detalii produs ✔ 110 piese magnetice în culori pastelate✔ Recomandat pentru copii de la 3 ani✔ Fabricat din plastic MABS de înaltă calitate✔ Fără BPA - sigur pentru copii✔ Certificat (CPSC, CE, EN71, ASTM) Lasă imaginația să construiască fără limite cu Cleverclixx! 🚀 Avertisment! Nu este potrivit pentru copiii sub 3 ani. Conține piese mici. Se recomandă supravegherea copilului de către un adult în timpul jocului. Produs de Cleverclixx",524.0,628.99,CC-1001,"[""https://cdnmpro.com/708224949/p/raw/8/joc-magnetic-circuit-pastel-cu-bile-110-piese-cleverclixx~20528.jpg"",""https://cdnmpro.com/708224949/p/raw/9/joc-magnetic-circuit-pastel-cu-bile-110-piese-cleverclixx~20529.jpg"",""https://cdnmpro.com/708224949/p/raw/0/joc-magnetic-circuit-pastel-cu-bile-110-piese-cleverclixx~20530.jpg"",""https://cdnmpro.com/708224949/p/raw/1/joc-magnetic-circuit-pastel-cu-bile-110-piese-cleverclixx~20531.jpg"",""https://cdnmpro.com/708224949/p/raw/2/joc-magnetic-circuit-pastel-cu-bile-110-piese-cleverclixx~20532.jpg""]",cmltqoqd70002jjujuey1ukeu,"[""Cleverclixx""]","{""brand"": ""Cleverclixx"", ""gender"": ""Baiat, Fata"", ""originalAgeText"": ""3 - 6"", ""supplierSource"": ""Boribon"", ""sourceCategory"": ""Jocuri||Toate||De construit||Educative||STEM||Magnetice"", ""stemRelevanceScore"": 10, ""viralPotentialScore"": 10}","{""shortTitleRo"": ""Cleverclixx Circuit Pastel 110 piese - Marble Run Magnetic"", ""metaDescriptionRo"": ""Cleverclixx Circuit pastel cu bile 110 piese – traseu magnetic viral!"", ""learningOutcomes"": [""construcție 3D"", ""gândire spațială"", ""motorică fină"", ""proiectare și testare""], ""specialCategories"": [""magnetic"", ""marble-run""]}",True,False,8,0,3.0,2550.0,"{""length"": ""40.0 cm"", ""width"": ""32.0 cm""}",,0,0,2026-02-07 02:17:14.098,2026-03-22 23:59:49.000,6096146023076,PRESCHOOL_3_5,361.56,0,0,0,0,0,0,2.9,0,0,APPROVED,MATH,ee75eea8-9f64-4076-96a2-52f5d6926c14,False,,
7cc0dda1-4015-4f24-86e0-3c9e0ad02830,Cleverclixx Traseu de Curse 80 piese - Marble Run Magnetic,jocuri-magnetice-traseu-de-curse-80-piese-pastel-cleverclixx-CC-1019,"Circuit magnetic pastel – Cleverclixx | Construcții creative cu 80 de piese luminoase 🚗🌈 Transformă podeaua în pistă de curse cu acest set de 80 de piese magnetice Cleverclixx în culori pastelate! Copiii își pot construi propriul circuit 3D, combinând piese de drum cu forme geometrice translucide, compatibile cu toate seturile Cleverclixx. Creativitate fără limite și învățare prin joacă Încurajează explorarea de forme noi și structuri inovatoare. Dezvoltă gândirea spațială și abilitățile de rezolvare a problemelor. Pentru joacă individuală sau în grup. Se poate desena și scrie pe piese cu markere lavabile pentru mai multă distracție. 80 de piese din plastic MABS fără BPA: piese de drum curbate și drepte + forme magnetice Compatibil cu toate seturile Cleverclixx, Connetix, Magna-Tiles, etc. Culori pastel translucide care lasă lumina să treacă pentru un efect magic Ușor de conectat și de reconstruit, ori de câte ori se dorește Pentru acasă, grădinițe sau locuri de joacă Învâțarea prin metoda STEAM - Joaca cu Cleverclixx stimulează dezvoltarea motorie și cognitivă, fiind tot mai des utilizată în grădinițe și școli primare. 🌍 STEAM = Știință, Tehnologie, Inginerie, Arte & Matematică – o metodă modernă de învățare practică. ✔ Potrivit pentru copii de la 3 ani✔ Certificări: CPSC, CE, EN71, ASTM Transformă fiecare sesiune de joacă într-o aventură creativă și educativă! Producător: Cleverclixx, Belgia 🇧🇪 AVERTISMENT: Contraindicat copiilor sub 3 ani. Se recomandă supravegherea copilului de către un adult în timpul jocului.",794.0,952.99,CC-1019,"[""https://cdnmpro.com/708224949/p/raw/1/jocuri-magnetice-traseu-de-curse-80-piese-pastel-cleverclixx~21171.jpg"",""https://cdnmpro.com/708224949/p/raw/0/jocuri-magnetice-traseu-de-curse-80-piese-pastel-cleverclixx~21170.jpg"",""https://cdnmpro.com/708224949/p/raw/0/jocuri-magnetice-traseu-de-curse-80-piese-pastel-cleverclixx~100022890.jpg"",""https://cdnmpro.com/708224949/p/raw/3/jocuri-magnetice-traseu-de-curse-80-piese-pastel-cleverclixx~100022893.jpg"",""https://cdnmpro.com/708224949/p/raw/6/jocuri-magnetice-traseu-de-curse-80-piese-pastel-cleverclixx~100022896.jpg""]",cmltqoqd70002jjujuey1ukeu,"[""Cleverclixx""]","{""brand"": ""Cleverclixx"", ""gender"": ""Baiat, Fata"", ""originalAgeText"": ""3 - 6, 6 - 9"", ""supplierSource"": ""Boribon"", ""sourceCategory"": ""Jocuri||Toate||De construit||Educative||Noutati||STEM||Magnetice"", ""stemRelevanceScore"": 10, ""viralPotentialScore"": 9}","{""shortTitleRo"": ""Cleverclixx Traseu de Curse 80 piese - Marble Run Magnetic"", ""metaDescriptionRo"": ""Cleverclixx Traseu de curse 80 piese pastel – competiție magnetică!"", ""learningOutcomes"": [""construcție 3D"", ""gândire spațială"", ""proiectare și testare"", ""creativitate""], ""specialCategories"": [""magnetic"", ""marble-run""]}",True,False,3,1,3.0,2900.0,"{""length"": ""37.5 cm"", ""width"": ""23.0 cm""}",,0,0,2026-02-07 02:17:14.098,2026-03-22 23:59:49.000,6097349073011,PRESCHOOL_3_5,547.86,0,0,0,0,0,0,2.9,0,0,APPROVED,MATH,ee75eea8-9f64-4076-96a2-52f5d6926c14,False,,
e65a9160-441a-4d17-9137-703e5d900588,Kit Electricitate & Forță Magnetică Thames & Kosmos - Experiment STEM,kit-stem-electricitate-si-forta-magnetica-thames-and-kosmos-K_620417,"Kit STEM Electricitate si forta magnetica Realizează peste 60 de experimente captivante cu circuite și dispozitive magnetice pentru a învăța despre electricitate și magnetism și despre modul în care aceste două proprietăți fundamentale sunt strâns legate între ele. Copiii cu vârsta de peste opt ani pot experimenta în siguranță și cu ușurință jucându-se cu curentul electric și câmpurile magnetice folosind blocurile și componentele colorate care se montează la fix în acest kit practic.Construiește circuite în serie și în paralel pentru a aprinde un bec. Experimentează cu butoane și întrerupătoare on-off. Asamblează circuite care includ un motor care se învârte, două întrerupătoare și până la trei becuri.Efectuează teste pentru a vedea ce materiale sunt magnetice. Învață despre forța magnetismului și despre polii magnetici. Magnetizează un metal. Folosește umpluturi de fier pentru a face vizibile câmpuri magnetice invizibile. Investighează forța și direcția magnetică cu ajutorul unui dispozitiv cu pendul magnetic. Învață cum funcționează o busolă și despre câmpurile magnetice ale Pământului. Efectuează o serie de experimente cu un electromagnet robust.În cele din urmă, pune în valoare tot ce ai învățat construind un difuzor, un comutator cu releu electromagnetic și o cheie de telegraf în cod Morse.Componentele sunt special concepute pentru a face învățarea distractivă și accesibilă. Blocurile electrice se potrivesc între ele cu ajutorul unor conectori simpli cu ștecher și priză. Deoarece blocurile sunt viu colorate și au forme unice, este ușor de urmărit schemele de asamblare pentru a construi dispozitive funcționale. Manualul de experimente de 64 de pagini, complet color, te va ghida prin experimente cu diagrame ușor de urmărit. Kitul conține 64 de piese, 62 de experimente, manual cu instrucțiuni. Necesita 2 baterii AA.Vârsta recomandată: 8+ ani. Premiat cu Aur de Alegerea părinților Confecționat din plastic. Conform reglementarilor EN71&ASTM.AVERTISMENT: Contraindicat copiilor sub 3 ani, conține piese mici. Se recomandă supravegherea copilului de către un adult în timpul jocului. Citiți instrucțiunile înainte de utilizare, urmați-le și păstrați-le pentru referință. Nu amestecați bateriile vechi cu cele noi. Nu amestecați baterii alcaline, standard (carbon-zinc) sau reîncărcabile (nichel-cadmiu). Niciuna dintre componentele electrice sau electronice din acest kit nu trebuie aruncată la gunoiul menajer obișnuit după ce ați terminat cu ele. În schimb, acestea trebuie să fie predate la o locație de colectare pentru reciclarea dispozitivelor electrice și electronice. Vă rugăm să contactați autoritatea locală pentru a afla care este locul de eliminare adecvat. AVERTISMENT: MAGNEȚI MICI - Acest produs conține magneți mici. Magneții înghițiți se pot lipi între ei de-a lungul intestinelor, provocând infecții grave și moartea. Solicitați imediat asistență medicală dacă magneții sunt înghițiți sau inhalați.Fabricat în China pentru Thames & Kosmos, Anglia. Manual Kit STEM Electricitate si forta magnetica, Thames & Kosmos - descarca fisier",423.0,507.5,K_620417,"[""https://cdnmpro.com/708224949/p/raw/8/kit-stem-electricitate-si-forta-magnetica-thames-kosmos~12238.jpg"",""https://cdnmpro.com/708224949/p/raw/9/kit-stem-electricitate-si-forta-magnetica-thames-kosmos~12239.jpg"",""https://cdnmpro.com/708224949/p/raw/0/kit-stem-electricitate-si-forta-magnetica-thames-kosmos~12240.jpg"",""https://cdnmpro.com/708224949/p/raw/1/kit-stem-electricitate-si-forta-magnetica-thames-kosmos~12241.jpg"",""https://cdnmpro.com/708224949/p/raw/2/kit-stem-electricitate-si-forta-magnetica-thames-kosmos~12242.jpg""]",cmltqoqd70002jjujuey1ukeu,"[""Thames & Kosmos""]","{""brand"": ""Thames & Kosmos"", ""gender"": ""Baiat, Fata"", ""originalAgeText"": ""6 - 9, 9+"", ""supplierSource"": ""Boribon"", ""sourceCategory"": ""Jocuri||Toate||De construit||STEM"", ""stemRelevanceScore"": 10, ""viralPotentialScore"": 9}","{""shortTitleRo"": ""Kit Electricitate & Forță Magnetică Thames & Kosmos - Experiment STEM"", ""metaDescriptionRo"": ""Kit STEM Electricitate și forță magnetică – peste 60 experimente!"", ""learningOutcomes"": [""electricitate și magnetism"", ""experimentare practică"", ""gândire științifică"", ""rezolvare de probleme""], ""specialCategories"": [""circuits"", ""science-experiment""]}",True,False,16,0,5.0,1000.0,"{""length"": ""43.0 cm"", ""width"": ""29.0 cm""}",,0,0,2026-02-07 02:17:14.098,2026-03-22 23:59:49.000,814743010451,ELEMENTARY_6_8,291.87,0,0,0,0,0,0,2.9,0,0,APPROVED,TECHNOLOGY,ee75eea8-9f64-4076-96a2-52f5d6926c14,False,,
879bef58-f315-4eee-a3bc-0fbe83a5d755,Workshop de Robotică micro:bit Genius Toy - Kit Avansat,kit-stem-workshop-de-robotica-compatibil-cu-microbit-genius-toy-G_1409,"Kit STEM Workshop de robotica compatibil cu micro:bit Cel mai bun atelier de robotică pentru a învăța codarea! Un kit intuitiv de ultimă generație pentru construcții și robotică, destinat utilizării acasă și la școală. Construiește și programează roboți cu acest sistem complet de inginerie robotică. Include un mini-calculator cu o matrice integrată de 25 de LED-uri și senzori încorporați care pot măsura lumina, temperatura, magnetismul, mișcarea și sunetul. Atelierul de robotică include, de asemenea, două cutii de viteze planetare puternice 50X, un servomotor tactic, un senzor ultrasonic durabil și un controler inteligent care le integrează pe toate. Cu sute de piese de construcție care se îmbină prin clipsare, poți asambla 14 roboți diferiți. Piesele versatile îți permit, de asemenea, să creezi roboți după propriile desene și să-i programezi pentru a le da viață! Această activitate de robotică începe cu instrucțiuni pentru construirea unor roboți simpli, învățându-te cum pot fi utilizați senzorii pentru a controla roboții. Construiește un robot ultrasonic care poate evita obstacolele, un robot bionic, un angrenaj cu tobe, un braț robotic impresionant și multe altele. Adaugă cod pentru a da viață roboților. Oricine poate învăța să programeze folosind aplicația gratuită MakeCode, bazată pe web sau tabletă, care încarcă codul direct pe micro:bit. Începe cu programarea vizuală bloc, ușor de înțeles, și apoi dezvoltă-te pentru a învăța cele mai relevante limbaje de programare din industria tehnologică: Python și JavaScript. Încărcarea codului pe micro:bit este rapidă și ușoară. Folosește cablul Micro-USB (nu este inclus) de la un desktop sau conectează-te wireless la controlerul inteligent folosind o conexiune Bluetooth Low Energy. După ce ai stăpânit toate modelele robotice din instrucțiuni, vei avea instrumentele și cunoștințele necesare pentru a construi și programa propriile creații robotice uimitoare. Un manual color de 36 de pagini și o mulțime de resurse online prezintă instrucțiuni ilustrate pas cu pas, care explică cum să construiești, programezi și operezi modelele de roboți. ● Modele și explicații simple și ușor de utilizat pentru începătorii în programarea micro:bit. ● Trei teme majore acoperă aplicații din lumea reală: casă inteligentă, transport, robotică și automatizare. ● Dispune de o cutie de control principală actualizată, 2 motoare cu cuplu ridicat, un senzor ultrasonic și un servomotor unghiular pentru aplicații diverse. ● Necesită două baterii reîncărcabile litiu-ion 18650 (nu sunt incluse). Bateria poate fi încărcată folosind cablul USB tip C inclus. ● Necesită o placă principală BBC micro:bit (nu este inclusă). Piesele din aceast kit sunt compatibile cu piesele altor seturi de construcție Gigo.Conține 245 piese, 14 modele, manual cu instrucțiuni. Vărsta recomandată: +8 ani. Confecționat din plastic. Conform reglementarilor EN71&ASTM.AVERTISMENT: Contraindicat copiilor sub 3 ani, conține piese mici. Se recomandă supravegherea copilului de către un adult în timpul jocului. Citiți instrucțiunile înainte de utilizare, urmați-le și păstrați-le pentru referință.Produs in Taiwan de Genius Toy. Manual Kit STEM Workshop de robotica compatibil cu micro:bit, Gigo Toys - descarca aici fisierul",1428.0,1713.5,G_1409,"[""https://cdnmpro.com/708224949/p/raw/6/kit-stem-workshop-de-robotica-compatibil-cu-micro-bit-genius-toy~19966.jpg"",""https://cdnmpro.com/708224949/p/raw/5/kit-stem-workshop-de-robotica-compatibil-cu-micro-bit-genius-toy~19965.jpg"",""https://cdnmpro.com/708224949/p/raw/7/kit-stem-workshop-de-robotica-compatibil-cu-micro-bit-genius-toy~19967.jpg"",""https://cdnmpro.com/708224949/p/raw/8/kit-stem-workshop-de-robotica-compatibil-cu-micro-bit-genius-toy~19968.jpg"",""https://cdnmpro.com/708224949/p/raw/9/kit-stem-workshop-de-robotica-compatibil-cu-micro-bit-genius-toy~19969.jpg""]",cmltqoqd70002jjujuey1ukeu,"[""Gigo Toys""]","{""brand"": ""Gigo Toys"", ""gender"": ""Baiat, Fata"", ""originalAgeText"": ""6 - 9, 9+"", ""supplierSource"": ""Boribon"", ""sourceCategory"": ""Jocuri||Toate||De construit||STEM"", ""stemRelevanceScore"": 10, ""viralPotentialScore"": 10}","{""shortTitleRo"": ""Workshop de Robotică micro:bit Genius Toy - Kit Avansat"", ""metaDescriptionRo"": ""Kit STEM Workshop de robotică compatibil cu micro:bit – nivel avansat!"", ""learningOutcomes"": [""programare și robotică"", ""gândire computațională"", ""asamblare practică"", ""rezolvare de probleme""], ""specialCategories"": [""robotics"", ""coding""]}",True,False,1,0,3.0,1700.0,"{""length"": ""42.0 cm"", ""width"": ""32.0 cm""}",,0,0,2026-02-07 02:17:14.098,2026-03-22 23:59:49.000,4716503314099,ELEMENTARY_6_8,942.48,0,0,0,0,0,0,2.9,0,0,APPROVED,SCIENCE,ee75eea8-9f64-4076-96a2-52f5d6926c14,False,,
8fc4c44e-b566-423b-b2e9-13e068ad59df,"Joc Circuit Domino, Egmont Toys",joc-circuit-domino-egmont-toys-Egm_570135,"Un joc clasic - circuit domino Conține: 200 piese de domino din lemn (câteva sunt mai mari, 1 piesă are atașat 1 clopoțel, pentru a marca finalul lanțului). Scopul jocului: să îți pui în joc toate piesele de domino sau să dobori întregul lanț din piese, dintr-o mișcare. Vârsta recomandată: +3 ani.Confecționat din materiale și vopsele non toxice conform reglementărilor EN71&ASTM.AVERTISMENT: Contraindicat copiilor sub 3 ani. Conține părți mici. Se recomandă supravegherea copilului de către un adult în timpul jocului.Producător: Egmont Toys, Belgia.",140.0,167.86,Egm_570135,"[""https://cdnmpro.com/708224949/p/raw/9/joc-circuit-domino-egmont-toys~6639.jpg""]",cmltqoqov0003jjujnu1ppk5u,"[""Egmont Toys""]","{""brand"": ""Egmont Toys"", ""originalAgeText"": ""3 - 6, 6 - 9"", ""supplierSource"": ""Boribon"", ""sourceCategory"": ""De construit||Toate||Jocuri||Jucarii Montessori||Educative"", ""stemRelevanceScore"": 10, ""viralPotentialScore"": 10}","{""shortTitleRo"": ""Joc Circuit Domino, Egmont Toys"", ""metaDescriptionRo"": ""Kit educativ STEM de construcție robotică de la Egmont Toys. Dezvoltă gândirea logică și abilitățile tehnice. Perfect pentru Reels și conținut educativ!"", ""learningOutcomes"": [""planificare secvențială"", ""gândire cauzală"", ""motorică fină"", ""înțelegerea cauză-efect""], ""specialCategories"": [""chain-reaction""]}",True,False,7,0,3.0,2000.0,"{""length"": ""27.5 cm""}",0.0,0,0,2026-03-22 23:59:49.000,2026-03-22 23:59:49.000,5420023034724,PRESCHOOL_3_5,,0,0,0,0,0,0,2.9,0,0,APPROVED,TECHNOLOGY,ee75eea8-9f64-4076-96a2-52f5d6926c14,False,,
a36ef09b-66fc-4c8b-9d97-c5d576a2febf,"Set de desen cu piese magnetice, Astronaut, Egmont Toys",set-de-desen-cu-piese-magnetice-astronaut-egmont-toys-Egm_630526,"Set de desen Setul conține: 24 creioane colorate; planșă cu magnet, cu 24 de piese individuale, conturate, pe care copilul le desenează. Piesele colorate se pot scoate de pe planșă și folosi ca magneți pentru cea mai fantastică poveste! Vârsta recomandată: +3 ani. AVERTISMENT: Contraindicat copiilor sub 3 ani. Conține magnet! Se recomandă supravegherea copilului de către un adult în timpul jocului. Citiți cu atenție eticheta produsului înainte de a înmâna jucăria copilului. Producător: Egmont Toys, Belgia.",51.0,61.15,Egm_630526,"[""https://cdnmpro.com/708224949/p/raw/5/set-de-desen-cu-piese-magnetice-astronaut-egmont-toys~4045.jpg""]",cmli6buv20021jjpbr43q9cpr,"[""Egmont Toys""]","{""brand"": ""Egmont Toys"", ""originalAgeText"": ""3 - 6"", ""supplierSource"": ""Boribon"", ""sourceCategory"": ""Creative||Toate||Jocuri||Promotii||Magnetice"", ""stemRelevanceScore"": 10, ""viralPotentialScore"": 10}","{""shortTitleRo"": ""Set de desen cu piese magnetice, Astronaut, Egmont Toys"", ""metaDescriptionRo"": ""Set constructiv STEM de la Egmont Toys - Set de desen cu piese magnetice, Astronaut, Egmont Toys. Construiește, experimentează și dezvoltă creativitatea. Ideal pentru vârste 3-12 ani."", ""learningOutcomes"": [""creativitate artistică"", ""motorică fină"", ""coordonare mână-ochi"", ""imaginație""], ""specialCategories"": [""art-craft"", ""magnetic""]}",True,False,34,0,10.0,200.0,"{""length"": ""20.0 cm""}",0.0,0,0,2026-03-22 23:59:49.000,2026-03-22 23:59:49.000,5420023023988,PRESCHOOL_3_5,,0,0,0,0,0,0,2.9,0,0,APPROVED,ENGINEERING,ee75eea8-9f64-4076-96a2-52f5d6926c14,False,,
efaf5006-af3a-4235-8365-b0619331ba73,"Joc logic 3D Puzzle Flexi-cub1, Fridolin",joc-logic-3d-puzzle-flexi-cub1-fridolin-Fr_17519,"Test IQ Puzzle 3D din lemn de bambus Flexi-cub Scopul jocului este de a demonta si apoi a monta puzzle-ul. Dezvoltă perspicacitatea și inteligența.Jocuri de gândire în care trebuie să dezlegați misterul puzzle-urilor. Grad de dificultate: *** Vârsta recomandată +8 ani. Confecționat din lemn și materiale non-toxice conform reglementărilor EN71 & ASTM. Certificate FSC®. AVERTISMENT: Contraindicat copiilor sub 3 ani. Conține piese mici ce pot fi inghițite. A se utiliza sub stricta supraveghere a unei persoane adulte. Producător: Fridolin, Germania.",65.0,77.94,Fr_17519,"[""https://cdnmpro.com/708224949/p/raw/7/joc-logic-3d-puzzle-flexi-cub1-fridolin~3037.jpg"", ""https://cdnmpro.com/708224949/p/raw/1/joc-logic-3d-puzzle-flexi-cub1-fridolin~3301.jpg""]",cmli6buv20021jjpbr43q9cpr,"[""Fridolin""]","{""brand"": ""Fridolin"", ""originalAgeText"": ""6 - 9, 9+"", ""supplierSource"": ""Boribon"", ""sourceCategory"": ""De logica||Toate||Jocuri||Promotii||Jucarii din lemn"", ""stemRelevanceScore"": 10, ""viralPotentialScore"": 10}","{""shortTitleRo"": ""Joc logic 3D Puzzle Flexi-cub1, Fridolin"", ""metaDescriptionRo"": ""Set constructiv STEM de la Fridolin - Joc logic 3D Puzzle Flexi-cub1, Fridolin. Construiește, experimentează și dezvoltă creativitatea. Ideal pentru vârste 3-12 ani."", ""learningOutcomes"": [""logică spațială"", ""perspicacitate"", ""rezolvare de probleme"", ""răbdare""], ""specialCategories"": [""puzzle-iq""]}",True,False,5,0,3.0,200.0,"{""length"": ""6.0 cm""}",0.0,0,0,2026-03-22 23:59:49.000,2026-03-22 23:59:49.000,4031172175193,ELEMENTARY_6_8,,0,0,0,0,0,0,2.9,0,0,APPROVED,ENGINEERING,ee75eea8-9f64-4076-96a2-52f5d6926c14,False,,
839c1e8d-2e30-4976-9651-a22af2483365,"Joc logic IQ Colour Sudoku Cube, Fridolin",joc-logic-iq-colour-sudoku-cube-fridolin-Fr_17366,"Test IQ Colour Sudoku Cube Scopul jocului este de a reface cubul, fără a repeta nicio culoare, pe nicuna din fețe. Jocuri de gândire în care trebuie să dezlegați misterul puzzle-urilor, dezvoltă perspicacitatea, inteligența. Confecționat din lemn și materiale non-toxice conform reglementărilor EN71 & ASTM. Certificare FSC, Vârsta recomandată: +6 ani. Grad de dificultate:***AVERTISMENT: Contraindicat copiilor sub 3 ani. Conține piese mici ce pot fi înghițite. A se utiliza sub stricta supraveghere a unei persoane adulte. Producător: Fridolin, Germania.",38.0,45.56,Fr_17366,"[""https://cdnmpro.com/708224949/p/raw/6/joc-logic-iq-colour-sudoku-cube-fridolin~4386.jpg"", ""https://cdnmpro.com/708224949/p/raw/2/joc-logic-iq-colour-sudoku-cube-fridolin~4612.jpg""]",cmltqoq940001jjujkuq676do,"[""Fridolin""]","{""brand"": ""Fridolin"", ""gender"": ""Adult, Baiat, Fata"", ""originalAgeText"": ""6 - 9, 9+"", ""supplierSource"": ""Boribon"", ""sourceCategory"": ""De logica||Toate||Jocuri||Jucarii din lemn"", ""stemRelevanceScore"": 10, ""viralPotentialScore"": 10}","{""shortTitleRo"": ""Joc logic IQ Colour Sudoku Cube, Fridolin"", ""metaDescriptionRo"": ""Jucărie educativă STEM de la Fridolin - Joc logic IQ Colour Sudoku Cube, Fridolin. Stimulează creativitatea și gândirea logică. Ideal pentru copii curioși!"", ""learningOutcomes"": [""logică combinatorie"", ""pattern recognition"", ""gândire analitică"", ""răbdare""], ""specialCategories"": [""puzzle-iq"", ""logic-game""]}",True,False,15,0,4.0,300.0,"{""length"": ""5.0 cm""}",0.0,0,0,2026-03-22 23:59:49.000,2026-03-22 23:59:49.000,4031172173663,ELEMENTARY_6_8,,0,0,0,0,0,0,2.9,0,0,APPROVED,GENERAL,ee75eea8-9f64-4076-96a2-52f5d6926c14,False,,
860b0fc5-f407-46cb-85ff-313f00dafbb1,"Joc logic IQ Cutia secretelor, Fridolin",joc-logic-iq-cutia-secretelor-fridolin-Fr_17197,"Joc logic puzzle 3D din lemn de bambus Scopul jocului este de a găsi soluția și a putea deshide cutia.Joc de gândire în care trebuie să dezlegi misterul puzzle-urilor, dezvoltă perspicacitatea, inteligența. Grad de dificultate: *****Confecționat din lemn și materiale non-toxice conform reglementărilor EN71 & ASTM. Certificare FSC®.. Vârsta recomandată: +12 ani .AVERTISMENT: Contraindicat copiilor sub 3 ani. Conține piese mici ce pot fi inghițite. A se utiliza sub stricta supraveghere a unei persoane adulte. Producător: Fridolin, Germania.",91.0,109.11,Fr_17197,"[""https://cdnmpro.com/708224949/p/raw/3/joc-logic-iq-cutia-secretelor-fridolin~2133.jpg"", ""https://cdnmpro.com/708224949/p/raw/1/joc-logic-iq-cutia-secretelor-fridolin~2491.jpg"", ""https://cdnmpro.com/708224949/p/raw/4/joc-logic-iq-cutia-secretelor-fridolin~2494.jpg""]",cmltqoq940001jjujkuq676do,"[""Fridolin""]","{""brand"": ""Fridolin"", ""gender"": ""Adult, Baiat, Fata"", ""originalAgeText"": ""6 - 9, 9+"", ""supplierSource"": ""Boribon"", ""sourceCategory"": ""De logica||Toate||Jocuri||Jucarii din lemn"", ""stemRelevanceScore"": 9, ""viralPotentialScore"": 10}","{""shortTitleRo"": ""Joc logic IQ Cutia secretelor, Fridolin"", ""metaDescriptionRo"": ""Jucărie educativă STEM de la Fridolin - Joc logic IQ Cutia secretelor, Fridolin. Stimulează creativitatea și gândirea logică. Ideal pentru copii curioși!"", ""learningOutcomes"": [""logică deductivă"", ""perspicacitate avansată"", ""rezolvare de probleme"", ""răbdare extremă""], ""specialCategories"": [""puzzle-iq""]}",True,False,0,0,3.0,400.0,"{""length"": ""10.5 cm""}",0.0,0,0,2026-03-22 23:59:49.000,2026-03-22 23:59:49.000,4031172171973,ELEMENTARY_6_8,,0,0,0,0,0,0,2.9,0,0,APPROVED,GENERAL,ee75eea8-9f64-4076-96a2-52f5d6926c14,False,,
369593c9-7f95-4ea4-ab60-963b852ca129,"IQ Test Elibereaza inelul -1, Fridolin",iq-test-elibereaza-inelul--1-fridolin-Fr_17351,"IQ Test Eliberează inelul -1 Modele cu diferite grade de dificultate, care îți pun răbdarea și perspicacitatea la încercare. După ce ai reușit, încearcă să îl aduci în poziția inițială pentru următorul jucător. Vârsta recomandată: + 8 ani. Grad de dificultate: **** Confecționat din lemn, metal, șnur și alte materiale non-toxice conform reglementărilor EN71 & ASTM. AVERTISMENT: Contraindicat copiilor sub 3 ani. Conține șnur, piese mici ce pot fi înghițite. A se utiliza sub directa supraveghere a unei persoane adulte. Producător: Fridolin, Germania.",37.0,44.36,Fr_17351,"[""https://cdnmpro.com/708224949/p/raw/0/iq-test-elibereaza-inelul-1-fridolin~1100.jpg"", ""https://cdnmpro.com/708224949/p/raw/5/iq-test-elibereaza-inelul-1-fridolin~1505.jpg"", ""https://cdnmpro.com/708224949/p/raw/7/iq-test-elibereaza-inelul-1-fridolin~17127.jpg""]",cmltqoq940001jjujkuq676do,"[""Fridolin""]","{""brand"": ""Fridolin"", ""originalAgeText"": ""6 - 9, 9+"", ""supplierSource"": ""Boribon"", ""sourceCategory"": ""De logica||Toate"", ""stemRelevanceScore"": 9, ""viralPotentialScore"": 10}","{""shortTitleRo"": ""IQ Test Elibereaza inelul -1, Fridolin"", ""metaDescriptionRo"": ""Jucărie educativă STEM de la Fridolin - IQ Test Elibereaza inelul -1, Fridolin. Stimulează creativitatea și gândirea logică. Ideal pentru copii curioși!"", ""learningOutcomes"": [""logică deductivă"", ""perspicacitate"", ""răbdare"", ""gândire tactilă""], ""specialCategories"": [""puzzle-iq""]}",True,False,0,0,3.0,200.0,"{""length"": ""10.0 cm""}",0.0,0,0,2026-03-22 23:59:49.000,2026-03-22 23:59:49.000,4031172173519,ELEMENTARY_6_8,,0,0,0,0,0,0,2.9,0,0,APPROVED,GENERAL,ee75eea8-9f64-4076-96a2-52f5d6926c14,False,,
60277ce0-5aaa-4186-a443-d9752fef6fb5,"Instrument optic 3 in 1 Telescop, Periscop, Microscop, Navir",instrument-optic-3-in-1-telescop-periscop-microscop-navir-N_8097,"Instrument optic 3 in 1 Telescop, Periscop, Microscop Instrument optic ingenios care, prin mișcări simple, se transformă în TELESCOP, MICROSCOP și PERISCOP Dimensiuni: 23.5 x 12 x 5 cm. Vârsta recomandată: + 6 ani. Fabricat din plastic ABS (rezistent la impact, la temperaturi ridicate și la contactul cu substanțe chimice) și plexiglas. AVERTISMENT: Contraindicat copiilor sub 3 ani. A se utiliza sub supravegherea unei persoane adulte. Produs de Navir, Italia.",119.0,142.68,N_8097,"[""https://cdnmpro.com/708224949/p/raw/4/instrument-optic-3-in-1-telescop-periscop-microscop-navir~10374.jpg"", ""https://cdnmpro.com/708224949/p/raw/3/instrument-optic-3-in-1-telescop-periscop-microscop-navir~10373.jpg"", ""https://cdnmpro.com/708224949/p/raw/5/instrument-optic-3-in-1-telescop-periscop-microscop-navir~10375.jpg"", ""https://cdnmpro.com/708224949/p/raw/6/instrument-optic-3-in-1-telescop-periscop-microscop-navir~10396.jpg"", ""https://cdnmpro.com/708224949/p/raw/7/instrument-optic-3-in-1-telescop-periscop-microscop-navir~10397.jpg""]",cmltqoqd70002jjujuey1ukeu,"[""Navir""]","{""brand"": ""Navir"", ""gender"": ""Baiat, Fata"", ""originalAgeText"": ""6 - 9, 9+"", ""supplierSource"": ""Boribon"", ""sourceCategory"": ""Jucarii||Toate||De exterior||STEM"", ""stemRelevanceScore"": 10, ""viralPotentialScore"": 10}","{""shortTitleRo"": ""Instrument optic 3 in 1 Telescop, Periscop, Microscop, Navir"", ""metaDescriptionRo"": ""Kit științific STEM de la Navir. Explorează lumea științei prin experimente practice. Perfect pentru conținut viral și cadouri educative!"", ""learningOutcomes"": [""observație științifică"", ""utilizarea instrumentelor optice"", ""curiozitate naturală"", ""explorare""], ""specialCategories"": [""optics"", ""microscopy""]}",True,False,7,0,3.0,300.0,"{""length"": ""23.0 cm"", ""width"": ""12.5 cm""}",0.0,0,0,2026-03-22 23:59:49.000,2026-03-22 23:59:49.000,8006944809701,ELEMENTARY_6_8,,0,0,0,0,0,0,2.9,0,0,APPROVED,SCIENCE,ee75eea8-9f64-4076-96a2-52f5d6926c14,False,,
ea3036b2-4e5d-4b66-9177-351b402b9a2e,"Kit STEM de construit circuite electrice E-tec, Fischertechnik",kit-stem-de-construit-circuite-electrice-e-tec-fischertechnik-F_571905,"Kit STEM de construit circuite electrice E-tec De la circuite simple cu comutatoare de inversare a polarității, la circuite în serie și în paralel, la un tester de continuitate și circuite OR - aceast set de construcție învață copiii cele mai importante concepte de electricitate într-un mod distractiv. În plus, aspectele tehnice sunt ilustrate folosind jocuri de îndemânare pentru a încuraja curiozitatea și creativitatea copiilor. O jucărie valoroasă din punct de vedere educațional care nu numai că face construcția distractivă, dar oferă și o perspectivă bine fundamentată asupra lumii electricității. Conține 112 de piese, 11 modele. Vârsta recomandată: +8 ani. Confecționat din plastic. Conform reglementarilor EN71&ASTM.AVERTISMENT: Contraindicat copiilor sub 3 ani, conține piese mici. Se recomandă supravegherea copilului de către un adult în timpul jocului. Citiți instrucțiunile înainte de utilizare, urmați-le și păstrați-le pentru referință.Produs in Germania de Fischertechnik.",325.0,389.68,F_571905,"[""https://cdnmpro.com/708224949/p/raw/2/kit-stem-de-construit-circuite-electrice-e-tec-fischertechnik~19632.jpg"", ""https://cdnmpro.com/708224949/p/raw/9/kit-stem-de-construit-circuite-electrice-e-tec-fischertechnik~19629.jpg"", ""https://cdnmpro.com/708224949/p/raw/0/kit-stem-de-construit-circuite-electrice-e-tec-fischertechnik~19630.jpg"", ""https://cdnmpro.com/708224949/p/raw/1/kit-stem-de-construit-circuite-electrice-e-tec-fischertechnik~19631.jpg"", ""https://cdnmpro.com/708224949/p/raw/3/kit-stem-de-construit-circuite-electrice-e-tec-fischertechnik~19633.jpg""]",cmltqoqov0003jjujnu1ppk5u,"[""Fischertechnik""]","{""brand"": ""Fischertechnik"", ""gender"": ""Baiat, Fata"", ""originalAgeText"": ""6 - 9, 9+"", ""supplierSource"": ""Boribon"", ""sourceCategory"": ""Jocuri||Toate||De construit||Educative||STEM"", ""stemRelevanceScore"": 10, ""viralPotentialScore"": 10}","{""shortTitleRo"": ""Kit STEM de construit circuite electrice E-tec, Fischertechnik"", ""metaDescriptionRo"": ""Kit educativ STEM de construcție robotică de la Fischertechnik. Dezvoltă gândirea logică și abilitățile tehnice. Perfect pentru Reels și conținut educativ!"", ""learningOutcomes"": [""circuite electrice"", ""gândire tehnologică"", ""asamblare practică"", ""rezolvare de probleme""], ""specialCategories"": [""circuits""]}",True,False,0,0,3.0,900.0,"{""length"": ""32.0 cm"", ""width"": ""23.0 cm""}",0.0,0,0,2026-03-22 23:59:49.000,2026-03-22 23:59:49.000,4048962516661,ELEMENTARY_6_8,,0,0,0,0,0,0,2.9,0,0,APPROVED,TECHNOLOGY,ee75eea8-9f64-4076-96a2-52f5d6926c14,False,,
7c8e81b2-b337-4a90-b2b3-8abbef862ec1,"Kit STEM Circuite XL de reactii in lant traznite, Fischertechnik",kit-stem-circuite-xl-de-reactii-in-lant-traznite-fischertechnik-F_559890,"Kit STEM Circuite XL de reactii in lant Set de construcție, pentru a construi propriul model de reacție în lanț, în care o reacție declanșează o altă reacție, cu efecte surpriză interesante. Dă semnalul de pornire și descoperă în joacă funcția scripetelui, a pârghiei și a cutiei de viteze. Nu este de ajuns? Reacțiile în lanț pot fi extinse cu obiecte de zi cu zi și încurajează construcția creativă. Cu ajutorul instrucțiunilor pot fi construite trei modele inedite de reacții în lanț care mai de care mai spectaculoase. Nu există limite pentru creativitate. Tinerii inventatori își pot crea propriile trasee și, de asemenea, pot integra piese non-fischertechnik, cum ar fi piese de domino și altele asemenea.Poate fi combinat cu seturile de contruit 551588 Reactii in lant și 569018 Reactii in lant trasnite Nominalizat pentru ""Premiul german pentru jucării 2021""Nominalizat pentru TOP 10 jucării 2021Premiul ""spiel gut"" Instrucțiuni de asamblare pentru a construi 3 modele de circuite tip domino, complexe și originale. Conține 682 de piese. Vârsta recomandată: +8 ani. Confecționat din plastic. Conform reglementarilor EN71&ASTM.AVERTISMENT: Contraindicat copiilor sub 3 ani, conține piese mici. Se recomandă supravegherea copilului de către un adult în timpul jocului. Citiți instrucțiunile înainte de utilizare, urmați-le și păstrați-le pentru referință.Produs in Germania de Fischertechnik.",758.0,908.84,F_559890,"[""https://cdnmpro.com/708224949/p/raw/5/kit-stem-circuite-xl-de-reactii-in-lant-traznite-fischertechnik~11985.jpg"", ""https://cdnmpro.com/708224949/p/raw/6/kit-stem-circuite-xl-de-reactii-in-lant-traznite-fischertechnik~11986.jpg"", ""https://cdnmpro.com/708224949/p/raw/7/kit-stem-circuite-xl-de-reactii-in-lant-traznite-fischertechnik~11987.jpg"", ""https://cdnmpro.com/708224949/p/raw/8/kit-stem-circuite-xl-de-reactii-in-lant-traznite-fischertechnik~11988.jpg"", ""https://cdnmpro.com/708224949/p/raw/9/kit-stem-circuite-xl-de-reactii-in-lant-traznite-fischertechnik~11989.jpg""]",cmltqoqov0003jjujnu1ppk5u,"[""Fischertechnik""]","{""brand"": ""Fischertechnik"", ""gender"": ""Baiat, Fata"", ""originalAgeText"": ""6 - 9, 9+"", ""supplierSource"": ""Boribon"", ""sourceCategory"": ""Jocuri||Toate||De construit||Educative||STEM"", ""stemRelevanceScore"": 10, ""viralPotentialScore"": 10}","{""shortTitleRo"": ""Kit STEM Circuite XL de reactii in lant traznite, Fischertechnik"", ""metaDescriptionRo"": ""Kit educativ STEM de construcție robotică de la Fischertechnik. Dezvoltă gândirea logică și abilitățile tehnice. Perfect pentru Reels și conținut educativ!"", ""learningOutcomes"": [""gândire cauzală"", ""principii mecanice"", ""construcție 3D"", ""proiectare și testare""], ""specialCategories"": [""chain-reaction"", ""construction""]}",True,False,11,0,3.0,2000.0,"{""length"": ""46.0 cm"", ""width"": ""32.0 cm""}",0.0,0,0,2026-03-22 23:59:49.000,2026-03-22 23:59:49.000,4048962424713,ELEMENTARY_6_8,,0,0,0,0,0,0,2.9,0,0,APPROVED,TECHNOLOGY,ee75eea8-9f64-4076-96a2-52f5d6926c14,False,,
d2939d83-0db9-40bd-9451-3f350afd8900,"Kit STEM Puterea Solara, Fischertechnik",kit-stem-puterea-solara-fischertechnik-F_559882,"Kit STEM Puterea Solara, Modele distractive alimentate cu energie solara Energia regenerabilă - o temă importantă a prezentului și a viitorului, care va deveni indispensabilă. Prin urmare, este cu atât mai important să le fie introdus copiilor conceptul și importanța energiei solare într-un mod ludic, cât mai devreme. Jucăriile alimentate cu energie solară sunt ideale pentru tinerii cercetători pentru a explora energia soarelui. Noul set de construcție Puterea Solară, prin modelele sale versatile, promite distracție și varietate în timp ce educă. Noțiuni de bază al energiei solare sunt predate într-un mod jucăuș permițând copiilor cu vârsta de la 8 ani să învețe mai multe despre acest subiect. Instrucțiuni de asamblare pentru a construi 4 modele. Conține 167 de piese. Vârsta recomandată: +8 ani. Confecționat din plastic. Conform reglementarilor EN71&ASTM.AVERTISMENT: Contraindicat copiilor sub 3 ani, conține piese mici. Se recomandă supravegherea copilului de către un adult în timpul jocului. Citiți instrucțiunile înainte de utilizare, urmați-le și păstrați-le pentru referință.Produs in Germania de Fischertechnik.",366.0,438.83,F_559882,"[""https://cdnmpro.com/708224949/p/raw/7/kit-stem-puterea-solara-fischertechnik~12077.jpg"", ""https://cdnmpro.com/708224949/p/raw/4/kit-stem-puterea-solara-fischertechnik~12074.jpg"", ""https://cdnmpro.com/708224949/p/raw/5/kit-stem-puterea-solara-fischertechnik~12075.jpg"", ""https://cdnmpro.com/708224949/p/raw/6/kit-stem-puterea-solara-fischertechnik~12076.jpg"", ""https://cdnmpro.com/708224949/p/raw/8/kit-stem-puterea-solara-fischertechnik~12078.jpg""]",cmltqoqd70002jjujuey1ukeu,"[""Fischertechnik""]","{""brand"": ""Fischertechnik"", ""gender"": ""Baiat, Fata"", ""originalAgeText"": ""6 - 9, 9+"", ""supplierSource"": ""Boribon"", ""sourceCategory"": ""Jocuri||Toate||De construit||Educative||STEM"", ""stemRelevanceScore"": 10, ""viralPotentialScore"": 10}","{""shortTitleRo"": ""Kit STEM Puterea Solara, Fischertechnik"", ""metaDescriptionRo"": ""Kit științific STEM de la Fischertechnik. Explorează lumea științei prin experimente practice. Perfect pentru conținut viral și cadouri educative!"", ""learningOutcomes"": [""energie solară"", ""asamblare practică"", ""gândire ecologică"", ""principii fizice""], ""specialCategories"": [""renewable-energy"", ""construction""]}",True,False,5,0,3.0,900.0,"{""length"": ""32.0 cm"", ""width"": ""23.0 cm""}",0.0,0,0,2026-03-22 23:59:49.000,2026-03-22 23:59:49.000,4048962424638,ELEMENTARY_6_8,,0,0,0,0,0,0,2.9,0,0,APPROVED,SCIENCE,ee75eea8-9f64-4076-96a2-52f5d6926c14,False,,
03d9eee9-fa65-4316-9015-f113774c91c5,Kit STEM Construieste si joaca Labirint Fischertechnik,kit-stem-construieste-si-joaca-labirint-fischertechnik-F_569016,"Kit STEM Construieste si joaca Labirint Mai întâi construiești, apoi te joci. Cine își poate dovedi dexteritatea și reușește să ghideze mingea prin labirint? Singur sau în echipă - arată-ți abilitățile și încearcă să nu te pierzi. Promovează dexteritatea și răbdareaJoc din colecția ""Construiește-ți propriul joc"" de la Fischertechnik Conține 61 piese modulare de asamblat între care profiluri flexibile, curbă de 90°, bilă de inox, instrucțiuni de asamblare. Vârsta recomandată: +7 ani. Confecționat din plastic și metal. Conform reglementarilor EN71&ASTM.AVERTISMENT: Contraindicat copiilor sub 3 ani, conține piese mici. Se recomandă supravegherea copilului de către un adult în timpul jocului. Citiți instrucțiunile înainte de utilizare, urmați-le și păstrați-le pentru referință.Produs in Germania de Fischertechnik. Manual Kit STEM Construieste si joaca Labirint Fischertechnik - descarca aici fisierul",122.0,146.28,F_569016,"[""https://cdnmpro.com/708224949/p/raw/7/kit-stem-construieste-si-joaca-labirint-fischertechnik~11907.jpg"", ""https://cdnmpro.com/708224949/p/raw/8/kit-stem-construieste-si-joaca-labirint-fischertechnik~11908.jpg"", ""https://cdnmpro.com/708224949/p/raw/9/kit-stem-construieste-si-joaca-labirint-fischertechnik~11909.jpg"", ""https://cdnmpro.com/708224949/p/raw/0/kit-stem-construieste-si-joaca-labirint-fischertechnik~11910.jpg"", ""https://cdnmpro.com/708224949/p/raw/1/kit-stem-construieste-si-joaca-labirint-fischertechnik~11911.jpg""]",cmli6buv20021jjpbr43q9cpr,"[""Fischertechnik""]","{""brand"": ""Fischertechnik"", ""gender"": ""Baiat, Fata"", ""originalAgeText"": ""6 - 9, 9+"", ""supplierSource"": ""Boribon"", ""sourceCategory"": ""Jocuri||Toate||De construit||De societate||Educative||STEM"", ""stemRelevanceScore"": 10, ""viralPotentialScore"": 10}","{""shortTitleRo"": ""Kit STEM Construieste si joaca Labirint Fischertechnik"", ""metaDescriptionRo"": ""Set constructiv STEM de la Fischertechnik - Kit STEM Construieste si joaca Labirint Fischertechnik. Construiește, experimentează și dezvoltă creativitatea. Ideal pentru vârste 3-12 ani."", ""learningOutcomes"": [""asamblare practică"", ""coordonare mână-ochi"", ""rezolvare de probleme"", ""răbdare""], ""specialCategories"": [""construction"", ""logic-game""]}",True,False,15,0,4.0,900.0,"{""length"": ""28.0 cm"", ""width"": ""18.0 cm""}",0.0,0,0,2026-03-22 23:59:49.000,2026-03-22 23:59:49.000,4048962492729,ELEMENTARY_6_8,,0,0,0,0,0,0,2.9,0,0,APPROVED,ENGINEERING,ee75eea8-9f64-4076-96a2-52f5d6926c14,False,,
3129ecd1-45fc-46b6-8b2d-dd443c18f054,"Kit STEM Robotica - Masini inteligente de construit, Genius Toy",kit-stem-robotica---masini-inteligente-de-construit-genius-toy-G_7412R,"Kit STEM Robotica - Masini inteligente de construit Acest kit oferă copiilor o introducere simplă, distractivă și personalizabilă în robotică, care le permite să construiască opt mașini motorizate controlate de programe și un senzor cu ultrasunete. Toate modelele folosesc șenile, cunoscute și sub denumirea de benzi de rulare pentru tancuri, pentru a se deplasa singure și a deplasa alte obiecte. Copiii codifică programele folosind o aplicație de programare simplă și vizuală pe o tabletă sau un smartphone, care se conectează la modelele de roboți printr-o conexiune Bluetooth fără fir.Senzorul ultrasonic funcționează pe același principiu ca sonarul. Acesta trimite unde sonore, care ricoșează în obiecte. Senzorul interpretează ecourile care se întorc la el și, pornind de la acestea, detectează obiectele aflate în calea senzorului. Folosind interfața aplicației, copiii pot programa roboții pe care îi construiesc să se comporte în funcție de feedback-ul provenit de la senzorul cu ultrasunete. Construiți un robot care ocolește și evită obstacolele din calea sa. Configurați un traseu cu obstacole și urmăriți cum robotul cercetaș cu gât lung își folosește senzorul cu ultrasunete pentru a ocoli obstacolele. Modelul de robot urmăritor atent vă detectează mâna, se îndreaptă spre ea și o urmărește. Construiți modele de mașini inteligente din lumea reală, cum ar fi un robot cu bandă transportoare care transportă obiecte mici de-a lungul celor două benzi ale sale și un model de scară rulantă care transportă obiecte până la un alt nivel. Un model grozav de explorator de tundră se deplasează printr-o cursă cu obstacole și poate chiar să treacă peste obstacolele mici din calea sa, datorită designului unic al benzii sale de rulare. De asemenea, puteți asambla și alți roboți amuzanți, inclusiv un robot buldozer cu un atașament buldozer pe partea frontală și un robot de salvare în caz de incendiu care își conduce scara până aproape de alte obiecte. După ce înveți cum funcționează tehnologia, îți poți construi și programa proprii roboți folosind cele 297 de piese de construcție ale kitului. În aplicația de programare, limbajul de programare vizual vă permite să comandați motoarelor roboților să se miște la momente diferite, la niveluri diferite de putere, în direcții diferite și ca răspuns la datele de la senzor. Necesită o tabletă sau un smartphone care rulează iOS (iPhone 4S sau ulterior, iPad 3 sau ulterior, iPod 5 sau ulterior) sau Android (Android 4.3 sau ulterior pe un dispozitiv cu suport Bluetooth 4.0).Descărcați aplicațiile gratuite pentru iOS sau Android pentru a putea să+ Conduceți roboții fără fir utilizând interfața cu ecran tactil.+ Scrieți programe pentru a controla motoarele roboților.+ Utilizați senzorul cu ultrasunete pentru a comanda roboților să efectueze acțiuni specifice ca răspuns la mediul înconjurător+ Urmați instrucțiunile de asamblare digitală 3D pas cu pas pentru a construi modelele (într-o aplicație separată). ● Un manual cu instrucțiuni ilustrate pas cu pas ghidează construcția de modele și experimentele. Piesele din aceast kit sunt compatibile cu piesele altor seturi de construcție Gigo Toys.Conține 197 de piese, 8 modele, manual cu instrucțiuni. Necesită 3 baterii AA/LR06 - nu sunt incluse. Vărsta recomandată: +8 ani. Confecționat din plastic. Conform reglementarilor EN71&ASTM.AVERTISMENT: Contraindicat copiilor sub 3 ani, conține piese mici. Se recomandă supravegherea copilului de către un adult în timpul jocului. Citiți instrucțiunile înainte de utilizare, urmați-le și păstrați-le pentru referință.Produs in Taiwan de Genius Toy.",782.0,937.62,G_7412R,"[""https://cdnmpro.com/708224949/p/raw/8/kit-stem-robotica-masini-inteligente-de-construit-genius-toy~20028.jpg"", ""https://cdnmpro.com/708224949/p/raw/9/kit-stem-robotica-masini-inteligente-de-construit-genius-toy~20029.jpg"", ""https://cdnmpro.com/708224949/p/raw/0/kit-stem-robotica-masini-inteligente-de-construit-genius-toy~20030.jpg"", ""https://cdnmpro.com/708224949/p/raw/1/kit-stem-robotica-masini-inteligente-de-construit-genius-toy~20031.jpg"", ""https://cdnmpro.com/708224949/p/raw/2/kit-stem-robotica-masini-inteligente-de-construit-genius-toy~20032.jpg""]",cmltqoqov0003jjujnu1ppk5u,"[""Gigo Toys""]","{""brand"": ""Gigo Toys"", ""gender"": ""Baiat, Fata"", ""originalAgeText"": ""6 - 9, 9+"", ""supplierSource"": ""Boribon"", ""sourceCategory"": ""Jocuri||Toate||De construit||STEM"", ""stemRelevanceScore"": 10, ""viralPotentialScore"": 10}","{""shortTitleRo"": ""Kit STEM Robotica - Masini inteligente de construit, Genius Toy"", ""metaDescriptionRo"": ""Kit educativ STEM de construcție robotică de la Gigo Toys. Dezvoltă gândirea logică și abilitățile tehnice. Perfect pentru Reels și conținut educativ!"", ""learningOutcomes"": [""programare vizuală"", ""robotică de bază"", ""gândire computațională"", ""rezolvare de probleme""], ""specialCategories"": [""robotics"", ""coding""]}",True,False,0,0,3.0,1800.0,"{""length"": ""42.0 cm"", ""width"": ""29.0 cm""}",0.0,0,0,2026-03-22 23:59:49.000,2026-03-22 23:59:49.000,4716503041216,ELEMENTARY_6_8,,0,0,0,0,0,0,2.9,0,0,APPROVED,TECHNOLOGY,ee75eea8-9f64-4076-96a2-52f5d6926c14,False,,
ed49ee47-6b6b-41f4-8e48-f2113db27e92,"Set magnetic Circuit cu bile Compact 60 Piese, Cleverclixx",set-magnetic-circuit-cu-bile-compact-60-piese-cleverclixx-CC-1004,"Cleverclixx Circuit cu bile Compact – Construiește circuite pentru bile! Set magnetic pentru construirea unui circuit cu bile plin de culoare, oferind ore întregi de distracție și creativitate. 🚀 Construcții interactive & joacă fără limite Creează trasee pentru bile și urmărește-le în acțiune! Stimulează creativitatea, imaginația și îndemânarea copilului. 🎓 Joacă educativă – prin metoda STEAM Seturile magnetic Cleverclixx cresc odată cu copilul! De la 3 ani – învață bazele construcțiilor 3D. Pe măsură ce cresc, copiii pot realiza structuri mai complexe. Util și în școală – ajută la înțelegerea conceptelor matematice și a gândirii logice. De ce să alegi Cleverclixx? 🔹 Stimulează creativitatea și imaginația – Magneții au ceva magic, captivând copiii și oferindu-le libertatea de a construi forme și structuri unice.🔹 Compatibil și extensibil – Toate seturile Cleverclixx sunt compatibile atât între ele cât și cu alte seturi magnetice, permițând extinderea colecției și dezvoltarea continuă a creativității.🔹 Joacă versatilă – Construiește pe podea sau du creativitatea la un alt nivel atașând construcțiile pe suprafețe magnetice, precum caloriferele. Folosește markere lavabile pentru a desena litere, numere sau forme și transformă joaca într-o experiență educativă!🔹 Încurajează învățarea STEAM – Cleverclixx dezvoltă abilități din domeniile Știință, Tehnologie, Inginerie, Artă și Matematică (STEAM), transformând învățarea într-un proces practic, captivant și distractiv. Educațional și sigur Seturile Cleverclixx sunt utilizate în grădinițe și școli primare din întreaga lume pentru a sprijini dezvoltarea abilităților motorii, gândirii logice și rezolvării problemelor. Misiunea Cleverclixx este de a crea jucării educaționale care inspiră curiozitatea, creativitatea și dorința de a învăța pe tot parcursul vieții. Detalii produs ✔ 60 piese magnetice, culori diferite✔ Recomandat pentru copii de la 3 ani✔ Fabricat din plastic MABS de înaltă calitate✔ Fără BPA - sigur pentru copii✔ Certificat (CPSC, CE, EN71, ASTM) Lasă imaginația să construiască fără limite cu Cleverclixx! 🚀 Avertisment! Nu este potrivit pentru copiii sub 3 ani. Conține piese mici. Se recomandă supravegherea copilului de către un adult în timpul jocului. Produs de Cleverclixx",398.0,477.2,CC-1004,"[""https://cdnmpro.com/708224949/p/raw/3/set-magnetic-circuit-cu-bile-compact-60-piese-cleverclixx~100019863.jpg"", ""https://cdnmpro.com/708224949/p/raw/5/set-magnetic-circuit-cu-bile-compact-60-piese-cleverclixx~20555.jpg"", ""https://cdnmpro.com/708224949/p/raw/5/set-magnetic-circuit-cu-bile-compact-60-piese-cleverclixx~100019845.jpg"", ""https://cdnmpro.com/708224949/p/raw/8/set-magnetic-circuit-cu-bile-compact-60-piese-cleverclixx~100019848.jpg"", ""https://cdnmpro.com/708224949/p/raw/1/set-magnetic-circuit-cu-bile-compact-60-piese-cleverclixx~100019851.jpg""]",cmltqoqov0003jjujnu1ppk5u,"[""Cleverclixx""]","{""brand"": ""Cleverclixx"", ""gender"": ""Baiat, Fata"", ""originalAgeText"": ""3 - 6"", ""supplierSource"": ""Boribon"", ""sourceCategory"": ""Jocuri||Toate||De construit||Educative||STEM||Magnetice"", ""stemRelevanceScore"": 10, ""viralPotentialScore"": 10}","{""shortTitleRo"": ""Set magnetic Circuit cu bile Compact 60 Piese, Cleverclixx"", ""metaDescriptionRo"": ""Kit educativ STEM de construcție robotică de la Cleverclixx. Dezvoltă gândirea logică și abilitățile tehnice. Perfect pentru Reels și conținut educativ!"", ""learningOutcomes"": [""construcție 3D"", ""gândire spațială"", ""motorică fină"", ""rezolvare de probleme""], ""specialCategories"": [""magnetic"", ""marble-run""]}",True,False,12,0,4.0,1700.0,"{""length"": ""33.0 cm"", ""width"": ""31.0 cm""}",0.0,0,0,2026-03-22 23:59:49.000,2026-03-22 23:59:49.000,6096120034050,PRESCHOOL_3_5,,0,0,0,0,0,0,2.9,0,0,APPROVED,TECHNOLOGY,ee75eea8-9f64-4076-96a2-52f5d6926c14,False,,
a369f865-ad4f-470e-b7db-c0b66b101638,"Extensie piese magnetice pentru circuit auto, Cleverclixx",extensie-piese-magnetice-pentru-circuit-auto-cleverclixx-CC-1020,"Extensie Curbe pentru circuit auto – Cleverclixx | 15 piese magnetice pentru circuit de curse 🧲🏎️ Mai multă viteză, mai multe viraje! Cu acest set de 15 piese magnetice curbate, copiii pot extinde circuitul Cleverclixx și crea trasee mai complexe, mai lungi și mai spectaculoase. Compatibil cu toate seturile Cleverclixx și alte branduri magnetice. Ce conține pachetul: 15 piese magnetice de tip curbă (design Intense – culori vibrante) Compatibile 100% cu toate seturile Cleverclixx Race Track Se combină ușor cu alte piese: drepte, intersecții sau forme clasice Oferă flexibilitate maximă în construcția circuitelor 3D Recomandat pentru: Extinderea seturilor de bază Dezvoltarea gândirii spațiale și a creativității Joacă educativă individuală sau în echipă Vârsta recomandată: 3+ aniProducător: Cleverclixx, Belgia 🇧🇪 AVERTISMENT: Contraindicat copiilor sub 3 ani. Se recomandă supravegherea copilului de către un adult în timpul jocului.",164.0,196.64,CC-1020,"[""https://cdnmpro.com/708224949/p/raw/1/extensie-piese-magnetice-pentru-circuit-auto-cleverclixx~21181.jpg"", ""https://cdnmpro.com/708224949/p/raw/0/extensie-piese-magnetice-pentru-circuit-auto-cleverclixx~21180.jpg"", ""https://cdnmpro.com/708224949/p/raw/2/extensie-piese-magnetice-pentru-circuit-auto-cleverclixx~21182.jpg"", ""https://cdnmpro.com/708224949/p/raw/2/extensie-piese-magnetice-pentru-circuit-auto-cleverclixx~100022902.jpg""]",cmltqoqov0003jjujnu1ppk5u,"[""Cleverclixx""]","{""brand"": ""Cleverclixx"", ""gender"": ""Baiat, Fata"", ""originalAgeText"": ""3 - 6, 6 - 9"", ""supplierSource"": ""Boribon"", ""sourceCategory"": ""Jocuri||Toate||De construit||Educative||Noutati||STEM||Magnetice"", ""stemRelevanceScore"": 10, ""viralPotentialScore"": 10}","{""shortTitleRo"": ""Extensie piese magnetice pentru circuit auto, Cleverclixx"", ""metaDescriptionRo"": ""Kit educativ STEM de construcție robotică de la Cleverclixx. Dezvoltă gândirea logică și abilitățile tehnice. Perfect pentru Reels și conținut educativ!"", ""learningOutcomes"": [""gândire spațială"", ""construcție 3D"", ""proiectare și testare"", ""creativitate""], ""specialCategories"": [""magnetic""]}",True,False,20,0,6.0,1200.0,"{""length"": ""25.0 cm"", ""width"": ""22.0 cm""}",0.0,0,0,2026-03-22 23:59:49.000,2026-03-22 23:59:49.000,6096734294208,PRESCHOOL_3_5,,0,0,0,0,0,0,2.9,0,0,APPROVED,TECHNOLOGY,ee75eea8-9f64-4076-96a2-52f5d6926c14,False,,
a1b22975-f43a-42ec-8281-f431f2552fb0,"Kit STEM Manusa robotica, Genius Toy",kit-stem-manusa-robotica-genius-toy-G_7080,"Kit STEM Manusa robotica Proiect de inginerie inedit - construiește o mănușă pneumatică care lansează săgeți din spumă. Invațati despre pneumatică — tehnologii care folosesc aer presurizat — și multe mecanisme interesante în timp ce asamblați blasterul din peste 100 de piese. După ce ați construit și testat blasterul, glisați-l și legați-l de încheietura mâinii. Prima apăsarea trăgaciului se lansează prima săgeată. Apăsați pe trăgaci încă de două ori pentru a lansa următoarele două săgeți. Luați câteva săgeți suplimentare din clema de rezervă de sub încheietura mâinii și reîncărcați. Blasterul este alimentat în întregime de mâna dumneavoastră și de sistemul pneumatic uimitor - nu necesită baterii sau motoare! Rotiți cadranul pentru a roti cele două lansatoare exterioare pentru o răspândire mai largă. Cureaua de prindere a încheieturii este reglabilă. Un manual color, pas cu pas, ghidează asamblarea și utilizarea blasterului și oferă informații științifice fascinante despre sistemele pneumatice și fizica aerului. Compatibil cu multe săgeți standard din spumă. Valoare de joc mare, chiar și după finalizarea construcției inițiale. Conține 139 piese, manual cu instrucțiuni și informații. Vârsta recomandată: +8 ani cu ajutor, +10 ani.AVERTISMENT: Contraindicat copiilor sub 3 ani, conține piese mici, pericol de înghițire. Se recomandă supravegherea copilului de către un adult în timpul jocului. Citiți instrucțiunile înainte de utilizare, urmați-le și păstrați-le pentru referință.Produs in Taiwan de Gigo Toy. Manual Kit STEM Manusa robotica, Gigo Toys - descarca aici fisierul",196.0,235.0,G_7080,"[""https://cdnmpro.com/708224949/p/raw/5/kit-stem-manusa-robotica-genius-toy~100101145.jpg"", ""https://cdnmpro.com/708224949/p/raw/8/kit-stem-manusa-robotica-genius-toy~100101148.jpg"", ""https://cdnmpro.com/708224949/p/raw/1/kit-stem-manusa-robotica-genius-toy~100101151.jpg"", ""https://cdnmpro.com/708224949/p/raw/4/kit-stem-manusa-robotica-genius-toy~100101154.jpg"", ""https://cdnmpro.com/708224949/p/raw/0/kit-stem-manusa-robotica-genius-toy~100101160.jpg""]",cmltqoqov0003jjujnu1ppk5u,"[""Gigo Toys""]","{""brand"": ""Gigo Toys"", ""gender"": ""Baiat"", ""originalAgeText"": ""6 - 9, 9+"", ""supplierSource"": ""Boribon"", ""sourceCategory"": ""Jocuri||De construit||Noutati||STEM"", ""stemRelevanceScore"": 10, ""viralPotentialScore"": 10}","{""shortTitleRo"": ""Kit STEM Manusa robotica, Genius Toy"", ""metaDescriptionRo"": ""Kit educativ STEM de construcție robotică de la Gigo Toys. Dezvoltă gândirea logică și abilitățile tehnice. Perfect pentru Reels și conținut educativ!"", ""learningOutcomes"": [""pneumatică aplicată"", ""asamblare practică"", ""principii de inginerie"", ""coordonare mână-ochi""], ""specialCategories"": [""construction"", ""robotics""]}",True,False,107,0,32.0,700.0,"{""length"": ""25.5 cm"", ""width"": ""28.0 cm""}",0.0,0,0,2026-03-22 23:59:49.000,2026-03-22 23:59:49.000,4716503070803,ELEMENTARY_6_8,,0,0,0,0,0,0,2.9,0,0,APPROVED,TECHNOLOGY,ee75eea8-9f64-4076-96a2-52f5d6926c14,False,,
f15e78db-0c9b-42c2-88f2-7ebd7bf1dc8b,"Kit STEM Gecko robotul care se catara, Genius Toy",kit-stem-gecko-robotul-care-se-catara-genius-toy-G_7088,"Gecko - Robotul căţărător Descoperă lumea fascinantă a roboticii și biomimeticii cu Gecko Robotul care se cațără! Acest robot adorabil imită perfect mișcările unei șopârle gecko reale, urcând pe ferestre sau alte suprafețe netede, datorită cupelor de aspirație brevetate. Gecko Robotul folosește un sistem de picioare cu mișcare reciprocă și o coadă mobilă care se mișcă realist în timpul urcării. Kitul conține 96 de componente, iar manualul ilustrat, color, de 20 de pagini, ghidează pas cu pas construcția modelului. Explorează știința din spatele presiunii aerului, mecanicii și principiilor de funcționare a circuitelor electrice într-un mod captivant și accesibil! Cupe de aspirație brevetate care permit robotului să urce pe geamuri și alte suprafețe netede Funcționează cu o baterie AAA (neinclusă). 96 componente de asamblat Dimensiuni produs ambalat: 22 x 28 x 4 cm Varsta recomandata +8 ani Confecționat din plastic. Conform reglementarilor EN71&ASTM.AVERTISMENT: Contraindicat copiilor sub 3 ani, conține piese mici. Se recomandă supravegherea copilului de către un adult în timpul jocului. Citiți instrucțiunile înainte de utilizare, urmați-le și păstrați-le pentru referință.Produs in Taiwan de Genius Toy. Manual Kit STEM Gecko robotul care se catara, Gigo Toys - descarca aici fisierul",135.0,161.87,G_7088,"[""https://cdnmpro.com/708224949/p/raw/0/kit-stem-gecko-robotul-care-se-catara-genius-toy~100102210.jpg"", ""https://cdnmpro.com/708224949/p/raw/3/kit-stem-gecko-robotul-care-se-catara-genius-toy~100102213.jpg"", ""https://cdnmpro.com/708224949/p/raw/6/kit-stem-gecko-robotul-care-se-catara-genius-toy~100102216.jpg"", ""https://cdnmpro.com/708224949/p/raw/9/kit-stem-gecko-robotul-care-se-catara-genius-toy~100102219.jpg""]",cmltqoqov0003jjujnu1ppk5u,"[""Gigo Toys""]","{""brand"": ""Gigo Toys"", ""gender"": ""Baiat, Fata"", ""originalAgeText"": ""6 - 9, 9+"", ""supplierSource"": ""Boribon"", ""sourceCategory"": ""Jocuri||Toate||De construit||Noutati||STEM"", ""stemRelevanceScore"": 10, ""viralPotentialScore"": 10}","{""shortTitleRo"": ""Kit STEM Gecko robotul care se catara, Genius Toy"", ""metaDescriptionRo"": ""Kit educativ STEM de construcție robotică de la Gigo Toys. Dezvoltă gândirea logică și abilitățile tehnice. Perfect pentru Reels și conținut educativ!"", ""learningOutcomes"": [""biomecanică de bază"", ""asamblare practică"", ""gândire inginerească"", ""rezolvare de probleme""], ""specialCategories"": [""robotics"", ""construction""]}",True,False,74,0,22.0,900.0,"{""length"": ""28.0 cm"", ""width"": ""22.0 cm""}",0.0,0,0,2026-03-22 23:59:49.000,2026-03-22 23:59:49.000,4716503070889,ELEMENTARY_6_8,,0,0,0,0,0,0,2.9,0,0,APPROVED,TECHNOLOGY,ee75eea8-9f64-4076-96a2-52f5d6926c14,False,,
b8b2df6c-2e0a-4761-8d03-4dcbd61bb4f2,"Kit STEM Fabrica de roboti, Genius Toy",kit-stem-fabrica-de-roboti-genius-toy-G_7449,"Kit STEM Primii pasi - Fabrica de roboti Construiți o serie de roboți motorizați și puțin nebuni cu acest kit introductiv de inginerie mecanică pentru copii cu vârste începând de la 5 ani. O carte de povești frumos ilustrată cu 32 de pagini se concentrează în jurul aventurilor familiei Omegas - familia de creatori și ingineri prezentă în toate kiturile de inginerie timpurie Kids First (Primii pași).Această poveste duce personajele la o fabrică de roboți în care roboții au scăpat puțin de sub control. Unul câte unul, roboții sunt reparați și puși din nou în stare de funcționare. Pe măsură ce urmăresc povestea, copiii pot construi opt modele de roboți și pot experimenta cu ei pentru a vedea cum folosește fiecare dintre ei motorul alimentat cu baterii, angrenajele și alte piese mecanice. Fiecare robot își mișcă brațele sau picioarele într-un mod diferit, creând comportamente amuzante de mers și de mișcare și, de asemenea, învățându-i pe copii cum funcționează sistemele mecanice simple. Piesele de construcție mari și cubice din plastic facilitează asamblarea modelelor pentru mâinile mici.Setul Fabrica de roboți oferă o modalitate atractivă de a preda concepte simple de inginerie copiilor mici, permițând adulților să pună bazele unor abilități solide legate de STEM și de înțelegere la o vârstă fragedă. Construirea modelelor și experimentele dezvoltă abilitățile de motricitate fină, abilitățile de inginerie mecanică, abilitățile vizuale-spațiale, precum și abilitățile de raționament și de dezvoltare a conceptelor.Conține 117 piese, 8 modele, manual cu instrucțiuni. 🔋 Necesită 2 baterii AA / LR06 (nu sunt incluse) Confecționat din plastic. Conform reglementarilor EN71&ASTM.AVERTISMENT: Contraindicat copiilor sub 3 ani, conține piese mici. Se recomandă supravegherea copilului de către un adult în timpul jocului. Citiți instrucțiunile înainte de utilizare, urmați-le și păstrați-le pentru referință.Produs in Taiwan de Genius Toy. Manual Kit STEM Fabrica de roboti, Gigo Toys - descarca aici fisierul",175.0,209.83,G_7449,"[""https://cdnmpro.com/708224949/p/raw/5/kit-stem-fabrica-de-roboti-genius-toy~100101115.jpg"", ""https://cdnmpro.com/708224949/p/raw/8/kit-stem-fabrica-de-roboti-genius-toy~100101118.jpg"", ""https://cdnmpro.com/708224949/p/raw/1/kit-stem-fabrica-de-roboti-genius-toy~100101121.jpg"", ""https://cdnmpro.com/708224949/p/raw/4/kit-stem-fabrica-de-roboti-genius-toy~100101124.jpg"", ""https://cdnmpro.com/708224949/p/raw/7/kit-stem-fabrica-de-roboti-genius-toy~100101127.jpg""]",cmltqoqov0003jjujnu1ppk5u,"[""Gigo Toys""]","{""brand"": ""Gigo Toys"", ""gender"": ""Baiat, Fata"", ""originalAgeText"": ""3 - 6, 6 - 9"", ""supplierSource"": ""Boribon"", ""sourceCategory"": ""Jocuri||Toate||De construit||Noutati||STEM"", ""stemRelevanceScore"": 10, ""viralPotentialScore"": 10}","{""shortTitleRo"": ""Kit STEM Fabrica de roboti, Genius Toy"", ""metaDescriptionRo"": ""Kit educativ STEM de construcție robotică de la Gigo Toys. Dezvoltă gândirea logică și abilitățile tehnice. Perfect pentru Reels și conținut educativ!"", ""learningOutcomes"": [""inginerie mecanică de bază"", ""asamblare practică"", ""principii robotice"", ""motorică fină""], ""specialCategories"": [""robotics"", ""construction""]}",True,False,96,0,29.0,900.0,"{""length"": ""28.0 cm"", ""width"": ""25.0 cm""}",0.0,0,0,2026-03-22 23:59:49.000,2026-03-22 23:59:49.000,4716503074498,PRESCHOOL_3_5,,0,0,0,0,0,0,2.9,0,0,APPROVED,TECHNOLOGY,ee75eea8-9f64-4076-96a2-52f5d6926c14,False,,
fbbaf873-e19f-464b-8ab0-ca63f9c2a4ed,Giroscop Navir,giroscop-navir-N_6010/CB,"Giroscop Instrument didactic de precizie, provoacă forța de gravitație rămânând în echilibru în orice poziție. Este acționat de cablul inclus în pachet. Termenul de giroscop a fost inventat de omul de știință francez Foucault în 1852. Este un dispozitiv mecanic sau electronic utilizat pentru a măsura sau menține orientarea și stabilitatea unui obiect în spațiu. Poate fi utilizat pentru a menține stabilitatea unui vehicul sau a unui obiect în mișcare, pentru a măsura sau a detecta mișcările de rotație și pentru a oferi informații despre orientare și poziție. Vârsta recomandată: + 6 ani. Fabricat din plastic ABS (rezistent la impact, la temperaturi ridicate și la contactul cu substanțe chimice) și aliaj metalic.AVERTISMENT: Contraindicat copiilor sub 3 ani. Conține fir lung, pericol de ștrangulare. A se utiliza sub directa supraveghere a unei persoane adulte.Producător: Navir, Italia. Manual Giroscop Navir - descarca fisier",63.0,75.54,N_6010/CB,"[""https://cdnmpro.com/708224949/p/raw/6/giroscop-navir~10346.jpg"", ""https://cdnmpro.com/708224949/p/raw/7/giroscop-navir~10347.jpg"", ""https://cdnmpro.com/708224949/p/raw/8/giroscop-navir~10348.jpg"", ""https://cdnmpro.com/708224949/p/raw/8/giroscop-navir~10398.jpg"", ""https://cdnmpro.com/708224949/p/raw/9/giroscop-navir~10399.jpg""]",cmltqoqd70002jjujuey1ukeu,"[""Navir""]","{""brand"": ""Navir"", ""gender"": ""Baiat, Fata"", ""originalAgeText"": ""6 - 9, 9+"", ""supplierSource"": ""Boribon"", ""sourceCategory"": ""Jucarii||Toate||De exterior||STEM"", ""stemRelevanceScore"": 10, ""viralPotentialScore"": 9}","{""shortTitleRo"": ""Giroscop Navir"", ""metaDescriptionRo"": ""Kit științific STEM de la Navir. Explorează lumea științei prin experimente practice. Perfect pentru conținut viral și cadouri educative!"", ""learningOutcomes"": [""fizica rotației"", ""principii giroscopice"", ""gândire fizică"", ""curiozitate științifică""], ""specialCategories"": [""science-experiment""]}",True,False,79,0,24.0,250.0,"{""length"": ""7.5 cm"", ""width"": ""6.5 cm""}",0.0,0,0,2026-03-22 23:59:49.000,2026-03-22 23:59:49.000,8006944601015,ELEMENTARY_6_8,,0,0,0,0,0,0,2.9,0,0,APPROVED,SCIENCE,ee75eea8-9f64-4076-96a2-52f5d6926c14,False,,
2675edce-3c56-4e3b-9257-df0671e55497,"Telescop cu trepied, Navir",telescop-cu-trepied-navir-N_5015,"Telescop cu trepied Telescop cu 5 elemente pentru o vizualizare perfectă a obiectelor îndepărtate. Se livrează cu capac pentru lentilele oculare și trepied. Marește de 15 ori cu o lentila și de 25 de ori când se adaugă a 2-a lentilă. Vârsta recomandată: + 6 ani. Fabricat din plastic ABS (rezistent la impact, la temperaturi ridicate și la contactul cu substanțe chimice), plexiglas și polipropilenă.AVERTISMENT: Contraindicat copiilor sub 3 ani. A se utiliza sub directa supraveghere a unei persoane adulte.Producător: Navir, Italia.",116.0,139.08,N_5015,"[""https://cdnmpro.com/708224949/p/raw/3/telescop-cu-trepied-navir~10343.jpg"", ""https://cdnmpro.com/708224949/p/raw/2/telescop-cu-trepied-navir~10342.jpg"", ""https://cdnmpro.com/708224949/p/raw/4/telescop-cu-trepied-navir~10344.jpg"", ""https://cdnmpro.com/708224949/p/raw/5/telescop-cu-trepied-navir~10345.jpg"", ""https://cdnmpro.com/708224949/p/raw/4/telescop-cu-trepied-navir~10394.jpg""]",cmltqoqd70002jjujuey1ukeu,"[""Navir""]","{""brand"": ""Navir"", ""gender"": ""Baiat, Fata"", ""originalAgeText"": ""6 - 9, 9+"", ""supplierSource"": ""Boribon"", ""sourceCategory"": ""Jucarii||Toate||De exterior||STEM"", ""stemRelevanceScore"": 10, ""viralPotentialScore"": 9}","{""shortTitleRo"": ""Telescop cu trepied, Navir"", ""metaDescriptionRo"": ""Kit științific STEM de la Navir. Explorează lumea științei prin experimente practice. Perfect pentru conținut viral și cadouri educative!"", ""learningOutcomes"": [""astronomie observațională"", ""utilizarea instrumentelor optice"", ""observarea naturii"", ""curiozitate științifică""], ""specialCategories"": [""astronomy"", ""optics""]}",True,False,21,0,6.0,400.0,"{""length"": ""16.0 cm"", ""width"": ""29.0 cm""}",0.0,0,0,2026-03-22 23:59:49.000,2026-03-22 23:59:49.000,8006944501506,ELEMENTARY_6_8,,0,0,0,0,0,0,2.9,0,0,APPROVED,SCIENCE,ee75eea8-9f64-4076-96a2-52f5d6926c14,False,,
b8af02ec-f578-4dac-a9c3-76b8336111ab,"Giroscop UFO, Navir",giroscop-ufo-navir-N_6050,"Giroscop UFO Instrument didactic de precizie, provoacă forța de gravitație rămânând în echilibru în orice poziție. Echipat cu sistem de iluminare cu LED-uri. Este acționat de cablul inclus în pachet. Termenul de giroscop a fost inventat de omul de știință francez Foucault în 1852. Este un dispozitiv mecanic sau electronic utilizat pentru a măsura sau menține orientarea și stabilitatea unui obiect în spațiu. Poate fi utilizat pentru a menține stabilitatea unui vehicul sau a unui obiect în mișcare, pentru a măsura sau a detecta mișcările de rotație și pentru a oferi informații despre orientare și poziție. Vârsta recomandată: + 6 ani. Fabricat din plastic ABS (rezistent la impact, la temperaturi ridicate și la contactul cu substanțe chimice) și aliaj metalic.AVERTISMENT: Contraindicat copiilor sub 3 ani. Conține fir lung, pericol de ștrangulare. A se utiliza sub directa supraveghere a unei persoane adulte.Producător: Navir, Italia. Manual Giroscop UFO Navir - descarca fisier",101.0,121.1,N_6050,"[""https://cdnmpro.com/708224949/p/raw/2/giroscop-ufo-navir~10352.jpg"", ""https://cdnmpro.com/708224949/p/raw/9/giroscop-ufo-navir~10349.jpg"", ""https://cdnmpro.com/708224949/p/raw/0/giroscop-ufo-navir~10350.jpg"", ""https://cdnmpro.com/708224949/p/raw/1/giroscop-ufo-navir~10351.jpg"", ""https://cdnmpro.com/708224949/p/raw/1/giroscop-ufo-navir~10401.jpg""]",cmltqoqd70002jjujuey1ukeu,"[""Navir""]","{""brand"": ""Navir"", ""gender"": ""Baiat, Fata"", ""originalAgeText"": ""6 - 9, 9+"", ""supplierSource"": ""Boribon"", ""sourceCategory"": ""Jucarii||Toate||De exterior||STEM"", ""stemRelevanceScore"": 10, ""viralPotentialScore"": 9}","{""shortTitleRo"": ""Giroscop UFO, Navir"", ""metaDescriptionRo"": ""Kit științific STEM de la Navir. Explorează lumea științei prin experimente practice. Perfect pentru conținut viral și cadouri educative!"", ""learningOutcomes"": [""fizica rotației"", ""principii giroscopice"", ""gândire fizică"", ""experimentare practică""], ""specialCategories"": [""science-experiment""]}",True,False,45,0,14.0,250.0,"{""length"": ""13.5 cm"", ""width"": ""8.0 cm""}",0.0,0,0,2026-03-22 23:59:49.000,2026-03-22 23:59:49.000,8006944605013,ELEMENTARY_6_8,,0,0,0,0,0,0,2.9,0,0,APPROVED,SCIENCE,ee75eea8-9f64-4076-96a2-52f5d6926c14,False,,
409e28c7-878a-4f6a-87d0-811b18ffd6b2,"Kit STEM Telescop, Thames & Kosmos",kit-stem-telescop-thames-kosmos-K_676919,"Kit STEM Telescop Ați văzut vreodată o fotografie în prim-plan a Lunii, cu peisajul său plin de cratere fascinante? Cu acest telescop, puteți investiga suprafața Lunii! De asemenea, puteți căuta pe cerul nopții constelații și planete sau pur și simplu puteți urmări păsările în zbor. Obțineți o vedere de aproape a veverițelor, căprioarelor și a altor animale sălbatice sau imaginați-vă că sunteți un pirat care navighează pe cele șapte mări! Un telescop entry-level cu putere de mărire de 12x, corp durabil și optică de calitate. Are, de asemenea, un capac moale pentru lentile oculare, pentru un confort sporit. Este însoțitorul perfect pentru tinerii cercetători care pornesc să observe lumea din jurul lor! Conține telescop, manual cu instrucțiuni și informații. Vârsta recomandată: +6 ani. PremiiPremiul Parents' Choice Recommended 2020Ghidul cadourilor de primăvară și vară al Toy Insider 2020 AVERTISMENT: Contraindicat copiilor sub 3 ani, conține piese mici, pericol de înghițire. Se recomandă supravegherea copilului de către un adult în timpul jocului. Citiți instrucțiunile înainte de utilizare, urmați-le și păstrați-le pentru referință.Produs in Taiwan pentru Thames & Kosmos, Anglia. Manual Kit STEM Telescop - descarca fisier",144.0,172.66,K_676919,"[""https://cdnmpro.com/708224949/p/raw/6/kit-stem-telescop-thames-kosmos~9406.jpg"", ""https://cdnmpro.com/708224949/p/raw/7/kit-stem-telescop-thames-kosmos~9407.jpg"", ""https://cdnmpro.com/708224949/p/raw/8/kit-stem-telescop-thames-kosmos~9408.jpg"", ""https://cdnmpro.com/708224949/p/raw/4/kit-stem-telescop-thames-kosmos~13664.jpg"", ""https://cdnmpro.com/708224949/p/raw/6/kit-stem-telescop-thames-kosmos~13666.jpg""]",cmltqoqd70002jjujuey1ukeu,"[""Thames & Kosmos""]","{""brand"": ""Thames & Kosmos"", ""gender"": ""Baiat, Fata"", ""originalAgeText"": ""6 - 9, 9+"", ""supplierSource"": ""Boribon"", ""sourceCategory"": ""Jocuri||STEM"", ""stemRelevanceScore"": 10, ""viralPotentialScore"": 9}","{""shortTitleRo"": ""Kit STEM Telescop, Thames & Kosmos"", ""metaDescriptionRo"": ""Kit științific STEM de la Thames & Kosmos. Explorează lumea științei prin experimente practice. Perfect pentru conținut viral și cadouri educative!"", ""learningOutcomes"": [""astronomie observațională"", ""utilizarea telescopului"", ""observarea cerului"", ""curiozitate științifică""], ""specialCategories"": [""astronomy"", ""optics""]}",True,False,2,0,3.0,300.0,"{""length"": ""43.0 cm"", ""width"": ""14.5 cm""}",0.0,0,0,2026-03-22 23:59:49.000,2026-03-22 23:59:49.000,5060282510432,ELEMENTARY_6_8,,0,0,0,0,0,0,2.9,0,0,APPROVED,SCIENCE,ee75eea8-9f64-4076-96a2-52f5d6926c14,False,,
55e4eafd-3ccc-4825-9229-8f5b052ea00d,"Kit STEM Giroscop, Thames & Kosmos",kit-stem-giroscop-thames-kosmos-K_678002,"Kit STEM Giroscop Acest instrument științific atemporal a fost reimaginat într-un design nou. Experimentați cu giroscopul pentru a afla mai multe despre fizica mișcării, a forțelor și a gravitației. Aflați despre forțele giroscopice, vedeți și simțiți-le în acțiune. Exersează trucuri clasice de fizică menținând echilibrul giroscopului pe o masă, pe un suport și pe o sfoară. Rotiți giroscopul în interiorul sferei de plastic transparent inclus și vedeți și simțiți forțele care acționează asupra sferei, care funcționează ca o cutie de depozitare pentru giroscopul dvs. Giroscopul are un diametru de 7.5 cm și este realizat din plastic și metal. Conține giroscop, o sferă din plastic transparent (funcționează și ca suport și cutie de depozitare), un șnur de 75 cm și manual de instrucțiuni. Vârsta recomandată: +8 ani.AVERTISMENT: Contraindicat copiilor sub 8 ani, conține piese mici, pericol de înghițire, conține șnur lung, pericol de ștrangulare. Se recomandă supravegherea copilului de către un adult în timpul jocului. Citiți instrucțiunile înainte de utilizare, urmați-le și păstrați-le pentru referință.Produs in China pentru Thames & Kosmos, Anglia. Manual Kit STEM Giroscop Thames & Kosmos - descarca fisier",65.0,77.94,K_678002,"[""https://cdnmpro.com/708224949/p/raw/9/kit-stem-giroscop-thames-kosmos~9409.jpg"", ""https://cdnmpro.com/708224949/p/raw/0/kit-stem-giroscop-thames-kosmos~9410.jpg"", ""https://cdnmpro.com/708224949/p/raw/1/kit-stem-giroscop-thames-kosmos~9411.jpg"", ""https://cdnmpro.com/708224949/p/raw/2/kit-stem-giroscop-thames-kosmos~9412.jpg"", ""https://cdnmpro.com/708224949/p/raw/8/kit-stem-giroscop-thames-kosmos~13668.jpg""]",cmltqoqd70002jjujuey1ukeu,"[""Thames & Kosmos""]","{""brand"": ""Thames & Kosmos"", ""gender"": ""Baiat"", ""originalAgeText"": ""6 - 9, 9+"", ""supplierSource"": ""Boribon"", ""sourceCategory"": ""Jocuri||STEM"", ""stemRelevanceScore"": 10, ""viralPotentialScore"": 9}","{""shortTitleRo"": ""Kit STEM Giroscop, Thames & Kosmos"", ""metaDescriptionRo"": ""Kit științific STEM de la Thames & Kosmos. Explorează lumea științei prin experimente practice. Perfect pentru conținut viral și cadouri educative!"", ""learningOutcomes"": [""fizica forțelor"", ""principii giroscopice"", ""experimentare practică"", ""gândire fizică""], ""specialCategories"": [""science-experiment""]}",True,False,19,0,6.0,200.0,"{""length"": ""10.0 cm"", ""width"": ""10.0 cm""}",0.0,0,0,2026-03-22 23:59:49.000,2026-03-22 23:59:49.000,814743016996,ELEMENTARY_6_8,,0,0,0,0,0,0,2.9,0,0,APPROVED,SCIENCE,ee75eea8-9f64-4076-96a2-52f5d6926c14,False,,
e6bc6659-591a-490e-ac66-989d7d1b24de,"Kit STEM Discover, Bakoba",kit-stem-discover-bakoba-B_2901,"Kit STEM Discover Setul Developer de la BAKOBA, certificat STEM, este o jucărie educațională care îmbunătățește abilitățile motorii și creativitatea copiilor. Pentru designul inovator, a câștigat premiul de design Reddot. Descoperă o nouă lume a imaginației cu BAKOBA Discover! Perfect pentru constructorii aspiranți cu vârste de peste 3 ani, acest set premiat și certificat STEM include 38 de piese versatile pentru o distracție fără sfârșit. Creați totul, de la mașini rapide la bărci plutitoare și animale. Sunt incluși ochi, pentru a da viață construcțiilor tale. De ce să alegi setul Discover? BAKOBA Discover facilitează începerea experienței BAKOBA.Figurinele care pot fi construite au dimensiuni cuprinse între 20 și 30 cm, construcții mari, versatile, potrivite pentru vârste mici. Toate piesele sunt rezistente la apă. Dă frâu liber imaginației sau urmează ghidul inclus care conține numeroase modele de construcție (pentru și mai multe modele vizitează site-ul oficial BAKOBA). Perfect pentru toate grupele de vârstă. Cei mici pot realiza construcții simple, în timp ce copiii mai mari (și adulții jucăuși) pot folosi piesele conector pentru a crea construcții avansate. Seturile de construit Bakoba pot fi combinate cu piese de Lego pentru construcții din ce în ce mai creative și complexe. Blocurile de construcție sunt moi, sigure și silențioase și pot fi spălate în mașina de spălat, creând un mediu de joacă perfect atât pentru copii, cât și pentru părinți.Se spală la 40 de grade Celsius, cu ciclu delicat. Se poate utiliza orice detergent. După spălare, blocurile se usucă rapid, deoarece nu absorb apa. Conține 38 de piese. Vârsta recomandată: +3 ani. Confecționat din spumă sigură, durabilă și silențioasă, 100% reciclabilă. Conform reglementarilor EN71&ASTM.AVERTISMENT: Contraindicat copiilor sub 3 ani, conține piese mici. Se recomandă supravegherea copilului de către un adult în timpul jocului. Citiți instrucțiunile înainte de utilizare, urmați-le și păstrați-le pentru referință.Produs în Taiwan de Bakoba, Danemarca.",181.0,217.02,B_2901,"[""https://cdnmpro.com/708224949/p/raw/5/kit-stem-discover-bakoba~11885.jpg"", ""https://cdnmpro.com/708224949/p/raw/0/kit-stem-discover-bakoba~11880.jpg"", ""https://cdnmpro.com/708224949/p/raw/1/kit-stem-discover-bakoba~11881.jpg"", ""https://cdnmpro.com/708224949/p/raw/2/kit-stem-discover-bakoba~11882.jpg"", ""https://cdnmpro.com/708224949/p/raw/3/kit-stem-discover-bakoba~11883.jpg""]",cmltqoq940001jjujkuq676do,"[""Bakoba""]","{""brand"": ""Bakoba"", ""gender"": ""Baiat, Fata"", ""originalAgeText"": ""3 - 6, 6 - 9"", ""supplierSource"": ""Boribon"", ""sourceCategory"": ""Jocuri||Outlet %"", ""stemRelevanceScore"": 10, ""viralPotentialScore"": 9}","{""shortTitleRo"": ""Kit STEM Discover, Bakoba"", ""metaDescriptionRo"": ""Jucărie educativă STEM de la Bakoba - Kit STEM Discover, Bakoba. Stimulează creativitatea și gândirea logică. Ideal pentru copii curioși!"", ""learningOutcomes"": [""creativitate constructivă"", ""motorică fină"", ""gândire spațială"", ""rezolvare de probleme""], ""specialCategories"": [""construction""]}",True,False,12,0,4.0,200.0,"{""length"": ""29.0 cm"", ""width"": ""19.0 cm""}",0.0,0,0,2026-03-22 23:59:49.000,2026-03-22 23:59:49.000,5700002151957,PRESCHOOL_3_5,,0,0,0,0,0,0,2.9,0,0,APPROVED,GENERAL,ee75eea8-9f64-4076-96a2-52f5d6926c14,False,,
415cd6f4-40f1-4e3d-9b9e-cd44e3d587eb,"Kit STEM Creator, Bakoba",kit-stem-creator-bakoba-B_3902,"Kit STEM Creator Setul Creator de la BAKOBA, certificat STEM, este o jucărie educațională care îmbunătățește abilitățile motorii și creativitatea copiilor. Pentru designul inovator, a câștigat premiul de design Reddot. De la foarte simplu la foarte avansat, orice poate fi construit cu acest kit, ceea ce îl face potrivit pentru copiii de toate vârstele. Urmând instrucțiunile incluse pot fi construite mașini mai mari sau mai mici, animale, nave, care pot fi aduse în cadă pentru a continua joaca. Sunt incluse roți mari, ceea ce face posibilă construirea a tot felul de mașini și tractoare interesante. Sunt incluși ochi, pentru a da viață construcțiilor. Folosind ""Conectorul"" unic se poate face trecerea către construcții din ce în ce mai avansate. Seturile de construit Bakoba pot fi combinate cu piese de Lego pentru construcții din ce în ce mai creative și complexe. Blocurile de construcție sunt moi, sigure și silențioase și pot fi spălate în mașina de spălat, creând un mediu de joacă perfect atât pentru copii, cât și pentru părinți. Se spală la 40 de grade Celsius, cu ciclu delicat. Se poate utiliza orice detergent. După spălare, blocurile se usucă rapid, deoarece nu absorb apa. Conține 74 de piese. Vârsta recomandată: 3 - 99 ani. Potrivit pentru școli și grădinițe. Confecționat din spumă sigură, durabilă și silențioasă, 100% reciclabilă. Conform reglementarilor EN71&ASTM.AVERTISMENT: Contraindicat copiilor sub 3 ani, conține piese mici. Se recomandă supravegherea copilului de către un adult în timpul jocului. Citiți instrucțiunile înainte de utilizare, urmați-le și păstrați-le pentru referință.Produs în Taiwan de Bakoba, Danemarca.",387.0,464.01,B_3902,"[""https://cdnmpro.com/708224949/p/raw/0/kit-stem-creator-bakoba~11860.jpg"", ""https://cdnmpro.com/708224949/p/raw/5/kit-stem-creator-bakoba~11855.jpg"", ""https://cdnmpro.com/708224949/p/raw/6/kit-stem-creator-bakoba~11856.jpg"", ""https://cdnmpro.com/708224949/p/raw/7/kit-stem-creator-bakoba~11857.jpg"", ""https://cdnmpro.com/708224949/p/raw/8/kit-stem-creator-bakoba~11858.jpg""]",cmltqoq940001jjujkuq676do,"[""Bakoba""]","{""brand"": ""Bakoba"", ""gender"": ""Baiat"", ""originalAgeText"": ""3 - 6, 6 - 9"", ""supplierSource"": ""Boribon"", ""sourceCategory"": ""Jocuri||Outlet %"", ""stemRelevanceScore"": 10, ""viralPotentialScore"": 9}","{""shortTitleRo"": ""Kit STEM Creator, Bakoba"", ""metaDescriptionRo"": ""Jucărie educativă STEM de la Bakoba - Kit STEM Creator, Bakoba. Stimulează creativitatea și gândirea logică. Ideal pentru copii curioși!"", ""learningOutcomes"": [""creativitate constructivă"", ""motorică fină"", ""gândire spațială"", ""proiectare liberă""], ""specialCategories"": [""construction""]}",True,False,3,0,3.0,1000.0,"{""length"": ""39.0 cm"", ""width"": ""29.0 cm""}",0.0,0,0,2026-03-22 23:59:49.000,2026-03-22 23:59:49.000,5700002151988,PRESCHOOL_3_5,,0,0,0,0,0,0,2.9,0,0,APPROVED,GENERAL,ee75eea8-9f64-4076-96a2-52f5d6926c14,False,,
c92f5dfb-f4b8-4c10-919f-b49c61bc768f,"Kit STEM Primii pasi Principii de codare si roboti, Thames & Kosmos",kit-stem-primii-pasi-principii-de-codare-si-roboti-thames-kosmos-K_567012,"Kit STEM Copiii descopera principiile de codare si cum functioneaza robotii Acest mic și simpatic sandviș cu gem este de fapt un robot care îi învață pe copii principiile și abilitățile de codare. Nu aveți nevoie de o tabletă, de un smartphone sau de un computer pentru a programa acest robot; programele sunt create prin simpla așezare a unei secvențe de carduri.Pe măsură ce robotul trece peste cardurile de cod, un scaner optic OID din partea de jos a robotului citește cardurile de cod unul câte unul și încarcă programul. Apoi, plasați robotul pe o grilă, iar el va execută programul. Puteți programa robotul să se deplaseze în diferite direcții, să își activeze angrenajul de ieșire, să își aprindă LED-ul, să emită sunete și să răspundă la diferite carduri de funcții. Angrenajul de ieșire integrat face posibilă construirea unor creații robotice simple, cu brațe sau alte părți mobile care răspund conform instrucțiunilor programului.Acest kit de robot predă, de asemenea, abilități de inginerie fizică și de rezolvare a problemelor printr-o serie de lecții de construcție și codificare. Cele 30 de lecții sunt aliniate la standardele pentru educația în domeniul informaticii elaborate de Computer Science Teachers Association (CSTA) și de International Society for Technology (ISTE) Education, precum și la cursurile de la Code.org. Lecțiile progresează în complexitate prin intermediul manualului ilustrat, permițând kitului să fie adecvat pentru un copil de la 4 ani cu ajutorul unui adult și până la opt ani. Lecțiile acoperă aceste șase domenii cheie în codificare: secvențiere, bucle, evenimente, condiționale, funcții și variabile.Sunt incluse 6 povești, fiecare cu o serie de provocări de construcție modele și de codificare precum și lecții legate de acestea: un șoarece se deplasează printr-un labirint pentru a găsi brânză; un pinguin se plimbă printr-o grădină zoologică; un jucător de fotbal dă o minge în poartă; un camion de pompieri stinge un incendiu; și un robot de fabrică îndeplinește sarcini într-o secție de fabrică. Un manual ilustrat în culori îi ghidează pe utilizatori prin lecțiile de codare și asamblarea diferitelor modele.Conține 417 piese, 30 de experimente, manual cu instrucțiuni. Confecționat din plastic. Conform reglementarilor EN71&ASTM.AVERTISMENT: Contraindicat copiilor sub 3 ani, conține piese mici. Se recomandă supravegherea copilului de către un adult în timpul jocului. Citiți instrucțiunile înainte de utilizare, urmați-le și păstrați-le pentru referință.Produs in Taiwan pentru Thames & Kosmos, Anglia. Manual Kit STEM Primii pasi Principii de codare si roboti - descarca fisier",907.0,1087.49,K_567012,"[""https://cdnmpro.com/708224949/p/raw/2/kit-stem-primii-pasi-principii-de-codare-si-roboti-thames-kosmos~10152.jpg"", ""https://cdnmpro.com/708224949/p/raw/9/kit-stem-primii-pasi-principii-de-codare-si-roboti-thames-kosmos~10149.jpg"", ""https://cdnmpro.com/708224949/p/raw/0/kit-stem-primii-pasi-principii-de-codare-si-roboti-thames-kosmos~10150.jpg"", ""https://cdnmpro.com/708224949/p/raw/1/kit-stem-primii-pasi-principii-de-codare-si-roboti-thames-kosmos~10151.jpg"", ""https://cdnmpro.com/708224949/p/raw/3/kit-stem-primii-pasi-principii-de-codare-si-roboti-thames-kosmos~14263.jpg""]",cmltqoqov0003jjujnu1ppk5u,"[""Thames & Kosmos""]","{""brand"": ""Thames & Kosmos"", ""gender"": ""Baiat, Fata"", ""originalAgeText"": ""3 - 6, 6 - 9"", ""supplierSource"": ""Boribon"", ""sourceCategory"": ""Jocuri||De construit||STEM"", ""stemRelevanceScore"": 10, ""viralPotentialScore"": 9}","{""shortTitleRo"": ""Kit STEM Primii pasi Principii de codare si roboti, Thames & Kosmos"", ""metaDescriptionRo"": ""Kit educativ STEM de construcție robotică de la Thames & Kosmos. Dezvoltă gândirea logică și abilitățile tehnice. Perfect pentru Reels și conținut educativ!"", ""learningOutcomes"": [""programare fără ecran"", ""gândire algoritmică"", ""logică secvențială"", ""principii de codare""], ""specialCategories"": [""coding"", ""robotics""]}",True,False,3,0,3.0,900.0,"{""length"": ""43.0 cm"", ""width"": ""29.0 cm""}",0.0,0,0,2026-03-22 23:59:49.000,2026-03-22 23:59:49.000,814743013490,PRESCHOOL_3_5,,0,0,0,0,0,0,2.9,0,0,APPROVED,TECHNOLOGY,ee75eea8-9f64-4076-96a2-52f5d6926c14,False,,
a209552c-482b-4b9f-bdba-04368f45fcad,"Set magnetic de construit Inventiv 110 piese, Cleverclixx",set-magnetic-de-construit-inventiv-110-piese-cleverclixx-CC-1007,"Cleverclixx Set magnetic Inventiv – Creează construcții pe măsura imaginației tale! Descoperă setul cu 110 piese magnetice cu forme diverse, concepute pentru a permite copiilor să construiască structuri mai complexe și impresionante. Copilul va explora forme și culori diferite, dezvoltându-și imaginația și îndemânarea. Este setul perfect pentru a construi împreună cu familia și pentru a realiza creații de mari dimensiuni! 🚀 Creativitate fără limite și învățare prin joacă Încurajează explorarea de forme noi și structuri inovatoare. Dezvoltă gândirea spațială și abilitățile de rezolvare a problemelor. Perfect pentru joacă individuală sau în grup. 🌟 Experiență de construcție fără limite Creează structuri diverse. Conține piese patrate, dreptunghiulare, triunghiulare, crenelate, de dimensiuni si culori diferite. Compatibil cu alte seturi Cleverclixx precum și cu alte seturi magnetice pentru construcții infinite. Se poate fixa pe suprafețe magnetice, precum un calorifer, pentru a crea în plan vertical. Se poate desena și scrie pe piese cu markere lavabile pentru mai multă distracție. 🎓 Învață prin metoda STEAM Joaca cu Cleverclixx stimulează dezvoltarea motorie și cognitivă, fiind tot mai des utilizată în grădinițe și școli primare.🌍 STEAM = Știință, Tehnologie, Inginerie, Arte & Matematică – o metodă modernă de învățare practică. 🏆 Calitate și siguranță ✔ Potrivit pentru copii de la 3 ani✔ 110 piese din plastic MABS fără BPA✔ Certificări: CPSC, CE, EN71, ASTM Transformă fiecare sesiune de joacă într-o aventură creativă și educativă! AVERTISMENT: Contraindicat copiilor sub 3 ani. Se recomandă supravegherea copilului de către un adult în timpul jocului.Produs de Cleverclixx",576.0,690.62,CC-1007,"[""https://cdnmpro.com/708224949/p/raw/6/set-magnetic-de-construit-inventiv-110-piese-cleverclixx~100019806.jpg"", ""https://cdnmpro.com/708224949/p/raw/3/set-magnetic-de-construit-inventiv-110-piese-cleverclixx~100019803.jpg"", ""https://cdnmpro.com/708224949/p/raw/9/set-magnetic-de-construit-inventiv-110-piese-cleverclixx~100019809.jpg"", ""https://cdnmpro.com/708224949/p/raw/2/set-magnetic-de-construit-inventiv-110-piese-cleverclixx~100019812.jpg"", ""https://cdnmpro.com/708224949/p/raw/5/set-magnetic-de-construit-inventiv-110-piese-cleverclixx~100019815.jpg""]",cmli6buv20021jjpbr43q9cpr,"[""Cleverclixx""]","{""brand"": ""Cleverclixx"", ""gender"": ""Baiat, Fata"", ""originalAgeText"": ""3 - 6"", ""supplierSource"": ""Boribon"", ""sourceCategory"": ""Jocuri||Toate||De construit||Educative||STEM||Magnetice"", ""stemRelevanceScore"": 10, ""viralPotentialScore"": 9}","{""shortTitleRo"": ""Set magnetic de construit Inventiv 110 piese, Cleverclixx"", ""metaDescriptionRo"": ""Set constructiv STEM de la Cleverclixx - Set magnetic de construit Inventiv 110 piese, Cleverclixx. Construiește, experimentează și dezvoltă creativitatea. Ideal pentru vârste 3-12 ani."", ""learningOutcomes"": [""construcție 3D"", ""gândire spațială"", ""creativitate"", ""motorică fină""], ""specialCategories"": [""magnetic"", ""construction""]}",True,False,2,0,3.0,3000.0,"{""length"": ""29.0 cm"", ""width"": ""24.0 cm""}",0.0,0,0,2026-03-22 23:59:49.000,2026-03-22 23:59:49.000,6096133132118,PRESCHOOL_3_5,,0,0,0,0,0,0,2.9,0,0,APPROVED,ENGINEERING,ee75eea8-9f64-4076-96a2-52f5d6926c14,False,,
bfeb1b33-0dd1-43bf-a814-aa2c5e63b49a,"Jocuri magnetice Traseu de curse 65 piese, Cleverclixx",jocuri-magnetice-traseu-de-curse-65-piese-cleverclixx-CC-1011,"Cleverclixx Set de Piste de Curse - 65 Piese: Distracție Fără Sfârșit! Descoperă plăcerea nesfârșită a curselor de mașini cu acest set Cleverclixx de 65 de piese! Copilul va construi piste de curse originale, la diferite niveluri, dezvoltându-și creativitatea și îndemânarea. Setul include semne de circulație, un automobil care se deplasează singur și piloni pentru o experiență de joc captivantă. 🚀 Creativitate fără limite și învățare prin joacă Încurajează explorarea de forme noi și structuri inovatoare. Dezvoltă gândirea spațială și abilitățile de rezolvare a problemelor. Perfect pentru joacă individuală sau în grup. 🌟 Experiență de construcție fără limite Creează structuri diverse. Conține piese patrate, dreptunghiulare, triunghiulare, crenelate, de dimensiuni si culori diferite. Compatibil cu alte seturi Cleverclixx precum și cu alte seturi magnetice pentru construcții infinite. Se poate fixa pe suprafețe magnetice, precum un calorifer, pentru a crea în plan vertical. Se poate desena și scrie pe piese cu markere lavabile pentru mai multă distracție. 🎓 Învață prin metoda STEAM Joaca cu Cleverclixx stimulează dezvoltarea motorie și cognitivă, fiind tot mai des utilizată în grădinițe și școli primare.🌍 STEAM = Știință, Tehnologie, Inginerie, Arte & Matematică – o metodă modernă de învățare practică. 🏆 Calitate și siguranță ✔ Potrivit pentru copii de la 3 ani✔ 65 de piese din plastic MABS fără BPA✔ Certificări: CPSC, CE, EN71, ASTM Transformă fiecare sesiune de joacă într-o aventură creativă și educativă! AVERTISMENT: Contraindicat copiilor sub 3 ani. Se recomandă supravegherea copilului de către un adult în timpul jocului.Produs de Cleverclixx",629.0,754.17,CC-1011,"[""https://cdnmpro.com/708224949/p/raw/5/jocuri-magnetice-traseu-de-curse-65-piese-cleverclixx~100019515.jpg"", ""https://cdnmpro.com/708224949/p/raw/0/jocuri-magnetice-traseu-de-curse-65-piese-cleverclixx~100019500.jpg"", ""https://cdnmpro.com/708224949/p/raw/3/jocuri-magnetice-traseu-de-curse-65-piese-cleverclixx~100019503.jpg"", ""https://cdnmpro.com/708224949/p/raw/6/jocuri-magnetice-traseu-de-curse-65-piese-cleverclixx~100019506.jpg"", ""https://cdnmpro.com/708224949/p/raw/9/jocuri-magnetice-traseu-de-curse-65-piese-cleverclixx~100019509.jpg""]",cmli6buv20021jjpbr43q9cpr,"[""Cleverclixx""]","{""brand"": ""Cleverclixx"", ""gender"": ""Baiat, Fata"", ""originalAgeText"": ""3 - 6"", ""supplierSource"": ""Boribon"", ""sourceCategory"": ""Jocuri||Toate||De construit||Educative||STEM||Magnetice"", ""stemRelevanceScore"": 10, ""viralPotentialScore"": 9}","{""shortTitleRo"": ""Jocuri magnetice Traseu de curse 65 piese, Cleverclixx"", ""metaDescriptionRo"": ""Set constructiv STEM de la Cleverclixx - Jocuri magnetice Traseu de curse 65 piese, Cleverclixx. Construiește, experimentează și dezvoltă creativitatea. Ideal pentru vârste 3-12 ani."", ""learningOutcomes"": [""construcție 3D"", ""gândire spațială"", ""proiectare și testare"", ""creativitate""], ""specialCategories"": [""magnetic"", ""construction""]}",True,False,14,0,4.0,2900.0,"{""length"": ""37.5 cm"", ""width"": ""23.0 cm""}",0.0,0,0,2026-03-22 23:59:49.000,2026-03-22 23:59:49.000,6096125953998,PRESCHOOL_3_5,,0,0,0,0,0,0,2.9,0,0,APPROVED,ENGINEERING,ee75eea8-9f64-4076-96a2-52f5d6926c14,False,,
7010b125-9999-4f95-ae4e-db8a9c71436e,"Kit STEM Transport pe cablu, Fischertechnik",kit-stem-transport-pe-cablu-fischertechnik-F_564068,"Kit STEM Transport pe cablu Kitul de construcție conține trei modele diferite și realiste de telecabine, care pot fi atașate cu ajutorul unor tampoane de vid, de exemplu, și care pot acoperi distanțe și înălțimi în camera copiilor, fiind explorate astfel diferitele funcții ale telefericelor. Telefericul traversează lanțuri muntoase impunătoare, leagă orașe și cartiere, transportă oameni sau încărcături, este un mijloc de transport impresionant care merită explorat. Împreună cu omulețul inclus, fischertechNik, copiii au parte de multe aventuri interesante. Instrucțiuni de asamblare pentru a construi 3 modele de teleferic, ușor de înțeles de către copii. Conține 269 de piese de asamblat, 6 m de cablu. Vârsta recomandată: +7 ani. Confecționat din plastic. Conform reglementarilor EN71&ASTM.AVERTISMENT: Contraindicat copiilor sub 3 ani, conține piese mici. Se recomandă supravegherea copilului de către un adult în timpul jocului. Citiți instrucțiunile înainte de utilizare, urmați-le și păstrați-le pentru referință.Produs in Germania de Fischertechnik.",340.0,407.66,F_564068,"[""https://cdnmpro.com/708224949/p/raw/7/kit-stem-transport-pe-cablu-fischertechnik~11947.jpg"", ""https://cdnmpro.com/708224949/p/raw/8/kit-stem-transport-pe-cablu-fischertechnik~11948.jpg"", ""https://cdnmpro.com/708224949/p/raw/9/kit-stem-transport-pe-cablu-fischertechnik~11949.jpg"", ""https://cdnmpro.com/708224949/p/raw/0/kit-stem-transport-pe-cablu-fischertechnik~11950.jpg"", ""https://cdnmpro.com/708224949/p/raw/1/kit-stem-transport-pe-cablu-fischertechnik~11951.jpg""]",cmltqoq940001jjujkuq676do,"[""Fischertechnik""]","{""brand"": ""Fischertechnik"", ""gender"": ""Baiat"", ""originalAgeText"": ""6 - 9, 9+"", ""supplierSource"": ""Boribon"", ""sourceCategory"": ""Jocuri||Toate||De construit||Educative||STEM"", ""stemRelevanceScore"": 10, ""viralPotentialScore"": 9}","{""shortTitleRo"": ""Kit STEM Transport pe cablu, Fischertechnik"", ""metaDescriptionRo"": ""Jucărie educativă STEM de la Fischertechnik - Kit STEM Transport pe cablu, Fischertechnik. Stimulează creativitatea și gândirea logică. Ideal pentru copii curioși!"", ""learningOutcomes"": [""principii mecanice"", ""construcție 3D"", ""înțelegerea sistemelor de transport"", ""proiectare și testare""], ""specialCategories"": [""construction""]}",True,False,12,0,4.0,1100.0,"{""length"": ""32.0 cm"", ""width"": ""23.0 cm""}",0.0,0,0,2026-03-22 23:59:49.000,2026-03-22 23:59:49.000,4048962458558,ELEMENTARY_6_8,,0,0,0,0,0,0,2.9,0,0,APPROVED,GENERAL,ee75eea8-9f64-4076-96a2-52f5d6926c14,False,,
1af2729c-f876-4029-88b2-72eade265264,"Kit STEM Inventor, Bakoba",kit-stem-inventor-bakoba-B_3901,"Kit STEM Inventor Setul Inventor de la BAKOBA, certificat STEM, este o jucărie educațională care îmbunătățește abilitățile motorii și creativitatea copiilor. Pentru designul inovator, a câștigat premiul de design Reddot. Este setul perfect pentru a inventa propriile construcții. De la dinozauri și alte animale la nave spațiale, roboți, mașini și ambarcațiuni, orice este posibil. Dă frâu liber imaginației sau urmează ghidul inclus care conține numeroase modele de construcție (pentru și mai multe modele vizitează site-ul oficial BAKOBA). Perfect pentru toate grupele de vârstă. Cei mici pot realiza construcții simple, în timp ce copiii mai mari (și adulții jucăuși) pot folosi piesele conector pentru a crea construcții avansate. Seturile de construit Bakoba pot fi combinate cu piese de Lego pentru construcții din ce în ce mai creative și complexe. Blocurile de construcție sunt moi, sigure și silențioase și pot fi spălate în mașina de spălat, creând un mediu de joacă perfect atât pentru copii, cât și pentru părinți.Se spală la 40 de grade Celsius, cu ciclu delicat. Se poate utiliza orice detergent. După spălare, blocurile se usucă rapid, deoarece nu absorb apa. Conține 65 de piese. Vârsta recomandată: 3 - 99 ani. Potrivit pentru școli și grădinițe. Confecționat din spumă sigură, durabilă și silențioasă, 100% reciclabilă. Conform reglementarilor EN71&ASTM.AVERTISMENT: Contraindicat copiilor sub 3 ani, conține piese mici. Se recomandă supravegherea copilului de către un adult în timpul jocului. Citiți instrucțiunile înainte de utilizare, urmați-le și păstrați-le pentru referință.Produs în Taiwan de Bakoba, Danemarca.",335.0,401.67,B_3901,"[""https://cdnmpro.com/708224949/p/raw/6/kit-stem-inventor-bakoba~11866.jpg"", ""https://cdnmpro.com/708224949/p/raw/3/kit-stem-inventor-bakoba~11863.jpg"", ""https://cdnmpro.com/708224949/p/raw/4/kit-stem-inventor-bakoba~11864.jpg"", ""https://cdnmpro.com/708224949/p/raw/5/kit-stem-inventor-bakoba~11865.jpg"", ""https://cdnmpro.com/708224949/p/raw/7/kit-stem-inventor-bakoba~11867.jpg""]",cmltqoq940001jjujkuq676do,"[""Bakoba""]","{""brand"": ""Bakoba"", ""gender"": ""Baiat"", ""originalAgeText"": ""3 - 6, 6 - 9"", ""supplierSource"": ""Boribon"", ""sourceCategory"": ""Jocuri||Outlet %"", ""stemRelevanceScore"": 10, ""viralPotentialScore"": 9}","{""shortTitleRo"": ""Kit STEM Inventor, Bakoba"", ""metaDescriptionRo"": ""Jucărie educativă STEM de la Bakoba - Kit STEM Inventor, Bakoba. Stimulează creativitatea și gândirea logică. Ideal pentru copii curioși!"", ""learningOutcomes"": [""creativitate constructivă"", ""motorică fină"", ""gândire spațială"", ""imaginație""], ""specialCategories"": [""construction""]}",True,False,19,0,6.0,900.0,"{""length"": ""39.0 cm"", ""width"": ""29.0 cm""}",0.0,0,0,2026-03-22 23:59:49.000,2026-03-22 23:59:49.000,5700002151971,PRESCHOOL_3_5,,0,0,0,0,0,0,2.9,0,0,APPROVED,GENERAL,ee75eea8-9f64-4076-96a2-52f5d6926c14,False,,
c0635643-548c-4b22-a4fd-c15bdad52230,"Kit STEM KAI Robotul cu inteligenta artificiala, Thames & Kosmos",kit-stem-kai-robotul-cu-inteligenta-artificiala-thames-kosmos-K_620392,"Kit STEM KAI Robotul cu inteligență artificială Explorează viitorul tehnologiei avansate de calcul cu KAI - prescurtarea de la Kosmos Artificial Intelligence! Construiește și programează un robot inteligent, cu șase picioare și cu aplicații, care folosește machine learning pentru a reacționa la gesturile și sunetele pe care le faci. Machine learning este procesul prin care computerele folosesc date pentru a recunoaște tipare, a învăța și a face predicții, fiind un aspect cheie al inteligenței artificiale. Folosind aplicația, camera și microfonul dispozitivului tău inteligent, înregistrează gesturile fizice și sunetele, atribuindu-le celor cinci funcții ale lui KAI: merge înainte și înapoi, se întoarce la stânga și la dreapta și se oprește. Inteligența artificială va învăța să recunoască fiecare gest sau sunet, chiar dacă acestea diferă în mici detalii. Cu cât colectezi mai multe date, cu atât mai bine va învăța AI-ul din ele. Curba de învățare îți arată cât de precis învață modelul de AI și poți folosi cursoarele pentru a ajusta numărul de analize ale datelor și cât de repede ar trebui să ruleze procesul de instruire pentru a obține rezultate mai bune. Apoi, testeaza-ți modelul AI în modul de joc, controlând robotul de la distanță. Trebuie doar să realizezi aceleași gesturi sau sunete pe care le-ai făcut atunci când ai colectat datele, iar robotul tău va îndeplini funcția atribuită! De asemenea, poți controla KAI direct, folosind funcția de control de la distanță din aplicație sau folosind dispozitivul inteligent ca giroscop, înclinându-l în direcția în care vrei să se miște. Din punct de vedere mecanic, KAI este un robot fascinant care poate merge pe șase picioare și își poate roti partea superioară a corpului la 360 de grade, ceea ce îi permite să se întoarcă spre orice direcție pe loc. Compus din 25 de LED-uri roșii, afișajul său facial poate fi programat prin intermediul aplicației pentru a afișa diferite expresii și mesaje. Un manual de 64 de pagini, complet color, oferă instrucțiuni de asamblare și programare ilustrate pas cu pas, predă lecții de inteligență artificială și robotică și include o poveste amuzantă, în stil bandă desenată, care dă viață lui KAI. Citește despre istoria și viitorul inteligenței artificiale și despre aplicațiile sale din lumea reală. Aplicația necesită o tabletă (recomandată) sau un smartphone care rulează iOS sau Android. Aplicația este disponibilă doar în limba engleză. Conține 123 piese, manual cu instrucțiuni și informații. Funcționeaza cu 4 baterii tip AAA. Vârsta recomandată: +10 ani cu ajutor, +12 ani.AVERTISMENT: Această jucărie este destinată exclusiv copiilor cu vârsta de peste 10 ani, din cauza componentelor electronice accesibile. Instrucțiunile pentru adulți sunt incluse și trebuie respectate. Pericol de sufocare - piesele mici pot fi înghițite sau inhalate. Păstrați ambalajul și instrucțiunile, deoarece conțin informații importante. Nu amestecați bateriile vechi cu cele noi. Nu amestecați baterii alcaline, standard (carbon-zinc) sau reîncărcabile (nichel-cadmiu).Se recomandă supravegherea copilului de către un adult în timpul jocului. Produs in Taiwan pentru Thames & Kosmos, Anglia. Manual Kit STEM KAI Robotul cu inteligenta artificiala, Thames & Kosmos - descarca fisier",799.0,958.0,K_620392,"[""https://cdnmpro.com/708224949/p/raw/8/kit-stem-kai-robotul-cu-inteligenta-artificiala-thames-kosmos~12228.jpg"", ""https://cdnmpro.com/708224949/p/raw/9/kit-stem-kai-robotul-cu-inteligenta-artificiala-thames-kosmos~12229.jpg"", ""https://cdnmpro.com/708224949/p/raw/0/kit-stem-kai-robotul-cu-inteligenta-artificiala-thames-kosmos~12230.jpg"", ""https://cdnmpro.com/708224949/p/raw/1/kit-stem-kai-robotul-cu-inteligenta-artificiala-thames-kosmos~12231.jpg"", ""https://cdnmpro.com/708224949/p/raw/2/kit-stem-kai-robotul-cu-inteligenta-artificiala-thames-kosmos~12232.jpg""]",cmltqoqov0003jjujnu1ppk5u,"[""Thames & Kosmos""]","{""brand"": ""Thames & Kosmos"", ""gender"": ""Baiat, Fata"", ""originalAgeText"": ""9+"", ""supplierSource"": ""Boribon"", ""sourceCategory"": ""Jocuri||Toate||Educative||STEM"", ""stemRelevanceScore"": 10, ""viralPotentialScore"": 9}","{""shortTitleRo"": ""Kit STEM KAI Robotul cu inteligenta artificiala, Thames & Kosmos"", ""metaDescriptionRo"": ""Kit educativ STEM de construcție robotică de la Thames & Kosmos. Dezvoltă gândirea logică și abilitățile tehnice. Perfect pentru Reels și conținut educativ!"", ""learningOutcomes"": [""inteligență artificială de bază"", ""programare și robotică"", ""gândire computațională"", ""machine learning conceptual""], ""specialCategories"": [""robotics"", ""coding""]}",True,False,2,0,3.0,700.0,"{""length"": ""25.5 cm"", ""width"": ""28.0 cm""}",0.0,0,0,2026-03-22 23:59:49.000,2026-03-22 23:59:49.000,814743017009,MIDDLE_SCHOOL_9_12,,0,0,0,0,0,0,2.9,0,0,APPROVED,TECHNOLOGY,ee75eea8-9f64-4076-96a2-52f5d6926c14,False,,
f345cbd5-9356-4e49-b9eb-fb9dd40626e9,"Joc STEM Microscop si telescop 2 in 1, TopBright",joc-stem-microscop-si-telescop-2-in-1-topbright-TB_160128,"Joc STEM Microscop si telescop 2 in 1 O singură jucărie - 2 posibilități: Combină cele două dispozitive optice complexe, de înaltă rezoluție și de calitate excelentă. Excursie în natură și în microcosmos! Micii exploratori ai naturii pot explora lumea într-un mod cu totul nou cu practicul microscop și telescop 2 în 1 . Combinația unică de microscop și telescop le permite copiilor să descopere secretele naturii. În câteva secunde și în doar câțiva pași simpli, ei pot transforma microscopul în telescop - sau telescopul în microscop. Mecanismul de conectare le permite copiilor să transforme singuri jucăria. Microscopul cu mărire de 250x și lumină transmisă și reflectată le permite să examineze cele mai mici organisme sau celule în toate detaliile lor. Pe de altă parte, cu funcția de telescop, ei pot vedea de aproape lucruri îndepărtate sau ființe vii cu o mărire de 20x. Se poate folosi atât în aer liber, cât și în interior. Setul include echipament experimental de înaltă calitate, inclusiv 3 oculare. Designul ergonomic al microscopului le permite copiilor să cerceteze stând în picioare sau în șezut. Conține 7 piese. Necesita o baterie AAA neinclusa. Vârsta recomandată: 6 - 12 ani. Confecționat din plastic și metal. Conform reglementarilor EN71&ASTM. AVERTISMENT: Contraindicat copiilor sub 3 ani, conține piese mici. Se recomandă supravegherea copilului de către un adult în timpul jocului. Citiți instrucțiunile înainte de utilizare, urmați-le și păstrați-le pentru referință.Produs in China de TopBright Wisdom Information Technology pentru Topbright Gmbh, Germania Manual Joc STEM Microscop si telescop 2 in 1, TopBright Toys - descarca aici fisierul",263.0,315.34,TB_160128,"[""https://cdnmpro.com/708224949/p/raw/4/joc-stem-microscop-si-telescop-2-in-1-topbright~13084.jpg"", ""https://cdnmpro.com/708224949/p/raw/0/joc-stem-microscop-si-telescop-2-in-1-topbright~13080.jpg"", ""https://cdnmpro.com/708224949/p/raw/1/joc-stem-microscop-si-telescop-2-in-1-topbright~13081.jpg"", ""https://cdnmpro.com/708224949/p/raw/2/joc-stem-microscop-si-telescop-2-in-1-topbright~13082.jpg"", ""https://cdnmpro.com/708224949/p/raw/3/joc-stem-microscop-si-telescop-2-in-1-topbright~13083.jpg""]",cmltqoqd70002jjujuey1ukeu,"[""TopBright ScienceCan""]","{""brand"": ""TopBright ScienceCan"", ""gender"": ""Baiat, Fata"", ""originalAgeText"": ""6 - 9, 9+"", ""supplierSource"": ""Boribon"", ""sourceCategory"": ""Jocuri||Toate||De exterior||Educative||STEM"", ""stemRelevanceScore"": 10, ""viralPotentialScore"": 9}","{""shortTitleRo"": ""Joc STEM Microscop si telescop 2 in 1, TopBright"", ""metaDescriptionRo"": ""Kit științific STEM de la TopBright ScienceCan. Explorează lumea științei prin experimente practice. Perfect pentru conținut viral și cadouri educative!"", ""learningOutcomes"": [""observație microscopică"", ""astronomie de bază"", ""explorarea naturii"", ""curiozitate științifică""], ""specialCategories"": [""microscopy"", ""astronomy"", ""optics""]}",True,False,16,0,5.0,900.0,"{""length"": ""31.0 cm"", ""width"": ""29.0 cm""}",0.0,0,0,2026-03-22 23:59:49.000,2026-03-22 23:59:49.000,4260771793068,ELEMENTARY_6_8,,0,0,0,0,0,0,2.9,0,0,APPROVED,SCIENCE,ee75eea8-9f64-4076-96a2-52f5d6926c14,False,,
41a96380-b882-4723-b1bb-baeede62eb12,"Kit STEM Sistemul solar 3D cu proiector si redare vocala, TopBright",kit-stem-sistemul-solar-3d-cu-proiector-si-redare-vocala-topbright-TB_120473,"Kit STEM Sistemul solar 3D cu proiector si redare vocala Micii astronauți și exploratori ai spațiului se pot cufunda în lumea fascinantă a universului cu sistemul solar 3D cu proiector. Opt planete în mișcare orbitează în jurul soarelui. Acest model de sistem solar impresionează copiii curioși datorită proiectorului și funcției vocale. Planetele orbitează în jurul soarelui, care este totodată și proiector datorită iluminării LED integrate. Cu trei discuri, fiecare conținând opt imagini, tavanul oricărei camere este transformat în imensitatea uluitoare a spațiului. Focalizați prin rotirea rozetei pentru a obține o imagine clară. Atingând pictogramele planetelor, activați funcția audio care oferă informații interesante în germană și engleză despre planeta selectată. Sporiți abilitățile creative și cunoștințele copilului, inspirându-l să-și imagineze și să descopere spectacolele stelare ale cosmosului, galaxiile, cosmonauții, navele spațiale și uimitoarele planete din sistemul solar. Conține: Model sistem solar 3D cu proiector și funcție de lumină de veghe; ieșire vocală și opt planete în mișcare,3 role cu diapozitive cu imagini din spațiu. Necesită 3 baterii AA. Vârsta recomandată: +3 ani. Confecționat din plastic ABS și polipropilena (PP). Conform reglementarilor EN71&ASTM.AVERTISMENT: Contraindicat copiilor sub 3 ani, conține piese mici. Se recomandă supravegherea copilului de către un adult în timpul jocului. Citiți instrucțiunile înainte de utilizare, urmați-le și păstrați-le pentru referință.Produs in China de TopBright Wisdom Information Technology pentru Topbright Gmbh, Germania Manual Kit STEM Sistemul solar 3D cu proiector si redare vocala, TopBright - descarca aici fisierul",185.0,221.82,TB_120473,"[""https://cdnmpro.com/708224949/p/raw/2/kit-stem-sistemul-solar-3d-cu-proiector-si-redare-vocala-topbright~16352.jpg"", ""https://cdnmpro.com/708224949/p/raw/6/kit-stem-sistemul-solar-3d-cu-proiector-si-redare-vocala-topbright~16346.jpg"", ""https://cdnmpro.com/708224949/p/raw/7/kit-stem-sistemul-solar-3d-cu-proiector-si-redare-vocala-topbright~16347.jpg"", ""https://cdnmpro.com/708224949/p/raw/8/kit-stem-sistemul-solar-3d-cu-proiector-si-redare-vocala-topbright~16348.jpg"", ""https://cdnmpro.com/708224949/p/raw/9/kit-stem-sistemul-solar-3d-cu-proiector-si-redare-vocala-topbright~16349.jpg""]",cmltqoqd70002jjujuey1ukeu,"[""TopBright ScienceCan""]","{""brand"": ""TopBright ScienceCan"", ""gender"": ""Baiat, Fata"", ""originalAgeText"": ""3 - 6, 6 - 9"", ""supplierSource"": ""Boribon"", ""sourceCategory"": ""Jocuri||Toate||Educative||STEM"", ""stemRelevanceScore"": 10, ""viralPotentialScore"": 9}","{""shortTitleRo"": ""Kit STEM Sistemul solar 3D cu proiector si redare vocala, TopBright"", ""metaDescriptionRo"": ""Kit științific STEM de la TopBright ScienceCan. Explorează lumea științei prin experimente practice. Perfect pentru conținut viral și cadouri educative!"", ""learningOutcomes"": [""astronomie de bază"", ""cunoașterea planetelor"", ""observație spațială"", ""curiozitate științifică""], ""specialCategories"": [""astronomy""]}",True,False,0,0,3.0,700.0,"{""length"": ""31.0 cm"", ""width"": ""25.0 cm""}",0.0,0,0,2026-03-22 23:59:49.000,2026-03-22 23:59:49.000,6971325136061,PRESCHOOL_3_5,,0,0,0,0,0,0,2.9,0,0,APPROVED,SCIENCE,ee75eea8-9f64-4076-96a2-52f5d6926c14,False,,
6bdb0745-1829-411a-8047-a5527c061dbc,"Kit STEM Circuite electrice, TopBright",kit-stem-circuite-electrice-topbright-TB_160032,"Kit STEM Circuite electrice Copiii vor patrunde în lumea fascinantă a electricității construind circuite pentru a conecta diverse dispozitive. Prin aranjarea conectorilor și a blocurilor incluse în diferite configurații, copiii vor înțelege cum funcționează electricitatea în timp ce construiesc structuri variate. Broșura atașată explică totul despre electricitate, rezistență, sarcină și polaritate.Cu 53 de experimente diferite de efectuat în siguranță, copiii vor învăța despre electricitate, rezistențe, sarcină și polaritate. Conține 26 de piese: placă de bază transparentă, bloc generator manual, bloc de alimentare, rezistor 10Ω, rezistor 100Ω, bloc întrerupător, bloc întrerupător de presiune, potențiometru, bloc fotosensibil, bloc vibrator, bec, lampă color, bloc difuzor, bloc motor, ventilator, atașament OZN, bloc acrilic transparent, bloc claviatura, 2 adaptoare cu trei căi, 6 conductori. Necesită 3 baterii AAA. Vârsta recomandată: +8 ani. Confecționat din plastic și metal. Conform reglementarilor EN71&ASTM. AVERTISMENT: Contraindicat copiilor sub 3 ani, conține piese mici. Se recomandă supravegherea copilului de către un adult în timpul jocului. Citiți instrucțiunile înainte de utilizare, urmați-le și păstrați-le pentru referință.Produs in China de TopBright Wisdom Information Technology pentru Topbright Gmbh, Germania Manual Kit STEM Circuite electrice, TopBright - descarca aici fisierul",349.0,418.45,TB_160032,"[""https://cdnmpro.com/708224949/p/raw/4/kit-stem-circuite-electrice-topbright~19474.jpg"", ""https://cdnmpro.com/708224949/p/raw/1/kit-stem-circuite-electrice-topbright~19471.jpg"", ""https://cdnmpro.com/708224949/p/raw/2/kit-stem-circuite-electrice-topbright~19472.jpg"", ""https://cdnmpro.com/708224949/p/raw/3/kit-stem-circuite-electrice-topbright~19473.jpg"", ""https://cdnmpro.com/708224949/p/raw/5/kit-stem-circuite-electrice-topbright~19475.jpg""]",cmltqoqov0003jjujnu1ppk5u,"[""TopBright ScienceCan""]","{""brand"": ""TopBright ScienceCan"", ""gender"": ""Baiat, Fata"", ""originalAgeText"": ""6 - 9, 9+"", ""supplierSource"": ""Boribon"", ""sourceCategory"": ""Jocuri||Toate||De construit||Educative||STEM"", ""stemRelevanceScore"": 10, ""viralPotentialScore"": 9}","{""shortTitleRo"": ""Kit STEM Circuite electrice, TopBright"", ""metaDescriptionRo"": ""Kit educativ STEM de construcție robotică de la TopBright ScienceCan. Dezvoltă gândirea logică și abilitățile tehnice. Perfect pentru Reels și conținut educativ!"", ""learningOutcomes"": [""circuite electrice"", ""gândire tehnologică"", ""experimentare practică"", ""rezolvare de probleme""], ""specialCategories"": [""circuits""]}",True,False,0,0,3.0,1000.0,"{""length"": ""36.0 cm"", ""width"": ""27.0 cm""}",0.0,0,0,2026-03-22 23:59:49.000,2026-03-22 23:59:49.000,6971325138102,ELEMENTARY_6_8,,0,0,0,0,0,0,2.9,0,0,APPROVED,TECHNOLOGY,ee75eea8-9f64-4076-96a2-52f5d6926c14,False,,
158ea08c-e5bb-4e04-aa9c-2b351289f82c,"Kit STEM Cursa cu bile metalice, Fischertechnik",kit-stem-cursa-cu-bile-metalice-fischertechnik-F_564070,"Kit STEM Cursa cu bile metalice Conceput atât pentru un singur jucător, cât și pentru grupuri de prieteni și chiar echipe, Cursa cu bile metalice va permite să construiți modele interesante și distractive de piste de curse pe care bilele metalice se pot lua la întrecere. Setul de construcție include trei modele complet diferite, pline de acțiune. Odată ce pista este construită, distracția începe cu adevărat! Atracțiile setului includ șinele late și flexibile, de mare viteză, precum și curbe strânse pentru manevre de depășire îndrăznețe. Bilele colorate dau posibilitatea fiecărui jucător de a alege o culoare și apoi a le urmări pe traseul cursei rapide cu obstacole. Dar ai grijă să nu te declari câștigător prea repede - blocajele reglabile pot încetini sau opri bilele, menținând cursa interesantă până la sfârșit. Toate cele trei modele au curse distincte, cu dispozitive de lansare diferite. Instrucțiuni de asamblare pentru a construi 3 modele de circuite, complexe și originale. Conține 697 de piese. Vârsta recomandată: +8 ani. Confecționat din plastic. Conform reglementarilor EN71&ASTM.AVERTISMENT: Contraindicat copiilor sub 3 ani, conține piese mici. Se recomandă supravegherea copilului de către un adult în timpul jocului. Citiți instrucțiunile înainte de utilizare, urmați-le și păstrați-le pentru referință.Produs in Germania de Fischertechnik.",669.0,802.13,F_564070,"[""https://cdnmpro.com/708224949/p/raw/0/kit-stem-cursa-cu-bile-metalice-fischertechnik~12040.jpg"", ""https://cdnmpro.com/708224949/p/raw/1/kit-stem-cursa-cu-bile-metalice-fischertechnik~12041.jpg"", ""https://cdnmpro.com/708224949/p/raw/2/kit-stem-cursa-cu-bile-metalice-fischertechnik~12042.jpg"", ""https://cdnmpro.com/708224949/p/raw/3/kit-stem-cursa-cu-bile-metalice-fischertechnik~12043.jpg"", ""https://cdnmpro.com/708224949/p/raw/4/kit-stem-cursa-cu-bile-metalice-fischertechnik~12044.jpg""]",cmltqoq940001jjujkuq676do,"[""Fischertechnik""]","{""brand"": ""Fischertechnik"", ""gender"": ""Baiat, Fata"", ""originalAgeText"": ""6 - 9, 9+"", ""supplierSource"": ""Boribon"", ""sourceCategory"": ""Jocuri||Toate||De construit||Educative||STEM"", ""stemRelevanceScore"": 10, ""viralPotentialScore"": 9}","{""shortTitleRo"": ""Kit STEM Cursa cu bile metalice, Fischertechnik"", ""metaDescriptionRo"": ""Jucărie educativă STEM de la Fischertechnik - Kit STEM Cursa cu bile metalice, Fischertechnik. Stimulează creativitatea și gândirea logică. Ideal pentru copii curioși!"", ""learningOutcomes"": [""construcție 3D"", ""proiectare și testare"", ""gândire inginerească"", ""rezolvare de probleme""], ""specialCategories"": [""construction"", ""marble-run""]}",True,False,9,0,3.0,900.0,"{""length"": ""46.0 cm"", ""width"": ""32.0 cm""}",0.0,0,0,2026-03-22 23:59:49.000,2026-03-22 23:59:49.000,4048962458572,ELEMENTARY_6_8,,0,0,0,0,0,0,2.9,0,0,APPROVED,GENERAL,ee75eea8-9f64-4076-96a2-52f5d6926c14,False,,
74869861-0822-4381-b8e4-3dccbc031e36,"Kit STEM Reactii in lant traznite, Fischertechnik",kit-stem-reactii-in-lant-traznite-fischertechnik-F_569018,"Kit STEM Reactii in lant traznite Set de construcție, pentru a construi propriul model de reacție în lanț, în care o reacție declanșează o altă reacție, cu efecte surpriză interesante. Dă semnalul de pornire și descoperă în joacă funcția scripetelui, a pârghiei și a cutiei de viteze. Nu este de ajuns? Reacțiile în lanț pot fi extinse cu obiecte de zi cu zi și încurajează construcția creativă. Cu ajutorul instrucțiunilor pot fi construite trei modele diferite de reacții în lanț care mai de care mai trăznite. Nu există limite pentru creativitate. Tinerii inventatori își pot crea propriile trasee și, de asemenea, pot integra piese non-fischertechnik, cum ar fi piese de domino și altele asemenea.Poate fi combinat cu seturile de contruit 551588 Reactii in lant și 559890 Circuite XL de reactii in lantDistins cu premiul ""The Golden Rocking Horse 2019 - câștigător al categoriei "" Joc și tehnologie"" Instrucțiuni de asamblare pentru a construi 3 modele de circuite tip domino, complexe și originale. Conține 428 de piese. Vârsta recomandată: +8 ani. Confecționat din plastic. Conform reglementarilor EN71&ASTM.AVERTISMENT: Contraindicat copiilor sub 3 ani, conține piese mici. Se recomandă supravegherea copilului de către un adult în timpul jocului. Citiți instrucțiunile înainte de utilizare, urmați-le și păstrați-le pentru referință.Produs in Germania de Fischertechnik.",617.0,739.78,F_569018,"[""https://cdnmpro.com/708224949/p/raw/8/kit-stem-reactii-in-lant-traznite-fischertechnik~11978.jpg"", ""https://cdnmpro.com/708224949/p/raw/9/kit-stem-reactii-in-lant-traznite-fischertechnik~11979.jpg"", ""https://cdnmpro.com/708224949/p/raw/0/kit-stem-reactii-in-lant-traznite-fischertechnik~11980.jpg"", ""https://cdnmpro.com/708224949/p/raw/1/kit-stem-reactii-in-lant-traznite-fischertechnik~11981.jpg"", ""https://cdnmpro.com/708224949/p/raw/2/kit-stem-reactii-in-lant-traznite-fischertechnik~11982.jpg""]",cmltqoq940001jjujkuq676do,"[""Fischertechnik""]","{""brand"": ""Fischertechnik"", ""gender"": ""Baiat"", ""originalAgeText"": ""6 - 9, 9+"", ""supplierSource"": ""Boribon"", ""sourceCategory"": ""Jocuri||Toate||De construit||Educative||STEM"", ""stemRelevanceScore"": 10, ""viralPotentialScore"": 9}","{""shortTitleRo"": ""Kit STEM Reactii in lant traznite, Fischertechnik"", ""metaDescriptionRo"": ""Jucărie educativă STEM de la Fischertechnik - Kit STEM Reactii in lant traznite, Fischertechnik. Stimulează creativitatea și gândirea logică. Ideal pentru copii curioși!"", ""learningOutcomes"": [""gândire cauzală"", ""principii mecanice"", ""construcție 3D"", ""înțelegerea cauză-efect""], ""specialCategories"": [""chain-reaction"", ""construction""]}",True,False,9,0,3.0,2000.0,"{""length"": ""46.0 cm"", ""width"": ""32.0 cm""}",0.0,0,0,2026-03-22 23:59:49.000,2026-03-22 23:59:49.000,4048962492743,ELEMENTARY_6_8,,0,0,0,0,0,0,2.9,0,0,APPROVED,GENERAL,ee75eea8-9f64-4076-96a2-52f5d6926c14,False,,
757fd0e4-102e-4fea-899f-82486d4bcbe6,"Kit STEM Energia eoliana cu turbina si masinuta electrica, Genius Toy",kit-stem-energia-eoliana-cu-turbina-si-masinuta-electrica-genius-toy-G_7087,"Kit STEM Energia eoliana cu turbina si masinuta electrica Explorează energia regenerabilă într-un mod captivant cu acest kit educațional ce include o turbină eoliană de 95 cm și o mașinuță electrică rezistentă la apă. Acest set inovator le permite copiilor să învețe prin practică despre generarea și utilizarea energiei verzi, prin două metode de încărcare: energie eoliană și manivelă manuală. Turbina este echipată cu pale reglabile pentru testarea diferitelor unghiuri de eficiență, iar supercondensatorul încorporat permite încărcare rapidă. Energia acumulată poate fi utilizată pentru a pune în mișcare mașinuța inclusă, oferind o demonstrație practică și amuzantă a energiei sustenabile. Ideal pentru acasă sau la clasă, acest kit sprijină gândirea creativă, înțelegerea mecanismelor sustenabile și conștientizarea importanței protejării mediului. Caracteristici produs: Turbina eoliană înaltă de 95 cm – ideală pentru experimente indoor și outdoor Două metode de încărcare: energie eoliană și manivelă manuală Supercondensator integrat pentru încărcare rapidă Mașinuță electrică rezistentă la apă inclusă – alimentată de energia produsă 84 de componente în pachet Nu necesită baterii – funcționează doar pe bază de energie regenerabilă Vărsta recomandată: +8 ani. Confecționat din plastic. Conform reglementarilor EN71&ASTM.AVERTISMENT: Contraindicat copiilor sub 3 ani, conține piese mici. Se recomandă supravegherea copilului de către un adult în timpul jocului. Citiți instrucțiunile înainte de utilizare, urmați-le și păstrați-le pentru referință.Produs in Taiwan de Genius Toy. Manual Kit STEM Energia eoliana cu turbina si masinuta electrica, Gigo Toys - descarca aici fisierul",245.0,293.75,G_7087,"[""https://cdnmpro.com/708224949/p/raw/2/kit-stem-energia-eoliana-cu-turbina-si-masinuta-electrica-genius-toy~100102222.jpg"", ""https://cdnmpro.com/708224949/p/raw/5/kit-stem-energia-eoliana-cu-turbina-si-masinuta-electrica-genius-toy~100102225.jpg"", ""https://cdnmpro.com/708224949/p/raw/8/kit-stem-energia-eoliana-cu-turbina-si-masinuta-electrica-genius-toy~100102228.jpg"", ""https://cdnmpro.com/708224949/p/raw/1/kit-stem-energia-eoliana-cu-turbina-si-masinuta-electrica-genius-toy~100102231.jpg""]",cmltqoqov0003jjujnu1ppk5u,"[""Gigo Toys""]","{""brand"": ""Gigo Toys"", ""gender"": ""Baiat, Fata"", ""originalAgeText"": ""6 - 9, 9+"", ""supplierSource"": ""Boribon"", ""sourceCategory"": ""Jocuri||Toate||De construit||Noutati||STEM"", ""stemRelevanceScore"": 10, ""viralPotentialScore"": 9}","{""shortTitleRo"": ""Kit STEM Energia eoliana cu turbina si masinuta electrica, Genius Toy"", ""metaDescriptionRo"": ""Kit educativ STEM de construcție robotică de la Gigo Toys. Dezvoltă gândirea logică și abilitățile tehnice. Perfect pentru Reels și conținut educativ!"", ""learningOutcomes"": [""energie eoliană"", ""asamblare practică"", ""gândire ecologică"", ""inginerie mecanică""], ""specialCategories"": [""renewable-energy"", ""construction""]}",True,False,92,0,28.0,1500.0,"{""length"": ""37.0 cm"", ""width"": ""29.0 cm""}",0.0,0,0,2026-03-22 23:59:49.000,2026-03-22 23:59:49.000,4716503070872,ELEMENTARY_6_8,,0,0,0,0,0,0,2.9,0,0,APPROVED,TECHNOLOGY,ee75eea8-9f64-4076-96a2-52f5d6926c14,False,,
e06623f2-8dcf-4932-b628-57e73c1c2ba4,"Caleidoscop metalic telescopic, Circ albastru, Svoora",caleidoscop-metalic-telescopic-circ-albastru-svoora-Sv_23155,"Caleidoscop metalic telescopic Circ albastru De la mic la mare, de aproape la departe, caleidoscoapele telescopice sunt aici pentru a uimi. Cu vederi uimitoare prin lentilă și ilustrații jucăușe din lumea circului. Vârsta recomandată: + 3 ani. Confecționat din metal. Conform standardelor de siguranță EN71 și ASTM.Avertisment: Contraindicat copiilor sub 3 ani, conține părți mici. A se utiliza sub stricta supraveghere a unei persoane adulte.Producător: Svoora, Grecia.",49.0,58.75,Sv_23155,"[""https://cdnmpro.com/708224949/p/raw/6/caleidoscop-metalic-telescopic-circ-albastru-svoora~10426.jpg"", ""https://cdnmpro.com/708224949/p/raw/5/caleidoscop-metalic-telescopic-circ-albastru-svoora~10425.jpg"", ""https://cdnmpro.com/708224949/p/raw/7/caleidoscop-metalic-telescopic-circ-albastru-svoora~10427.jpg"", ""https://cdnmpro.com/708224949/p/raw/8/caleidoscop-metalic-telescopic-circ-albastru-svoora~10428.jpg"", ""https://cdnmpro.com/708224949/p/raw/0/caleidoscop-metalic-telescopic-circ-albastru-svoora~14420.jpg""]",cmltqoqd70002jjujuey1ukeu,"[""Svoora""]","{""brand"": ""Svoora"", ""gender"": ""Baiat, Fata"", ""originalAgeText"": ""3 - 6"", ""supplierSource"": ""Boribon"", ""sourceCategory"": ""Accesorii||Toate||Cadouri"", ""stemRelevanceScore"": 9, ""viralPotentialScore"": 10}","{""shortTitleRo"": ""Caleidoscop metalic telescopic, Circ albastru, Svoora"", ""metaDescriptionRo"": ""Kit științific STEM de la Svoora. Explorează lumea științei prin experimente practice. Perfect pentru conținut viral și cadouri educative!"", ""learningOutcomes"": [""percepție optică"", ""simetrie vizuală"", ""curiozitate fizică"", ""observație""], ""specialCategories"": [""optics""]}",True,False,5,0,3.0,20.0,"{""length"": ""4.5 cm"", ""width"": ""19.0 cm""}",0.0,0,0,2026-03-22 23:59:49.000,2026-03-22 23:59:49.000,5208006231557,PRESCHOOL_3_5,,0,0,0,0,0,0,2.9,0,0,APPROVED,SCIENCE,ee75eea8-9f64-4076-96a2-52f5d6926c14,False,,
476714e4-fc3a-4f9e-82af-1dcb3aa3b502,"Caleidoscop metalic telescopic, Circ rosu, Svoora",caleidoscop-metalic-telescopic-circ-rosu-svoora-Sv_23156,"Caleidoscop metalic telescopic Circ rosu De la mic la mare, de aproape la departe, caleidoscoapele telescopice sunt aici pentru a uimi. Cu vederi uimitoare prin lentilă și ilustrații jucăușe din lumea circului. Vârsta recomandată: + 3 ani. Confecționat din metal. Conform standardelor de siguranță EN71 și ASTM.Avertisment: Contraindicat copiilor sub 3 ani, conține părți mici. A se utiliza sub stricta supraveghere a unei persoane adulte.Producător: Svoora, Grecia.",49.0,58.75,Sv_23156,"[""https://cdnmpro.com/708224949/p/raw/1/caleidoscop-metalic-telescopic-circ-rosu-svoora~10431.jpg"", ""https://cdnmpro.com/708224949/p/raw/9/caleidoscop-metalic-telescopic-circ-rosu-svoora~10429.jpg"", ""https://cdnmpro.com/708224949/p/raw/0/caleidoscop-metalic-telescopic-circ-rosu-svoora~10430.jpg"", ""https://cdnmpro.com/708224949/p/raw/2/caleidoscop-metalic-telescopic-circ-rosu-svoora~10432.jpg"", ""https://cdnmpro.com/708224949/p/raw/5/caleidoscop-metalic-telescopic-circ-rosu-svoora~14425.jpg""]",cmltqoqd70002jjujuey1ukeu,"[""Svoora""]","{""brand"": ""Svoora"", ""gender"": ""Baiat, Fata"", ""originalAgeText"": ""3 - 6"", ""supplierSource"": ""Boribon"", ""sourceCategory"": ""Accesorii||Toate||Cadouri"", ""stemRelevanceScore"": 9, ""viralPotentialScore"": 10}","{""shortTitleRo"": ""Caleidoscop metalic telescopic, Circ rosu, Svoora"", ""metaDescriptionRo"": ""Kit științific STEM de la Svoora. Explorează lumea științei prin experimente practice. Perfect pentru conținut viral și cadouri educative!"", ""learningOutcomes"": [""percepție optică"", ""simetrie vizuală"", ""curiozitate fizică"", ""observație""], ""specialCategories"": [""optics""]}",True,False,2,0,3.0,20.0,"{""length"": ""4.5 cm"", ""width"": ""19.0 cm""}",0.0,0,0,2026-03-22 23:59:49.000,2026-03-22 23:59:49.000,5208006231564,PRESCHOOL_3_5,,0,0,0,0,0,0,2.9,0,0,APPROVED,SCIENCE,ee75eea8-9f64-4076-96a2-52f5d6926c14,False,,
ad71f6aa-0fef-47c5-a1f7-08973062761f,Set magnetic Magblox - 92 piese magnetice de constructie Monocrom AlbNegru,set-magnetic-magblox---92-piese-magnetice-de-constructie-monocrom-albnegru-MBL-116,"Placile magnetice MAGBLOX®Magnetic Building au fost concepute pentru a stimula si incuraja dezvoltarea cognitiva a copiilor, constientizarea spatiala, abilitatile motorii fine si grosiere, toate in timp ce ""Invatam prin joaca, ! Setul contine toate lucrurile care ne plac la Magblox, realizat din plastic ABS reciclat, magneti puternici, nituri argintate si simetrie perfecta a triunghiurilor isoscele. Setul magnetic Magblox contine 92 piese magnetice in culori monocrome, alb si negru si o brosura de idei: 32 de patrate 12 triunghiuri isoscele 16 triunghiuri echilaterale 12 triunghiuri dreptunghiulare 4 trapezoizi 8 forme L 8 forme E Dimensiuni cutie: 33 x 24 x 5.5 cm Setul Magblox® Monochrome este o alegere excelenta pentru minimizarea confuziei si imbunatatirea concentrarii, in special in mediile educationale, unde claritatea si concentrarea sunt esentiale. Acest set prezinta doua optiuni de culoare solida alb-negru, care ajuta la reducerea dezordinii vizuale si la simplificarea mediului vizual. Parte a dualismului elegantei, acest set monocrom este conceput si pentru persoanele cu afectiuni oculare, facilitandu-le utilizarea. Setul Magblox® Magnetic Tiles Monochrome promoveaza incluziunea si accesibilitatea, oferind copiilor si adultilor o optiune atractiva si minimalista. Acesta prezinta o varietate de forme, inclusiv patrate mici, triunghiuri isoscele, echilaterale si dreptunghiulare, trapezoizi, forme E si L, plus o idee de brosura. Cresteti invatarea si activitatile STEM ale copilului dvs. prin: Abilitati de constructie si constructie Invatare despre simetrie si modele Construirea si intelegerea formelor si structurilor 2D si 3D Recunoasterea formelor Relatii matematice si spatiale Persistenta, abilitati de rezolvare a problemelor, abilitati de coordonare ochi-mana Creativitate fara sfarsit Culorile, transluciditatea si magnetii le permit copiilor sa construiasca si sa creeze in moduri in care nu pot cu blocurile standard. Setul magnetic Magblox este combinatia perfecta intre jocul liber (open-end) si cel STEM (Stiinta, Tehnologie, Inginerie, Matematica). Atat un joc creativ, imaginativ, ce imbie la jocul de rol, cat si un joc care dezvolta abilitatile tehnice atat de necesare in zilele noastre. Toate piesele MAGBLOX® sunt compatibile intre ele si cu alte marci de placi magnetice. Sunt sigure, durabile si fabricate din plastic reciclat ABS de calitate alimentara, fara BPA si fara ftalati. Seturile magnetice de constructie MAGBLOX® sunt sigure pentru copii si respecta standardele internationale de calitate si siguranta AS NZS ISO 8124, EN71, ASTM, si CPSIA. MAGBLOX® este potrivit pentru copiii cu varsta de la 3 ani in sus. Designul MAGBLOX® este o idee originala a lui JC Ingenium®. Toate seturile de constructie MAGBLOX® sunt compatibile cu alte placi magnetice, inclusiv cu placile magnetice Magbrix - compatibile cu caramizi de constructie tip Lego, MegaBlocks, etc. AVERTISMENT! Nerecomandat copiilor mai mici de 3 ani. Produsul poate contine piese mici care se pot inghiti sau inhala, existand pericolul de sufocare. Nu lasati ambalajele produselor la indemana copiilor, indepartati toate ambalajele inainte de a oferi jucaria copilului. Jucaria contine magneti sau componente magnetice. Magnetii care se lipesc unul de celalalt sau se ataseaza de un obiect metalic in interiorul corpului uman pot provoca accidente grave. Cereti imediat asistenta medicala in cazul in care magnetii sunt inghititi sau inhalati.",561.0,672.64,MBL-116,"[""https://gomagcdn.ro/domains/kidstory.ro/files/product/original/set-magnetic-magblox-102-piese-magnetice-de-constructie-pastel-transparente-copie-168702.png"", ""https://gomagcdn.ro/domains/kidstory.ro/files/product/original/set-magnetic-magblox-102-piese-magnetice-de-constructie-pastel-transparente-copie-390323.png"", ""https://gomagcdn.ro/domains/kidstory.ro/files/product/original/set-magnetic-magblox-102-piese-magnetice-de-constructie-pastel-transparente-copie-486411.png"", ""https://gomagcdn.ro/domains/kidstory.ro/files/product/original/set-magnetic-magblox-102-piese-magnetice-de-constructie-pastel-transparente-copie-292810.png"", ""https://gomagcdn.ro/domains/kidstory.ro/files/product/original/set-magnetic-magblox-102-piese-magnetice-de-constructie-pastel-transparente-copie-681050.png""]",cmli6buv20021jjpbr43q9cpr,"[""Magblox""]","{""brand"": ""Magblox"", ""supplierSource"": ""Kidstory"", ""sourceCategory"": ""Jucarii Magnetice"", ""stemRelevanceScore"": 10, ""viralPotentialScore"": 10}","{""shortTitleRo"": ""Set magnetic Magblox - 92 piese magnetice de constructie Monocrom AlbNegru"", ""metaDescriptionRo"": ""Set constructiv STEM de la Magblox - Set magnetic Magblox - 92 piese magnetice de constructie Monocrom AlbNegru. Construiește, experimentează și dezvoltă creativitatea. Ideal pentru vârste 3-12 ani."", ""learningOutcomes"": [""construcție 3D"", ""gândire spațială"", ""motorică fină"", ""coordonare mână-ochi""], ""specialCategories"": [""magnetic"", ""construction""]}",True,False,5,0,3.0,500.0,"{""length"": ""25 cm""}",0.0,0,0,2026-03-22 23:59:49.000,2026-03-22 23:59:49.000,9357280000307,ELEMENTARY_6_8,,0,0,0,0,0,0,2.9,0,0,APPROVED,ENGINEERING,26f5418c-965d-4630-994c-b51947cdec04,False,,
16a51001-f9eb-42d1-94b0-ae7e212d849d,Set educativ Sapa si descopera Dinozauri - Triceratops,set-educativ-sapa-si-descopera-dinozauri---triceratops-4M-03228,"Sapa un dinozaur Triceratops: incorporat in acest bloc dur de ipsos este un schelet complet, realist al unui Triceratops , si depinde de tine sa-l scoti. Utilizati capatul plat al instrumentului de sapat pentru a razui cu grija bucati de tencuiala, putin cate putin. Odata ce ai lovit osul, treceti la perie pentru a o elibera usor de praf. Toate oasele se conecteaza cu usurinta intre ele si se tin puternic folosind ceara moale inclusa. Configurati afisajul uimitor, astfel incat toata lumea sa va poata verifica descoperirea fascinanta , Exista chiar si lucruri amuzante despre Triceratops imprimate pe spate. Sapa, descopera si inspira-te cu setul 4M Dig A Dinosaur. Schelet afisabil de Triceratops incorporat in caramida de ipsos. Incurajeaza dexteritatea motrica fina, pasiunea pentru invatare si interesul pentru paleontologie. Copiii se simt ca niste adevarati paleontologi care isi scot propriul schelet de dinozaur. O unealta de sapat faciliteaza taierea caramizii de ipsos. Utilizati o perie pentru a indeparta usor praful din jurul oaselor. Include bloc de ipsos cu schelet Triceratops incorporat, unealta de sapat, perie, ceara moale pentru pozitionarea fosilei, afisaj din carton cu platforma si fapte amuzante. Instructiuni detaliate de asamblare si ingrijire incluse. Scheletul masoara aproximativ 19 cm inaltime cand este asamblat. Materiale de calitate pentru experienta exceptionala de paleontolog. Acest set este un proiect stiintific distractiv pentru copii si intreaga familie, care dezvolta concentrarea, capacitatea de rezolvare a problemelor si motricitatea fina! Varsta 8+; cu ajutorul unui adult, poate fi folosit inca de la 5 ani. Dimensiune cutie: 17 cm x 22 cm x 6 cm",69.0,82.73,4M-03228,"[""https://gomagcdn.ro/domains/kidstory.ro/files/product/original/set-educativ-sapa-si-descopera-dinozauri-triceratops-209766.jpg"", ""https://gomagcdn.ro/domains/kidstory.ro/files/product/original/set-educativ-sapa-si-descopera-dinozauri-triceratops-071465.jpg"", ""https://gomagcdn.ro/domains/kidstory.ro/files/product/original/set-educativ-sapa-si-descopera-dinozauri-triceratops-477113.jpg"", ""https://gomagcdn.ro/domains/kidstory.ro/files/product/original/set-educativ-sapa-si-descopera-dinozauri-triceratops-962334.jpg"", ""https://gomagcdn.ro/domains/kidstory.ro/files/product/original/set-educativ-sapa-si-descopera-dinozauri-triceratops-864437.jpg""]",cmltqoqd70002jjujuey1ukeu,"[""4M""]","{""brand"": ""4M"", ""supplierSource"": ""Kidstory"", ""sourceCategory"": ""Experimente"", ""stemRelevanceScore"": 10, ""viralPotentialScore"": 10}","{""shortTitleRo"": ""Set educativ Sapa si descopera Dinozauri - Triceratops"", ""metaDescriptionRo"": ""Kit științific STEM de la 4M. Explorează lumea științei prin experimente practice. Perfect pentru conținut viral și cadouri educative!"", ""learningOutcomes"": [""paleontologie de bază"", ""răbdare"", ""motorică fină"", ""coordonare mână-ochi""], ""specialCategories"": [""paleontology""]}",True,False,5,0,3.0,500.0,"{""length"": ""25 cm""}",0.0,0,0,2026-03-22 23:59:49.000,2026-03-22 23:59:49.000,4893156032287,ELEMENTARY_6_8,,0,0,0,0,0,0,2.9,0,0,APPROVED,SCIENCE,26f5418c-965d-4630-994c-b51947cdec04,False,,
7558e07a-6fe5-4b4e-92c6-7870583b9b6b,Set educativ Sapa si descopera Dinozauri - Brachiosaurus,set-educativ-sapa-si-descopera-dinozauri---brachiosaurus-4M-03237,"Sapa un dinozaur Brachiosaurus: incorporat in acest bloc dur de ipsos este un schelet complet, realist al unui Brachiosaurus , si depinde de tine sa-l scoti. Utilizati capatul plat al instrumentului de sapat pentru a razui cu grija bucati de tencuiala, putin cate putin. Odata ce ai lovit osul, treceti la perie pentru a o elibera usor de praf. Toate oasele se conecteaza cu usurinta intre ele si se tin puternic folosind ceara moale inclusa. Configurati afisajul uimitor, astfel incat toata lumea sa va poata verifica descoperirea fascinanta , Exista chiar si lucruri amuzante despre Brachiosaurus imprimate pe spate. Sapa, descopera si inspira-te cu setul 4M Dig A Dinosaur. Schelet afisabil de Brachiosaurus incorporat in caramida de ipsos. Incurajeaza dexteritatea motrica fina, pasiunea pentru invatare si interesul pentru paleontologie. Copiii se simt ca niste adevarati paleontologi care isi scot propriul schelet de dinozaur. O unealta de sapat faciliteaza taierea caramizii de ipsos. Utilizati o perie pentru a indeparta usor praful din jurul oaselor. Include bloc de ipsos cu schelet Brachiosaurus incorporat, unealta de sapat, perie, ceara moale pentru pozitionarea fosilei, afisaj din carton cu platforma si fapte amuzante. Instructiuni detaliate de asamblare si ingrijire incluse. Scheletul masoara aproximativ 19 cm inaltime cand este asamblat. Materiale de calitate pentru experienta exceptionala de paleontolog. Acest set este un proiect stiintific distractiv pentru copii si intreaga familie, care dezvolta concentrarea, capacitatea de rezolvare a problemelor si motricitatea fina! Varsta 8+; cu ajutorul unui adult, poate fi folosit inca de la 5 ani. Dimensiune cutie: 17 cm x 22 cm x 6 cm",69.0,82.73,4M-03237,"[""https://gomagcdn.ro/domains/kidstory.ro/files/product/original/set-educativ-sapa-si-descopera-dinozauri-brachiosaurus-282281.jpg"", ""https://gomagcdn.ro/domains/kidstory.ro/files/product/original/set-educativ-sapa-si-descopera-dinozauri-brachiosaurus-059707.jpg"", ""https://gomagcdn.ro/domains/kidstory.ro/files/product/original/set-educativ-sapa-si-descopera-dinozauri-brachiosaurus-169114.jpg"", ""https://gomagcdn.ro/domains/kidstory.ro/files/product/original/set-educativ-sapa-si-descopera-dinozauri-brachiosaurus-827568.jpg"", ""https://gomagcdn.ro/domains/kidstory.ro/files/product/original/set-educativ-sapa-si-descopera-dinozauri-brachiosaurus-618565.jpg""]",cmltqoqd70002jjujuey1ukeu,"[""4M""]","{""brand"": ""4M"", ""supplierSource"": ""Kidstory"", ""sourceCategory"": ""Experimente"", ""stemRelevanceScore"": 10, ""viralPotentialScore"": 10}","{""shortTitleRo"": ""Set educativ Sapa si descopera Dinozauri - Brachiosaurus"", ""metaDescriptionRo"": ""Kit științific STEM de la 4M. Explorează lumea științei prin experimente practice. Perfect pentru conținut viral și cadouri educative!"", ""learningOutcomes"": [""paleontologie de bază"", ""răbdare"", ""motorică fină"", ""coordonare mână-ochi""], ""specialCategories"": [""paleontology""]}",True,False,5,0,3.0,500.0,"{""length"": ""25 cm""}",0.0,0,0,2026-03-22 23:59:49.000,2026-03-22 23:59:49.000,4893156032379,ELEMENTARY_6_8,,0,0,0,0,0,0,2.9,0,0,APPROVED,SCIENCE,26f5418c-965d-4630-994c-b51947cdec04,False,,
1a48b2f1-f895-4966-9757-61da52b06e97,Set educativ Sapa si descopera Dinozauri - Stegosaurus,set-educativ-sapa-si-descopera-dinozauri---stegosaurus-4M-03229,"Sapa un dinozaur Stegosaurus: incorporat in acest bloc dur de ipsos este un schelet complet, realist al unui Stegosaurus , si depinde de tine sa-l scoti. Utilizati capatul plat al instrumentului de sapat pentru a razui cu grija bucati de tencuiala, putin cate putin. Odata ce ai lovit osul, treceti la perie pentru a o elibera usor de praf. Toate oasele se conecteaza cu usurinta intre ele si se tin puternic folosind ceara moale inclusa. Configurati afisajul uimitor, astfel incat toata lumea sa va poata verifica descoperirea fascinanta , Exista chiar si lucruri amuzante despre Stegosaurus imprimate pe spate. Sapa, descopera si inspira-te cu setul 4M Dig A Dinosaur. Schelet afisabil de Stegosaurus incorporat in caramida de ipsos. Incurajeaza dexteritatea motrica fina, pasiunea pentru invatare si interesul pentru paleontologie. Copiii se simt ca niste adevarati paleontologi care isi scot propriul schelet de dinozaur. O unealta de sapat faciliteaza taierea caramizii de ipsos. Utilizati o perie pentru a indeparta usor praful din jurul oaselor. Include bloc de ipsos cu schelet Stegosaurus, unealta de sapat, perie, ceara moale pentru pozitionarea fosilei, afisaj din carton cu platforma si fapte amuzante. Instructiuni detaliate de asamblare si ingrijire incluse. Scheletul masoara aproximativ 19 cm inaltime cand este asamblat. Materiale de calitate pentru experienta exceptionala de paleontolog. Acest set este un proiect stiintific distractiv pentru copii si intreaga familie, care dezvolta concentrarea, capacitatea de rezolvare a problemelor si motricitatea fina! Varsta 8+; cu ajutorul unui adult, poate fi folosit inca de la 5 ani. Dimensiune cutie: 17 cm x 22 cm x 6 cm",69.0,82.73,4M-03229,"[""https://gomagcdn.ro/domains/kidstory.ro/files/product/original/set-educativ-sapa-si-descopera-dinozauri-stegosaurus-080824.jpg"", ""https://gomagcdn.ro/domains/kidstory.ro/files/product/original/set-educativ-sapa-si-descopera-dinozauri-stegosaurus-115918.jpg"", ""https://gomagcdn.ro/domains/kidstory.ro/files/product/original/set-educativ-sapa-si-descopera-dinozauri-stegosaurus-408848.jpg"", ""https://gomagcdn.ro/domains/kidstory.ro/files/product/original/set-educativ-sapa-si-descopera-dinozauri-stegosaurus-721694.jpg"", ""https://gomagcdn.ro/domains/kidstory.ro/files/product/original/set-educativ-sapa-si-descopera-dinozauri-stegosaurus-435003.jpg""]",cmltqoqd70002jjujuey1ukeu,"[""4M""]","{""brand"": ""4M"", ""supplierSource"": ""Kidstory"", ""sourceCategory"": ""Experimente"", ""stemRelevanceScore"": 10, ""viralPotentialScore"": 10}","{""shortTitleRo"": ""Set educativ Sapa si descopera Dinozauri - Stegosaurus"", ""metaDescriptionRo"": ""Kit științific STEM de la 4M. Explorează lumea științei prin experimente practice. Perfect pentru conținut viral și cadouri educative!"", ""learningOutcomes"": [""paleontologie de bază"", ""răbdare"", ""motorică fină"", ""coordonare mână-ochi""], ""specialCategories"": [""paleontology""]}",True,False,5,0,3.0,500.0,"{""length"": ""25 cm""}",0.0,0,0,2026-03-22 23:59:49.000,2026-03-22 23:59:49.000,4893156032294,ELEMENTARY_6_8,,0,0,0,0,0,0,2.9,0,0,APPROVED,SCIENCE,26f5418c-965d-4630-994c-b51947cdec04,False,,
b68ca0a6-4bb7-4c96-900e-2cec04422e9a,"Kit constructie robot - Money Bank Robot, Kidz Robotix",kit-constructie-robot---money-bank-robot-kidz-robotix-4M-03422,"Robot seif automat - poti pune o moneda pe bratul meu si ma vezi cum mananc banii tai! Copiilor le place sa puna banii de buzunar in propria banca! Inaltimea este de aproximativ 14 cm la asamblare. Include componente, accesorii pentru construit robot si instructiuni. Necesita 2 baterii AAA (nu sunt incluse) Dimensiuni cutie produs: 16.50 cm(l) x 6.20 cm(H) x 23.80 cm(L) Cu totii avem o imagine diferita atunci cand ne gandim la un ""robot, , pentru ca robotii au atatea forme si dimensiuni cate minti exista pentru a-i imagina. KidzRobotix merge dincolo de simpla mecanica pentru a explora varietatea si creativitatea ingineriei mecanice. Copiii pot alege sa urmeze instructiunile sau sa isi creeze propriile adaptari fara limite, deoarece robotii vor functiona in alte configuratii. Unii roboti sunt pentru munca, altii pentru joaca, altii sunt ciudati, altii sunt doar infricosatori si toti sunt distractivi! Seria KidzRobotix este plina de obiecte uimitoare pe care copiii le pot pune impreuna singuri. Este intuitiv si usor de asamblat. Credem ca inspiratiile mecanice practice vor produce noi inovatii minunate care ne vor remodela viata. Explorati gama 4M KidzRobotix, care include jucarii mecanice motorizate, usor de asamblat, concepute pentru a preda principiile de baza ale mecanicii si roboticii. Aceasta gama este o modalitate distractiva de a dezvolta abilitatile STEM la copii - Kiturile robotizate pentru dezvoltarea conceptului STEM la nivel de incepator sunt potrivite pentru varsta de 8 ani si peste.",99.0,118.7,4M-03422,"[""https://gomagcdn.ro/domains/kidstory.ro/files/product/original/kit-constructie-robot-money-bank-robot-kidz-robotix-12120-8896.jpg"", ""https://gomagcdn.ro/domains/kidstory.ro/files/product/original/kit-constructie-robot-money-bank-robot-kidz-robotix-12120-7701.jpg"", ""https://gomagcdn.ro/domains/kidstory.ro/files/product/original/kit-constructie-robot-money-bank-robot-kidz-robotix-12120-6163.jpg"", ""https://gomagcdn.ro/domains/kidstory.ro/files/product/original/kit-constructie-robot-money-bank-robot-kidz-robotix-12120-8971.jpg"", ""https://gomagcdn.ro/domains/kidstory.ro/files/product/original/kit-constructie-robot-money-bank-robot-kidz-robotix-12120-4168.jpg""]",cmltqoqov0003jjujnu1ppk5u,"[""4M""]","{""brand"": ""4M"", ""supplierSource"": ""Kidstory"", ""sourceCategory"": ""Roboti"", ""stemRelevanceScore"": 10, ""viralPotentialScore"": 10}","{""shortTitleRo"": ""Kit constructie robot - Money Bank Robot, Kidz Robotix"", ""metaDescriptionRo"": ""Kit educativ STEM de construcție robotică de la 4M. Dezvoltă gândirea logică și abilitățile tehnice. Perfect pentru Reels și conținut educativ!"", ""learningOutcomes"": [""circuite electrice de bază"", ""asamblare practică"", ""principii robotice"", ""rezolvare de probleme""], ""specialCategories"": [""robotics"", ""circuits""]}",True,False,5,0,3.0,500.0,"{""length"": ""25 cm""}",0.0,0,0,2026-03-22 23:59:49.000,2026-03-22 23:59:49.000,4893156034229,ELEMENTARY_6_8,,0,0,0,0,0,0,2.9,0,0,APPROVED,TECHNOLOGY,26f5418c-965d-4630-994c-b51947cdec04,False,,
9856c53f-f698-41fe-98ef-a901a6b4e2e2,Magbrix - placi magnetice de construit,magbrix---placi-magnetice-de-construit-MBRX8,"Bine ati venit la fuziunea celor mai bune doua jucarii de constructie iubite din lume! MAGBRIX® deschide usile catre creatii nelimitate si posibilitatea de a combina placi magnetice si Lego® Duplo® sau orice alte marci de construit tip Lego. Este completarea perfecta pentru setul dvs. de joc cu placi magnetice, incurajand creativitatea, in acelasi timp experimentand si progresand abilitatile STEM. Caracteristici: Setul include 8 placi MAGBRIX Placile magnetice MAGBRIX sunt fabricate din plastic ABS 100% sigur, material non-toxic de calitate alimentara, fara BPA si ftalati. Placile MAGBRIX sunt compatibile cu alte marci de placi magnetice Placile MAGBRIXpot fi utilizate cu Lego Classic si Lego Duplo precum si cu alte blocuri de constructii. Designul MAGBRIX® este o idee originala a lui JC Ingenium® Disclaimer: ""LEGO® este o marca comerciala a grupului de companii LEGO care nu sponsorizeaza, autorizeaza sau aproba acest produs,",123.0,147.48,MBRX8,"[""https://gomagcdn.ro/domains/kidstory.ro/files/product/original/magbrix-8127-9556.png"", ""https://gomagcdn.ro/domains/kidstory.ro/files/product/original/magbrix4-8127-7906.jpg"", ""https://gomagcdn.ro/domains/kidstory.ro/files/product/original/magbrix-8127-8860.jpg"", ""https://gomagcdn.ro/domains/kidstory.ro/files/product/original/magbrix-magnetic-tiles-8127-8219.jpg"", ""https://gomagcdn.ro/domains/kidstory.ro/files/product/original/magbrix-fw2-8127-7220.jpg""]",cmli6buv20021jjpbr43q9cpr,"[""Magblox""]","{""brand"": ""Magblox"", ""supplierSource"": ""Kidstory"", ""sourceCategory"": ""Seturi Constructie"", ""stemRelevanceScore"": 10, ""viralPotentialScore"": 10}","{""shortTitleRo"": ""Magbrix - placi magnetice de construit"", ""metaDescriptionRo"": ""Set constructiv STEM de la Magblox - Magbrix - placi magnetice de construit. Construiește, experimentează și dezvoltă creativitatea. Ideal pentru vârste 3-12 ani."", ""learningOutcomes"": [""construcție 3D"", ""gândire spațială"", ""creativitate"", ""compatibilitate sistemelor""], ""specialCategories"": [""magnetic"", ""construction""]}",True,False,5,0,3.0,500.0,"{""length"": ""25 cm""}",0.0,0,0,2026-03-22 23:59:49.000,2026-03-22 23:59:49.000,9357280000031,ELEMENTARY_6_8,,0,0,0,0,0,0,2.9,0,0,APPROVED,ENGINEERING,26f5418c-965d-4630-994c-b51947cdec04,False,,
4c43278f-5be2-4843-834b-e0148b621e0c,Set magnetic Magblox - 36 piese magnetice accesorii pentru constructie,set-magnetic-magblox---36-piese-magnetice-accesorii-pentru-constructie-MBL-113,"Placile magnetice MAGBLOX®Magnetic Building au fost concepute pentru a stimula si incuraja dezvoltarea cognitiva a copiilor, constientizarea spatiala, abilitatile motorii fine si grosiere, toate in timp ce ""Invatam prin joaca, ! Setul nostru de accesorii MAGBLOX® a fost conceput pentru a stimula imaginatia copiilor prin utilizarea diferitelor forme geometrice pentru a construi si a crea structuri mai complexe care le permit copiilor sa-si imagineze si sa se distreze mult. Setul magnetic Magblox contine 36 de piese magnetice in culori vibrante si translucide: 4 forme trapezoid 4 forme E 4 dreptunghiuri 4 arcade 4 ferestre 4 patrate goale 4 forme H 4 forme L 4 Usi 1 pliant cu idei Dimensiuni cutie: 24 X 15.5 X 5cm Cresteti invatarea si activitatile STEM ale copilului dvs. prin: Abilitati de constructie si constructie Invatare despre simetrie si modele Construirea si intelegerea formelor si structurilor 2D si 3D Recunoasterea formelor Relatii matematice si spatiale Persistenta, abilitati de rezolvare a problemelor, abilitati de coordonare ochi-mana Creativitate fara sfarsit Culorile, transluciditatea si magnetii le permit copiilor sa construiasca si sa creeze in moduri in care nu pot cu blocurile standard. Setul magnetic Magblox este combinatia perfecta intre jocul liber (open-end) si cel STEM (Stiinta, Tehnologie, Inginerie, Matematica). Atat un joc creativ, imaginativ, ce imbie la jocul de rol, cat si un joc care dezvolta abilitatile tehnice atat de necesare in zilele noastre. Toate piesele MAGBLOX® sunt compatibile intre ele si cu alte marci de placi magnetice. Sunt sigure, durabile si fabricate din plastic reciclat ABS de calitate alimentara, fara BPA si fara ftalati. Seturile magnetice de constructie MAGBLOX® sunt sigure pentru copii si respecta standardele internationale de calitate si siguranta AS NZS ISO 8124, EN71, ASTM, si CPSIA. MAGBLOX® este potrivit pentru copiii cu varsta de la 3 ani in sus. Designul MAGBLOX® este o idee originala a lui JC Ingenium®. Toate seturile de constructie MAGBLOX® sunt compatibile cu alte placi magnetice, inclusiv cu placile magnetice Magbrix - compatibile cu caramizi de constructie tip Lego, MegaBlocks, etc. AVERTISMENT! Nerecomandat copiilor mai mici de 3 ani. Produsul poate contine piese mici care se pot inghiti sau inhala, existand pericolul de sufocare. Nu lasati ambalajele produselor la indemana copiilor, indepartati toate ambalajele inainte de a oferi jucaria copilului. Jucaria contine magneti sau componente magnetice. Magnetii care se lipesc unul de celalalt sau se ataseaza de un obiect metalic in interiorul corpului uman pot provoca accidente grave. Cereti imediat asistenta medicala in cazul in care magnetii sunt inghititi sau inhalati.",345.0,413.66,MBL-113,"[""https://gomagcdn.ro/domains/kidstory.ro/files/product/original/set-magnetic-magblox-24-piese-magnetice-accesorii-pentru-constructie-copie-198325.png"", ""https://gomagcdn.ro/domains/kidstory.ro/files/product/original/set-magnetic-magblox-24-piese-magnetice-accesorii-pentru-constructie-copie-692756.jpg"", ""https://gomagcdn.ro/domains/kidstory.ro/files/product/original/set-magnetic-magblox-24-piese-magnetice-accesorii-pentru-constructie-copie-189081.jpg"", ""https://gomagcdn.ro/domains/kidstory.ro/files/product/original/set-magnetic-magblox-24-piese-magnetice-accesorii-pentru-constructie-copie-580769.jpg"", ""https://gomagcdn.ro/domains/kidstory.ro/files/product/original/set-magnetic-magblox-24-piese-magnetice-accesorii-pentru-constructie-copie-658839.jpg""]",cmli6buv20021jjpbr43q9cpr,"[""Magblox""]","{""brand"": ""Magblox"", ""supplierSource"": ""Kidstory"", ""sourceCategory"": ""Jucarii Magnetice"", ""stemRelevanceScore"": 10, ""viralPotentialScore"": 10}","{""shortTitleRo"": ""Set magnetic Magblox - 36 piese magnetice accesorii pentru constructie"", ""metaDescriptionRo"": ""Set constructiv STEM de la Magblox - Set magnetic Magblox - 36 piese magnetice accesorii pentru constructie. Construiește, experimentează și dezvoltă creativitatea. Ideal pentru vârste 3-12 ani."", ""learningOutcomes"": [""construcție 3D"", ""forme geometrice"", ""gândire spațială"", ""motorică fină""], ""specialCategories"": [""magnetic"", ""construction""]}",True,False,5,0,3.0,500.0,"{""length"": ""25 cm""}",0.0,0,0,2026-03-22 23:59:49.000,2026-03-22 23:59:49.000,9357280000215,ELEMENTARY_6_8,,0,0,0,0,0,0,2.9,0,0,APPROVED,ENGINEERING,26f5418c-965d-4630-994c-b51947cdec04,False,,
568b332e-756a-438a-970c-ac835958288b,Set conectori pentru circuitul cu bile Magbrix Marble Run,set-conectori-pentru-circuitul-cu-bile-magbrix-marble-run-MBL-117,"Conectorii Magbrix sunt o solutie unica conceputa pentru a conecta tuburile usor si fiabil. Cu ajutorul acestor conectori, tuburile pot fi extinse fara a fi nevoie de un conector patrat Magbrix. Datorita rezistentei lor remarcabile, copiii pot creste dimensiunea constructiilor lor in diverse moduri, rezultand creatii solide si impresionante. Acesti conectori adauga o multime de distractie si creativitate procesului de constructie! Magbrix Ball Run ofera distractia suprema in constructii! Este versatila nu numai prin designul sau deschis, ci si prin unicitatea sa, in care copilul dumneavoastra poate adauga la ea blocurile de constructie preferate in timp ce bila alearga pe circuit. Conectorii au fost conceputi pentru a-i ajuta pe copii sa isi imbunatateasca si sa demonstreze o utilizare solida a abilitatilor motrice, pe masura ce monteaza piesele fara teama de a le strica sau de a se frustra pentru ca nu reusesc sa o asambleze. Conectorii au un sistem de interblocare identificabil cu alte jucarii de constructie, cum ar fi Duplo®, ceea ce face ca produsul nostru sa fie usor de utilizat cu ore nesfarsite de bucurie. Cea mai buna distractie de constructie! Seturile magnetice de constructie MAGBLOX® sunt sigure pentru copii si respecta standardele internationale de calitate si siguranta AS NZS ISO 8124, EN71, ASTM, si CPSIA. MAGBLOX® este potrivit pentru copiii cu varsta de la 3 ani in sus. Designul MAGBLOX® este o idee originala a lui JC Ingenium®. Toate seturile de constructie MAGBLOX® sunt compatibile cu alte placi magnetice, inclusiv cu placile magnetice Magbrix - compatibile cu caramizi de constructie tip Lego, MegaBlocks, etc. AVERTISMENT! Nerecomandat copiilor mai mici de 3 ani. Produsul poate contine piese mici care se pot inghiti sau inhala, existand pericolul de sufocare. Nu lasati ambalajele produselor la indemana copiilor, indepartati toate ambalajele inainte de a oferi jucaria copilului. Jucaria contine magneti sau componente magnetice. Magnetii care se lipesc unul de celalalt sau se ataseaza de un obiect metalic in interiorul corpului uman pot provoca accidente grave. Cereti imediat asistenta medicala in cazul in care magnetii sunt inghititi sau inhalati.",67.0,80.33,MBL-117,"[""https://gomagcdn.ro/domains/kidstory.ro/files/product/original/set-magnetic-magblox-98-piese-circuit-cu-bile-magbrix-marble-run-copie-467555.png"", ""https://gomagcdn.ro/domains/kidstory.ro/files/product/original/set-magnetic-magblox-98-piese-circuit-cu-bile-magbrix-marble-run-copie-630010.png"", ""https://gomagcdn.ro/domains/kidstory.ro/files/product/original/set-magnetic-magblox-98-piese-circuit-cu-bile-magbrix-marble-run-copie-279663.png"", ""https://gomagcdn.ro/domains/kidstory.ro/files/product/original/set-magnetic-magblox-98-piese-circuit-cu-bile-magbrix-marble-run-copie-831395.png"", ""https://gomagcdn.ro/domains/kidstory.ro/files/product/original/set-magnetic-magblox-98-piese-circuit-cu-bile-magbrix-marble-run-copie-129350.png""]",cmltqoqov0003jjujnu1ppk5u,"[""Magblox""]","{""brand"": ""Magblox"", ""supplierSource"": ""Kidstory"", ""sourceCategory"": ""Jucarii Magnetice"", ""stemRelevanceScore"": 10, ""viralPotentialScore"": 10}","{""shortTitleRo"": ""Set conectori pentru circuitul cu bile Magbrix Marble Run"", ""metaDescriptionRo"": ""Kit educativ STEM de construcție robotică de la Magblox. Dezvoltă gândirea logică și abilitățile tehnice. Perfect pentru Reels și conținut educativ!"", ""learningOutcomes"": [""construcție 3D"", ""gândire spațială"", ""proiectare și testare"", ""rezolvare de probleme""], ""specialCategories"": [""magnetic"", ""marble-run""]}",True,False,5,0,3.0,500.0,"{""length"": ""25 cm""}",0.0,0,0,2026-03-22 23:59:49.000,2026-03-22 23:59:49.000,9357280000291,ELEMENTARY_6_8,,0,0,0,0,0,0,2.9,0,0,APPROVED,TECHNOLOGY,26f5418c-965d-4630-994c-b51947cdec04,False,,
a6ba7247-f993-4ce0-89f4-62eef56abfe9,Joc magnetic educativ -Triceraptors,joc-magnetic-educativ--triceraptors-ME0545,"Descopera jocul magnetic educativ, conceput special pentru cei care vor sa invete bazele despre dinozauri! Acest puzzle interactiv include atat detalii despre pielea, cat si despre oasele dinozaurului, impreuna cu un card de anatomie informativ. Caracteristici: Invatare Interactiva: Ofera o modalitate distractiva de a invata despre anatomia dinozaurului, stimuland curiozitatea si dorinta de a descoperi. mPad Magnetic: Inlocuieste iPad-ul, oferind o experienta de joaca fara ecrane, ideala pentru dezvoltarea creativitatii. Design Portabil: Poate fi agatat sau plasat pe un suport, fiind perfect pentru a fi utilizat oriunde, acasa sau in deplasare. Transforma invatarea despre dinozauri intr-o aventura captivanta, care ii va tine pe cei mici implicati si entuziasmati! Dimensiuni: L-35 cm, l-25 cm, H-1.45 cm",81.0,97.12,ME0545,"[""https://gomagcdn.ro/domains/kidstory.ro/files/product/original/joc-magnetic-educativ-triceraptors-153360.png"", ""https://gomagcdn.ro/domains/kidstory.ro/files/product/original/joc-magnetic-educativ-triceraptors-395907.png"", ""https://gomagcdn.ro/domains/kidstory.ro/files/product/original/joc-magnetic-educativ-triceraptors-046740.png"", ""https://gomagcdn.ro/domains/kidstory.ro/files/product/original/joc-magnetic-educativ-triceraptors-200241.png""]",cmli6buv20021jjpbr43q9cpr,"[""mierEdu""]","{""brand"": ""mierEdu"", ""originalAgeText"": ""3-5 ani"", ""supplierSource"": ""Kidstory"", ""sourceCategory"": ""Stiinta si geografie"", ""stemRelevanceScore"": 10, ""viralPotentialScore"": 10}","{""shortTitleRo"": ""Joc magnetic educativ -Triceraptors"", ""metaDescriptionRo"": ""Set constructiv STEM de la mierEdu - Joc magnetic educativ -Triceraptors. Construiește, experimentează și dezvoltă creativitatea. Ideal pentru vârste 3-12 ani."", ""learningOutcomes"": [""anatomia dinozaurilor"", ""cunoaștere paleontologică"", ""motorică fină"", ""observație interactivă""], ""specialCategories"": [""paleontology"", ""magnetic""]}",True,False,5,0,3.0,500.0,"{""length"": ""25 cm""}",0.0,0,0,2026-03-22 23:59:49.000,2026-03-22 23:59:49.000,9352801004345,PRESCHOOL_3_5,,0,0,0,0,0,0,2.9,0,0,APPROVED,ENGINEERING,26f5418c-965d-4630-994c-b51947cdec04,False,,
41c4f4a1-a096-4492-a45e-8298b2c4887b,Set educativ Sapa si descopera Dinozauri - Mamut,set-educativ-sapa-si-descopera-dinozauri---mamut-4M-03236,"Sapa un Mamut: incorporat in acest bloc dur de ipsos este un schelet complet, realist al unui Mamut , si depinde de tine sa-l scoti. Utilizati capatul plat al instrumentului de sapat pentru a razui cu grija bucati de tencuiala, putin cate putin. Odata ce ai lovit osul, treceti la perie pentru a o elibera usor de praf. Toate oasele se conecteaza cu usurinta intre ele si se tin puternic folosind ceara moale inclusa. Configurati afisajul uimitor, astfel incat toata lumea sa va poata verifica descoperirea fascinanta , Exista chiar si lucruri amuzante despre Mamuti imprimate pe spate. Sapa, descopera si inspira-te cu setul 4M Dig A Dinosaur. Schelet afisabil de Mamut incorporat in caramida de ipsos. Incurajeaza dexteritatea motrica fina, pasiunea pentru invatare si interesul pentru paleontologie. Copiii se simt ca niste adevarati paleontologi care isi scot propriul schelet de dinozaur. O unealta de sapat faciliteaza taierea caramizii de ipsos. Utilizati o perie pentru a indeparta usor praful din jurul oaselor. Include bloc de ipsos cu schelet Mamut incorporat, unealta de sapat, perie, ceara moale pentru pozitionarea fosilei, afisaj din carton cu platforma si fapte amuzante. Instructiuni detaliate de asamblare si ingrijire incluse. Scheletul masoara aproximativ 19 cm inaltime cand este asamblat. Materiale de calitate pentru experienta exceptionala de paleontolog. Acest set este un proiect stiintific distractiv pentru copii si intreaga familie, care dezvolta concentrarea, capacitatea de rezolvare a problemelor si motricitatea fina! Varsta 8+; cu ajutorul unui adult, poate fi folosit inca de la 5 ani. Dimensiune cutie: 17 cm x 22 cm x 6 cm",69.0,82.73,4M-03236,"[""https://gomagcdn.ro/domains/kidstory.ro/files/product/original/set-educativ-sapa-si-descopera-dinozauri-mamut-715249.jpg"", ""https://gomagcdn.ro/domains/kidstory.ro/files/product/original/set-educativ-sapa-si-descopera-dinozauri-mamut-046636.jpg"", ""https://gomagcdn.ro/domains/kidstory.ro/files/product/original/set-educativ-sapa-si-descopera-dinozauri-mamut-749162.jpg"", ""https://gomagcdn.ro/domains/kidstory.ro/files/product/original/set-educativ-sapa-si-descopera-dinozauri-mamut-953481.jpg"", ""https://gomagcdn.ro/domains/kidstory.ro/files/product/original/set-educativ-sapa-si-descopera-dinozauri-mamut-065707.jpg""]",cmltqoqd70002jjujuey1ukeu,"[""4M""]","{""brand"": ""4M"", ""supplierSource"": ""Kidstory"", ""sourceCategory"": ""Experimente"", ""stemRelevanceScore"": 10, ""viralPotentialScore"": 10}","{""shortTitleRo"": ""Set educativ Sapa si descopera Dinozauri - Mamut"", ""metaDescriptionRo"": ""Kit științific STEM de la 4M. Explorează lumea științei prin experimente practice. Perfect pentru conținut viral și cadouri educative!"", ""learningOutcomes"": [""paleontologie de bază"", ""răbdare"", ""motorică fină"", ""coordonare mână-ochi""], ""specialCategories"": [""paleontology""]}",True,False,5,0,3.0,500.0,"{""length"": ""25 cm""}",0.0,0,0,2026-03-22 23:59:49.000,2026-03-22 23:59:49.000,4893156032362,ELEMENTARY_6_8,,0,0,0,0,0,0,2.9,0,0,APPROVED,SCIENCE,26f5418c-965d-4630-994c-b51947cdec04,False,,
43a709fa-3bbf-46b5-9eef-aee16432152d,Caleidoscop colectia Creatii Naturale - Spatiu,caleidoscop-colectia-creatii-naturale---spatiu-NC242120,Caleidoscop Colectia Creatii Naturale - Spatiu Porneste intr-o calatorie interstelara cu acest caleidoscop decorat cu planete si stele! Fiecare intoarcere a tubului dezvaluie modele simetrice fascinante. Caracteristici principale: Design spatial cu planete si stele Modele care se schimba la fiecare intoarcere Experienta vizuala captivanta si creativa Recomandat copiilor de la 3 ani in sus. Materiale sigure si durabile.,33.0,39.57,NC242120,"[""https://gomagcdn.ro/domains/kidstory.ro/files/product/original/caleidoscop-colectia-creatii-naturale-spatiu-664542.jpg"", ""https://gomagcdn.ro/domains/kidstory.ro/files/product/original/caleidoscop-colectia-creatii-naturale-spatiu-788027.jpg"", ""https://gomagcdn.ro/domains/kidstory.ro/files/product/original/caleidoscop-colectia-creatii-naturale-spatiu-589141.jpg"", ""https://gomagcdn.ro/domains/kidstory.ro/files/product/original/caleidoscop-colectia-creatii-naturale-spatiu-449701.jpg""]",cmltqoqd70002jjujuey1ukeu,"[""Avenir""]","{""brand"": ""Avenir"", ""supplierSource"": ""Kidstory"", ""sourceCategory"": ""Stiinta si geografie"", ""stemRelevanceScore"": 10, ""viralPotentialScore"": 10}","{""shortTitleRo"": ""Caleidoscop colectia Creatii Naturale - Spatiu"", ""metaDescriptionRo"": ""Kit științific STEM de la Avenir. Explorează lumea științei prin experimente practice. Perfect pentru conținut viral și cadouri educative!"", ""learningOutcomes"": [""percepție optică"", ""simetrie vizuală"", ""astronomie vizuală"", ""curiozitate fizică""], ""specialCategories"": [""optics"", ""astronomy""]}",True,False,5,0,3.0,500.0,"{""length"": ""25 cm""}",0.0,0,0,2026-03-22 23:59:49.000,2026-03-22 23:59:49.000,6920773321208,ELEMENTARY_6_8,,0,0,0,0,0,0,2.9,0,0,APPROVED,SCIENCE,26f5418c-965d-4630-994c-b51947cdec04,False,,
d43d748a-4d0e-4190-b8f9-f0f0d0de684a,Set magnetic Magbrix 6 piese patrate mari - compatibil cu caramizi de constructie tip Lego,set-magnetic-magbrix-6-piese-patrate-mari---compatibil-cu-caramizi-de-constructie-tip-lego-MBRXBIG6,"Bine ati venit la fuziunea celor mai bune doua jucarii de constructie iubite din lume! MAGBRIX® deschide usile catre creatii nelimitate si posibilitatea de a combina placi magnetice si Lego® Duplo® sau orice alte marci de construit tip Lego. Este completarea perfecta pentru setul dvs. de joc cu placi magnetice, incurajand creativitatea, in acelasi timp experimentand si progresand abilitatile STEM. Caracteristici: Setul include 6 placi magnetice MAGBRIX de forma patrata mare. Dimensiunea unei placi este de 15 x 15 cm Placile magnetice MAGBRIX sunt fabricate din plastic ABS 100% sigur, material non-toxic de calitate alimentara, fara BPA si ftalati. Piesele magnetice MAGBRIX sunt cu adevarat speciale, permitand micilor arhitecti sa dea frau liber imaginatiei prin interconectare fara limite. Pl a cile sunt interconectabile prin magnetii puternici pe care ii au, cat si datorita designului inovator - interconectarea acestora fiind posibila si de sine statatoare. Placile MAGBRIX sunt compatibile cu alte marci de placi magnetice Placile MAGBRIX pot fi utilizate cu Lego Classic si Lego Duplo precum si cu alte blocuri de constructii. Magnetii Magbrix sunt incapsulati intr-o carcasa intarita, asigurata cu o tehnologie de sudare cu ultrasunete pentru a preveni slabirea magnetilor. Magbrix foloseste magneti mai grosi pentru a permite o conexiune mai puternica la contact si sunt compatibile cu toate marcile majore de placi magnetice si caramizi de constructie. Linia Magbrix ofera un nou produs unic cu o gama multipla de culori si forme in placi translucide, clare si solide, cu un finisaj durabil. Beneficiile Magbrix Placile magnetice Magbrix sunt concepute pentru a oferi un spectru complet de beneficii pentru mintile creative ale copiilor, atragand deopotriva tinerii si batranii, permitandu-le sa-si exploreze creativitatea, curiozitatea pentru constructie si inovarea noilor design-uri. Magbrix a devenit un instrument educational plin de resurse pentru scoli si familii. Parintii si copiii au explorat diverse avantaje ale jocului cu Magbrix datorita oportunitatii de a incorpora Lego Duplo sau orice brand major de caramizi de constructie cunoscut pe piata. Designul MAGBRIX® este o idee originala a lui JC Ingenium® Disclaimer: ""LEGO® este o marca comerciala a grupului de companii LEGO care nu sponsorizeaza, autorizeaza sau aproba acest produs,",203.0,243.4,MBRXBIG6,"[""https://gomagcdn.ro/domains/kidstory.ro/files/product/original/set-magnetic-magbrix-6-piese-patrate-mari-compatibil-cu-caramizi-de-constructie-tip-lego-12241-537210.jpg"", ""https://gomagcdn.ro/domains/kidstory.ro/files/product/original/set-magnetic-magbrix-6-piese-patrate-mari-compatibil-cu-caramizi-de-constructie-tip-lego-12241-90898.jpg"", ""https://gomagcdn.ro/domains/kidstory.ro/files/product/original/set-magnetic-magbrix-6-piese-patrate-mari-compatibil-cu-caramizi-de-constructie-tip-lego-12241-800985.jpg""]",cmli6buv20021jjpbr43q9cpr,"[""Magblox""]","{""brand"": ""Magblox"", ""supplierSource"": ""Kidstory"", ""sourceCategory"": ""Jucarii Magnetice"", ""stemRelevanceScore"": 10, ""viralPotentialScore"": 10}","{""shortTitleRo"": ""Set magnetic Magbrix 6 piese patrate mari - compatibil cu caramizi de constructie tip Lego"", ""metaDescriptionRo"": ""Set constructiv STEM de la Magblox - Set magnetic Magbrix 6 piese patrate mari - compatibil cu caramizi de constructie tip Lego. Construiește, experimentează și dezvoltă creativitatea. Ideal pentru vârste 3-12 ani."", ""learningOutcomes"": [""construcție 3D"", ""gândire spațială"", ""creativitate"", ""compatibilitate sistemelor""], ""specialCategories"": [""magnetic"", ""construction""]}",True,False,5,0,3.0,500.0,"{""length"": ""25 cm""}",0.0,0,0,2026-03-22 23:59:49.000,2026-03-22 23:59:49.000,9357280000116,ELEMENTARY_6_8,,0,0,0,0,0,0,2.9,0,0,APPROVED,ENGINEERING,26f5418c-965d-4630-994c-b51947cdec04,False,,
bc60aac1-1cc6-4ac9-943c-4a78a02ffb07,Set educativ Sapa si descopera Dinozauri - T-Rex,set-educativ-sapa-si-descopera-dinozauri---t-rex-4M-03221,"Sapa un dinozaur T-Rex: incorporat in acest bloc dur de ipsos este un schelet complet, realist al unui Tyrannosaurus Rex , si depinde de tine sa-l scoti. Utilizati capatul plat al instrumentului de sapat pentru a razui cu grija bucati de tencuiala, putin cate putin. Odata ce ai lovit osul, treceti la perie pentru a o elibera usor de praf. Toate oasele se conecteaza cu usurinta intre ele si se tin puternic folosind ceara moale inclusa. Configurati afisajul uimitor, astfel incat toata lumea sa va poata verifica descoperirea fascinanta , Exista chiar si lucruri amuzante despre T-Rex imprimate pe spate. Sapa, descopera si inspira-te cu setul 4M Dig A Dinosaur. Schelet afisabil de T-Rex incorporat in caramida de ipsos. Incurajeaza dexteritatea motrica fina, pasiunea pentru invatare si interesul pentru paleontologie. Copiii se simt ca niste adevarati paleontologi care isi scot propriul schelet de dinozaur. O unealta de sapat faciliteaza taierea caramizii de ipsos. Utilizati o perie pentru a indeparta usor praful din jurul oaselor. Include bloc de ipsos cu schelet T-Rex incorporat, unealta de sapat, perie, ceara moale pentru pozitionarea fosilei, afisaj din carton cu platforma si fapte amuzante. Instructiuni detaliate de asamblare si ingrijire incluse. Scheletul masoara aproximativ 19 cm inaltime cand este asamblat. Materiale de calitate pentru experienta exceptionala de paleontolog. Acest set este un proiect stiintific distractiv pentru copii si intreaga familie, care dezvolta concentrarea, capacitatea de rezolvare a problemelor si motricitatea fina! Varsta 8+; cu ajutorul unui adult, poate fi folosit inca de la 5 ani. Dimensiune cutie: 17 cm x 22 cm x 6 cm",69.0,82.73,4M-03221,"[""https://gomagcdn.ro/domains/kidstory.ro/files/product/original/set-educativ-sapa-si-descopera-dinozauri-t-rex-198469.jpg"", ""https://gomagcdn.ro/domains/kidstory.ro/files/product/original/set-educativ-sapa-si-descopera-dinozauri-t-rex-975376.jpg"", ""https://gomagcdn.ro/domains/kidstory.ro/files/product/original/set-educativ-sapa-si-descopera-dinozauri-t-rex-799521.jpg"", ""https://gomagcdn.ro/domains/kidstory.ro/files/product/original/set-educativ-sapa-si-descopera-dinozauri-t-rex-395172.jpg"", ""https://gomagcdn.ro/domains/kidstory.ro/files/product/original/set-educativ-sapa-si-descopera-dinozauri-t-rex-723799.jpg""]",cmltqoqd70002jjujuey1ukeu,"[""4M""]","{""brand"": ""4M"", ""supplierSource"": ""Kidstory"", ""sourceCategory"": ""Experimente"", ""stemRelevanceScore"": 10, ""viralPotentialScore"": 10}","{""shortTitleRo"": ""Set educativ Sapa si descopera Dinozauri - T-Rex"", ""metaDescriptionRo"": ""Kit științific STEM de la 4M. Explorează lumea științei prin experimente practice. Perfect pentru conținut viral și cadouri educative!"", ""learningOutcomes"": [""paleontologie de bază"", ""răbdare"", ""motorică fină"", ""coordonare mână-ochi""], ""specialCategories"": [""paleontology""]}",True,False,5,0,3.0,500.0,"{""length"": ""25 cm""}",0.0,0,0,2026-03-22 23:59:49.000,2026-03-22 23:59:49.000,4893156032218,ELEMENTARY_6_8,,0,0,0,0,0,0,2.9,0,0,APPROVED,SCIENCE,26f5418c-965d-4630-994c-b51947cdec04,False,,
47e21f73-649e-4ebe-9fe1-6f081c2c638f,"Kit constructie robot - Hover Racer, Kidz Robotix",kit-constructie-robot---hover-racer-kidz-robotix-4M-03366,"Aflati faptele stiintifice din spatele aeroglisorului cu acest model stiintific care va starni interesul atat tinerilor, cat si batranilor. Obtineti idei pentru urmatorul targ stiintific si urmariti cum propriul dvs. fantastic pilot de curse hover trece lin pe podea sustinut de perna sa de aer. Bucurati-va de minunea stiintei si tehnologiei. Include componente, accesorii pentru construit robot si instructiuni. Necesita 2 baterii AAA (nu sunt incluse) Dimensiuni cutie produs: 16.50 cm(l) x 6.20 cm(H) x 23.80 cm(L) Cu totii avem o imagine diferita atunci cand ne gandim la un ""robot, , pentru ca robotii au atatea forme si dimensiuni cate minti exista pentru a-i imagina. KidzRobotix merge dincolo de simpla mecanica pentru a explora varietatea si creativitatea ingineriei mecanice. Copiii pot alege sa urmeze instructiunile sau sa isi creeze propriile adaptari fara limite, deoarece robotii vor functiona in alte configuratii. Unii roboti sunt pentru munca, altii pentru joaca, altii sunt ciudati, altii sunt doar infricosatori si toti sunt distractivi! Seria KidzRobotix este plina de obiecte uimitoare pe care copiii le pot pune impreuna singuri. Este intuitiv si usor de asamblat. Credem ca inspiratiile mecanice practice vor produce noi inovatii minunate care ne vor remodela viata. Explorati gama 4M KidzRobotix, care include jucarii mecanice motorizate, usor de asamblat, concepute pentru a preda principiile de baza ale mecanicii si roboticii. Aceasta gama este o modalitate distractiva de a dezvolta abilitatile STEM la copii - Kiturile robotizate pentru dezvoltarea conceptului STEM la nivel de incepator sunt potrivite pentru varsta de 8 ani si peste.",99.0,118.7,4M-03366,"[""https://gomagcdn.ro/domains/kidstory.ro/files/product/original/kit-constructie-robot-hover-racer-kidz-robotix-12127-1720.jpg"", ""https://gomagcdn.ro/domains/kidstory.ro/files/product/original/kit-constructie-robot-hover-racer-kidz-robotix-12127-7898.jpg"", ""https://gomagcdn.ro/domains/kidstory.ro/files/product/original/kit-constructie-robot-hover-racer-kidz-robotix-12127-5155.jpg"", ""https://gomagcdn.ro/domains/kidstory.ro/files/product/original/kit-constructie-robot-hover-racer-kidz-robotix-12127-7116.jpg"", ""https://gomagcdn.ro/domains/kidstory.ro/files/product/original/kit-constructie-robot-hover-racer-kidz-robotix-12127-5086.jpg""]",cmltqoqov0003jjujnu1ppk5u,"[""4M""]","{""brand"": ""4M"", ""supplierSource"": ""Kidstory"", ""sourceCategory"": ""Roboti"", ""stemRelevanceScore"": 10, ""viralPotentialScore"": 10}","{""shortTitleRo"": ""Kit constructie robot - Hover Racer, Kidz Robotix"", ""metaDescriptionRo"": ""Kit educativ STEM de construcție robotică de la 4M. Dezvoltă gândirea logică și abilitățile tehnice. Perfect pentru Reels și conținut educativ!"", ""learningOutcomes"": [""fizica fluidelor"", ""principii aerodinamice"", ""asamblare practică"", ""gândire inginerească""], ""specialCategories"": [""science-experiment"", ""construction""]}",True,False,5,0,3.0,500.0,"{""length"": ""25 cm""}",0.0,0,0,2026-03-22 23:59:49.000,2026-03-22 23:59:49.000,4893156033666,ELEMENTARY_6_8,,0,0,0,0,0,0,2.9,0,0,APPROVED,TECHNOLOGY,26f5418c-965d-4630-994c-b51947cdec04,False,,
2b4d275c-7256-4762-948a-de36ff6386bf,Set educativ STEM - AQUA DRAGONS - Habitat Lumea subacvatica - acvariu asteroid Deluxe cu LED-uri,set-educativ-stem---aqua-dragons---habitat-lumea-subacvatica---acvariu-asteroid-deluxe-cu-led-uri-AD6002,"Adu la viata Aqua Dragons, animalele tale de companie acvatice fascinante! Aceste creaturi minunate ies din starea lor de oua hibernante si cresc, inoata, mananca si chiar se reproduc, oferindu-ti o experienta captivanta si educativa. Incredibil: Aqua Dragons au fost trimise in spatiu! Un lot de oua de Aqua Dragon, inclusiv ouale din kitul tau, a fost trimis in spatiu, depasind stratosfera Terrei, pentru a crea editia Live Astro Pets. Acestea sunt singurele animale de companie din lume care au fost efectiv in spatiu! Poti vizualiza datele zborului lor si un video 360 º al zborului prin aplicatia Aqua Dragons sau pe YouTube. Beneficiile Aqua Dragons: Experienta educativa: Invata despre biologie si ciclul de viata al Aqua Dragons, urmarind fiecare etapa a dezvoltarii lor. Activitate interactiva: Ideal pentru copii si adulti, Aqua Dragons iti ofera o activitate captivanta si interesanta. Uniqueness: Fii parte dintr-o aventura unica! Aqua Dragons sunt singurele animale de companie care au fost trimise in spatiu. Curiozitate si creativitate: Incurajeaza curiozitatea celor mici si stimuleaza imaginatia prin explorarea universului Aqua Dragons. Relaxare si observatie: Crearea unui habitat pentru Aqua Dragons poate fi o activitate relaxanta, perfecta pentru reducerea stresului si conectarea cu natura. Ce contine kitul? Acvariu in forma de asteroid cu LED-uri si baza care lumineaza in intuneric Capac cu lupa pentru a observa Aqua Dragons mai detaliat Termometru pentru monitorizarea temperaturii apei Bubuitor pentru oxigenarea apei Oua de Aqua Dragons care au fost trimise in spatiu Hrana pentru Aqua Dragons Lingurita de hranire care lumineaza in intuneric Instructiuni de instalare si ingrijire Certificat de autenticitate editie de colectie cu specificatiile zborului in spatiu Aplicatia Aqua Dragons: Jocuri, curiozitati si video-ul 360 º al zborului in spatiu Dimensiuni: 42 x 11 x 32 cm Greutate: 360g Proiectul de ciclul de viata Aqua Dragons dureaza aproximativ 45-60 de zile, iar acest kit contine tot ce ai nevoie pentru a creste o intreaga generatie de Aqua Dragons. Siguranta garantata: Respecta reglementarile de siguranta pentru jucarii; EN71, ASTM, CPSIA, AQUIS, COC Gulf. Produsul necesita 2 baterii AAA (nu sunt incluse in pachet) Adauga un strop de magie spatiala in viata ta si transforma fiecare zi intr-o aventura de observare a Aqua Dragons!",175.0,209.83,AD6002,"[""https://gomagcdn.ro/domains/kidstory.ro/files/product/original/set-educativ-stem-aqua-dragons-habitat-lumea-subacvatica-acvariu-asteroid-deluxe-cu-led-uri-701754.png"", ""https://gomagcdn.ro/domains/kidstory.ro/files/product/original/set-educativ-stem-aqua-dragons-habitat-lumea-subacvatica-acvariu-asteroid-deluxe-cu-led-uri-966113.png"", ""https://gomagcdn.ro/domains/kidstory.ro/files/product/original/set-educativ-stem-aqua-dragons-habitat-lumea-subacvatica-acvariu-asteroid-deluxe-cu-led-uri-742905.png"", ""https://gomagcdn.ro/domains/kidstory.ro/files/product/original/set-educativ-stem-aqua-dragons-habitat-lumea-subacvatica-acvariu-asteroid-deluxe-cu-led-uri-510278.png"", ""https://gomagcdn.ro/domains/kidstory.ro/files/product/original/set-educativ-stem-aqua-dragons-habitat-lumea-subacvatica-acvariu-asteroid-deluxe-cu-led-uri-385088.png""]",cmltqoqd70002jjujuey1ukeu,"[""Aqua Dragons""]","{""brand"": ""Aqua Dragons"", ""supplierSource"": ""Kidstory"", ""sourceCategory"": ""Experimente"", ""stemRelevanceScore"": 10, ""viralPotentialScore"": 10}","{""shortTitleRo"": ""Set educativ STEM - AQUA DRAGONS - Habitat Lumea subacvatica - acvariu asteroid Deluxe cu LED-uri"", ""metaDescriptionRo"": ""Kit științific STEM de la Aqua Dragons. Explorează lumea științei prin experimente practice. Perfect pentru conținut viral și cadouri educative!"", ""learningOutcomes"": [""biologie acvatică"", ""ciclul vieții"", ""observație științifică"", ""responsabilitate""], ""specialCategories"": [""biology"", ""science-experiment""]}",True,False,5,0,3.0,500.0,"{""length"": ""25 cm""}",0.0,0,0,2026-03-22 23:59:49.000,2026-03-22 23:59:49.000,8437015413068,ELEMENTARY_6_8,,0,0,0,0,0,0,2.9,0,0,APPROVED,SCIENCE,26f5418c-965d-4630-994c-b51947cdec04,False,,
052c4bf7-dac5-431b-9e42-b8de0ff68b50,Set educativ STEM - AQUA DRAGONS - Habitat Lumea subacvatica - acvariu asteroid,set-educativ-stem---aqua-dragons---habitat-lumea-subacvatica---acvariu-asteroid-AD6001,"Adu la viata propriile tale Aqua Dragons! Aceste animale de companie acvatice fascinante ies din starea lor de oua hibernante si cresc, inoata, mananca si chiar se reproduc, oferindu-ti o experienta unica si educativa. Incredibil: Aqua Dragons au fost trimise in spatiu! Un lot de oua de Aqua Dragon, inclusiv ouale din kitul tau, a fost trimis in spatiu si a depasit stratosfera Terrei, fiind recuperat ulterior. Pet-urile tale Live Astro sunt singurele din lume care au fost efectiv in spatiu! Poti vizualiza datele zborului lor si un video 360 º al zborului pe aplicatia Aqua Dragons sau pe YouTube. Beneficiile Aqua Dragons: Experienta educationala: Observa cum Aqua Dragons cresc, se dezvolta si se reproduc. Un mod fascinant de a invata despre biologie si ciclul de viata al animalelor. Distractie interactiva: Ingrijirea Aqua Dragons si urmarirea procesului lor de crestere ofera ore de distractie, atat pentru copii, cat si pentru adulti. Uniqueness: Acestea sunt singurele animale de companie care au fost trimise in spatiu, oferindu-ti o poveste unica de spus. Stimuleaza curiozitatea si creativitatea: Copiii vor invata despre stiinta si explorare in timp ce se joaca cu Aqua Dragons, stimulandu-le imaginatia. Relaxare si observare calmanta: Observarea Aqua Dragons in acvariu poate fi o activitate relaxanta, ideala pentru a reduce stresul si a te conecta cu natura. Ce contine kitul? Acvariu in forma de asteroid cu baza care lumineaza in intuneric Lingurita de hranire care lumineaza in intuneric Capac cu lupa pentru a observa Aqua Dragons mai detaliat Oua de Aqua Dragons care au fost trimise in spatiu Hrana pentru Aqua Dragons Instructiuni pentru instalare si ingrijire Certificat de autenticitate editie de colectie cu specificatiile zborului in spatiu Aplicatia Aqua Dragons: Jocuri, curiozitati si video-ul 360 º al zborului in spatiu Dimensiuni: 23,5 x 12 x 30 cm Greutate: 180g Proiectul de ciclul de viata Aqua Dragons dureaza aproximativ 45-60 de zile, iar acest kit contine tot ce ai nevoie pentru a creste o intreaga generatie de Aqua Dragons. Siguranta garantata: Respecta reglementarile de siguranta pentru jucarii; EN71, ASTM, CPSIA, COC, AQIS Gulf. Produsul necesita 2 baterii AAA (nu sunt incluse in pachet) Transforma fiecare zi intr-o aventura spatiala si urmareste cum Aqua Dragons se dezvolta in acvariu!",118.0,141.48,AD6001,"[""https://gomagcdn.ro/domains/kidstory.ro/files/product/original/set-educativ-stem-aqua-dragons-habitat-lumea-subacvatica-acvariu-asteroid-cu-led-uri-825712.png"", ""https://gomagcdn.ro/domains/kidstory.ro/files/product/original/set-educativ-stem-aqua-dragons-habitat-lumea-subacvatica-acvariu-asteroid-cu-led-uri-734751.png"", ""https://gomagcdn.ro/domains/kidstory.ro/files/product/original/set-educativ-stem-aqua-dragons-habitat-lumea-subacvatica-acvariu-asteroid-cu-led-uri-956632.png"", ""https://gomagcdn.ro/domains/kidstory.ro/files/product/original/set-educativ-stem-aqua-dragons-habitat-lumea-subacvatica-acvariu-asteroid-cu-led-uri-042009.png"", ""https://gomagcdn.ro/domains/kidstory.ro/files/product/original/set-educativ-stem-aqua-dragons-habitat-lumea-subacvatica-acvariu-asteroid-cu-led-uri-365341.png""]",cmltqoqd70002jjujuey1ukeu,"[""Aqua Dragons""]","{""brand"": ""Aqua Dragons"", ""supplierSource"": ""Kidstory"", ""sourceCategory"": ""Experimente"", ""stemRelevanceScore"": 10, ""viralPotentialScore"": 10}","{""shortTitleRo"": ""Set educativ STEM - AQUA DRAGONS - Habitat Lumea subacvatica - acvariu asteroid"", ""metaDescriptionRo"": ""Kit științific STEM de la Aqua Dragons. Explorează lumea științei prin experimente practice. Perfect pentru conținut viral și cadouri educative!"", ""learningOutcomes"": [""biologie acvatică"", ""ciclul vieții"", ""observație științifică"", ""responsabilitate""], ""specialCategories"": [""biology"", ""science-experiment""]}",True,False,5,0,3.0,500.0,"{""length"": ""25 cm""}",0.0,0,0,2026-03-22 23:59:49.000,2026-03-22 23:59:49.000,8437015413051,ELEMENTARY_6_8,,0,0,0,0,0,0,2.9,0,0,APPROVED,SCIENCE,26f5418c-965d-4630-994c-b51947cdec04,False,,
64b5cbe6-9119-490d-9f0f-75ac8f81bb70,Joc magnetic educativ - Tyrannosaurus Rex,joc-magnetic-educativ---tyrannosaurus-rex-ME0543,"Intra in fascinanta lume a dinozaurilor cu Jocul Magnetic Educativ ""Tyrannosaurus Rex, ! Acest joc captivant ii ajuta pe copii sa isi dezvolte abilitatile de invatare intr-un mod interactiv si plin de aventura, stimulandu-le imaginatia si curiozitatea. Beneficii: Invatare Interactiva: Ajuta copiii sa descopere informatii despre dinozauri si conceptele de baza ale paleontologiei, promovand cunostinte prin joaca. Dezvoltarea Abilitatilor Motorii: Piesele magnetice sunt usor de manevrat, contribuind la dezvoltarea abilitatilor motorii fine si a coordonarii ochi-mana. Stimuleaza Creativitatea: Ofera oportunitati de a crea povesti si aventuri cu dinozauri, incurajand creativitatea si exprimarea individuala. Design Atragator: Culorile vibrante si ilustratiile prietenoase cu copii fac din acest joc un obiect atractiv, perfect pentru a adauga un strop de veselie in camera celor mici. Calitate Superioara: Fabricat din materiale durabile, Jocul Magnetic ""Tyrannosaurus Rex, este conceput pentru a rezista la utilizarea frecventa, asigurand distractie pe termen lung. Un Cadou Perfect Cauti un cadou care sa inspire atat distractie, cat si invatare? Jocul Magnetic Educativ ""Tyrannosaurus Rex, este alegerea perfecta! Ideal pentru zile de nastere, sarbatori sau orice ocazie speciala. Adu Distractia si Creativitatea in Viata Copilului Tau! Transforma fiecare moment petrecut acasa intr-o aventura educativa cu Jocul Magnetic Educativ ""Tyrannosaurus Rex, . Incurajeaza-ti copilul sa exploreze lumea dinozaurilor, dezvoltandu-si abilitatile si cunostintele intr-un mod distractiv! Dimensiuni: L-35 cm, l-25 cm, H-1.45 cm Varsta: 3-5 ani",81.0,97.12,ME0543,"[""https://gomagcdn.ro/domains/kidstory.ro/files/product/original/joc-magnetic-educativ-tyrannosaurus-rex-673528.png"", ""https://gomagcdn.ro/domains/kidstory.ro/files/product/original/joc-magnetic-educativ-tyrannosaurus-rex-092735.png"", ""https://gomagcdn.ro/domains/kidstory.ro/files/product/original/joc-magnetic-educativ-tyrannosaurus-rex-228389.png""]",cmli6buv20021jjpbr43q9cpr,"[""mierEdu""]","{""brand"": ""mierEdu"", ""originalAgeText"": ""3-5 ani"", ""supplierSource"": ""Kidstory"", ""sourceCategory"": ""Stiinta si geografie"", ""stemRelevanceScore"": 10, ""viralPotentialScore"": 10}","{""shortTitleRo"": ""Joc magnetic educativ - Tyrannosaurus Rex"", ""metaDescriptionRo"": ""Set constructiv STEM de la mierEdu - Joc magnetic educativ - Tyrannosaurus Rex. Construiește, experimentează și dezvoltă creativitatea. Ideal pentru vârste 3-12 ani."", ""learningOutcomes"": [""anatomia dinozaurilor"", ""paleontologie de bază"", ""motorică fină"", ""observație interactivă""], ""specialCategories"": [""paleontology"", ""magnetic""]}",True,False,5,0,3.0,500.0,"{""length"": ""25 cm""}",0.0,0,0,2026-03-22 23:59:49.000,2026-03-22 23:59:49.000,9352801004345,PRESCHOOL_3_5,,0,0,0,0,0,0,2.9,0,0,APPROVED,ENGINEERING,26f5418c-965d-4630-994c-b51947cdec04,False,,
5ab4e827-9a99-431a-9f68-998bfccc769e,Set magnetic Magblox - 6 piese magnetice pentagon pentru constructie,set-magnetic-magblox---6-piese-magnetice-pentagon-pentru-constructie-MBL-112,"Placile magnetice MAGBLOX®Magnetic Building au fost concepute pentru a stimula si incuraja dezvoltarea cognitiva a copiilor, constientizarea spatiala, abilitatile motorii fine si grosiere, toate in timp ce ""Invatam prin joaca, ! Cei mai multi dintre noi recunosc formele geometrice comune, cum ar fi patratele, triunghiurile, dreptunghiurile, trapezoidale etc. Cu toate acestea, stiati ca numele formei se schimba pe masura ce creste numarul de muchii? Un exemplu de astfel de forma este Pentagonul. Un pentagon este un poligon cu cinci laturi, cu o latura in plus fata de un patrat. Arhitectii folosesc in mod obisnuit pentagonul ca forma geometrica pentru a proiecta case, cladiri si alte structuri. In plus, exista numeroase exemple de pentagoane gasite in natura. A avea o intelegere solida a formelor este cruciala pentru aplicarea practica a copiilor in geometrie. Magblox® ofera pachetul Pentagon 6 ca un supliment la colectia dvs. existenta, cu optiunea de a incorpora aceasta noua forma in 6 culori diferite, cu nuante vibrante si luminoase. Dimensiuni cutie: 15x14x5 cm Cresteti invatarea si activitatile STEM ale copilului dvs. prin: Abilitati de constructie si constructie Invatare despre simetrie si modele Construirea si intelegerea formelor si structurilor 2D si 3D Recunoasterea formelor Relatii matematice si spatiale Persistenta, abilitati de rezolvare a problemelor, abilitati de coordonare ochi-mana Creativitate fara sfarsit Culorile, transluciditatea si magnetii le permit copiilor sa construiasca si sa creeze in moduri in care nu pot cu blocurile standard. Setul magnetic Magblox este combinatia perfecta intre jocul liber (open-end) si cel STEM (Stiinta, Tehnologie, Inginerie, Matematica). Atat un joc creativ, imaginativ, ce imbie la jocul de rol, cat si un joc care dezvolta abilitatile tehnice atat de necesare in zilele noastre. Toate piesele MAGBLOX® sunt compatibile intre ele si cu alte marci de placi magnetice. Sunt sigure, durabile si fabricate din plastic reciclat ABS de calitate alimentara, fara BPA si fara ftalati. Seturile magnetice de constructie MAGBLOX® sunt sigure pentru copii si respecta standardele internationale de calitate si siguranta AS NZS ISO 8124, EN71, ASTM, si CPSIA. MAGBLOX® este potrivit pentru copiii cu varsta de la 3 ani in sus. Designul MAGBLOX® este o idee originala a lui JC Ingenium®. Toate seturile de constructie MAGBLOX® sunt compatibile cu alte placi magnetice, inclusiv cu placile magnetice Magbrix - compatibile cu caramizi de constructie tip Lego, MegaBlocks, etc. AVERTISMENT! Nerecomandat copiilor mai mici de 3 ani. Produsul poate contine piese mici care se pot inghiti sau inhala, existand pericolul de sufocare. Nu lasati ambalajele produselor la indemana copiilor, indepartati toate ambalajele inainte de a oferi jucaria copilului. Jucaria contine magneti sau componente magnetice. Magnetii care se lipesc unul de celalalt sau se ataseaza de un obiect metalic in interiorul corpului uman pot provoca accidente grave. Cereti imediat asistenta medicala in cazul in care magnetii sunt inghititi sau inhalati.",129.0,154.67,MBL-112,"[""https://gomagcdn.ro/domains/kidstory.ro/files/product/original/set-magnetic-magblox-6-piese-magnetice-hexagon-pentru-constructie-copie-360983.jpg"", ""https://gomagcdn.ro/domains/kidstory.ro/files/product/original/set-magnetic-magblox-6-piese-magnetice-hexagon-pentru-constructie-copie-084019.jpg"", ""https://gomagcdn.ro/domains/kidstory.ro/files/product/original/set-magnetic-magblox-6-piese-magnetice-hexagon-pentru-constructie-copie-820155.jpg"", ""https://gomagcdn.ro/domains/kidstory.ro/files/product/original/set-magnetic-magblox-6-piese-magnetice-hexagon-pentru-constructie-copie-088001.jpg"", ""https://gomagcdn.ro/domains/kidstory.ro/files/product/original/set-magnetic-magblox-6-piese-magnetice-hexagon-pentru-constructie-copie-619442.jpg""]",cmli6buv20021jjpbr43q9cpr,"[""Magblox""]","{""brand"": ""Magblox"", ""supplierSource"": ""Kidstory"", ""sourceCategory"": ""Jucarii Magnetice"", ""stemRelevanceScore"": 10, ""viralPotentialScore"": 10}","{""shortTitleRo"": ""Set magnetic Magblox - 6 piese magnetice pentagon pentru constructie"", ""metaDescriptionRo"": ""Set constructiv STEM de la Magblox - Set magnetic Magblox - 6 piese magnetice pentagon pentru constructie. Construiește, experimentează și dezvoltă creativitatea. Ideal pentru vârste 3-12 ani."", ""learningOutcomes"": [""forme geometrice avansate"", ""construcție 3D"", ""gândire spațială"", ""matematică aplicată""], ""specialCategories"": [""magnetic"", ""mathematics""]}",True,False,5,0,3.0,500.0,"{""length"": ""25 cm""}",0.0,0,0,2026-03-22 23:59:49.000,2026-03-22 23:59:49.000,9357280000284,ELEMENTARY_6_8,,0,0,0,0,0,0,2.9,0,0,APPROVED,ENGINEERING,26f5418c-965d-4630-994c-b51947cdec04,False,,
1e1cfc92-29b6-4b72-b123-e3d876736352,Joc magnetic educativ -Stegosaurus,joc-magnetic-educativ--stegosaurus-ME0542,"Intra in fascinanta lume a dinozaurilor cu Jocul Magnetic Educativ ""Stegosaurus, ! Acest joc captivant ii ajuta pe copii sa isi dezvolte abilitatile de invatare intr-un mod interactiv si plin de aventura, stimulandu-le imaginatia si curiozitatea. Beneficii: Invatare Interactiva: Ajuta copiii sa descopere informatii despre dinozauri si conceptele de baza ale paleontologiei, promovand cunostinte prin joaca. Dezvoltarea Abilitatilor Motorii: Piesele magnetice sunt usor de manevrat, contribuind la dezvoltarea abilitatilor motorii fine si a coordonarii ochi-mana. Stimuleaza Creativitatea: Ofera oportunitati de a crea povesti si aventuri cu dinozauri, incurajand creativitatea si exprimarea individuala. Design Atragator: Culorile vibrante si ilustratiile prietenoase cu copii fac din acest joc un obiect atractiv, perfect pentru a adauga un strop de veselie in camera celor mici. Calitate Superioara: Fabricat din materiale durabile, Jocul Magnetic ""Stegosaurus , este conceput pentru a rezista la utilizarea frecventa, asigurand distractie pe termen lung. Un Cadou Perfect Cauti un cadou care sa inspire atat distractie, cat si invatare? Jocul Magnetic Educativ ""Stegosaurus, este alegerea perfecta! Ideal pentru zile de nastere, sarbatori sau orice ocazie speciala. Adu Distractia si Creativitatea in Viata Copilului Tau! Transforma fiecare moment petrecut acasa intr-o aventura educativa cu Jocul Magnetic Educativ ""Stegosaurus, . Incurajeaza-ti copilul sa exploreze lumea dinozaurilor, dezvoltandu-si abilitatile si cunostintele intr-un mod distractiv! Dimensiuni: L-35 cm, l-25 cm, H-1.45 cm Varsta: 3-5 ani",81.0,97.12,ME0542,"[""https://gomagcdn.ro/domains/kidstory.ro/files/product/original/joc-magnetic-educativ-stegosaurus-182435.png"", ""https://gomagcdn.ro/domains/kidstory.ro/files/product/original/joc-magnetic-educativ-stegosaurus-299000.png"", ""https://gomagcdn.ro/domains/kidstory.ro/files/product/original/joc-magnetic-educativ-stegosaurus-217813.png"", ""https://gomagcdn.ro/domains/kidstory.ro/files/product/original/joc-magnetic-educativ-stegosaurus-919424.png"", ""https://gomagcdn.ro/domains/kidstory.ro/files/product/original/joc-magnetic-educativ-stegosaurus-627149.png""]",cmli6buv20021jjpbr43q9cpr,"[""mierEdu""]","{""brand"": ""mierEdu"", ""originalAgeText"": ""3-5 ani"", ""supplierSource"": ""Kidstory"", ""sourceCategory"": ""Stiinta si geografie"", ""stemRelevanceScore"": 10, ""viralPotentialScore"": 10}","{""shortTitleRo"": ""Joc magnetic educativ -Stegosaurus"", ""metaDescriptionRo"": ""Set constructiv STEM de la mierEdu - Joc magnetic educativ -Stegosaurus. Construiește, experimentează și dezvoltă creativitatea. Ideal pentru vârste 3-12 ani."", ""learningOutcomes"": [""anatomia dinozaurilor"", ""paleontologie de bază"", ""motorică fină"", ""observație interactivă""], ""specialCategories"": [""paleontology"", ""magnetic""]}",True,False,5,0,3.0,500.0,"{""length"": ""25 cm""}",0.0,0,0,2026-03-22 23:59:49.000,2026-03-22 23:59:49.000,9352801004338,PRESCHOOL_3_5,,0,0,0,0,0,0,2.9,0,0,APPROVED,ENGINEERING,26f5418c-965d-4630-994c-b51947cdec04,False,,
61e22d43-dbe5-4ffd-8839-8cc56f43e6a8,Set magnetic Magbrix 66 piese translucide,set-magnetic-magbrix-66-piese-translucide-MBRX66,"Bine ati venit la fuziunea celor mai bune doua jucarii de constructie iubite din lume! MAGBRIX® deschide usile catre creatii nelimitate si posibilitatea de a combina placi magnetice si Lego® Duplo® sau orice alte marci de construit tip Lego. Este completarea perfecta pentru setul dvs. de joc cu placi magnetice, incurajand creativitatea, in acelasi timp experimentand si progresand abilitatile STEM. Caracteristici: Setul include 66 de placi magnetice MAGBRIX, translucide: - 6 patrate mari - 24 de patrate mici - 12 triunghiuri isoscele (pentru a face un dodecagon) - 12 triunghiuri cu unghi drept - 12 triunghiuri echilaterale Placile magnetice MAGBRIX sunt fabricate din plastic ABS 100% sigur, material non-toxic de calitate alimentara, fara BPA si ftalati. Piesele magnetice MAGBRIX sunt cu adevarat speciale, permitand micilor arhitecti sa dea frau liber imaginatiei prin interconectare fara limite. Pl a cile sunt interconectabile prin magnetii puternici pe care ii au, cat si datorita designului inovator - interconectarea acestora fiind posibila si de sine statatoare. Placile MAGBRIX sunt compatibile cu alte marci de placi magnetice Placile MAGBRIX pot fi utilizate cu Lego Classic si Lego Duplo precum si cu alte blocuri de constructii. Interconectarea cu caramizile mici este posibila pe ambele fete ale placilor magnetice, iar cu caramizile mari tip Duplo pe o singura fata. Acest set contine cinci forme, cu un total combinat de 66 de piese! Formele magnetice au un sistem de interblocare care functioneaza pe ambele fete, ceea ce inseamna ca copiii se pot juca in diverse moduri cu aceste piese unice si pot crea idei nelimitate. Acesta promoveaza creativitatea si ii ajuta pe copii sa isi dezvolte abilitatile cognitive. Magnetii Magbrix sunt incapsulati intr-o carcasa intarita, asigurata cu o tehnologie de sudare cu ultrasunete pentru a preveni slabirea magnetilor. Magbrix foloseste magneti mai grosi pentru a permite o conexiune mai puternica la contact si sunt compatibile cu toate marcile majore de placi magnetice si caramizi de constructie. Linia Magbrix ofera un nou produs unic cu o gama multipla de culori si forme in placi translucide, clare si solide, cu un finisaj durabil. Beneficiile Magbrix Placile magnetice Magbrix sunt concepute pentru a oferi un spectru complet de beneficii pentru mintile creative ale copiilor, atragand deopotriva tinerii si batranii, permitandu-le sa-si exploreze creativitatea, curiozitatea pentru constructie si inovarea noilor design-uri. Magbrix a devenit un instrument educational plin de resurse pentru scoli si familii. Parintii si copiii au explorat diverse avantaje ale jocului cu Magbrix datorita oportunitatii de a incorpora Lego Duplo sau orice brand major de caramizi de constructie cunoscut pe piata. Designul MAGBRIX® este o idee originala a lui JC Ingenium® Disclaimer: ""LEGO® este o marca comerciala a grupului de companii LEGO care nu sponsorizeaza, autorizeaza sau aproba acest produs, AVERTISMENT! Nerecomandat copiilor mai mici de 3 ani. Produsul poate contine piese mici care se pot inghiti sau inhala, existand pericolul de sufocare. Nu lasati ambalajele produselor la indemana copiilor, indepartati toate ambalajele inainte de a oferi jucaria copilului. Jucaria contine magneti sau componente magnetice. Magnetii care se lipesc unul de celalalt sau se ataseaza de un obiect metalic in interiorul corpului uman pot provoca accidente grave. Cereti imediat asistenta medicala in cazul in care magnetii sunt inghititi sau inhalati.",512.0,613.89,MBRX66,"[""https://gomagcdn.ro/domains/kidstory.ro/files/product/original/set-magnetic-magbrix-24-piese-patrate-compatibil-cu-caramizi-de-constructie-tip-lego-copie-502146.png"", ""https://gomagcdn.ro/domains/kidstory.ro/files/product/original/set-magnetic-magbrix-24-piese-patrate-compatibil-cu-caramizi-de-constructie-tip-lego-copie-193951.png"", ""https://gomagcdn.ro/domains/kidstory.ro/files/product/original/set-magnetic-magbrix-24-piese-patrate-compatibil-cu-caramizi-de-constructie-tip-lego-copie-390475.png"", ""https://gomagcdn.ro/domains/kidstory.ro/files/product/original/set-magnetic-magbrix-24-piese-patrate-compatibil-cu-caramizi-de-constructie-tip-lego-copie-565109.png"", ""https://gomagcdn.ro/domains/kidstory.ro/files/product/original/set-magnetic-magbrix-24-piese-patrate-compatibil-cu-caramizi-de-constructie-tip-lego-copie-521741.png""]",cmli6buv20021jjpbr43q9cpr,"[""Magblox""]","{""brand"": ""Magblox"", ""supplierSource"": ""Kidstory"", ""sourceCategory"": ""Jucarii Magnetice"", ""stemRelevanceScore"": 10, ""viralPotentialScore"": 10}","{""shortTitleRo"": ""Set magnetic Magbrix 66 piese translucide"", ""metaDescriptionRo"": ""Set constructiv STEM de la Magblox - Set magnetic Magbrix 66 piese translucide. Construiește, experimentează și dezvoltă creativitatea. Ideal pentru vârste 3-12 ani."", ""learningOutcomes"": [""construcție 3D"", ""gândire spațială"", ""creativitate"", ""compatibilitate sistemelor""], ""specialCategories"": [""magnetic"", ""construction""]}",True,False,5,0,3.0,500.0,"{""length"": ""25 cm""}",0.0,0,0,2026-03-22 23:59:49.000,2026-03-22 23:59:49.000,9357280000314,ELEMENTARY_6_8,,0,0,0,0,0,0,2.9,0,0,APPROVED,ENGINEERING,26f5418c-965d-4630-994c-b51947cdec04,False,,
0a5b08b4-4383-4aee-b8b5-b7da60715e25,"Kit constructie Robot Solar mini 3 in 1, Stiinta Verde - Green Science",kit-constructie-robot-solar-mini-3-in-1-stiinta-verde---green-science-4M-03377,"Descopera puterea tehnologiei ecologice cu setul 4M Eco Engineering - Robot Solar Mini 3-in-1! Acest kit educativ fascinant este ideal pentru copiii curiosi si inventivi, oferindu-le oportunitatea de a construi trei modele diferite de roboti alimentati cu energie solara. Perfect pentru micii ingineri cu varste de la 5 ani in sus, acest set transforma invatarea intr-o experienta interactiva si distractiva. Caracteristici principale: Educatie prin joaca : Setul 4M Eco Engineering - Robot Solar Mini 3-in-1 permite copiilor sa inteleaga principiile de baza ale energiei solare si ale ingineriei prin construirea a trei modele unice: un robot, un scorpion si un tank. Acest kit educativ ofera o experienta hands-on care imbina invatarea cu distractia. Materiale de calitate superioara : Kitul include toate componentele necesare pentru asamblarea celor trei modele, precum panouri solare, piese de montaj si instructiuni detaliate. Materialele sunt sigure, durabile si concepute pentru a oferi o experienta educativa fara probleme. Proiect eco-friendly : Copiii vor invata despre importanta utilizarii resurselor regenerabile si cum sa transforme energia solara in miscare. Activitatea promoveaza constiinta ecologica si incurajeaza grija pentru mediul inconjurator. Dezvoltare educativa : Construirea si experimentarea cu robotii solari ajuta la dezvoltarea abilitatilor de rezolvare a problemelor, gandirea critica si coordonarea ochi-mana. Este o activitate educativa care stimuleaza curiozitatea si creativitatea. Cadoul perfect pentru copii : Ambalajul atractiv si continutul educativ fac din acest set un cadou ideal pentru orice ocazie, fie ca este vorba de zile de nastere, sarbatori sau surprize speciale. De ce sa alegi 4M Eco Engineering - Robot Solar Mini 3-in-1? Invatare interactiva : Ofera o modalitate practica de a introduce copiii in lumea energiei solare si a ingineriei. Sustenabil si educativ : Promoveaza utilizarea energiei regenerabile si constiinta ecologica. Versatilitate : Trei modele intr-un singur set, oferind ore de explorare si invatare. Ofera copilului tau ocazia de a descoperi si invata despre energiile regenerabile cu setul 4M Eco Engineering - Robot Solar Mini 3-in-1. Acest kit nu doar ca ii va oferi ore de divertisment educativ, dar ii va si dezvolta abilitati valoroase si o constiinta ecologica. Comanda acum si incurajeaza curiozitatea si creativitatea copilului tau cu setul 4M Eco Engineering - Robot Solar Mini 3-in-1! Set ideal pentru Saptamana Verde.",133.0,159.47,4M-03377,"[""https://gomagcdn.ro/domains/kidstory.ro/files/product/original/kit-constructie-mini-robot-solar-3-in-1-stiinta-verde-green-science-447016.jpg"", ""https://gomagcdn.ro/domains/kidstory.ro/files/product/original/kit-constructie-mini-robot-solar-3-in-1-stiinta-verde-green-science-227822.jpg"", ""https://gomagcdn.ro/domains/kidstory.ro/files/product/original/kit-constructie-mini-robot-solar-3-in-1-stiinta-verde-green-science-825386.jpg"", ""https://gomagcdn.ro/domains/kidstory.ro/files/product/original/kit-constructie-mini-robot-solar-3-in-1-stiinta-verde-green-science-017187.jpg"", ""https://gomagcdn.ro/domains/kidstory.ro/files/product/original/kit-constructie-mini-robot-solar-3-in-1-stiinta-verde-green-science-531741.jpg""]",cmltqoqov0003jjujnu1ppk5u,"[""4M""]","{""brand"": ""4M"", ""supplierSource"": ""Kidstory"", ""sourceCategory"": ""Stiinta si geografie"", ""stemRelevanceScore"": 10, ""viralPotentialScore"": 10}","{""shortTitleRo"": ""Kit constructie Robot Solar mini 3 in 1, Stiinta Verde - Green Science"", ""metaDescriptionRo"": ""Kit educativ STEM de construcție robotică de la 4M. Dezvoltă gândirea logică și abilitățile tehnice. Perfect pentru Reels și conținut educativ!"", ""learningOutcomes"": [""energie solară"", ""asamblare practică"", ""gândire ecologică"", ""inginerie mecanică""], ""specialCategories"": [""renewable-energy"", ""robotics""]}",True,False,5,0,3.0,500.0,"{""length"": ""25 cm""}",0.0,0,0,2026-03-22 23:59:49.000,2026-03-22 23:59:49.000,4893156033772,ELEMENTARY_6_8,,0,0,0,0,0,0,2.9,0,0,APPROVED,TECHNOLOGY,26f5418c-965d-4630-994c-b51947cdec04,False,,
95fa1af9-81a1-47fa-af74-4900164841a9,Joc magnetic educativ - Anatomia Umana,joc-magnetic-educativ---anatomia-umana-ME0511,"Conceput pentru ca incepatorii sa invete elementele de baza ale anatomiei umane, partile corpului, oasele si organele. M-Pad-ul nostru magnetic poate inlocui iPad-ul si ii tine pe copii departe de ecran si este ideal pentru a se juca peste tot, deoarece poate fi atarnat sau plasat pe un stand cu usurinta! Produsele noastre sunt educative, distractive si ecologice! Varsta: 3+. Dimensiune: 35cm 1cm 24,5cm Contine: Tabla magnetica, 44 piese carton magnetic , 1 card, 1 suport",81.0,97.12,ME0511,"[""https://gomagcdn.ro/domains/kidstory.ro/files/product/original/joc-magnetic-educativ-anatomia-umana-776727.jpg"", ""https://gomagcdn.ro/domains/kidstory.ro/files/product/original/joc-magnetic-educativ-anatomia-umana-183799.jpg"", ""https://gomagcdn.ro/domains/kidstory.ro/files/product/original/joc-magnetic-educativ-anatomia-umana-099851.jpg"", ""https://gomagcdn.ro/domains/kidstory.ro/files/product/original/joc-magnetic-educativ-anatomia-umana-706187.jpg"", ""https://gomagcdn.ro/domains/kidstory.ro/files/product/original/joc-magnetic-educativ-anatomia-umana-294314.jpg""]",cmli6buv20021jjpbr43q9cpr,"[""mierEdu""]","{""brand"": ""mierEdu"", ""supplierSource"": ""Kidstory"", ""sourceCategory"": ""Stiinta si geografie"", ""stemRelevanceScore"": 10, ""viralPotentialScore"": 10}","{""shortTitleRo"": ""Joc magnetic educativ - Anatomia Umana"", ""metaDescriptionRo"": ""Set constructiv STEM de la mierEdu - Joc magnetic educativ - Anatomia Umana. Construiește, experimentează și dezvoltă creativitatea. Ideal pentru vârste 3-12 ani."", ""learningOutcomes"": [""anatomie umană de bază"", ""cunoașterea corpului"", ""observație interactivă"", ""memorare structurată""], ""specialCategories"": [""biology"", ""magnetic""]}",True,False,5,0,3.0,500.0,"{""length"": ""25 cm""}",0.0,0,0,2026-03-22 23:59:49.000,2026-03-22 23:59:49.000,9352801004291,ELEMENTARY_6_8,,0,0,0,0,0,0,2.9,0,0,APPROVED,ENGINEERING,26f5418c-965d-4630-994c-b51947cdec04,False,,
97d33c4a-4cf4-43af-bcb9-1bed146ae8f1,"Kit constructie robot - T-Rex, Kidz Robotix",kit-constructie-robot---t-rex-kidz-robotix-4M-03460,"Construieste acest robot T-Rex cu motor. Invatati despre circuite electrice si constructie. Priviti-l cum prinde viata si cum marsaluieste pe podea cu falca lui care racneste, ochii care clipesc si antebratele care se misca! Iubitorii de dinozauri sa fie atenti! Va veti indragosti de acest micut! Cu totii avem o imagine diferita atunci cand ne gandim la un ""robot, , pentru ca robotii au atatea forme si dimensiuni cate minti exista pentru a-i imagina. KidzRobotix merge dincolo de simpla mecanica pentru a explora varietatea si creativitatea ingineriei mecanice. Copiii pot alege sa urmeze instructiunile sau sa isi creeze propriile adaptari fara limite, deoarece robotii vor functiona in alte configuratii. Unii roboti sunt pentru munca, altii pentru joaca, altii sunt ciudati, altii sunt doar infricosatori si toti sunt distractivi! Seria KidzRobotix este plina de obiecte uimitoare pe care copiii le pot pune impreuna singuri. Este intuitiv si usor de asamblat. Credem ca inspiratiile mecanice practice vor produce noi inovatii minunate care ne vor remodela viata. Explorati gama 4M KidzRobotix, care include jucarii mecanice motorizate, usor de asamblat, concepute pentru a preda principiile de baza ale mecanicii si roboticii. Aceasta gama este o modalitate distractiva de a dezvolta abilitatile STEM la copii - Kiturile robotizate pentru dezvoltarea conceptului STEM la nivel de incepator sunt potrivite pentru varsta de 8 ani si peste.",113.0,135.49,4M-03460,"[""https://gomagcdn.ro/domains/kidstory.ro/files/product/original/kit-constructie-robot-t-rex-kidz-robotix-435251.png"", ""https://gomagcdn.ro/domains/kidstory.ro/files/product/original/kit-constructie-robot-t-rex-kidz-robotix-189168.png"", ""https://gomagcdn.ro/domains/kidstory.ro/files/product/original/kit-constructie-robot-t-rex-kidz-robotix-150869.png""]",cmltqoqov0003jjujnu1ppk5u,"[""4M""]","{""brand"": ""4M"", ""supplierSource"": ""Kidstory"", ""sourceCategory"": ""Stiinta si geografie"", ""stemRelevanceScore"": 10, ""viralPotentialScore"": 10}","{""shortTitleRo"": ""Kit constructie robot - T-Rex, Kidz Robotix"", ""metaDescriptionRo"": ""Kit educativ STEM de construcție robotică de la 4M. Dezvoltă gândirea logică și abilitățile tehnice. Perfect pentru Reels și conținut educativ!"", ""learningOutcomes"": [""circuite electrice de bază"", ""asamblare practică"", ""principii robotice"", ""coordonare mână-ochi""], ""specialCategories"": [""robotics"", ""circuits""]}",True,False,5,0,3.0,500.0,"{""length"": ""25 cm""}",0.0,0,0,2026-03-22 23:59:49.000,2026-03-22 23:59:49.000,4893156034601,ELEMENTARY_6_8,,0,0,0,0,0,0,2.9,0,0,APPROVED,TECHNOLOGY,26f5418c-965d-4630-994c-b51947cdec04,False,,
7621c300-0627-4bf1-96ca-83a491aa1cee,Joc magnetic educativ - Sistemul solar,joc-magnetic-educativ---sistemul-solar-ME0541,"O modalitate excelenta pentru incepatori de a invata elementele de baza ale sistemului solar, inclusiv cunoasterea planetelor, pozitia planetelor in sistemul solar, anatomia Pamantului si explorarea umana a spatiului. M-Pad-ul nostru magnetic poate inlocui iPad-ul si ii poate tine pe copii departe de ecran. De asemenea, poate fi usor de agatat sau de asezat pe un suport, astfel incat este ideal pentru copii sa se joace peste tot. Varsta: 3+. Dimensiune: 35cm 1cm 24,5cm Contine: tabla magnetica, 30 piese de carton magnetic, 1 card, 1 suport",81.0,97.12,ME0541,"[""https://gomagcdn.ro/domains/kidstory.ro/files/product/original/joc-magnetic-educativ-sistemul-solar-804060.jpg"", ""https://gomagcdn.ro/domains/kidstory.ro/files/product/original/joc-magnetic-educativ-sistemul-solar-588576.jpg"", ""https://gomagcdn.ro/domains/kidstory.ro/files/product/original/joc-magnetic-educativ-sistemul-solar-307356.jpg"", ""https://gomagcdn.ro/domains/kidstory.ro/files/product/original/joc-magnetic-educativ-sistemul-solar-938333.jpg"", ""https://gomagcdn.ro/domains/kidstory.ro/files/product/original/joc-magnetic-educativ-sistemul-solar-104768.jpg""]",cmli6buv20021jjpbr43q9cpr,"[""mierEdu""]","{""brand"": ""mierEdu"", ""supplierSource"": ""Kidstory"", ""sourceCategory"": ""Stiinta si geografie"", ""stemRelevanceScore"": 10, ""viralPotentialScore"": 10}","{""shortTitleRo"": ""Joc magnetic educativ - Sistemul solar"", ""metaDescriptionRo"": ""Set constructiv STEM de la mierEdu - Joc magnetic educativ - Sistemul solar. Construiește, experimentează și dezvoltă creativitatea. Ideal pentru vârste 3-12 ani."", ""learningOutcomes"": [""sistemul solar de bază"", ""cunoașterea planetelor"", ""astronomie de bază"", ""memorare structurată""], ""specialCategories"": [""astronomy"", ""magnetic""]}",True,False,5,0,3.0,500.0,"{""length"": ""25 cm""}",0.0,0,0,2026-03-22 23:59:49.000,2026-03-22 23:59:49.000,9352801004321,ELEMENTARY_6_8,,0,0,0,0,0,0,2.9,0,0,APPROVED,ENGINEERING,26f5418c-965d-4630-994c-b51947cdec04,False,,
2c6b81a5-03ce-40e5-983b-da99d5898046,Alarma magnetica pentru intrusi KidzLabs,alarma-magnetica-pentru-intrusi-kidzlabs-4M-03440,"Nu lasa pe nimeni sa se strecoare in camera ta fara sa fie detectat! Construieste-ti propria alarma de intrus pentru a-i tine departe pe acei frati si surori enervanti! si, daca tot esti aici, exploreaza modul in care un magnet declanseaza aceasta alarma superba pentru a construi propria ta alarma de intrus. Este un proiect excelent pentru a explora modul in care functioneaza un comutator magnetic intr-un circuit electric. Este necesara o constructie simpla a cutiei de alarma. Necesita 2 baterii AAA. Varste de 5 ani +",92.0,110.31,4M-03440,"[""https://gomagcdn.ro/domains/kidstory.ro/files/product/original/alarma-magnetica-pentru-intrusi-kidzlabs-400732.png"", ""https://gomagcdn.ro/domains/kidstory.ro/files/product/original/alarma-magnetica-pentru-intrusi-kidzlabs-283820.png""]",cmli6buv20021jjpbr43q9cpr,"[""4M""]","{""brand"": ""4M"", ""supplierSource"": ""Kidstory"", ""sourceCategory"": ""Stiinta si geografie"", ""stemRelevanceScore"": 10, ""viralPotentialScore"": 10}","{""shortTitleRo"": ""Alarma magnetica pentru intrusi KidzLabs"", ""metaDescriptionRo"": ""Set constructiv STEM de la 4M - Alarma magnetica pentru intrusi KidzLabs. Construiește, experimentează și dezvoltă creativitatea. Ideal pentru vârste 3-12 ani."", ""learningOutcomes"": [""circuite electrice de bază"", ""magnetism aplicat"", ""asamblare practică"", ""rezolvare de probleme""], ""specialCategories"": [""circuits"", ""science-experiment""]}",True,False,5,0,3.0,500.0,"{""length"": ""25 cm""}",0.0,0,0,2026-03-22 23:59:49.000,2026-03-22 23:59:49.000,4893156034403,ELEMENTARY_6_8,,0,0,0,0,0,0,2.9,0,0,APPROVED,ENGINEERING,26f5418c-965d-4630-994c-b51947cdec04,False,,
6466e653-30f9-403c-99d8-27322584feaa,"Set de Activitati Plus-Plus, 125 piese, Spatiu",set-de-activitati-plus-plus-125-piese-spatiu-PP3989,"Descopera universul creativitatii cu Setul de activitati Plus-Plus Space Activity Pad ! De ce sa alegi Setul de activitati Plus-Plus Space Activity Pad? "" 12 activitati captivante , Setul include 12 activitati interactive care permit copiilor sa construiasca modele spatiale in 2D si 3D, precum rachete, astronauti, OZN-uri si multe altele. "" 125 de piese colorate , Cu 125 de piese Plus-Plus in culori variate, copiii pot explora si crea propriul lor univers spatial. "" Design portabil si prietenos pentru calatorii , Pad-ul de activitati este usor de transportat, fiind ideal pentru joaca acasa sau in deplasare, asigurand ore intregi de distractie creativa oriunde. "" Dezvoltare educativa , Ajuta la dezvoltarea abilitatilor motorii fine, a concentrarii si a creativitatii, oferind o modalitate distractiva de invatare. "" Siguranta si sustenabilitate , Fabricat in Danemarca, fara substante endocrine perturbatoare, utilizand energie eoliana 100%. Despre Plus-Plus , Creativitate nelimitata intr-un design inovator Plus-Plus este un brand danez recunoscut pentru designul sau unic si valoarea educativa. Cu o singura forma versatila, piesele Plus-Plus permit crearea de modele 2D si structuri 3D complexe, stimuland imaginatia si joaca libera. Un produs eco-friendly , Fabricat intr-o unitate sustenabila, alimentata 100% cu energie eoliana, pentru un impact minim asupra mediului. Recunoscut international , Popular in randul copiilor, educatorilor si designerilor creativi, Plus-Plus ofera o experienta de joaca inovatoare si educativa. Ce spun utilizatorii? ""Un set minunat pentru micii exploratori, , Piesele sunt usor de asamblat, oferind o experienta de joaca intuitiva si captivanta. ""Ideal pentru calatorii, , Designul compact si activitatile variate fac din acest set un companion perfect pentru drum. ""Materiale de calitate, sigure si durabile, , Un produs eco-friendly si de inalta calitate, ideal pentru joaca zilnica. Detalii tehnice: Contine: 125 de piese Plus-Plus si un pad de activitati cu instructiuni pentru 12 constructii diferite in 2D si 3D Dimensiuni piese: Fiecare piesa masoara 20 x 12 mm Varsta recomandata: 5+ ani • Siguranta: Piesele sunt fara substante endocrine perturbatoare, asigurand o joaca sigura pentru copii. Adauga acum Setul de activitati Plus-Plus Space Activity Pad in cos! Descopera placerea de a construi si bucura-te de posibilitatile nelimitate. Comanda acum si ofera copilului tau o experienta de joaca interactiva si educativa cu Plus-Plus!",66.0,79.13,PP3989,"[""https://gomagcdn.ro/domains/kidstory.ro/files/product/original/set-de-activitati-plus-plus-125-piese-spatiu-802516.png"", ""https://gomagcdn.ro/domains/kidstory.ro/files/product/original/set-de-activitati-plus-plus-125-piese-spatiu-271020.png"", ""https://gomagcdn.ro/domains/kidstory.ro/files/product/original/set-de-activitati-plus-plus-125-piese-spatiu-345432.png""]",cmltqoq940001jjujkuq676do,"[""Plus Plus""]","{""brand"": ""Plus Plus"", ""supplierSource"": ""Kidstory"", ""sourceCategory"": ""Seturi Constructie"", ""stemRelevanceScore"": 10, ""viralPotentialScore"": 10}","{""shortTitleRo"": ""Set de Activitati Plus-Plus, 125 piese, Spatiu"", ""metaDescriptionRo"": ""Jucărie educativă STEM de la Plus Plus - Set de Activitati Plus-Plus, 125 piese, Spatiu. Stimulează creativitatea și gândirea logică. Ideal pentru copii curioși!"", ""learningOutcomes"": [""construcție 2D și 3D"", ""creativitate"", ""coordonare mână-ochi"", ""gândire spațială""], ""specialCategories"": [""construction"", ""astronomy""]}",True,False,5,0,3.0,500.0,"{""length"": ""25 cm""}",0.0,0,0,2026-03-22 23:59:49.000,2026-03-22 23:59:49.000,5710409109925,ELEMENTARY_6_8,,0,0,0,0,0,0,2.9,0,0,APPROVED,GENERAL,26f5418c-965d-4630-994c-b51947cdec04,False,,
41544693-02c6-47a8-896b-0b6effe4a8bc,"Set constructie Plus-Plus, tub 240 piese, Glitter Mix, culori cu sclipici",set-constructie-plus-plus-tub-240-piese-glitter-mix-culori-cu-sclipici-PP4243,"Descopera un set de construit inovator, premiat la nivel international, care dezvolta imaginatia si abilitatile STEM ale copiilor! Setul de constructie Plus-Plus, tub 240 piese, este mai mult decat un simplu joc de constructie , este o jucarie educativa STEM, pentru fete si baieti, perfecta pentru dezvoltarea creativitatii, coordonarii mana-ochi si gandirii logice. Cu un design unic si piese care se imbina perfect, acest kit de creativitate permite copiilor sa creeze modele 2D si structuri 3D complexe, transformand joaca intr-o experienta de invatare captivanta. De ce sa alegi Set constructie Plus-Plus, tub 240 piese? "" Creativitate fara limite , Construieste animale exotice, peisaje din jungle sau orice alta creatie unica. "" Joaca educativa inspirata de metoda Montessori , Ideal pentru dezvoltarea gandirii critice, rabdarii si atentiei la detalii. "" Calitate premium si siguranta garantata , Fabricat in Danemarca, fara BPA si ftalati, din materiale 100% reciclabile. "" Perfect pentru acasa, scoala sau calatorii , Setul compact si usor de transportat este ideal pentru activitati Montessori, ateliere creative si dezvoltare STEM. "" Recomandat de educatori si parinti , Alegerea perfecta pentru institutiile de invatamant, crese si gradinite. Despre Plus-Plus , Jucaria premiata pentru creativitate si dezvoltare STEM Plus-Plus este un brand danez de renume, cunoscut pentru inovatia sa in domeniul jucariilor educative. Cu o singura forma de baza, piesele se imbina perfect, oferind posibilitati infinite de constructie , de la mozaicuri 2D la structuri 3D interactive. Un brand sustenabil , Plus-Plus este fabricat intr-o unitate alimentata 100% cu energie eoliana, oferind parintilor o optiune ecologica pentru joaca celor mici. Recunoscut international , Plus-Plus a fost premiat pentru designul sau inovator si valoarea educativa, fiind folosit in scoli pentru a sustine invatarea interactiva. Ce spun parintii si educatorii? "" ""Un joc captivant, care ii tine pe copii ocupati ore intregi! — Multi parinti apreciaza ca acest set de construit este perfect pentru a incuraja joaca independenta si dezvoltarea cognitiva. "" ""Ideal pentru dezvoltarea abilitatilor STEM si creativitate fara limite. — Educatorii il recomanda pentru gradinite si scoli, fiind un excelent instrument de invatare prin joaca. "" ""Materiale de calitate, sigure si foarte rezistente. — Clientii lauda durabilitatea produsului si faptul ca piesele nu se deterioreaza in timp. Detalii tehnice: Contine: 240 de piese Plus-Plus Culori: diverse, in functie de model Dimensiuni: Tub: 5.5 x 28.2 cm, piesa: 20 x 12 mm Varsta recomandata: 5+ ani • Atentionare: Contine piese mici. Pericol de sufocare! Nu este recomandat copiilor sub 3 ani. Adauga acum Set constructie Plus-Plus, tub 240 piese in cos! Ofera copilului tau un set de construit STEM, sigur si creativ, care il va ajuta sa-si dezvolte imaginatia, logica si coordonarea. Comanda acum si incepe aventura in lumea constructiilor Plus-Plus!",69.0,82.73,PP4243,"[""https://gomagcdn.ro/domains/kidstory.ro/files/product/original/set-constructie-plus-plus-tub-240-piese-glitter-mix-culori-cu-sclipici-823157.jpg"", ""https://gomagcdn.ro/domains/kidstory.ro/files/product/original/set-constructie-plus-plus-tub-240-piese-glitter-mix-culori-cu-sclipici-565249.jpg"", ""https://gomagcdn.ro/domains/kidstory.ro/files/product/original/set-constructie-plus-plus-tub-240-piese-glitter-mix-culori-cu-sclipici-668309.jpg""]",cmltqoq940001jjujkuq676do,"[""Plus Plus""]","{""brand"": ""Plus Plus"", ""supplierSource"": ""Kidstory"", ""sourceCategory"": ""Seturi Constructie"", ""stemRelevanceScore"": 10, ""viralPotentialScore"": 10}","{""shortTitleRo"": ""Set constructie Plus-Plus, tub 240 piese, Glitter Mix, culori cu sclipici"", ""metaDescriptionRo"": ""Jucărie educativă STEM de la Plus Plus - Set constructie Plus-Plus, tub 240 piese, Glitter Mix, culori cu sclipici. Stimulează creativitatea și gândirea logică. Ideal pentru copii curioși!"", ""learningOutcomes"": [""construcție 2D și 3D"", ""creativitate"", ""coordonare mână-ochi"", ""motorică fină""], ""specialCategories"": [""construction""]}",True,False,5,0,3.0,500.0,"{""length"": ""25 cm""}",0.0,0,0,2026-03-22 23:59:49.000,2026-03-22 23:59:49.000,5710409105415,ELEMENTARY_6_8,,0,0,0,0,0,0,2.9,0,0,APPROVED,GENERAL,26f5418c-965d-4630-994c-b51947cdec04,False,,
01d6f567-39c5-474f-b3f7-53d885bc5276,Caleidoscop colectia Creatii Naturale - Fluture,caleidoscop-colectia-creatii-naturale---fluture-NC242118,Caleidoscop Colectia Creatii Naturale - Fluture Descopera modele colorate si fascinante cu acest caleidoscop decorat cu fluturi! Fiecare intoarcere a tubului creeaza forme simetrice uimitoare. Caracteristici principale: Tub caleidoscop cu design fluturi Modele care se schimba la fiecare intoarcere Experienta vizuala captivanta si creativa Recomandat copiilor de la 3 ani in sus. Materiale sigure si durabile.,33.0,39.57,NC242118,"[""https://gomagcdn.ro/domains/kidstory.ro/files/product/original/caleidoscop-colectia-creatii-naturale-fluture-249992.jpg"", ""https://gomagcdn.ro/domains/kidstory.ro/files/product/original/caleidoscop-colectia-creatii-naturale-fluture-168207.jpg"", ""https://gomagcdn.ro/domains/kidstory.ro/files/product/original/caleidoscop-colectia-creatii-naturale-fluture-048140.jpg"", ""https://gomagcdn.ro/domains/kidstory.ro/files/product/original/caleidoscop-colectia-creatii-naturale-fluture-809822.jpg""]",cmltqoqd70002jjujuey1ukeu,"[""Avenir""]","{""brand"": ""Avenir"", ""supplierSource"": ""Kidstory"", ""sourceCategory"": ""Stiinta si geografie"", ""stemRelevanceScore"": 10, ""viralPotentialScore"": 9}","{""shortTitleRo"": ""Caleidoscop colectia Creatii Naturale - Fluture"", ""metaDescriptionRo"": ""Kit științific STEM de la Avenir. Explorează lumea științei prin experimente practice. Perfect pentru conținut viral și cadouri educative!"", ""learningOutcomes"": [""percepție optică"", ""simetrie vizuală"", ""curiozitate fizică"", ""observație""], ""specialCategories"": [""optics""]}",True,False,5,0,3.0,500.0,"{""length"": ""25 cm""}",0.0,0,0,2026-03-22 23:59:49.000,2026-03-22 23:59:49.000,6920773321185,ELEMENTARY_6_8,,0,0,0,0,0,0,2.9,0,0,APPROVED,SCIENCE,26f5418c-965d-4630-994c-b51947cdec04,False,,
13634fe5-6d40-441e-aa7a-b02a2758f18e,Caleidoscop colectia Creatii Naturale - Dinozaur,caleidoscop-colectia-creatii-naturale---dinozaur-NC242119,Caleidoscop Colectia Creatii Naturale - Dinozaur Descopera forme si culori fascinante cu acest caleidoscop decorat cu dinozauri! Fiecare intoarcere a tubului creeaza modele simetrice uimitoare. Caracteristici principale: Tub caleidoscop cu design dinozauri Modele care se schimba la fiecare intoarcere Experienta vizuala captivanta si creativa Recomandat copiilor de la 3 ani in sus. Materiale sigure si durabile.,33.0,39.57,NC242119,"[""https://gomagcdn.ro/domains/kidstory.ro/files/product/original/caleidoscop-colectia-creatii-naturale-dinozaur-654505.jpg"", ""https://gomagcdn.ro/domains/kidstory.ro/files/product/original/caleidoscop-colectia-creatii-naturale-dinozaur-940848.jpg"", ""https://gomagcdn.ro/domains/kidstory.ro/files/product/original/caleidoscop-colectia-creatii-naturale-dinozaur-479735.jpg"", ""https://gomagcdn.ro/domains/kidstory.ro/files/product/original/caleidoscop-colectia-creatii-naturale-dinozaur-536520.jpg""]",cmltqoqd70002jjujuey1ukeu,"[""Avenir""]","{""brand"": ""Avenir"", ""supplierSource"": ""Kidstory"", ""sourceCategory"": ""Stiinta si geografie"", ""stemRelevanceScore"": 10, ""viralPotentialScore"": 9}","{""shortTitleRo"": ""Caleidoscop colectia Creatii Naturale - Dinozaur"", ""metaDescriptionRo"": ""Kit științific STEM de la Avenir. Explorează lumea științei prin experimente practice. Perfect pentru conținut viral și cadouri educative!"", ""learningOutcomes"": [""percepție optică"", ""simetrie vizuală"", ""curiozitate fizică"", ""observație""], ""specialCategories"": [""optics""]}",True,False,5,0,3.0,500.0,"{""length"": ""25 cm""}",0.0,0,0,2026-03-22 23:59:49.000,2026-03-22 23:59:49.000,6920773321192,ELEMENTARY_6_8,,0,0,0,0,0,0,2.9,0,0,APPROVED,SCIENCE,26f5418c-965d-4630-994c-b51947cdec04,False,,
e63b6837-78e4-446a-a560-2f88956c228f,"Set constructie Plus-Plus, tub 100 piese, Robot mecanic",set-constructie-plus-plus-tub-100-piese-robot-mecanic-PP4270,"Descopera un set de construit inovator, premiat la nivel international, care dezvolta imaginatia si abilitatile STEM ale copiilor! Setul de constructie Plus-Plus, tub 100 piese, este mai mult decat un simplu joc de constructie , este o jucarie educativa STEM, pentru fete si baieti, perfecta pentru dezvoltarea creativitatii, coordonarii mana-ochi si gandirii logice. Cu un design unic si piese care se imbina perfect, acest kit de creativitate permite copiilor sa creeze modele 2D si structuri 3D complexe, transformand joaca intr-o experienta de invatare captivanta. De ce sa alegi Set constructie Plus-Plus, tub 100 piese? "" Creativitate fara limite , Construieste animale exotice, peisaje din jungle sau orice alta creatie unica. "" Joaca educativa inspirata de metoda Montessori , Ideal pentru dezvoltarea gandirii critice, rabdarii si atentiei la detalii. "" Calitate premium si siguranta garantata , Fabricat in Danemarca, fara BPA si ftalati, din materiale 100% reciclabile. "" Perfect pentru acasa, scoala sau calatorii , Setul compact si usor de transportat este ideal pentru activitati Montessori, ateliere creative si dezvoltare STEM. "" Recomandat de educatori si parinti , Alegerea perfecta pentru institutiile de invatamant, crese si gradinite. Despre Plus-Plus , Jucaria premiata pentru creativitate si dezvoltare STEM Plus-Plus este un brand danez de renume, cunoscut pentru inovatia sa in domeniul jucariilor educative. Cu o singura forma de baza, piesele se imbina perfect, oferind posibilitati infinite de constructie , de la mozaicuri 2D la structuri 3D interactive. Un brand sustenabil , Plus-Plus este fabricat intr-o unitate alimentata 100% cu energie eoliana, oferind parintilor o optiune ecologica pentru joaca celor mici. Recunoscut international , Plus-Plus a fost premiat pentru designul sau inovator si valoarea educativa, fiind folosit in scoli pentru a sustine invatarea interactiva. Ce spun parintii si educatorii? "" ""Un joc captivant, care ii tine pe copii ocupati ore intregi! — Multi parinti apreciaza ca acest set de construit este perfect pentru a incuraja joaca independenta si dezvoltarea cognitiva. "" ""Ideal pentru dezvoltarea abilitatilor STEM si creativitate fara limite. — Educatorii il recomanda pentru gradinite si scoli, fiind un excelent instrument de invatare prin joaca. "" ""Materiale de calitate, sigure si foarte rezistente. — Clientii lauda durabilitatea produsului si faptul ca piesele nu se deterioreaza in timp. Detalii tehnice: Contine: 100 de piese Plus-Plus in culori inspirate din tehnologie Culori: Dimensiuni: Tub: 3.5 x 17.8 cm, piesa: 20 x 12 mm Varsta recomandata: 5+ ani • Atentionare: Contine piese mici. Pericol de sufocare! Nu este recomandat copiilor sub 3 ani. Adauga acum Set constructie Plus-Plus, tub 100 piese in cos! Ofera copilului tau un set de construit STEM, sigur si creativ, care il va ajuta sa-si dezvolte imaginatia, logica si coordonarea. Comanda acum si incepe aventura in lumea constructiilor Plus-Plus!",39.0,46.76,PP4270,"[""https://gomagcdn.ro/domains/kidstory.ro/files/product/original/set-constructie-plus-plus-tub-100-piese-robot-mecanic-455097.jpg"", ""https://gomagcdn.ro/domains/kidstory.ro/files/product/original/set-constructie-plus-plus-tub-100-piese-robot-mecanic-286037.jpg"", ""https://gomagcdn.ro/domains/kidstory.ro/files/product/original/set-constructie-plus-plus-tub-100-piese-robot-mecanic-554595.jpg"", ""https://gomagcdn.ro/domains/kidstory.ro/files/product/original/set-constructie-plus-plus-tub-100-piese-robot-mecanic-829051.jpg"", ""https://gomagcdn.ro/domains/kidstory.ro/files/product/original/set-constructie-plus-plus-tub-100-piese-robot-mecanic-933441.png""]",cmltqoqov0003jjujnu1ppk5u,"[""Plus Plus""]","{""brand"": ""Plus Plus"", ""supplierSource"": ""Kidstory"", ""sourceCategory"": ""Seturi Constructie"", ""stemRelevanceScore"": 10, ""viralPotentialScore"": 9}","{""shortTitleRo"": ""Set constructie Plus-Plus, tub 100 piese, Robot mecanic"", ""metaDescriptionRo"": ""Kit educativ STEM de construcție robotică de la Plus Plus. Dezvoltă gândirea logică și abilitățile tehnice. Perfect pentru Reels și conținut educativ!"", ""learningOutcomes"": [""construcție 2D și 3D"", ""creativitate"", ""coordonare mână-ochi"", ""motorică fină""], ""specialCategories"": [""construction""]}",True,False,5,0,3.0,500.0,"{""length"": ""25 cm""}",0.0,0,0,2026-03-22 23:59:49.000,2026-03-22 23:59:49.000,5710409107044,ELEMENTARY_6_8,,0,0,0,0,0,0,2.9,0,0,APPROVED,TECHNOLOGY,26f5418c-965d-4630-994c-b51947cdec04,False,,
114829a7-9cc6-47c9-92ad-eb7951f74405,"Set constructie Plus-Plus, tub 100 piese, Robot",set-constructie-plus-plus-tub-100-piese-robot-PP4105,"Set constructie Plus-Plus, tub 100 piese, Robot Descopera un set de construit inovator, premiat la nivel international, care dezvolta imaginatia si abilitatile STEM ale copiilor! Setul de constructie Plus-Plus, tub 100 piese, Robot este mai mult decat un simplu joc de constructie , este o jucarie educativa STEM, pentru fete si baieti, perfecta pentru dezvoltarea creativitatii, coordonarii mana-ochi si gandirii logice. Cu un design unic si piese care se imbina perfect, acest kit de creativitate permite copiilor sa creeze modele 2D si structuri 3D complexe, transformand joaca intr-o experienta de invatare captivanta. De ce sa alegi Set constructie Plus-Plus, tub 100 piese, Robot? "" Creativitate fara limite , Construieste animale exotice, peisaje din jungle sau orice alta creatie unica. "" Joaca educativa inspirata de metoda Montessori , Ideal pentru dezvoltarea gandirii critice, rabdarii si atentiei la detalii. "" Calitate premium si siguranta garantata , Fabricat in Danemarca, fara BPA si ftalati, din materiale 100% reciclabile. "" Perfect pentru acasa, scoala sau calatorii , Setul compact si usor de transportat este ideal pentru activitati Montessori, ateliere creative si dezvoltare STEM. "" Recomandat de educatori si parinti , Alegerea perfecta pentru institutiile de invatamant, crese si gradinite. Despre Plus-Plus , Jucaria premiata pentru creativitate si dezvoltare STEM Plus-Plus este un brand danez de renume, cunoscut pentru inovatia sa in domeniul jucariilor educative. Cu o singura forma de baza, piesele se imbina perfect, oferind posibilitati infinite de constructie , de la mozaicuri 2D la structuri 3D interactive. Un brand sustenabil , Plus-Plus este fabricat intr-o unitate alimentata 100% cu energie eoliana, oferind parintilor o optiune ecologica pentru joaca celor mici. Recunoscut international , Plus-Plus a fost premiat pentru designul sau inovator si valoarea educativa, fiind folosit in scoli pentru a sustine invatarea interactiva. Ce spun parintii si educatorii? ""Un joc captivant, care ii tine pe copii ocupati ore intregi! — Multi parinti apreciaza ca acest set de construit este perfect pentru a incuraja joaca independenta si dezvoltarea cognitiva. ""Ideal pentru dezvoltarea abilitatilor STEM si creativitate fara limite. — Educatorii il recomanda pentru gradinite si scoli, fiind un excelent instrument de invatare prin joaca. ""Materiale de calitate, sigure si foarte rezistente. — Clientii lauda durabilitatea produsului si faptul ca piesele nu se deterioreaza in timp. Detalii tehnice: Contine: 100 de piese Plus-Plus in culori inspirate din tehnologie Culori: Nuante de gri, albastru, rosu si alte culori metalice Dimensiuni: Tub: 3.5 x 17.8 cm, piesa: 20 x 12 mm Varsta recomandata: 5+ ani • Atentionare: Contine piese mici. Pericol de sufocare! Nu este recomandat copiilor sub 3 ani. Adauga acum Set constructie Plus-Plus, tub 100 piese, Robot in cos! Ofera copilului tau un set de construit STEM, sigur si creativ, care il va ajuta sa-si dezvolte imaginatia, logica si coordonarea. Comanda acum si incepe aventura in lumea constructiilor Plus-Plus!",39.0,46.76,PP4105,"[""https://gomagcdn.ro/domains/kidstory.ro/files/product/original/set-constructie-plus-plus-tub-100-piese-robot-197277.png"", ""https://gomagcdn.ro/domains/kidstory.ro/files/product/original/set-constructie-plus-plus-tub-100-piese-robot-039706.jpg"", ""https://gomagcdn.ro/domains/kidstory.ro/files/product/original/set-constructie-plus-plus-tub-100-piese-robot-511123.png""]",cmltqoqov0003jjujnu1ppk5u,"[""Plus Plus""]","{""brand"": ""Plus Plus"", ""supplierSource"": ""Kidstory"", ""sourceCategory"": ""Seturi Constructie"", ""stemRelevanceScore"": 10, ""viralPotentialScore"": 9}","{""shortTitleRo"": ""Set constructie Plus-Plus, tub 100 piese, Robot"", ""metaDescriptionRo"": ""Kit educativ STEM de construcție robotică de la Plus Plus. Dezvoltă gândirea logică și abilitățile tehnice. Perfect pentru Reels și conținut educativ!"", ""learningOutcomes"": [""construcție 2D și 3D"", ""creativitate"", ""coordonare mână-ochi"", ""motorică fină""], ""specialCategories"": [""construction""]}",True,False,5,0,3.0,500.0,"{""length"": ""25 cm""}",0.0,0,0,2026-03-22 23:59:49.000,2026-03-22 23:59:49.000,5710409103367,ELEMENTARY_6_8,,0,0,0,0,0,0,2.9,0,0,APPROVED,TECHNOLOGY,26f5418c-965d-4630-994c-b51947cdec04,False,,
71d87d84-be53-406a-a675-dddbfeeb69ed,"Microscop portabil cu LED si UV, cu adaptor de smartphone, marire 100-250x, MicroFlip",microscop-portabil-cu-led-si-uv-cu-adaptor-de-smartphone-marire-100-250x-microflip-MP-250,"MicroFlip, 100x-250x, microscop de buzunar iluminat cu LED-uri si lumina UV, cu baza rabatabila si clips pentru digiscoping cu smartphone MP-250, este un microscop de buzunar extrem de puternic, cu iluminare LED, care contine o baza unica rabatabila cu lentila asferica pentru calitatea ultra precisa a imaginii. Magnificarea de mare putere variaza intre 100x si 250x. MicroFlip, contine, de asemenea, o lanterna UV incorporata perfecta pentru detectarea valutei false, cartografierea nectarului si multe altele. MicroFlip, vine inclus cu un clips pentru digiscoping cu smartphone, 1 lamela starter cu capac si o curea de mana pentru portabilitate convenabila. Folositi clipsul pentru digiscoping cu smartphone-ul pentru a face poze si a inregistra video despre subiectul dvs. folosind aplicatia de camera incorporata pe smartphone-ul dvs. Apoi, distribuiti imaginile si videoclipurile pe retelele sociale sau trimiteti-le prin e-mail SMS familiei, colegilor si prietenilor. Clipsul pentru digiscoping cu smartphone-ul va functiona cu toate smartphone-urile. Carcasele mai groase, precum cele de tip Otterbox, pot trebui sa fie indepartate inainte de a atasa clipsul pentru digiscoping. MicroFlip, este alimentat de 1 baterie AA (nu este inclusa). Este un microscop de teren educational excelent si cost-eficient pentru multiple hobby-uri, sarcini, invatare si explorare. Carson Optical este o companie cu 34 de experienta in domeniul opticii, fiind producatorul nr 1 de lupe din SUA, producatorul nr 1 de microscoape de buzunar din SUA si unul dintre principalii furnizori de binocluri. Carson are peste 100 de sute de brevete si vinde atat vanatorilor, cat si excursionistilor, studentilor, artizanilor si constructorilor. Carson este un nume de incredere in domeniul opticii si ofera o varietate de produse care sunt perfecte pentru copii. Kiturile Carson sunt concepute pentru a fi distractive si educative si sunt cadouri excelente pentru copiii interesati de stiinta.",139.0,166.66,MP-250,"[""https://gomagcdn.ro/domains/kidstory.ro/files/product/original/microscop-portabil-cu-led-si-uv-cu-adaptor-de-smartphone-marire-100-250x-microflip-882007.jpg"", ""https://gomagcdn.ro/domains/kidstory.ro/files/product/original/microscop-portabil-cu-led-si-uv-cu-adaptor-de-smartphone-marire-100-250x-microflip-394416.jpg"", ""https://gomagcdn.ro/domains/kidstory.ro/files/product/original/microscop-portabil-cu-led-si-uv-cu-adaptor-de-smartphone-marire-100-250x-microflip-349084.jpg"", ""https://gomagcdn.ro/domains/kidstory.ro/files/product/original/microscop-portabil-cu-led-si-uv-cu-adaptor-de-smartphone-marire-100-250x-microflip-487630.jpg"", ""https://gomagcdn.ro/domains/kidstory.ro/files/product/original/microscop-portabil-cu-led-si-uv-cu-adaptor-de-smartphone-marire-100-250x-microflip-594700.jpg""]",cmltqoqd70002jjujuey1ukeu,"[""Carson""]","{""brand"": ""Carson"", ""supplierSource"": ""Kidstory"", ""sourceCategory"": ""Experimente"", ""stemRelevanceScore"": 10, ""viralPotentialScore"": 10}","{""shortTitleRo"": ""Microscop portabil cu LED si UV, cu adaptor de smartphone, marire 100-250x, MicroFlip"", ""metaDescriptionRo"": ""Kit științific STEM de la Carson. Explorează lumea științei prin experimente practice. Perfect pentru conținut viral și cadouri educative!"", ""learningOutcomes"": [""observație microscopică"", ""curiozitate științifică"", ""explorare detaliată"", ""gândire investigativă""], ""specialCategories"": [""microscopy"", ""science-experiment""]}",True,False,5,0,3.0,500.0,"{""length"": ""25 cm""}",0.0,0,0,2026-03-22 23:59:49.000,2026-03-22 23:59:49.000,750668013040,ELEMENTARY_6_8,,0,0,0,0,0,0,2.9,0,0,APPROVED,SCIENCE,26f5418c-965d-4630-994c-b51947cdec04,False,,
e6733d13-3c81-4a51-8590-bce1c0bcc41d,"Microscop de buzunar cu LED, marire 20x-40x, MicroBrite",microscop-de-buzunar-cu-led-marire-20x-40x-microbrite-MM-24,"MM-24, MicroBrite, , este un microscop de buzunar cu zoom de 20x-40x. Lumina LED super-luminoasa ilumineaza subiectul de vizionare pentru a asigura o imagine clara si luminoasa. Vizualizati obiectul dvs. la o magnificare de 20x sau faceti zoom la o magnificare impresionanta de 40x pentru a vedea chiar si cele mai mici detalii. Pur si simplu plasati microscopul de buzunar MicroBrite, direct pe orice subiect pentru a vedea o vedere marita sau folositi baza inclusa pentru a vizualiza lamele de specimene. MicroBrite, este atat de compact si portabil incat il puteti lua cu dvs. oriunde mergeti. Microscopul vine complet echipat cu microscop de buzunar, 2 lame si suport de baza. Carson Optical este o companie cu 34 de experienta in domeniul opticii, fiind producatorul nr 1 de lupe din SUA, producatorul nr 1 de microscoape de buzunar din SUA si unul dintre principalii furnizori de binocluri. Carson are peste 100 de sute de brevete si vinde atat vanatorilor, cat si excursionistilor, studentilor, artizanilor si constructorilor. Si ce este minunat este ca au si o linie destinata copiilor! Carson este un nume de incredere in domeniul opticii si ofera o varietate de produse care sunt perfecte pentru copii. Kiturile Carson sunt concepute pentru a fi distractive si educative si sunt cadouri excelente pentru copiii interesati de stiinta.",92.0,110.31,MM-24,"[""https://gomagcdn.ro/domains/kidstory.ro/files/product/original/microscop-de-buzunar-cu-led-marire-20x-40x-microbrite-779119.jpg"", ""https://gomagcdn.ro/domains/kidstory.ro/files/product/original/microscop-de-buzunar-cu-led-marire-20x-40x-microbrite-124439.jpg"", ""https://gomagcdn.ro/domains/kidstory.ro/files/product/original/microscop-de-buzunar-cu-led-marire-20x-40x-microbrite-030817.jpg"", ""https://gomagcdn.ro/domains/kidstory.ro/files/product/original/microscop-de-buzunar-cu-led-marire-20x-40x-microbrite-108027.jpg"", ""https://gomagcdn.ro/domains/kidstory.ro/files/product/original/microscop-de-buzunar-cu-led-marire-20x-40x-microbrite-983834.jpg""]",cmltqoqd70002jjujuey1ukeu,"[""Carson""]","{""brand"": ""Carson"", ""supplierSource"": ""Kidstory"", ""sourceCategory"": ""Experimente"", ""stemRelevanceScore"": 10, ""viralPotentialScore"": 10}","{""shortTitleRo"": ""Microscop de buzunar cu LED, marire 20x-40x, MicroBrite"", ""metaDescriptionRo"": ""Kit științific STEM de la Carson. Explorează lumea științei prin experimente practice. Perfect pentru conținut viral și cadouri educative!"", ""learningOutcomes"": [""observație microscopică"", ""curiozitate științifică"", ""explorare detaliată"", ""utilizarea instrumentelor""], ""specialCategories"": [""microscopy""]}",True,False,5,0,3.0,500.0,"{""length"": ""25 cm""}",0.0,0,0,2026-03-22 23:59:49.000,2026-03-22 23:59:49.000,750668007285,ELEMENTARY_6_8,,0,0,0,0,0,0,2.9,0,0,APPROVED,SCIENCE,26f5418c-965d-4630-994c-b51947cdec04,False,,
49bc1c49-fb59-410b-99d6-6a32f0e79c57,"Microscop portabil cu LED, marire 24-53x, MicroPen",microscop-portabil-cu-led-marire-24-53x-micropen-MP-300,"Carson MicroPen, MP-300 este o jucarie educativa conceputa pentru a starni curiozitatea si a promova dragostea copiilor pentru subiectele STEM (stiinta, tehnologie, inginerie si matematica). Cu un design compact si inovator, acest microscop portabil ofera o gama de mariri de la 24x la 53x, fiind ideal pentru explorarea lumii microscopice din jurul nostru. Ideal pentru incurajarea invatarii STEM, MicroPen, incurajeaza explorarea practica si descoperirea stiintifica. Implicarea in subiectele STEM ii poate ajuta pe copii sa isi dezvolte abilitatile de observare, gandirea critica si o intelegere mai profunda a lumii naturale, ceea ce il face o completare valoroasa pentru mediile educationale si cele de acasa. MicroPen, este usor pentru copii sa opereze independent. Comenzile intuitive permit ajustari rapide ale maririi, in timp ce manerele ergonomice asigura o manipulare confortabila in timpul utilizarii prelungite, promovand o experienta de invatare fara intreruperi. De la medii de clasa la explorari in aer liber, MicroPen, se adapteaza la diverse medii de invatare. Este perfect pentru examinarea specimenelor in timpul proiectelor stiintifice, expeditiilor in aer liber sau pur si simplu explorarii curtii din spate, oferind oportunitati nelimitate de descoperire. MicroPen, nu este doar o jucarie, ci o poarta catre o lume a explorarii stiintifice pentru mintile tinere. Designul sau portabil, ajustabilitatea si beneficiile educationale il fac un instrument nepretuit pentru cultivarea curiozitatii si invatarii copiilor interesati de subiectele STEM. Optica reala facuta pentru copii - Utilizabilitatea ridicata si valoarea educationala intalnesc optica de precizie. Aceasta jucarie educativa pentru copii aduce claritate optica de nivel inalt la un design prietenos pentru copii. Educatie STEM - Promovand gandirea critica, curiozitatea si dragostea pentru stiinta, aceasta jucarie STEM este adaugarea perfecta la setul de instrumente al oricarui tanar om de stiinta Usor de utilizat - Comenzile simple, designul compact si versatilitatea faciliteaza incepatorii si tinerii exploratori sa faca observatii fara efort. Iluminare cu LED - Sistemul de iluminare cu LED ofera o vizibilitate si o utilizare sporite in diverse conditii de iluminare. Acest lucru le permite copiilor sa exploreze si sa experimenteze oriunde s-ar afla. MicroPen, este alimentat de 3 baterii buton G3 incluse. Carson Optical este o companie cu 34 de experienta in domeniul opticii, fiind producatorul nr 1 de lupe din SUA, producatorul nr 1 de microscoape de buzunar din SUA si unul dintre principalii furnizori de binocluri. Carson are peste 100 de sute de brevete si vinde atat vanatorilor, cat si excursionistilor, studentilor, artizanilor si constructorilor. Carson este un nume de incredere in domeniul opticii si ofera o varietate de produse care sunt perfecte pentru copii. Kiturile Carson sunt concepute pentru a fi distractive si educative si sunt cadouri excelente pentru copiii interesati de stiinta.",92.0,110.31,MP-300,"[""https://gomagcdn.ro/domains/kidstory.ro/files/product/original/microscop-portabil-cu-led-si-uv-cu-adaptor-de-smartphone-marire-100-250x-microflip-copie-403884.png"", ""https://gomagcdn.ro/domains/kidstory.ro/files/product/original/microscop-portabil-cu-led-si-uv-cu-adaptor-de-smartphone-marire-100-250x-microflip-copie-781582.png""]",cmltqoqd70002jjujuey1ukeu,"[""Carson""]","{""brand"": ""Carson"", ""supplierSource"": ""Kidstory"", ""sourceCategory"": ""Experimente"", ""stemRelevanceScore"": 10, ""viralPotentialScore"": 10}","{""shortTitleRo"": ""Microscop portabil cu LED, marire 24-53x, MicroPen"", ""metaDescriptionRo"": ""Kit științific STEM de la Carson. Explorează lumea științei prin experimente practice. Perfect pentru conținut viral și cadouri educative!"", ""learningOutcomes"": [""observație microscopică"", ""curiozitate științifică"", ""explorare detaliată"", ""utilizarea instrumentelor""], ""specialCategories"": [""microscopy""]}",True,False,5,0,3.0,500.0,"{""length"": ""25 cm""}",0.0,0,0,2026-03-22 23:59:49.000,2026-03-22 23:59:49.000,750668010421,ELEMENTARY_6_8,,0,0,0,0,0,0,2.9,0,0,APPROVED,SCIENCE,26f5418c-965d-4630-994c-b51947cdec04,False,,
f0392559-e296-4711-829e-1cf94afb1c1c,"Microscop de buzunar cu LED, marire 60-120x, MicroBrite",microscop-de-buzunar-cu-led-marire-60-120x-microbrite-MM-300,"MM-300, MicroBrite, Plus, este un puternic microscop de buzunar cu o putere de marire de 60-120x, avand un design extrem de usor si portabil. Acest microscop de buzunar dispune de o lumina LED incorporata care ofera o imagine luminoasa si clara. MicroBrite Plus, se potriveste usor in buzunarul tau, astfel incat sa-l poti lua cu tine oriunde. Carson Optical este o companie cu 34 de experienta in domeniul opticii, fiind producatorul nr 1 de lupe din SUA, producatorul nr 1 de microscoape de buzunar din SUA si unul dintre principalii furnizori de binocluri. Carson are peste 100 de sute de brevete si vinde atat vanatorilor, cat si excursionistilor, studentilor, artizanilor si constructorilor. Carson este un nume de incredere in domeniul opticii si ofera o varietate de produse care sunt perfecte pentru copii. Kiturile Carson sunt concepute pentru a fi distractive si educative si sunt cadouri excelente pentru copiii interesati de stiinta.",101.0,121.1,MM-300,"[""https://gomagcdn.ro/domains/kidstory.ro/files/product/original/microscop-de-buzunar-cu-led-marire-60-120x-microbrite-447095.jpg"", ""https://gomagcdn.ro/domains/kidstory.ro/files/product/original/microscop-de-buzunar-cu-led-marire-60-120x-microbrite-464292.jpg"", ""https://gomagcdn.ro/domains/kidstory.ro/files/product/original/microscop-de-buzunar-cu-led-marire-60-120x-microbrite-275753.jpg"", ""https://gomagcdn.ro/domains/kidstory.ro/files/product/original/microscop-de-buzunar-cu-led-marire-60-120x-microbrite-509398.jpg"", ""https://gomagcdn.ro/domains/kidstory.ro/files/product/original/microscop-de-buzunar-cu-led-marire-60-120x-microbrite-029261.jpg""]",cmltqoqd70002jjujuey1ukeu,"[""Carson""]","{""brand"": ""Carson"", ""supplierSource"": ""Kidstory"", ""sourceCategory"": ""Experimente"", ""stemRelevanceScore"": 10, ""viralPotentialScore"": 10}","{""shortTitleRo"": ""Microscop de buzunar cu LED, marire 60-120x, MicroBrite"", ""metaDescriptionRo"": ""Kit științific STEM de la Carson. Explorează lumea științei prin experimente practice. Perfect pentru conținut viral și cadouri educative!"", ""learningOutcomes"": [""observație microscopică"", ""curiozitate științifică"", ""explorare detaliată"", ""utilizarea instrumentelor""], ""specialCategories"": [""microscopy""]}",True,False,5,0,3.0,500.0,"{""length"": ""25 cm""}",0.0,0,0,2026-03-22 23:59:49.000,2026-03-22 23:59:49.000,750668011176,ELEMENTARY_6_8,,0,0,0,0,0,0,2.9,0,0,APPROVED,SCIENCE,26f5418c-965d-4630-994c-b51947cdec04,False,,
dec22ff9-face-432e-98d5-a880cfcf70a6,"Kit constructie Vehicul solar, Stiinta Verde - Green Science",kit-constructie-vehicul-solar-stiinta-verde---green-science-4M-03286,"— Kit constructie Vehicul solar, Stiinta Verde - Green Science este un kit educativ captivant care le permite copiilor sa construiasca un rover alimentat de energie solara. Transformand o doza reciclata de suc intr-un vehicul ecologic, acest set ofera o introducere practica in conceptele de energie regenerabila si inginerie mecanica. Beneficii Invatare practica , Introduce copiii in principiile energiei solare si ale reciclarii. Dezvoltarea abilitatilor , Imbunatateste coordonarea mana-ochi si abilitatile de rezolvare a problemelor. Stimulare creativa , Incurajeaza creativitatea si curiozitatea prin asamblarea si personalizarea roverului. Caracteristici Alimentare solara , Roverul functioneaza cu energie solara, demonstrand conversia luminii solare in energie mecanica. Materiale reciclabile , Utilizeaza o doza de suc reciclata ca parte a constructiei, promovand constientizarea ecologica. Continut complet , Include toate componentele necesare pentru asamblare si instructiuni detaliate. Ce spun utilizatorii? ""Copilul meu a fost fascinat sa vada cum roverul se misca cu ajutorul soarelui! — Maria, Bucuresti ""Un mod excelent de a introduce conceptele de energie regenerabila intr-un mod distractiv. — Andrei, Cluj-Napoca ""Asamblarea a fost usoara si educativa. Recomand pentru toti micii inventatori! — Elena, Iasi Detalii tehnice: Dimensiuni ambalaj: 24.13 cm x 6.35 cm x 21.59 cm Varsta recomandata: 8 ani+ Nu necesita baterii , functioneaza exclusiv cu energie solara — Adauga acum in cos Kit constructie Vehicul solar, Stiinta Verde - Green Science si ofera-i copilului tau o experienta educativa si distractiva! Transforma invatarea intr-o aventura ecologica. Comanda acum si lasa imaginatia sa prinda viata!",133.0,159.47,4M-03286,"[""https://gomagcdn.ro/domains/kidstory.ro/files/product/original/kit-constructie-vehicul-solar-stiinta-verde-green-science-081901.png"", ""https://gomagcdn.ro/domains/kidstory.ro/files/product/original/kit-constructie-vehicul-solar-stiinta-verde-green-science-246948.png"", ""https://gomagcdn.ro/domains/kidstory.ro/files/product/original/kit-constructie-vehicul-solar-stiinta-verde-green-science-102332.png"", ""https://gomagcdn.ro/domains/kidstory.ro/files/product/original/kit-constructie-vehicul-solar-stiinta-verde-green-science-025514.png"", ""https://gomagcdn.ro/domains/kidstory.ro/files/product/original/kit-constructie-vehicul-solar-stiinta-verde-green-science-701283.png""]",cmltqoqd70002jjujuey1ukeu,"[""4M""]","{""brand"": ""4M"", ""originalAgeText"": ""7-10 ani"", ""supplierSource"": ""Kidstory"", ""sourceCategory"": ""Stiinta si geografie"", ""stemRelevanceScore"": 10, ""viralPotentialScore"": 10}","{""shortTitleRo"": ""Kit constructie Vehicul solar, Stiinta Verde - Green Science"", ""metaDescriptionRo"": ""Kit științific STEM de la 4M. Explorează lumea științei prin experimente practice. Perfect pentru conținut viral și cadouri educative!"", ""learningOutcomes"": [""energie solară"", ""asamblare practică"", ""gândire ecologică"", ""inginerie mecanică aplicată""], ""specialCategories"": [""renewable-energy"", ""construction""]}",True,False,5,0,3.0,500.0,"{""length"": ""25 cm""}",0.0,0,0,2026-03-22 23:59:49.000,2026-03-22 23:59:49.000,4893156032867,ELEMENTARY_6_8,,0,0,0,0,0,0,2.9,0,0,APPROVED,SCIENCE,26f5418c-965d-4630-994c-b51947cdec04,False,,
20b067aa-d8ce-42e0-871e-9ee94d47e92b,"Kit constructie Sistemul solar, Stiinta Verde - Green Science",kit-constructie-sistemul-solar-stiinta-verde---green-science-4M-03416,"Kit constructie Sistemul solar, Stiinta Verde - Green Science este un kit educativ captivant care le permite copiilor sa construiasca un model functional al sistemului nostru solar. Acest planetariu motorizat ofera o experienta interactiva de invatare, demonstrand miscarea planetelor in jurul Soarelui, alimentat fie de energia solara, fie de o baterie de rezerva. Beneficii Invatare interactiva , Demonstreaza conceptele de astronomie si miscarea planetelor intr-un mod captivant. Dezvoltarea abilitatilor , Imbunatateste coordonarea mana-ochi si stimuleaza gandirea stiintifica. Constientizare ecologica , Incurajeaza utilizarea surselor de energie regenerabila prin alimentarea solara. Caracteristici Alimentare hibrida , Functioneaza cu energie solara sau cu o baterie AAA (neinclusa), asigurand functionarea continua in orice conditii de lumina. Miscare realista , Planetele se rotesc in jurul Soarelui, oferind o reprezentare vizuala a sistemului solar. Continut complet , Include toate componentele necesare pentru asamblare si instructiuni detaliate. Ce spun utilizatorii? ""Copilul meu a fost fascinat sa vada cum planetele se misca in jurul Soarelui! — Maria, Bucuresti ""Un mod excelent de a introduce conceptele de astronomie intr-un mod distractiv. — Andrei, Cluj-Napoca ""Asamblarea a fost usoara si educativa. Recomand pentru toti micii astronomi! — Elena, Iasi Detalii tehnice: Dimensiuni ambalaj: 26 cm (latime) x 19 cm (inaltime) x 5 cm (adancime) – Greutate: 320 grame Varsta recomandata: 5 ani+ Necesita 1 baterie AAA (neinclusa) — Adauga acum in cos Kit constructie Sistemul solar, Stiinta Verde - Green Science si ofera-i copilului tau o experienta educativa si distractiva! Transforma invatarea intr-o aventura cosmica. Comanda acum si lasa imaginatia sa prinda viata!",154.0,184.65,4M-03416,"[""https://gomagcdn.ro/domains/kidstory.ro/files/product/original/kit-constructie-sistemul-solar-stiinta-verde-green-science-953750.png"", ""https://gomagcdn.ro/domains/kidstory.ro/files/product/original/kit-constructie-sistemul-solar-stiinta-verde-green-science-746577.png"", ""https://gomagcdn.ro/domains/kidstory.ro/files/product/original/kit-constructie-sistemul-solar-stiinta-verde-green-science-795335.png""]",cmltqoqd70002jjujuey1ukeu,"[""4M""]","{""brand"": ""4M"", ""originalAgeText"": ""7-10 ani"", ""supplierSource"": ""Kidstory"", ""sourceCategory"": ""Stiinta si geografie"", ""stemRelevanceScore"": 10, ""viralPotentialScore"": 10}","{""shortTitleRo"": ""Kit constructie Sistemul solar, Stiinta Verde - Green Science"", ""metaDescriptionRo"": ""Kit științific STEM de la 4M. Explorează lumea științei prin experimente practice. Perfect pentru conținut viral și cadouri educative!"", ""learningOutcomes"": [""astronomie aplicată"", ""energie solară"", ""asamblare practică"", ""cunoașterea planetelor""], ""specialCategories"": [""astronomy"", ""renewable-energy""]}",True,False,5,0,3.0,500.0,"{""length"": ""25 cm""}",0.0,0,0,2026-03-22 23:59:49.000,2026-03-22 23:59:49.000,4893156034168,ELEMENTARY_6_8,,0,0,0,0,0,0,2.9,0,0,APPROVED,SCIENCE,26f5418c-965d-4630-994c-b51947cdec04,False,,
537514a8-524c-496a-af01-8d7988ac4f4a,Mini Proiector colectia Creatii Naturale - Spatiu,mini-proiector-colectia-creatii-naturale---spatiu-NC242126,"Mini Proiector Colectia Creatii Naturale - Spatiu Exploreaza universul pe perete sau tavan cu acest mini proiector! Include 3 discuri cu 24 de scene, de la planete si stele la constelatii, oferind copiilor o experienta interactiva si educativa. Caracteristici principale: Mini proiector tematic spatial, albastru argintiu 3 discuri cu imagini pentru 24 de scene Imagini clare, cu focalizare reglabila Activitate creativa si educativa Recomandat copiilor de la 3 ani. Materiale sigure si durabile.",60.0,71.94,NC242126,"[""https://gomagcdn.ro/domains/kidstory.ro/files/product/original/mini-proiector-colectia-creatii-naturale-spatiu-397934.jpg"", ""https://gomagcdn.ro/domains/kidstory.ro/files/product/original/mini-proiector-colectia-creatii-naturale-spatiu-470992.jpg"", ""https://gomagcdn.ro/domains/kidstory.ro/files/product/original/mini-proiector-colectia-creatii-naturale-spatiu-479614.jpg"", ""https://gomagcdn.ro/domains/kidstory.ro/files/product/original/mini-proiector-colectia-creatii-naturale-spatiu-321067.jpg"", ""https://gomagcdn.ro/domains/kidstory.ro/files/product/original/mini-proiector-colectia-creatii-naturale-spatiu-016408.jpg""]",cmltqoq940001jjujkuq676do,"[""Avenir""]","{""brand"": ""Avenir"", ""supplierSource"": ""Kidstory"", ""sourceCategory"": ""Stiinta si geografie"", ""stemRelevanceScore"": 10, ""viralPotentialScore"": 10}","{""shortTitleRo"": ""Mini Proiector colectia Creatii Naturale - Spatiu"", ""metaDescriptionRo"": ""Jucărie educativă STEM de la Avenir - Mini Proiector colectia Creatii Naturale - Spatiu. Stimulează creativitatea și gândirea logică. Ideal pentru copii curioși!"", ""learningOutcomes"": [""astronomie vizuală"", ""cunoașterea constelațiilor"", ""curiozitate spațială"", ""observație interactivă""], ""specialCategories"": [""astronomy""]}",True,False,5,0,3.0,500.0,"{""length"": ""25 cm""}",0.0,0,0,2026-03-22 23:59:49.000,2026-03-22 23:59:49.000,6920773321260,ELEMENTARY_6_8,,0,0,0,0,0,0,2.9,0,0,APPROVED,GENERAL,26f5418c-965d-4630-994c-b51947cdec04,False,,
ba40e124-27a2-4b69-b3d8-c4b976b9b4ea,"Microscop de buzunar cu LED, marire 60-120x, cu adaptor pentru smartphone, MicroBrite",microscop-de-buzunar-cu-led-marire-60-120x-cu-adaptor-pentru-smartphone-microbrite-MM-350,"Digiscoping - Clema adaptoare pentru smartphone MicroBrite Pro este un instrument excelent pentru explorarea lumii naturale. Aceasta clema de adaptare pentru digiscoping se potriveste cu usurinta pe majoritatea smartphone-urilor, permitandu-va sa impartasiti imaginile sau videoclipurile microscopic cu prietenii sau familia. Inginerie de calitate Microscopul de buzunar Carson MicroBrite Pro cu iluminare LED prezinta un design compact extrem de usor fara a compromite performanta. Fabricat cu lentile asferice matritate cu precizie pentru a oferi optici premium cu o magnificare ridicata de 60x-120x si o viziune luminoasa si clara. Pentru orice varsta - Fie ca sunteti un student in cautarea unui instrument educational pentru a ajuta intr-un proiect stiintific, sau un cercetator profesionist care observa microorganisme in camp, Carson MicroBrite Pro este un instrument excelent pentru sarcina. Multi-utilizare - MicroBrite Pro este cel mai bun microscop de buzunar pentru copii, adulti, studenti si profesionisti. Excelent pentru evaluarea bijuteriilor, valutei sau marcilor postale, sau pentru observatii in stiintele naturale. Pentru observatii personale, utilizati acest microscop de buzunar pentru monede, alimente, tesaturi, tricomi si multe altele! Carson Optical este o companie cu 34 de experienta in domeniul opticii, fiind producatorul nr 1 de lupe din SUA, producatorul nr 1 de microscoape de buzunar din SUA si unul dintre principalii furnizori de binocluri. Carson are peste 100 de sute de brevete si vinde atat vanatorilor, cat si excursionistilor, studentilor, artizanilor si constructorilor. Carson este un nume de incredere in domeniul opticii si ofera o varietate de produse care sunt perfecte pentru copii. Kiturile Carson sunt concepute pentru a fi distractive si educative si sunt cadouri excelente pentru copiii interesati de stiinta.",118.0,141.48,MM-350,"[""https://gomagcdn.ro/domains/kidstory.ro/files/product/original/microscop-de-buzunar-cu-led-marire-60-120x-cu-adaptor-pentru-smartphone-microbrite-579563.jpg"", ""https://gomagcdn.ro/domains/kidstory.ro/files/product/original/microscop-de-buzunar-cu-led-marire-60-120x-cu-adaptor-pentru-smartphone-microbrite-216767.jpg"", ""https://gomagcdn.ro/domains/kidstory.ro/files/product/original/microscop-de-buzunar-cu-led-marire-60-120x-cu-adaptor-pentru-smartphone-microbrite-179537.jpg"", ""https://gomagcdn.ro/domains/kidstory.ro/files/product/original/microscop-de-buzunar-cu-led-marire-60-120x-cu-adaptor-pentru-smartphone-microbrite-735272.jpg"", ""https://gomagcdn.ro/domains/kidstory.ro/files/product/original/microscop-de-buzunar-cu-led-marire-60-120x-cu-adaptor-pentru-smartphone-microbrite-894068.jpg""]",cmltqoqd70002jjujuey1ukeu,"[""Carson""]","{""brand"": ""Carson"", ""supplierSource"": ""Kidstory"", ""sourceCategory"": ""Experimente"", ""stemRelevanceScore"": 10, ""viralPotentialScore"": 10}","{""shortTitleRo"": ""Microscop de buzunar cu LED, marire 60-120x, cu adaptor pentru smartphone, MicroBrite"", ""metaDescriptionRo"": ""Kit științific STEM de la Carson. Explorează lumea științei prin experimente practice. Perfect pentru conținut viral și cadouri educative!"", ""learningOutcomes"": [""observație microscopică"", ""curiozitate științifică"", ""explorare detaliată"", ""documentare vizuală""], ""specialCategories"": [""microscopy"", ""outdoor""]}",True,False,5,0,3.0,500.0,"{""length"": ""25 cm""}",0.0,0,0,2026-03-22 23:59:49.000,2026-03-22 23:59:49.000,46876000201,ELEMENTARY_6_8,,0,0,0,0,0,0,2.9,0,0,APPROVED,SCIENCE,26f5418c-965d-4630-994c-b51947cdec04,False,,
3438967c-0a86-4e6c-9bb2-e7bd8bc82f35,"Set constructie Plus-Plus, tub 100 piese, Glitter Mix, culori cu sclipici",set-constructie-plus-plus-tub-100-piese-glitter-mix-culori-cu-sclipici-PP4244,"Descopera un set de construit inovator, premiat la nivel international, care dezvolta imaginatia si abilitatile STEM ale copiilor! Setul de constructie Plus-Plus, tub 100 piese, este mai mult decat un simplu joc de constructie , este o jucarie educativa STEM, pentru fete si baieti, perfecta pentru dezvoltarea creativitatii, coordonarii mana-ochi si gandirii logice. Cu un design unic si piese care se imbina perfect, acest kit de creativitate permite copiilor sa creeze modele 2D si structuri 3D complexe, transformand joaca intr-o experienta de invatare captivanta. De ce sa alegi Set constructie Plus-Plus, tub 100 piese? "" Creativitate fara limite , Construieste animale exotice, peisaje din jungle sau orice alta creatie unica. "" Joaca educativa inspirata de metoda Montessori , Ideal pentru dezvoltarea gandirii critice, rabdarii si atentiei la detalii. "" Calitate premium si siguranta garantata , Fabricat in Danemarca, fara BPA si ftalati, din materiale 100% reciclabile. "" Perfect pentru acasa, scoala sau calatorii , Setul compact si usor de transportat este ideal pentru activitati Montessori, ateliere creative si dezvoltare STEM. "" Recomandat de educatori si parinti , Alegerea perfecta pentru institutiile de invatamant, crese si gradinite. Despre Plus-Plus , Jucaria premiata pentru creativitate si dezvoltare STEM Plus-Plus este un brand danez de renume, cunoscut pentru inovatia sa in domeniul jucariilor educative. Cu o singura forma de baza, piesele se imbina perfect, oferind posibilitati infinite de constructie , de la mozaicuri 2D la structuri 3D interactive. Un brand sustenabil , Plus-Plus este fabricat intr-o unitate alimentata 100% cu energie eoliana, oferind parintilor o optiune ecologica pentru joaca celor mici. Recunoscut international , Plus-Plus a fost premiat pentru designul sau inovator si valoarea educativa, fiind folosit in scoli pentru a sustine invatarea interactiva. Ce spun parintii si educatorii? "" ""Un joc captivant, care ii tine pe copii ocupati ore intregi! — Multi parinti apreciaza ca acest set de construit este perfect pentru a incuraja joaca independenta si dezvoltarea cognitiva. "" ""Ideal pentru dezvoltarea abilitatilor STEM si creativitate fara limite. — Educatorii il recomanda pentru gradinite si scoli, fiind un excelent instrument de invatare prin joaca. "" ""Materiale de calitate, sigure si foarte rezistente. — Clientii lauda durabilitatea produsului si faptul ca piesele nu se deterioreaza in timp. Detalii tehnice: Contine: 100 de piese Plus-Plus in culori inspirate din tehnologie Culori: Dimensiuni: Tub: 3.5 x 17.8 cm, piesa: 20 x 12 mm Varsta recomandata: 5+ ani • Atentionare: Contine piese mici. Pericol de sufocare! Nu este recomandat copiilor sub 3 ani. Adauga acum Set constructie Plus-Plus, tub 100 piese in cos! Ofera copilului tau un set de construit STEM, sigur si creativ, care il va ajuta sa-si dezvolte imaginatia, logica si coordonarea. Comanda acum si incepe aventura in lumea constructiilor Plus-Plus!",39.0,46.76,PP4244,"[""https://gomagcdn.ro/domains/kidstory.ro/files/product/original/set-constructie-plus-plus-tub-100-piese-glitter-mix-culori-cu-sclipici-278585.png"", ""https://gomagcdn.ro/domains/kidstory.ro/files/product/original/set-constructie-plus-plus-tub-100-piese-glitter-mix-culori-cu-sclipici-569552.png"", ""https://gomagcdn.ro/domains/kidstory.ro/files/product/original/set-constructie-plus-plus-tub-100-piese-glitter-mix-culori-cu-sclipici-542707.png""]",cmltqoq940001jjujkuq676do,"[""Plus Plus""]","{""brand"": ""Plus Plus"", ""supplierSource"": ""Kidstory"", ""sourceCategory"": ""Seturi Constructie"", ""stemRelevanceScore"": 10, ""viralPotentialScore"": 9}","{""shortTitleRo"": ""Set constructie Plus-Plus, tub 100 piese, Glitter Mix, culori cu sclipici"", ""metaDescriptionRo"": ""Jucărie educativă STEM de la Plus Plus - Set constructie Plus-Plus, tub 100 piese, Glitter Mix, culori cu sclipici. Stimulează creativitatea și gândirea logică. Ideal pentru copii curioși!"", ""learningOutcomes"": [""construcție 2D și 3D"", ""creativitate"", ""coordonare mână-ochi"", ""motorică fină""], ""specialCategories"": [""construction""]}",True,False,5,0,3.0,500.0,"{""length"": ""25 cm""}",0.0,0,0,2026-03-22 23:59:49.000,2026-03-22 23:59:49.000,5710409105477,ELEMENTARY_6_8,,0,0,0,0,0,0,2.9,0,0,APPROVED,GENERAL,26f5418c-965d-4630-994c-b51947cdec04,False,,
