id,description,categories,model,name,brand,url,avatar,image_additional1,image_additional2,image_additional3,image_additional4,price_b2c,TVA,quantity,gen,greutate,latime,lungime,varsta,sku,ean_filled,supplier,sup_box_qty,sup_catalog,sup_collection,sup_ean,sup_name,sup_origin_country,sup_price_rrp,sup_sheet,sup_sku,sup_source,sup_source_file,sup_weight_gross,sup_weight_net,sup_dropshipping_with_VAT,productType,learningOutcomes,specialCategories,ageGroup,stemDiscipline
7852,"Kit STEM Prinicipii avansate de fizică aplicată Construiți un generator de energie eoliană, o macara, un ceas cu pendul, o mașină cu pânze, un robot marțian, un joc cu bile, o mașină cu ciocane, o centrifugă,o balanță de forță și zeci de alte modele.●Experimentați cu mașini simple: angrenaje, pârghii, șuruburi, planuri înclinate, scripeți, roți și axe.●Învățați și înțelegeți cele mai importante legi și ecuații ale fizicii.●Citiți despre aplicații uimitoare ale fizicii în lumea reală. ● 37 de experimente permit copiilor să învețe legile fundamentale ale fizicii mecanice, gravitația, mașinile simple, accelerația, impulsul și multe altele. ● Aplicații de fizică din lumea reală. ● Cutia motorului mărește puterea de antrenare a cuplului de 28 de ori și rulează fără probleme toate modelele. Piesele din aceast kit sunt compatibile cu piesele altor seturi de construcție Gigo.Conține 306 piese, 37 modele, manual cu instrucțiuni. Necesită 2 baterii AA. Vărsta recomandată: +8 ani. Confecționat din plastic. Conform reglementarilor EN71&ASTM.AVERTISMENT: Contraindicat copiilor sub 3 ani, conține piese mici. Se recomandă supravegherea copilului de către un adult în timpul jocului. Citiți instrucțiunile înainte de utilizare, urmați-le și păstrați-le pentru referință.Produs in Taiwan de Genius Toy.",Jocuri||Toate||De construit||STEM,G_7441,"Kit STEM Principii avansate de fizica aplicata, Genius Toy",Gigo Toys,https://www.boribon.ro/cumpara/kit-stem-principii-avansate-de-fizica-aplicata-genius-toy-7852,https://cdnmpro.com/708224949/p/raw/3/kit-stem-principii-avansate-de-fizica-aplicata-genius-toy~19943.jpg,https://cdnmpro.com/708224949/p/raw/8/kit-stem-principii-avansate-de-fizica-aplicata-genius-toy~19938.jpg,https://cdnmpro.com/708224949/p/raw/9/kit-stem-principii-avansate-de-fizica-aplicata-genius-toy~19939.jpg,https://cdnmpro.com/708224949/p/raw/0/kit-stem-principii-avansate-de-fizica-aplicata-genius-toy~19940.jpg,https://cdnmpro.com/708224949/p/raw/1/kit-stem-principii-avansate-de-fizica-aplicata-genius-toy~19941.jpg,299.0,tva21,61.0,"Baiat, Fata",1.5 kg,29 cm,37 cm,"6 - 9, 9+",4716503074412,4716503074412.0,Boribon,,,,4716503074412.0,PHYSICS WORKSHOP,Taiwan,299.0,Gigo,G_7441,oferta STEM si constructie septembrie 2025.xlsx,oferta STEM si constructie septembrie 2025.xlsx,,1.3536,197.34,ROBOTICS,"PROBLEM_SOLVING,CRITICAL_THINKING,LOGIC,CREATIVITY",,ELEMENTARY_6_8,SCIENCE
3690,"Kit STEM de construit motoare si generatoare Motoarele și generatoarele electrice se regăsesc în nenumărate dispozitive, aparate și vehicule pe care le folosim în fiecare zi. Sunt o tehnologie esențială în lumea noastră modernă. Cu acest kit, puteți efectua 25 de experimente pentru a afla cum un motor electric transformă electricitatea în mișcare și cum un generator electric face exact invers, transformând mișcarea în electricitate. Motorul electric este realizat din plastic transparent pentru a vedea cum funcționează componentele interioare. Configurați motorul să funcționeze pe baterie și aflați cum funcționează un motor. Apoi reconfigurați dispozitivul să funcționeze în sens invers ca un generator electric cu manivelă. Experimentați forța magnetismului și modul în care câmpurile magnetice se leagă de curentul electric. Construiți circuite simple constând din motor sau generator, fire și un bec pentru a afla despre fluxul de electricitate. Aflați despre roți dințate și transmisii și cum funcționează acestea pentru a converti eficient energia cinetică în energie electrică și înapoi. Manualul cu imagini colorate, de 48 de pagini, vă ghidează experimentele cu instrucțiuni pas cu pas. Conține 12 piese, manual cu instrucțiuni și informații. Necesita 2 baterii AA. Vârsta recomandată: +8 ani .AVERTISMENT: Contraindicat copiilor sub 8 ani, conține piese mici, pericol de înghițire. Se recomandă supravegherea copilului de către un adult în timpul jocului. Citiți instrucțiunile înainte de utilizare, urmați-le și păstrați-le pentru referință.Produs in China pentru Thames & Kosmos, Anglia. Manual Kit STEM de construit motoare si generatoare - descarca fisier",Jocuri||STEM,K_665036,"Kit STEM de construit motoare si generatoare, Thames & Kosmos",Thames & Kosmos,https://www.boribon.ro/cumpara/kit-stem-de-construit-motoare-si-generatoare-thames-kosmos-3690,https://cdnmpro.com/708224949/p/raw/8/kit-stem-de-construit-motoare-si-generatoare-thames-kosmos~9398.jpg,https://cdnmpro.com/708224949/p/raw/9/kit-stem-de-construit-motoare-si-generatoare-thames-kosmos~9399.jpg,https://cdnmpro.com/708224949/p/raw/0/kit-stem-de-construit-motoare-si-generatoare-thames-kosmos~9400.jpg,https://cdnmpro.com/708224949/p/raw/1/kit-stem-de-construit-motoare-si-generatoare-thames-kosmos~9401.jpg,https://cdnmpro.com/708224949/p/raw/3/kit-stem-de-construit-motoare-si-generatoare-thames-kosmos~13783.jpg,232.0,tva21,34.0,Baiat,0.45 kg,28 cm,25.5 cm,"6 - 9, 9+",814743010390,814743010390.0,Boribon,,,,814743010390.0,Kit STEM Motoare si generatoare,China,232.0,Thames&Kosmos,K_665036,oferta STEM si constructie septembrie 2025.xlsx,oferta STEM si constructie septembrie 2025.xlsx,,0.453592,160.08,CONSTRUCTION_SETS,"CREATIVITY,MOTOR_SKILLS,PROBLEM_SOLVING",,ELEMENTARY_6_8,TECHNOLOGY
4412,"Kit STEM Electricitate si forta magnetica Realizează peste 60 de experimente captivante cu circuite și dispozitive magnetice pentru a învăța despre electricitate și magnetism și despre modul în care aceste două proprietăți fundamentale sunt strâns legate între ele. Copiii cu vârsta de peste opt ani pot experimenta în siguranță și cu ușurință jucându-se cu curentul electric și câmpurile magnetice folosind blocurile și componentele colorate care se montează la fix în acest kit practic.Construiește circuite în serie și în paralel pentru a aprinde un bec. Experimentează cu butoane și întrerupătoare on-off. Asamblează circuite care includ un motor care se învârte, două întrerupătoare și până la trei becuri.Efectuează teste pentru a vedea ce materiale sunt magnetice. Învață despre forța magnetismului și despre polii magnetici. Magnetizează un metal. Folosește umpluturi de fier pentru a face vizibile câmpuri magnetice invizibile. Investighează forța și direcția magnetică cu ajutorul unui dispozitiv cu pendul magnetic. Învață cum funcționează o busolă și despre câmpurile magnetice ale Pământului. Efectuează o serie de experimente cu un electromagnet robust.În cele din urmă, pune în valoare tot ce ai învățat construind un difuzor, un comutator cu releu electromagnetic și o cheie de telegraf în cod Morse.Componentele sunt special concepute pentru a face învățarea distractivă și accesibilă. Blocurile electrice se potrivesc între ele cu ajutorul unor conectori simpli cu ștecher și priză. Deoarece blocurile sunt viu colorate și au forme unice, este ușor de urmărit schemele de asamblare pentru a construi dispozitive funcționale. Manualul de experimente de 64 de pagini, complet color, te va ghida prin experimente cu diagrame ușor de urmărit. Kitul conține 64 de piese, 62 de experimente, manual cu instrucțiuni. Necesita 2 baterii AA.Vârsta recomandată: 8+ ani. Premiat cu Aur de Alegerea părinților Confecționat din plastic. Conform reglementarilor EN71&ASTM.AVERTISMENT: Contraindicat copiilor sub 3 ani, conține piese mici. Se recomandă supravegherea copilului de către un adult în timpul jocului. Citiți instrucțiunile înainte de utilizare, urmați-le și păstrați-le pentru referință. Nu amestecați bateriile vechi cu cele noi. Nu amestecați baterii alcaline, standard (carbon-zinc) sau reîncărcabile (nichel-cadmiu). Niciuna dintre componentele electrice sau electronice din acest kit nu trebuie aruncată la gunoiul menajer obișnuit după ce ați terminat cu ele. În schimb, acestea trebuie să fie predate la o locație de colectare pentru reciclarea dispozitivelor electrice și electronice. Vă rugăm să contactați autoritatea locală pentru a afla care este locul de eliminare adecvat. AVERTISMENT: MAGNEȚI MICI - Acest produs conține magneți mici. Magneții înghițiți se pot lipi între ei de-a lungul intestinelor, provocând infecții grave și moartea. Solicitați imediat asistență medicală dacă magneții sunt înghițiți sau inhalați.Fabricat în China pentru Thames & Kosmos, Anglia. Manual Kit STEM Electricitate si forta magnetica, Thames & Kosmos - descarca fisier",Jocuri||Toate||De construit||STEM,K_620417,"Kit STEM Electricitate si forta magnetica, Thames & Kosmos",Thames & Kosmos,https://www.boribon.ro/cumpara/kit-stem-electricitate-si-forta-magnetica-thames-kosmos-4412,https://cdnmpro.com/708224949/p/raw/8/kit-stem-electricitate-si-forta-magnetica-thames-kosmos~12238.jpg,https://cdnmpro.com/708224949/p/raw/9/kit-stem-electricitate-si-forta-magnetica-thames-kosmos~12239.jpg,https://cdnmpro.com/708224949/p/raw/0/kit-stem-electricitate-si-forta-magnetica-thames-kosmos~12240.jpg,https://cdnmpro.com/708224949/p/raw/1/kit-stem-electricitate-si-forta-magnetica-thames-kosmos~12241.jpg,https://cdnmpro.com/708224949/p/raw/2/kit-stem-electricitate-si-forta-magnetica-thames-kosmos~12242.jpg,423.0,tva21,16.0,"Baiat, Fata",1 kg,29 cm,43 cm,"6 - 9, 9+",814743010451,814743010451.0,Boribon,,,,814743010451.0,Electricity and Magnetism,China,423.0,Thames&Kosmos,K_620417,oferta STEM si constructie septembrie 2025.xlsx,oferta STEM si constructie septembrie 2025.xlsx,,1.0886208,291.87,CONSTRUCTION_SETS,"CREATIVITY,MOTOR_SKILLS,PROBLEM_SOLVING",,ELEMENTARY_6_8,TECHNOLOGY
7985,"Cleverclixx Circuit cu bile Compact – Construiește circuite pentru bile! Set magnetic pentru construirea unui circuit cu bile plin de culoare, oferind ore întregi de distracție și creativitate. 🚀 Construcții interactive & joacă fără limite Creează trasee pentru bile și urmărește-le în acțiune! Stimulează creativitatea, imaginația și îndemânarea copilului. 🎓 Joacă educativă – prin metoda STEAM Seturile magnetic Cleverclixx cresc odată cu copilul! De la 3 ani – învață bazele construcțiilor 3D. Pe măsură ce cresc, copiii pot realiza structuri mai complexe. Util și în școală – ajută la înțelegerea conceptelor matematice și a gândirii logice. De ce să alegi Cleverclixx? 🔹 Stimulează creativitatea și imaginația – Magneții au ceva magic, captivând copiii și oferindu-le libertatea de a construi forme și structuri unice.🔹 Compatibil și extensibil – Toate seturile Cleverclixx sunt compatibile atât între ele cât și cu alte seturi magnetice, permițând extinderea colecției și dezvoltarea continuă a creativității.🔹 Joacă versatilă – Construiește pe podea sau du creativitatea la un alt nivel atașând construcțiile pe suprafețe magnetice, precum caloriferele. Folosește markere lavabile pentru a desena litere, numere sau forme și transformă joaca într-o experiență educativă!🔹 Încurajează învățarea STEAM – Cleverclixx dezvoltă abilități din domeniile Știință, Tehnologie, Inginerie, Artă și Matematică (STEAM), transformând învățarea într-un proces practic, captivant și distractiv. Educațional și sigur Seturile Cleverclixx sunt utilizate în grădinițe și școli primare din întreaga lume pentru a sprijini dezvoltarea abilităților motorii, gândirii logice și rezolvării problemelor. Misiunea Cleverclixx este de a crea jucării educaționale care inspiră curiozitatea, creativitatea și dorința de a învăța pe tot parcursul vieții. Detalii produs ✔ 60 piese magnetice, culori diferite✔ Recomandat pentru copii de la 3 ani✔ Fabricat din plastic MABS de înaltă calitate✔ Fără BPA - sigur pentru copii✔ Certificat (CPSC, CE, EN71, ASTM) Lasă imaginația să construiască fără limite cu Cleverclixx! 🚀 Avertisment! Nu este potrivit pentru copiii sub 3 ani. Conține piese mici. Se recomandă supravegherea copilului de către un adult în timpul jocului. Produs de Cleverclixx",Jocuri||Toate||De construit||Educative||STEM||Magnetice,CC-1004,"Set magnetic Circuit cu bile Compact 60 Piese, Cleverclixx",Cleverclixx,https://www.boribon.ro/cumpara/set-magnetic-circuit-cu-bile-compact-60-piese-cleverclixx-7985,https://cdnmpro.com/708224949/p/raw/3/set-magnetic-circuit-cu-bile-compact-60-piese-cleverclixx~100019863.jpg,https://cdnmpro.com/708224949/p/raw/5/set-magnetic-circuit-cu-bile-compact-60-piese-cleverclixx~20555.jpg,https://cdnmpro.com/708224949/p/raw/5/set-magnetic-circuit-cu-bile-compact-60-piese-cleverclixx~100019845.jpg,https://cdnmpro.com/708224949/p/raw/8/set-magnetic-circuit-cu-bile-compact-60-piese-cleverclixx~100019848.jpg,https://cdnmpro.com/708224949/p/raw/1/set-magnetic-circuit-cu-bile-compact-60-piese-cleverclixx~100019851.jpg,398.0,tva21,12.0,"Baiat, Fata",1.7 kg,31 cm,33 cm,3 - 6,6096120034050,6096120034050.0,Boribon,,,,6096120034050.0,Ball Run Compact Pack Intense 60 pieces,China,398.0,Cleverclixx,CC-1004,oferta STEM si constructie septembrie 2025.xlsx,oferta STEM si constructie septembrie 2025.xlsx,1.58,1.422,274.62,CONSTRUCTION_SETS,"CREATIVITY,MOTOR_SKILLS,PROBLEM_SOLVING,LOGIC",,TODDLERS_1_3,MATHEMATICS
7982,"Cleverclixx Circuit pastel cu bile Set magnetic de construcție cu 110 piese conceput pentru a inspira micii arhitecți! Acest set este introducerea perfectă în jocul magnetic, oferind posibilități nelimitate pentru structuri creative și trasee spectaculoase cu bile. De ce să alegi Cleverclixx? 🔹 Stimulează creativitatea și imaginația – Magneții au ceva magic, captivând copiii și oferindu-le libertatea de a construi forme și structuri unice.🔹 Crește odată cu copilul tău – De la vârsta de 3 ani, cei mici pot explora conceptele de construcție 3D. Pe măsură ce cresc, vor realiza structuri din ce în ce mai complexe și vor putea folosi Cleverclixx pentru exerciții matematice la școală.🔹 Compatibil și extensibil – Toate seturile Cleverclixx sunt complet compatibile între ele, permițând extinderea colecției și dezvoltarea continuă a creativității.🔹 Joacă versatilă – Construiește pe podea sau du creativitatea la un alt nivel atașând construcțiile pe suprafețe magnetice, precum caloriferele. Folosește markere lavabile pentru a desena litere, numere sau forme și transformă joaca într-o experiență educativă!🔹 Încurajează învățarea STEAM – Cleverclixx dezvoltă abilități din domeniile Știință, Tehnologie, Inginerie, Artă și Matematică (STEAM), transformând învățarea într-un proces practic, captivant și distractiv. Educațional și sigur Seturile Cleverclixx sunt utilizate în grădinițe și școli primare din întreaga lume pentru a sprijini dezvoltarea abilităților motorii, gândirii logice și rezolvării problemelor. Misiunea Cleverclixx este de a crea jucării educaționale care inspiră curiozitatea, creativitatea și dorința de a învăța pe tot parcursul vieții. Detalii produs ✔ 110 piese magnetice în culori pastelate✔ Recomandat pentru copii de la 3 ani✔ Fabricat din plastic MABS de înaltă calitate✔ Fără BPA - sigur pentru copii✔ Certificat (CPSC, CE, EN71, ASTM) Lasă imaginația să construiască fără limite cu Cleverclixx! 🚀 Avertisment! Nu este potrivit pentru copiii sub 3 ani. Conține piese mici. Se recomandă supravegherea copilului de către un adult în timpul jocului. Produs de Cleverclixx",Jocuri||Toate||De construit||Educative||STEM||Magnetice,CC-1001,"Joc magnetic Circuit pastel cu bile - 110 Piese, Cleverclixx",Cleverclixx,https://www.boribon.ro/cumpara/joc-magnetic-circuit-pastel-cu-bile-110-piese-cleverclixx-7982,https://cdnmpro.com/708224949/p/raw/8/joc-magnetic-circuit-pastel-cu-bile-110-piese-cleverclixx~20528.jpg,https://cdnmpro.com/708224949/p/raw/9/joc-magnetic-circuit-pastel-cu-bile-110-piese-cleverclixx~20529.jpg,https://cdnmpro.com/708224949/p/raw/0/joc-magnetic-circuit-pastel-cu-bile-110-piese-cleverclixx~20530.jpg,https://cdnmpro.com/708224949/p/raw/1/joc-magnetic-circuit-pastel-cu-bile-110-piese-cleverclixx~20531.jpg,https://cdnmpro.com/708224949/p/raw/2/joc-magnetic-circuit-pastel-cu-bile-110-piese-cleverclixx~20532.jpg,524.0,tva21,8.0,"Baiat, Fata",2.55 kg,32 cm,40 cm,3 - 6,6096146023076,6096146023076.0,Boribon,,,,6096146023076.0,Ball Run Clever Pack Pastel 110 pieces,China,524.0,Cleverclixx,CC-1001,oferta STEM si constructie septembrie 2025.xlsx,oferta STEM si constructie septembrie 2025.xlsx,2.84,2.556,361.56,CONSTRUCTION_SETS,"CREATIVITY,MOTOR_SKILLS,PROBLEM_SOLVING,LOGIC",,TODDLERS_1_3,MATHEMATICS
7983,"Cleverclixx Circuit pastel cu bile 70 piese Set magnetic de construcție cu 70 piese conceput pentru a inspira micii arhitecți! Acest set este introducerea perfectă în jocul magnetic, oferind posibilități nelimitate pentru structuri creative și trasee spectaculoase pentru bile. De ce să alegi Cleverclixx? 🔹 Stimulează creativitatea și imaginația – Magneții au ceva magic, captivând copiii și oferindu-le libertatea de a construi forme și structuri unice.🔹 Crește odată cu copilul – De la vârsta de 3 ani, cei mici pot explora conceptele de construcție 3D. Pe măsură ce cresc, pot realiza structuri mai complexe și chiar folosi Cleverclixx pentru exerciții matematice la școală.🔹 Compatibil și extensibil – Toate seturile Cleverclixx sunt complet compatibile între ele, permițând extinderea colecției și dezvoltarea continuă a creativității.🔹 Joacă versatilă – Construiește pe podea sau du creativitatea la un alt nivel atașând construcțiile pe suprafețe magnetice, precum caloriferele. Folosește markere lavabile pentru a desena litere, numere sau forme și transformă joaca într-o experiență educativă!🔹 Încurajează învățarea STEAM – Cleverclixx dezvoltă abilități din domeniile Știință, Tehnologie, Inginerie, Artă și Matematică (STEAM), transformând învățarea într-un proces practic, captivant și distractiv. Educațional și sigur Seturile Cleverclixx sunt utilizate în grădinițe și școli primare din întreaga lume pentru a sprijini dezvoltarea abilităților motorii, gândirii logice și rezolvării problemelor. Misiunea Cleverclixx este de a crea jucării educaționale care inspiră curiozitatea, creativitatea și dorința de a învăța pe tot parcursul vieții. Detalii produs ✔ 70 piese magnetice în culori pastelate✔ Recomandat pentru copii de la 3 ani✔ Fabricat din plastic MABS de înaltă calitate✔ Fără BPA - sigur pentru copii✔ Certificat (CPSC, CE, EN71, ASTM) Descoperă mai multe! Explorează gama completă de seturi Cleverclixx, inclusiv seturi mici, medii, mari, culori pastelate & intense, circuite cu bile și multe altele. Lasă imaginația să construiască fără limite cu Cleverclixx! 🚀 Avertisment! Nu este potrivit pentru copiii sub 3 ani. Conține piese mici. Se recomandă supravegherea copilului de către un adult în timpul jocului. Produs de Cleverclixx",Jocuri||Toate||De construit||STEM||Magnetice,CC-1002,"Joc magnetic Circuit pastel cu bile - 70 Piese, Cleverclixx",Cleverclixx,https://www.boribon.ro/cumpara/joc-magnetic-circuit-pastel-cu-bile-70-piese-cleverclixx-7983,https://cdnmpro.com/708224949/p/raw/7/joc-magnetic-circuit-pastel-cu-bile-70-piese-cleverclixx~20537.jpg,https://cdnmpro.com/708224949/p/raw/9/joc-magnetic-circuit-pastel-cu-bile-70-piese-cleverclixx~20539.jpg,https://cdnmpro.com/708224949/p/raw/3/joc-magnetic-circuit-pastel-cu-bile-70-piese-cleverclixx~20543.jpg,https://cdnmpro.com/708224949/p/raw/4/joc-magnetic-circuit-pastel-cu-bile-70-piese-cleverclixx~100022974.jpg,https://cdnmpro.com/708224949/p/raw/7/joc-magnetic-circuit-pastel-cu-bile-70-piese-cleverclixx~100022977.jpg,451.0,tva21,8.0,"Baiat, Fata",1.8 kg,30.5 cm,33.5 cm,3 - 6,6096128047069,6096128047069.0,Boribon,,,,6096128047069.0,Ball Run Creative Pack Pastel 70 pieces,China,451.0,Cleverclixx,CC-1002,oferta STEM si constructie septembrie 2025.xlsx,oferta STEM si constructie septembrie 2025.xlsx,1.78,1.602,311.19,CONSTRUCTION_SETS,"CREATIVITY,MOTOR_SKILLS,PROBLEM_SOLVING,LOGIC",,TODDLERS_1_3,MATHEMATICS
7984,"Cleverclixx Circuit cu bile luminoase – Construiește cel mai spectaculos circuit pentru bile! Set magnetic pentru construirea unui circuit pentru bile plin de culoare și lumină, oferind ore întregi de distracție și creativitate. 🚀 Construcții interactive & joacă fără limite Creează trasee unice pentru bile și urmărește-le în acțiune! Stimulează creativitatea, imaginația și îndemânarea copilului. Design captivant, cu piese luminoase pentru un efect vizual spectaculos. 🎓 Joacă educativă – ideală pentru metoda STEAM Seturile magnetic Cleverclixx cresc odată cu copilul! De la 3 ani – învață bazele construcțiilor 3D. Pe măsură ce cresc, copiii pot realiza structuri mai complexe. Util și în școală – ajută la înțelegerea conceptelor matematice și a gândirii logice. De ce să alegi Cleverclixx? 🔹 Stimulează creativitatea și imaginația – Magneții au ceva magic, captivând copiii și oferindu-le libertatea de a construi forme și structuri unice.🔹 Compatibil și extensibil – Toate seturile Cleverclixx sunt compatibile atât între ele cât și cu alte seturi magnetice, permițând extinderea colecției și dezvoltarea continuă a creativității.🔹 Joacă versatilă – Construiește pe podea sau du creativitatea la un alt nivel atașând construcțiile pe suprafețe magnetice, precum caloriferele. Folosește markere lavabile pentru a desena litere, numere sau forme și transformă joaca într-o experiență educativă!🔹 Încurajează învățarea STEAM – Cleverclixx dezvoltă abilități din domeniile Știință, Tehnologie, Inginerie, Artă și Matematică (STEAM), transformând învățarea într-un proces practic, captivant și distractiv. Educațional și sigur Seturile Cleverclixx sunt utilizate în grădinițe și școli primare din întreaga lume pentru a sprijini dezvoltarea abilităților motorii, gândirii logice și rezolvării problemelor. Misiunea Cleverclixx este de a crea jucării educaționale care inspiră curiozitatea, creativitatea și dorința de a învăța pe tot parcursul vieții. Detalii produs ✔ 100 piese magnetice, culori diferite✔ Recomandat pentru copii de la 3 ani✔ Fabricat din plastic MABS de înaltă calitate✔ Fără BPA - sigur pentru copii✔ Certificat (CPSC, CE, EN71, ASTM) Lasă imaginația să construiască fără limite cu Cleverclixx! 🚀 Avertisment! Nu este potrivit pentru copiii sub 3 ani. Conține piese mici. Se recomandă supravegherea copilului de către un adult în timpul jocului. Produs de Cleverclixx",Jocuri||Toate||De construit||Educative||STEM||Magnetice,CC-1003,"Jocuri magnetice Circuit cu bile luminoase 100 piese, Cleverclixx",Cleverclixx,https://www.boribon.ro/cumpara/jocuri-magnetice-circuit-cu-bile-luminoase-100-piese-cleverclixx-7984,https://cdnmpro.com/708224949/p/raw/4/jocuri-magnetice-circuit-cu-bile-luminoase-100-piese-cleverclixx~20544.jpg,https://cdnmpro.com/708224949/p/raw/5/jocuri-magnetice-circuit-cu-bile-luminoase-100-piese-cleverclixx~20545.jpg,https://cdnmpro.com/708224949/p/raw/6/jocuri-magnetice-circuit-cu-bile-luminoase-100-piese-cleverclixx~20546.jpg,https://cdnmpro.com/708224949/p/raw/7/jocuri-magnetice-circuit-cu-bile-luminoase-100-piese-cleverclixx~20547.jpg,https://cdnmpro.com/708224949/p/raw/0/jocuri-magnetice-circuit-cu-bile-luminoase-100-piese-cleverclixx~20550.jpg,498.0,tva21,7.0,"Baiat, Fata",2.40 kg,32 cm,37 cm,3 - 6,6096124770725,6096124770725.0,Boribon,,,,6096124770725.0,Ball Run Dazzling Lights Pack Intense 100 pieces,China,498.0,Cleverclixx,CC-1003,oferta STEM si constructie septembrie 2025.xlsx,oferta STEM si constructie septembrie 2025.xlsx,2.66,2.394,343.62,CONSTRUCTION_SETS,"CREATIVITY,MOTOR_SKILLS,PROBLEM_SOLVING,LOGIC",,TODDLERS_1_3,MATHEMATICS
8037,"Jocuri magnetice Tangram – Dezvoltă logica și creativitatea copiilor! Tangramul magnetic de la Egmont Toys este un joc clasic de logică și reflecție, adaptat pentru a fi ușor de utilizat și transportat. 🧩 Caracteristici principale: 30 de modele de reconstruit: Provocări variate care stimulează gândirea logică și abilitățile de rezolvare a problemelor. Piese din lemn de calitate: Asigură durabilitate și o experiență tactilă plăcută. Soluții incluse: Pentru a ghida copiii în procesul de învățare și a le oferi suport atunci când este necesar. Design portabil: este ușor de transportat, potrivit pentru joacă acasă sau în deplasare. Materiale durabile: Realizat din carton, lemn și metal de calitate, asigurând o utilizare îndelungată. 📦 Specificații: Vârsta recomandată: 4+ ani Compoziție: Carton și metal Potrivit pentru acasă sau în deplasare, acest joc oferă o alternativă educativă și distractivă la jocurile electronice. AVERTISMENT: Contraindicat copiilor sub 3 ani. Conține părți mici. Se recomandă supravegherea copilului de către un adult în timpul jocului. Citiți cu atenție eticheta produsului.Producător: Egmont Toys, Belgia.",Jocuri||Toate||De logica||Educative||Magnetice,Egm_630679,"Jocuri magnetice Tangram, Egmont Toys",Egmont Toys,https://www.boribon.ro/cumpara/jocuri-magnetice-tangram-egmont-toys-8037,https://cdnmpro.com/708224949/p/raw/9/jocuri-magnetice-tangram-egmont-toys~20869.jpg,https://cdnmpro.com/708224949/p/raw/5/jocuri-magnetice-tangram-egmont-toys~20865.jpg,https://cdnmpro.com/708224949/p/raw/6/jocuri-magnetice-tangram-egmont-toys~20866.jpg,https://cdnmpro.com/708224949/p/raw/7/jocuri-magnetice-tangram-egmont-toys~20867.jpg,https://cdnmpro.com/708224949/p/raw/8/jocuri-magnetice-tangram-egmont-toys~20868.jpg,98.0,tva21,6.0,"Baiat, Fata",0.45 kg,,23 cm,"3 - 6, 6 - 9",5420023044983,5420023044983.0,Boribon,,,,5420023044983.0,MAGNETIC GAME TANGRAM,,98.0,Egmont toys,630679,oferta jocuri si jucarii septembrie 2025.xlsx,oferta jocuri si jucarii septembrie 2025.xlsx,,0.45,64.68,PUZZLES,"LOGIC,PROBLEM_SOLVING,CRITICAL_THINKING,MOTOR_SKILLS",,TODDLERS_1_3,TECHNOLOGY
8114,"Extensie Curbe pentru circuit auto – Cleverclixx | 15 piese magnetice pentru circuit de curse 🧲🏎️ Mai multă viteză, mai multe viraje! Cu acest set de 15 piese magnetice curbate, copiii pot extinde circuitul Cleverclixx și crea trasee mai complexe, mai lungi și mai spectaculoase. Compatibil cu toate seturile Cleverclixx și alte branduri magnetice. Ce conține pachetul: 15 piese magnetice de tip curbă (design Intense – culori vibrante) Compatibile 100% cu toate seturile Cleverclixx Race Track Se combină ușor cu alte piese: drepte, intersecții sau forme clasice Oferă flexibilitate maximă în construcția circuitelor 3D Recomandat pentru: Extinderea seturilor de bază Dezvoltarea gândirii spațiale și a creativității Joacă educativă individuală sau în echipă Vârsta recomandată: 3+ aniProducător: Cleverclixx, Belgia 🇧🇪 AVERTISMENT: Contraindicat copiilor sub 3 ani. Se recomandă supravegherea copilului de către un adult în timpul jocului.",Jocuri||Toate||De construit||Educative||Noutati||STEM||Magnetice,CC-1020,"Extensie piese magnetice pentru circuit auto, Cleverclixx",Cleverclixx,https://www.boribon.ro/cumpara/extensie-piese-magnetice-pentru-circuit-auto-cleverclixx-8114,https://cdnmpro.com/708224949/p/raw/1/extensie-piese-magnetice-pentru-circuit-auto-cleverclixx~21181.jpg,https://cdnmpro.com/708224949/p/raw/0/extensie-piese-magnetice-pentru-circuit-auto-cleverclixx~21180.jpg,https://cdnmpro.com/708224949/p/raw/2/extensie-piese-magnetice-pentru-circuit-auto-cleverclixx~21182.jpg,https://cdnmpro.com/708224949/p/raw/2/extensie-piese-magnetice-pentru-circuit-auto-cleverclixx~100022902.jpg,,164.0,tva21,20.0,"Baiat, Fata",1.2 kg,22 cm,25 cm,"3 - 6, 6 - 9",6096734294208,6096734294208.0,Boribon,,,,6096734294208.0,"Extensie piese magnetice pentru circuit auto, Cleverclixx",China,164.0,Cleverclixx,CC-1020,oferta STEM si constructie septembrie 2025.xlsx,oferta STEM si constructie septembrie 2025.xlsx,,,113.16,CONSTRUCTION_SETS,"CREATIVITY,MOTOR_SKILLS,PROBLEM_SOLVING",,TODDLERS_1_3,TECHNOLOGY
4130,"Kit STEM Marul lui Newton Un măr care sfidează gravitația și se plimbă pe o coardă elastică - ce ar fi crezut Isaac Newton? Construiți un robot măr care merge pe o coardă elastică. Cum? Datorită componentei principale a robotului, un giroscop motorizat, acesta își poate menține echilibrul și poate realiza acest truc amuzant fără să cadă. Prin intermediul a cinci experimente, puteți descoperi puterile uimitoare ale giroscopului motorizat și puteți explora fizica din spatele comportamentelor sale uimitoare. Experimentați cum să-l faceți să meargă pe diferitele piste incluse și pe sfoară, investigați centrul de greutate al giroscopului, urmăriți cum se învârte giroscopul pe o suprafață plană.Construiește un robot măr unicat care sfidează gravitația!Datorită componentei principale a robotului, un giroscop motorizat, acest măr special poate merge pe o coardă elastică fără să cadă.Explorați fizica din spatele acestui dispozitiv științific prin intermediul a cinci experimente unice care investighează gravitația.Designul unic și funcțional face din acesta un cadou accesibil, distractiv și educativ, cu o valoare ludică ridicată.Kitul include piese pentru a construi gyrobotul și setări experimentale, inclusiv o pistă pe care să se plimbe. Prin construirea robotului și efectuarea experimentelor cu unitatea giroscopică motorizată, tinerii ingineri pot învăța despre știința dispozitivelor giroscopice și despre rolul indispensabil pe care îl joacă în viața noastră. Un manual de experimente ilustrat în culori, oferă instrucțiuni de asamblare pas cu pas și explicații științifice.Kitul conține 75 de piese, 5 experimente, manual cu instrucțiuni. Necesită 2 baterii AAA.Vârsta recomandată: +8 ani. Confecționat din plastic și metal. Conform reglementarilor EN71&ASTM.AVERTISMENT: Contraindicat copiilor sub 3 ani, conține piese mici. Se recomandă supravegherea copilului de către un adult în timpul jocului. Citiți instrucțiunile înainte de utilizare, urmați-le și păstrați-le pentru referință.Produs in Taiwan pentru Thames & Kosmos, Anglia Manual Kit STEM Marul lui Newton - vezi fisier",Jocuri||De construit||STEM,K_620304,"Kit STEM Marul lui Newton, Thames & Kosmos",Thames & Kosmos,https://www.boribon.ro/cumpara/kit-stem-marul-lui-newton-thames-kosmos-4130,https://cdnmpro.com/708224949/p/raw/8/kit-stem-marul-lui-newton-thames-kosmos~11008.jpg,https://cdnmpro.com/708224949/p/raw/7/kit-stem-marul-lui-newton-thames-kosmos~11007.jpg,https://cdnmpro.com/708224949/p/raw/9/kit-stem-marul-lui-newton-thames-kosmos~11009.jpg,https://cdnmpro.com/708224949/p/raw/0/kit-stem-marul-lui-newton-thames-kosmos~11010.jpg,https://cdnmpro.com/708224949/p/raw/1/kit-stem-marul-lui-newton-thames-kosmos~11011.jpg,195.0,tva21,7.0,Baiat,0.8 kg,28 cm,25 cm,"6 - 9, 9+",814743017948,814743017948.0,Boribon,,,,814743017948.0,Kit STEM Marul lui Newton,Taiwan,195.0,Thames&Kosmos,K_620304,oferta STEM si constructie septembrie 2025.xlsx,oferta STEM si constructie septembrie 2025.xlsx,,,134.55,ROBOTICS,"PROBLEM_SOLVING,CRITICAL_THINKING,LOGIC,CREATIVITY",,ELEMENTARY_6_8,SCIENCE
7857,"Kit STEM Workshop de robotica compatibil cu micro:bit Cel mai bun atelier de robotică pentru a învăța codarea! Un kit intuitiv de ultimă generație pentru construcții și robotică, destinat utilizării acasă și la școală. Construiește și programează roboți cu acest sistem complet de inginerie robotică. Include un mini-calculator cu o matrice integrată de 25 de LED-uri și senzori încorporați care pot măsura lumina, temperatura, magnetismul, mișcarea și sunetul. Atelierul de robotică include, de asemenea, două cutii de viteze planetare puternice 50X, un servomotor tactic, un senzor ultrasonic durabil și un controler inteligent care le integrează pe toate. Cu sute de piese de construcție care se îmbină prin clipsare, poți asambla 14 roboți diferiți. Piesele versatile îți permit, de asemenea, să creezi roboți după propriile desene și să-i programezi pentru a le da viață! Această activitate de robotică începe cu instrucțiuni pentru construirea unor roboți simpli, învățându-te cum pot fi utilizați senzorii pentru a controla roboții. Construiește un robot ultrasonic care poate evita obstacolele, un robot bionic, un angrenaj cu tobe, un braț robotic impresionant și multe altele. Adaugă cod pentru a da viață roboților. Oricine poate învăța să programeze folosind aplicația gratuită MakeCode, bazată pe web sau tabletă, care încarcă codul direct pe micro:bit. Începe cu programarea vizuală bloc, ușor de înțeles, și apoi dezvoltă-te pentru a învăța cele mai relevante limbaje de programare din industria tehnologică: Python și JavaScript. Încărcarea codului pe micro:bit este rapidă și ușoară. Folosește cablul Micro-USB (nu este inclus) de la un desktop sau conectează-te wireless la controlerul inteligent folosind o conexiune Bluetooth Low Energy. După ce ai stăpânit toate modelele robotice din instrucțiuni, vei avea instrumentele și cunoștințele necesare pentru a construi și programa propriile creații robotice uimitoare. Un manual color de 36 de pagini și o mulțime de resurse online prezintă instrucțiuni ilustrate pas cu pas, care explică cum să construiești, programezi și operezi modelele de roboți. ● Modele și explicații simple și ușor de utilizat pentru începătorii în programarea micro:bit. ● Trei teme majore acoperă aplicații din lumea reală: casă inteligentă, transport, robotică și automatizare. ● Dispune de o cutie de control principală actualizată, 2 motoare cu cuplu ridicat, un senzor ultrasonic și un servomotor unghiular pentru aplicații diverse. ● Necesită două baterii reîncărcabile litiu-ion 18650 (nu sunt incluse). Bateria poate fi încărcată folosind cablul USB tip C inclus. ● Necesită o placă principală BBC micro:bit (nu este inclusă). Piesele din aceast kit sunt compatibile cu piesele altor seturi de construcție Gigo.Conține 245 piese, 14 modele, manual cu instrucțiuni. Vărsta recomandată: +8 ani. Confecționat din plastic. Conform reglementarilor EN71&ASTM.AVERTISMENT: Contraindicat copiilor sub 3 ani, conține piese mici. Se recomandă supravegherea copilului de către un adult în timpul jocului. Citiți instrucțiunile înainte de utilizare, urmați-le și păstrați-le pentru referință.Produs in Taiwan de Genius Toy. Manual Kit STEM Workshop de robotica compatibil cu micro:bit, Gigo Toys - descarca aici fisierul",Jocuri||Toate||De construit||STEM,G_1409,"Kit STEM Workshop de robotica compatibil cu micro:bit, Genius Toy",Gigo Toys,https://www.boribon.ro/cumpara/kit-stem-workshop-de-robotica-compatibil-cu-micro-bit-genius-toy-7857,https://cdnmpro.com/708224949/p/raw/6/kit-stem-workshop-de-robotica-compatibil-cu-micro-bit-genius-toy~19966.jpg,https://cdnmpro.com/708224949/p/raw/5/kit-stem-workshop-de-robotica-compatibil-cu-micro-bit-genius-toy~19965.jpg,https://cdnmpro.com/708224949/p/raw/7/kit-stem-workshop-de-robotica-compatibil-cu-micro-bit-genius-toy~19967.jpg,https://cdnmpro.com/708224949/p/raw/8/kit-stem-workshop-de-robotica-compatibil-cu-micro-bit-genius-toy~19968.jpg,https://cdnmpro.com/708224949/p/raw/9/kit-stem-workshop-de-robotica-compatibil-cu-micro-bit-genius-toy~19969.jpg,1428.0,tva21,1.0,"Baiat, Fata",1.7 kg,32 cm,42 cm,"6 - 9, 9+",4716503314099,4716503314099.0,Boribon,,,,4716503314099.0,ROBOTICS WORKSHOP MIRCO:BIT VERSION,Taiwan,1428.0,Gigo,G_1409,oferta STEM si constructie septembrie 2025.xlsx,oferta STEM si constructie septembrie 2025.xlsx,,1.515375,942.48,ROBOTICS,"PROBLEM_SOLVING,CRITICAL_THINKING,LOGIC,CREATIVITY",,ELEMENTARY_6_8,SCIENCE
7994,"Cleverclixx Brick Tiles – Construiește mai mare, mai colorat, mai creativ! Transformă fiecare sesiune de construcție într-o aventură plină de culoare și imaginație cu Cleverclixx Brick Tiles! Setul conține 16 piese magnetice tip cărămidă, compatibile cu majoritatea pieselor Lego® & Duplo®, pentru o experiență dublă de joacă. 🚀 Compatibilitate & posibilități nelimitate Se combină perfect cu seturile Cleverclixx existente. Compatibil cu Lego® & Duplo®, pentru și mai multe posibilități de construcție. Compatibil cu alte branduri de piese magnetice de construit, precum Magna Tiles, Connetix, Coblo. 🎨 Culori vibrante & design inovator Adaugă noi texturi și forme pentru creații unice. Inspiră copiii să își depășească limitele creative. Perfect pentru joacă individuală sau în familie. Încurajează explorarea de forme noi și structuri inovatoare. Dezvoltă gândirea spațială și abilitățile de rezolvare a problemelor. Perfect pentru joacă individuală sau în grup. 🌟 Experiență de construcție unică Se poate fixa pe suprafețe magnetice, precum un calorifer, pentru a crea în plan vertical. Se poate desena și scrie pe piese cu markere lavabile pentru mai multă distracție. 🎓 Învață prin metoda STEAM Joaca cu Cleverclixx stimulează dezvoltarea motorie și cognitivă, fiind tot mai des utilizată în grădinițe și școli primare.🌍 STEAM = Știință, Tehnologie, Inginerie, Arte & Matematică – o metodă modernă de învățare practică. 🏆 Calitate și siguranță ✔ Potrivit pentru copii de la 3 ani✔ 16 piese din plastic MABS fără BPA✔ Certificări: CPSC, CE, EN71, ASTM Transformă fiecare sesiune de joacă într-o aventură creativă și educativă! AVERTISMENT: Contraindicat copiilor sub 3 ani. Se recomandă supravegherea copilului de către un adult în timpul jocului.Produs de Cleverclixx",Jocuri||Toate||De construit||STEM||Magnetice,CC-1023,"Set magnetic de construit Brick Tiles 16 piese, Cleverclixx",Cleverclixx,https://www.boribon.ro/cumpara/set-magnetic-de-construit-brick-tiles-16-piese-cleverclixx-7994,https://cdnmpro.com/708224949/p/raw/4/set-magnetic-de-construit-brick-tiles-16-piese-cleverclixx~20634.jpg,https://cdnmpro.com/708224949/p/raw/5/set-magnetic-de-construit-brick-tiles-16-piese-cleverclixx~20635.jpg,https://cdnmpro.com/708224949/p/raw/7/set-magnetic-de-construit-brick-tiles-16-piese-cleverclixx~20637.jpg,https://cdnmpro.com/708224949/p/raw/0/set-magnetic-de-construit-brick-tiles-16-piese-cleverclixx~20640.jpg,https://cdnmpro.com/708224949/p/raw/1/set-magnetic-de-construit-brick-tiles-16-piese-cleverclixx~20641.jpg,161.0,tva21,17.0,"Baiat, Fata",0.6 kg,8 cm,15.5 cm,3 - 6,6151003659666,6151003659666.0,Boribon,,,,6151003659666.0,"Brick Tiles Pack Intense | 16 pieces 
",China,161.0,Cleverclixx,CC-1023,oferta STEM si constructie septembrie 2025.xlsx,oferta STEM si constructie septembrie 2025.xlsx,0.9,0.81,111.09,CONSTRUCTION_SETS,"CREATIVITY,MOTOR_SKILLS,PROBLEM_SOLVING",,TODDLERS_1_3,MATHEMATICS
8000,"Set de Constructie Cleverclixx - 60 Piese: Creativitate Fara Limite! Descoperă plăcerea nesfârșită a construcțiilor cu acest set original Cleverclixx de 60 de piese! Copilul va explora diferite forme și culori, dezvoltându-și imaginația și abilitățile motorii. Este un set introductiv care poate fi ulterior extins cu seturile suplimentare Cleverclixx! 🚀 Creativitate fără limite și învățare prin joacă Încurajează explorarea de forme noi și structuri inovatoare. Dezvoltă gândirea spațială și abilitățile de rezolvare a problemelor. Perfect pentru joacă individuală sau în grup. 🌟 Experiență de construcție fără limite Creează structuri diverse. Conține piese patrate, dreptunghiulare, triunghiulare, crenelate, de dimensiuni si culori diferite. Compatibil cu alte seturi Cleverclixx precum și cu alte seturi magnetice pentru construcții infinite. Se poate fixa pe suprafețe magnetice, precum un calorifer, pentru a crea în plan vertical. Se poate desena și scrie pe piese cu markere lavabile pentru mai multă distracție. Învață prin metoda STEAM Joaca cu Cleverclixx stimulează dezvoltarea motorie și cognitivă, fiind tot mai des utilizată în grădinițe și școli primare.🌍 STEAM = Știință, Tehnologie, Inginerie, Arte & Matematică – o metodă modernă de învățare practică. Calitate și siguranță ✔ Potrivit pentru copii de la 3 ani✔ 60 de piese din plastic MABS fără BPA✔ Certificări: CPSC, CE, EN71, ASTM Transformă fiecare sesiune de joacă într-o aventură creativă și educativă! AVERTISMENT: Contraindicat copiilor sub 3 ani. Se recomandă supravegherea copilului de către un adult în timpul jocului.Produs de Cleverclixx",Jocuri||Toate||De construit||Educative||STEM||Magnetice,CC-1008,"Set magnetic de construit Inventiv 60 piese, Cleverclixx",Cleverclixx,https://www.boribon.ro/cumpara/set-magnetic-de-construit-inventiv-60-piese-cleverclixx-8000,https://cdnmpro.com/708224949/p/raw/1/set-magnetic-de-construit-inventiv-60-piese-cleverclixx~100019191.jpg,https://cdnmpro.com/708224949/p/raw/0/set-magnetic-de-construit-inventiv-60-piese-cleverclixx~20700.jpg,https://cdnmpro.com/708224949/p/raw/2/set-magnetic-de-construit-inventiv-60-piese-cleverclixx~100019182.jpg,https://cdnmpro.com/708224949/p/raw/5/set-magnetic-de-construit-inventiv-60-piese-cleverclixx~100019185.jpg,https://cdnmpro.com/708224949/p/raw/8/set-magnetic-de-construit-inventiv-60-piese-cleverclixx~100019188.jpg,403.0,tva21,14.0,"Baiat, Fata",1.7 kg,17 cm,26 cm,3 - 6,6096121427462,6096121427462.0,Boribon,,,,6096121427462.0,Original Intense Pack 60 pieces,China,403.0,Cleverclixx,CC-1008,oferta STEM si constructie septembrie 2025.xlsx,oferta STEM si constructie septembrie 2025.xlsx,1.85,1.665,278.07,CONSTRUCTION_SETS,"CREATIVITY,MOTOR_SKILLS,PROBLEM_SOLVING",,TODDLERS_1_3,MATHEMATICS
7995,"Cleverclixx Curved Dome Intense – Creează construcții mai mari și mai spectaculoase! Descoperă Curved Dome Pack, set cu 47 de piese magnetice cu forme curbate, pentru construirea unor structuri complexe și impresionante. Piesele cu forme variate permit imaginației copilului să atingă un nou nivel! 🚀 Creativitate fără limite și învățare prin joacă Încurajează explorarea de forme noi și structuri inovatoare. Dezvoltă gândirea spațială și abilitățile de rezolvare a problemelor. Perfect pentru joacă individuală sau în grup. 🌟 Experiență de construcție unică Creează domuri, arcade și structuri fascinante. Compatibil cu alte seturi Cleverclixx pentru construcții infinite. Se poate fixa pe suprafețe magnetice, precum un calorifer, pentru a crea în plan vertical. Se poate desena și scrie pe piese cu markere lavabile pentru mai multă distracție. 🎓 Învață prin metoda STEAM Joaca cu Cleverclixx stimulează dezvoltarea motorie și cognitivă, fiind tot mai des utilizată în grădinițe și școli primare.🌍 STEAM = Știință, Tehnologie, Inginerie, Arte & Matematică – o metodă modernă de învățare practică. 🏆 Calitate și siguranță ✔ Potrivit pentru copii de la 3 ani✔ 47 de piese din plastic MABS fără BPA✔ Certificări: CPSC, CE, EN71, ASTM Transformă fiecare sesiune de joacă într-o aventură creativă și educativă! AVERTISMENT: Contraindicat copiilor sub 3 ani. Se recomandă supravegherea copilului de către un adult în timpul jocului.Produs de Cleverclixx",Jocuri||Toate||De construit||STEM||Magnetice,CC-1024,"Set magnetic de construit Dome 47 piese, Cleverclixx",Cleverclixx,https://www.boribon.ro/cumpara/set-magnetic-de-construit-dome-47-piese-cleverclixx-7995,https://cdnmpro.com/708224949/p/raw/7/set-magnetic-de-construit-dome-47-piese-cleverclixx~20647.jpg,https://cdnmpro.com/708224949/p/raw/8/set-magnetic-de-construit-dome-47-piese-cleverclixx~20648.jpg,https://cdnmpro.com/708224949/p/raw/9/set-magnetic-de-construit-dome-47-piese-cleverclixx~20649.jpg,https://cdnmpro.com/708224949/p/raw/0/set-magnetic-de-construit-dome-47-piese-cleverclixx~20650.jpg,https://cdnmpro.com/708224949/p/raw/1/set-magnetic-de-construit-dome-47-piese-cleverclixx~20651.jpg,367.0,tva21,9.0,"Baiat, Fata",1.6 kg,18 cm,29 cm,3 - 6,6151003753746,6151003753746.0,Boribon,,,,6151003753746.0,Curved Dome Pack Intense | 47 pieces,China,367.0,Cleverclixx,CC-1024,oferta STEM si constructie septembrie 2025.xlsx,oferta STEM si constructie septembrie 2025.xlsx,1.9,1.71,253.23,CONSTRUCTION_SETS,"CREATIVITY,MOTOR_SKILLS,PROBLEM_SOLVING",,TODDLERS_1_3,MATHEMATICS
7996,"Cleverclixx Curved Dome – Creează construcții mai mari și mai spectaculoase! Descoperă Curved Dome Pack, set cu 34 de piese magnetice cu forme curbate, concepute pentru a permite copiilor să construiască structuri mai complexe și impresionante. Cu aceste piese inovatoare, imaginația copilului va atinge un nou nivel! 🚀 Creativitate fără limite și învățare prin joacă Încurajează explorarea de forme noi și structuri inovatoare. Dezvoltă gândirea spațială și abilitățile de rezolvare a problemelor. Perfect pentru joacă individuală sau în grup. 🌟 Experiență de construcție unică Creează domuri, arcade și structuri fascinante. Compatibil cu alte seturi Cleverclixx pentru construcții infinite. Se poate fixa pe suprafețe magnetice, precum un calorifer, pentru a crea în plan vertical. Se poate desena și scrie pe piese cu markere lavabile pentru mai multă distracție. 🎓 Învață prin metoda STEAM Joaca cu Cleverclixx stimulează dezvoltarea motorie și cognitivă, fiind tot mai des utilizată în grădinițe și școli primare.🌍 STEAM = Știință, Tehnologie, Inginerie, Arte & Matematică – o metodă modernă de învățare practică. 🏆 Calitate și siguranță ✔ Potrivit pentru copii de la 3 ani✔ 34 de piese din plastic MABS fără BPA✔ Certificări: CPSC, CE, EN71, ASTM Transformă fiecare sesiune de joacă într-o aventură creativă și educativă! AVERTISMENT: Contraindicat copiilor sub 3 ani. Se recomandă supravegherea copilului de către un adult în timpul jocului.Produs de Cleverclixx",Jocuri||Toate||De construit||STEM||Magnetice,CC-1025,"Set magnetic de constuit Dome pastel 34 piese, Cleverclixx",Cleverclixx,https://www.boribon.ro/cumpara/set-magnetic-de-constuit-dome-pastel-34-piese-cleverclixx-7996,https://cdnmpro.com/708224949/p/raw/8/set-magnetic-de-constuit-dome-pastel-34-piese-cleverclixx~20658.jpg,https://cdnmpro.com/708224949/p/raw/9/set-magnetic-de-constuit-dome-pastel-34-piese-cleverclixx~20659.jpg,https://cdnmpro.com/708224949/p/raw/0/set-magnetic-de-constuit-dome-pastel-34-piese-cleverclixx~20660.jpg,https://cdnmpro.com/708224949/p/raw/2/set-magnetic-de-constuit-dome-pastel-34-piese-cleverclixx~20662.jpg,https://cdnmpro.com/708224949/p/raw/3/set-magnetic-de-constuit-dome-pastel-34-piese-cleverclixx~20663.jpg,315.0,tva21,7.0,"Baiat, Fata",1.2 kg,18 cm,21.5 cm,"3 - 6, 6 - 9",6151004375305,6151004375305.0,Boribon,,,,6151004375305.0,"Small Curved Pack Pastel | 34 pieces 
",China,315.0,Cleverclixx,CC-1025,oferta STEM si constructie septembrie 2025.xlsx,oferta STEM si constructie septembrie 2025.xlsx,2.3,2.07,217.35,CONSTRUCTION_SETS,"CREATIVITY,MOTOR_SKILLS,PROBLEM_SOLVING",,TODDLERS_1_3,MATHEMATICS
8113,"Circuit magnetic pastel – Cleverclixx | Construcții creative cu 80 de piese luminoase 🚗🌈 Transformă podeaua în pistă de curse cu acest set de 80 de piese magnetice Cleverclixx în culori pastelate! Copiii își pot construi propriul circuit 3D, combinând piese de drum cu forme geometrice translucide, compatibile cu toate seturile Cleverclixx. Creativitate fără limite și învățare prin joacă Încurajează explorarea de forme noi și structuri inovatoare. Dezvoltă gândirea spațială și abilitățile de rezolvare a problemelor. Pentru joacă individuală sau în grup. Se poate desena și scrie pe piese cu markere lavabile pentru mai multă distracție. 80 de piese din plastic MABS fără BPA: piese de drum curbate și drepte + forme magnetice Compatibil cu toate seturile Cleverclixx, Connetix, Magna-Tiles, etc. Culori pastel translucide care lasă lumina să treacă pentru un efect magic Ușor de conectat și de reconstruit, ori de câte ori se dorește Pentru acasă, grădinițe sau locuri de joacă Învâțarea prin metoda STEAM - Joaca cu Cleverclixx stimulează dezvoltarea motorie și cognitivă, fiind tot mai des utilizată în grădinițe și școli primare. 🌍 STEAM = Știință, Tehnologie, Inginerie, Arte & Matematică – o metodă modernă de învățare practică. ✔ Potrivit pentru copii de la 3 ani✔ Certificări: CPSC, CE, EN71, ASTM Transformă fiecare sesiune de joacă într-o aventură creativă și educativă! Producător: Cleverclixx, Belgia 🇧🇪 AVERTISMENT: Contraindicat copiilor sub 3 ani. Se recomandă supravegherea copilului de către un adult în timpul jocului.",Jocuri||Toate||De construit||Educative||Noutati||STEM||Magnetice,CC-1019,"Jocuri magnetice Traseu de curse 80 piese pastel, Cleverclixx",Cleverclixx,https://www.boribon.ro/cumpara/jocuri-magnetice-traseu-de-curse-80-piese-pastel-cleverclixx-8113,https://cdnmpro.com/708224949/p/raw/1/jocuri-magnetice-traseu-de-curse-80-piese-pastel-cleverclixx~21171.jpg,https://cdnmpro.com/708224949/p/raw/0/jocuri-magnetice-traseu-de-curse-80-piese-pastel-cleverclixx~21170.jpg,https://cdnmpro.com/708224949/p/raw/0/jocuri-magnetice-traseu-de-curse-80-piese-pastel-cleverclixx~100022890.jpg,https://cdnmpro.com/708224949/p/raw/3/jocuri-magnetice-traseu-de-curse-80-piese-pastel-cleverclixx~100022893.jpg,https://cdnmpro.com/708224949/p/raw/6/jocuri-magnetice-traseu-de-curse-80-piese-pastel-cleverclixx~100022896.jpg,794.0,tva21,3.0,"Baiat, Fata",2.9 kg,23 cm,37.5 cm,"3 - 6, 6 - 9",6097349073011,6097349073011.0,Boribon,,,,6097349073011.0,"Joc magnetic Traseu de curse 80 piese pastel, Cleverclixx",China,794.0,Cleverclixx,CC-1019,oferta STEM si constructie septembrie 2025.xlsx,oferta STEM si constructie septembrie 2025.xlsx,,,547.86,CONSTRUCTION_SETS,"CREATIVITY,MOTOR_SKILLS,PROBLEM_SOLVING",,TODDLERS_1_3,MATHEMATICS
16096,"Tangram din lemn în cutie metalică Tangram-ul, jocul pătratului magic este format din 7 figuri geometrice (2 triunghiuri mari, unul mediu și 2 mici, un paralelogram și un pătrat). Diferența dintre tangram și un puzzle normal este că, în timp ce la puzzle piesele sunt așezate într-un singur fel, după un anumit model, la tangram modelele sunt nenumărate – poți așeza piesele cum vrei, rezultând o varietate de figuri. Se vor folosi toate cele şapte piese care alcătuiesc pătratul iniţial (şi numai ele) la alcătuirea oricărei imagini. Piesele se vor aşeza una lângă alta, fără suprapunere, în plan. Peste 1600 de imagini reprezentând animale, oameni, litere, cifre, obiecte și multe altele pot fi create din cele 7 piese ale tangramului. Vârsta recomandată: +6 ani. Confecționate din lemn și materiale non-toxice, cu culori non-toxice, conform reglementărilor EN71 & ASTM. Certificate FSC®.AVERTISMENT: Contraindicat copiilor sub 3 ani. Conține piese mici ce pot fi inghițite. Pericol de sufocare. A se utiliza sub directa supraveghere a unei persoane adulte. Producător: Fridolin, Germania.",De logica||Toate||Jocuri,Fr_17323,"IQ Test Tangram in cutie metalica, Fridolin",Fridolin,https://www.boribon.ro/cumpara/iq-test-tangram-in-cutie-metalica-fridolin-384,https://cdnmpro.com/708224949/p/raw/7/iq-test-tangram-in-cutie-metalica-fridolin~1107.jpg,,,,,46.0,tva21,11.0,,0.2 kg,,9.4 cm,"6 - 9, 9+",4031172173236,4031172173236.0,Boribon,,,,4031172173236.0,,China,46.0,Fridolin,17323,oferta jocuri si jucarii septembrie 2025.xlsx,oferta jocuri si jucarii septembrie 2025.xlsx,,,30.36,PUZZLES,"LOGIC,PROBLEM_SOLVING,CRITICAL_THINKING,MOTOR_SKILLS",,ELEMENTARY_6_8,MATHEMATICS
20001,"Test IQ Puzzle 3D din lemn de bambus Boy Scopul jocului este de aranjare a puzzle-ului, sub formă de băiat robot. Dezvoltă perspicacitatea și inteligența. Jocuri de gândire în care trebuie să dezlegați misterul puzzle-urilor. Grad de dificultate: **** Vârsta recomandată +8 ani. Confecționat din lemn și materiale non-toxice conform reglementărilor EN71 & ASTM. Certificate FSC®. AVERTISMENT: Contraindicat copiilor sub 3 ani. Conține piese mici ce pot fi inghițite. A se utiliza sub stricta supraveghere a unei persoane adulte. Producător: Fridolin, Germania.",De logica||Toate||Jocuri||Promotii||Jucarii din lemn,Fr_17342,"Joc logic IQ 3D puzzle Baiat albastru, Fridolin",Fridolin,https://www.boribon.ro/cumpara/joc-logic-iq-3d-puzzle-baiat-albastru-fridolin-1417,https://cdnmpro.com/708224949/p/raw/0/joc-logic-iq-3d-puzzle-baiat-albastru-fridolin~3040.jpg,https://cdnmpro.com/708224949/p/raw/5/joc-logic-iq-3d-puzzle-baiat-albastru-fridolin~3305.jpg,https://cdnmpro.com/708224949/p/raw/6/joc-logic-iq-3d-puzzle-baiat-albastru-fridolin~3306.jpg,,,56.0,tva21,33.0,,0.2 kg,,4.8 cm,"6 - 9, 9+",4031172173427,4031172173427.0,Boribon,,,,4031172173427.0,,China,56.0,Fridolin,17342,oferta jocuri si jucarii septembrie 2025.xlsx,oferta jocuri si jucarii septembrie 2025.xlsx,,,36.96,ROBOTICS,"PROBLEM_SOLVING,CRITICAL_THINKING,LOGIC,CREATIVITY",,ELEMENTARY_6_8,TECHNOLOGY
3895,"Kit STEM Copiii descopera principiile de codare si cum functioneaza robotii Acest mic și simpatic sandviș cu gem este de fapt un robot care îi învață pe copii principiile și abilitățile de codare. Nu aveți nevoie de o tabletă, de un smartphone sau de un computer pentru a programa acest robot; programele sunt create prin simpla așezare a unei secvențe de carduri.Pe măsură ce robotul trece peste cardurile de cod, un scaner optic OID din partea de jos a robotului citește cardurile de cod unul câte unul și încarcă programul. Apoi, plasați robotul pe o grilă, iar el va execută programul. Puteți programa robotul să se deplaseze în diferite direcții, să își activeze angrenajul de ieșire, să își aprindă LED-ul, să emită sunete și să răspundă la diferite carduri de funcții. Angrenajul de ieșire integrat face posibilă construirea unor creații robotice simple, cu brațe sau alte părți mobile care răspund conform instrucțiunilor programului.Acest kit de robot predă, de asemenea, abilități de inginerie fizică și de rezolvare a problemelor printr-o serie de lecții de construcție și codificare. Cele 30 de lecții sunt aliniate la standardele pentru educația în domeniul informaticii elaborate de Computer Science Teachers Association (CSTA) și de International Society for Technology (ISTE) Education, precum și la cursurile de la Code.org. Lecțiile progresează în complexitate prin intermediul manualului ilustrat, permițând kitului să fie adecvat pentru un copil de la 4 ani cu ajutorul unui adult și până la opt ani. Lecțiile acoperă aceste șase domenii cheie în codificare: secvențiere, bucle, evenimente, condiționale, funcții și variabile.Sunt incluse 6 povești, fiecare cu o serie de provocări de construcție modele și de codificare precum și lecții legate de acestea: un șoarece se deplasează printr-un labirint pentru a găsi brânză; un pinguin se plimbă printr-o grădină zoologică; un jucător de fotbal dă o minge în poartă; un camion de pompieri stinge un incendiu; și un robot de fabrică îndeplinește sarcini într-o secție de fabrică. Un manual ilustrat în culori îi ghidează pe utilizatori prin lecțiile de codare și asamblarea diferitelor modele.Conține 417 piese, 30 de experimente, manual cu instrucțiuni. Confecționat din plastic. Conform reglementarilor EN71&ASTM.AVERTISMENT: Contraindicat copiilor sub 3 ani, conține piese mici. Se recomandă supravegherea copilului de către un adult în timpul jocului. Citiți instrucțiunile înainte de utilizare, urmați-le și păstrați-le pentru referință.Produs in Taiwan pentru Thames & Kosmos, Anglia. Manual Kit STEM Primii pasi Principii de codare si roboti - descarca fisier",Jocuri||De construit||STEM,K_567012,"Kit STEM Primii pasi Principii de codare si roboti, Thames & Kosmos",Thames & Kosmos,https://www.boribon.ro/cumpara/kit-stem-primii-pasi-principii-de-codare-si-roboti-thames-kosmos-3895,https://cdnmpro.com/708224949/p/raw/2/kit-stem-primii-pasi-principii-de-codare-si-roboti-thames-kosmos~10152.jpg,https://cdnmpro.com/708224949/p/raw/9/kit-stem-primii-pasi-principii-de-codare-si-roboti-thames-kosmos~10149.jpg,https://cdnmpro.com/708224949/p/raw/0/kit-stem-primii-pasi-principii-de-codare-si-roboti-thames-kosmos~10150.jpg,https://cdnmpro.com/708224949/p/raw/1/kit-stem-primii-pasi-principii-de-codare-si-roboti-thames-kosmos~10151.jpg,https://cdnmpro.com/708224949/p/raw/3/kit-stem-primii-pasi-principii-de-codare-si-roboti-thames-kosmos~14263.jpg,907.0,tva21,3.0,"Baiat, Fata",0.9 kg,29 cm,43 cm,"3 - 6, 6 - 9",814743013490,814743013490.0,Boribon,,,,814743013490.0,Kit STEM Primii pasi Principii de codare si roboti,Taiwan,907.0,Thames&Kosmos,K_567012,oferta STEM si constructie septembrie 2025.xlsx,oferta STEM si constructie septembrie 2025.xlsx,,2.4040376,625.83,ROBOTICS,"PROBLEM_SOLVING,CRITICAL_THINKING,LOGIC,CREATIVITY",,TODDLERS_1_3,SCIENCE
20339,"Kinoptik Roboți Un joc distractiv de imaginație, construcție și animație. Copiii proiectează și creează roboți aiuriți combinând părțile magnetice de pe tablă - există mii de combinații din care pot să aleagă. Prin mișcarea filtrului optic, ei pot face roboții să prindă viață și să se miște în moduri magice și neașteptate. Broșura de instrucțiuni este inclusă. Joc care stimulează imaginația: copilul construiește forme noi și le adaptează după funcționalitate; set de îndemânare: copilul asamblează pe planșa de lucru formele după model sau liber; joc de animație: cu ajutorul filtrelor se creează efecte optice dinamice. Un exercițiu de creativitate și logică. O mulțime de piese pentru ore de joacă.Conținut: tablă magnetică (30 x 30 cm), 2 filtre optice (24 x 24 cm și 19 x 19 cm), 60 piese de magnetice, broșură cu instrucțiuni.Vârsta recomandată: 6-10 ani.Confecționat din materiale non-toxice, conform reglementărilor EN71&ASTM, cu certificare FSC®.AVERTISMENT: Conține magneți! Contraindicat copiilor sub 3 ani, conține piese mici, pericol de sufocare. A se utiliza sub directa supraveghere a unui adult. Producător: Djeco, Franța",De construit||Toate||Jocuri||Educative||Magnetice,DJ05611,"Kinoptik Roboti, Djeco",Djeco,https://www.boribon.ro/cumpara/kinoptik-roboti-djeco-1527,https://cdnmpro.com/708224949/p/raw/3/kinoptik-roboti-djeco~16373.jpg,https://cdnmpro.com/708224949/p/raw/3/kinoptik-roboti-djeco~3213.jpg,https://cdnmpro.com/708224949/p/raw/9/kinoptik-roboti-djeco~3599.jpg,https://cdnmpro.com/708224949/p/raw/4/kinoptik-roboti-djeco~16374.jpg,,120.65,tva21,12.0,Baiat,0.2 kg,,32 cm,"3 - 6, 6 - 9",3070900056114,3070900056114.0,Boribon,6.0,Toys & games,CONSTRUCTION,3070900056114.0,Robots - 58pcs *,Chine,127.0,Djeco,DJ05611,oferta djeco noiembrie 2025.xlsx,oferta djeco noiembrie 2025.xlsx,,1.48,83.82,ROBOTICS,"PROBLEM_SOLVING,CRITICAL_THINKING,LOGIC,CREATIVITY",,TODDLERS_1_3,TECHNOLOGY
8001,"Cleverclixx Set de Piste de Curse - 65 Piese: Distracție Fără Sfârșit! Descoperă plăcerea nesfârșită a curselor de mașini cu acest set Cleverclixx de 65 de piese! Copilul va construi piste de curse originale, la diferite niveluri, dezvoltându-și creativitatea și îndemânarea. Setul include semne de circulație, un automobil care se deplasează singur și piloni pentru o experiență de joc captivantă. 🚀 Creativitate fără limite și învățare prin joacă Încurajează explorarea de forme noi și structuri inovatoare. Dezvoltă gândirea spațială și abilitățile de rezolvare a problemelor. Perfect pentru joacă individuală sau în grup. 🌟 Experiență de construcție fără limite Creează structuri diverse. Conține piese patrate, dreptunghiulare, triunghiulare, crenelate, de dimensiuni si culori diferite. Compatibil cu alte seturi Cleverclixx precum și cu alte seturi magnetice pentru construcții infinite. Se poate fixa pe suprafețe magnetice, precum un calorifer, pentru a crea în plan vertical. Se poate desena și scrie pe piese cu markere lavabile pentru mai multă distracție. 🎓 Învață prin metoda STEAM Joaca cu Cleverclixx stimulează dezvoltarea motorie și cognitivă, fiind tot mai des utilizată în grădinițe și școli primare.🌍 STEAM = Știință, Tehnologie, Inginerie, Arte & Matematică – o metodă modernă de învățare practică. 🏆 Calitate și siguranță ✔ Potrivit pentru copii de la 3 ani✔ 65 de piese din plastic MABS fără BPA✔ Certificări: CPSC, CE, EN71, ASTM Transformă fiecare sesiune de joacă într-o aventură creativă și educativă! AVERTISMENT: Contraindicat copiilor sub 3 ani. Se recomandă supravegherea copilului de către un adult în timpul jocului.Produs de Cleverclixx",Jocuri||Toate||De construit||Educative||STEM||Magnetice,CC-1011,"Jocuri magnetice Traseu de curse 65 piese, Cleverclixx",Cleverclixx,https://www.boribon.ro/cumpara/jocuri-magnetice-traseu-de-curse-65-piese-cleverclixx-8001,https://cdnmpro.com/708224949/p/raw/5/jocuri-magnetice-traseu-de-curse-65-piese-cleverclixx~100019515.jpg,https://cdnmpro.com/708224949/p/raw/0/jocuri-magnetice-traseu-de-curse-65-piese-cleverclixx~100019500.jpg,https://cdnmpro.com/708224949/p/raw/3/jocuri-magnetice-traseu-de-curse-65-piese-cleverclixx~100019503.jpg,https://cdnmpro.com/708224949/p/raw/6/jocuri-magnetice-traseu-de-curse-65-piese-cleverclixx~100019506.jpg,https://cdnmpro.com/708224949/p/raw/9/jocuri-magnetice-traseu-de-curse-65-piese-cleverclixx~100019509.jpg,629.0,tva21,14.0,"Baiat, Fata",2.9 kg,23 cm,37.5 cm,3 - 6,6096125953998,6096125953998.0,Boribon,,,,6096125953998.0,Race Track Intense 65 pieces,China,629.0,Cleverclixx,CC-1011,oferta STEM si constructie septembrie 2025.xlsx,oferta STEM si constructie septembrie 2025.xlsx,2.7,2.43,434.01,CONSTRUCTION_SETS,"CREATIVITY,MOTOR_SKILLS,PROBLEM_SOLVING",,TODDLERS_1_3,MATHEMATICS
7986,"Cleverclixx Set magnetic Inventiv – Creează construcții pe măsura imaginației tale! Descoperă setul cu 110 piese magnetice cu forme diverse, concepute pentru a permite copiilor să construiască structuri mai complexe și impresionante. Copilul va explora forme și culori diferite, dezvoltându-și imaginația și îndemânarea. Este setul perfect pentru a construi împreună cu familia și pentru a realiza creații de mari dimensiuni! 🚀 Creativitate fără limite și învățare prin joacă Încurajează explorarea de forme noi și structuri inovatoare. Dezvoltă gândirea spațială și abilitățile de rezolvare a problemelor. Perfect pentru joacă individuală sau în grup. 🌟 Experiență de construcție fără limite Creează structuri diverse. Conține piese patrate, dreptunghiulare, triunghiulare, crenelate, de dimensiuni si culori diferite. Compatibil cu alte seturi Cleverclixx precum și cu alte seturi magnetice pentru construcții infinite. Se poate fixa pe suprafețe magnetice, precum un calorifer, pentru a crea în plan vertical. Se poate desena și scrie pe piese cu markere lavabile pentru mai multă distracție. 🎓 Învață prin metoda STEAM Joaca cu Cleverclixx stimulează dezvoltarea motorie și cognitivă, fiind tot mai des utilizată în grădinițe și școli primare.🌍 STEAM = Știință, Tehnologie, Inginerie, Arte & Matematică – o metodă modernă de învățare practică. 🏆 Calitate și siguranță ✔ Potrivit pentru copii de la 3 ani✔ 110 piese din plastic MABS fără BPA✔ Certificări: CPSC, CE, EN71, ASTM Transformă fiecare sesiune de joacă într-o aventură creativă și educativă! AVERTISMENT: Contraindicat copiilor sub 3 ani. Se recomandă supravegherea copilului de către un adult în timpul jocului.Produs de Cleverclixx",Jocuri||Toate||De construit||Educative||STEM||Magnetice,CC-1007,"Set magnetic de construit Inventiv 110 piese, Cleverclixx",Cleverclixx,https://www.boribon.ro/cumpara/set-magnetic-de-construit-inventiv-110-piese-cleverclixx-7986,https://cdnmpro.com/708224949/p/raw/6/set-magnetic-de-construit-inventiv-110-piese-cleverclixx~100019806.jpg,https://cdnmpro.com/708224949/p/raw/3/set-magnetic-de-construit-inventiv-110-piese-cleverclixx~100019803.jpg,https://cdnmpro.com/708224949/p/raw/9/set-magnetic-de-construit-inventiv-110-piese-cleverclixx~100019809.jpg,https://cdnmpro.com/708224949/p/raw/2/set-magnetic-de-construit-inventiv-110-piese-cleverclixx~100019812.jpg,https://cdnmpro.com/708224949/p/raw/5/set-magnetic-de-construit-inventiv-110-piese-cleverclixx~100019815.jpg,576.0,tva21,2.0,"Baiat, Fata",3 kg,24 cm,29 cm,3 - 6,6096133132118,6096133132118.0,Boribon,,,,6096133132118.0,Inventive Pack Intense 110 pieces,China,576.0,Cleverclixx,CC-1007,oferta STEM si constructie septembrie 2025.xlsx,oferta STEM si constructie septembrie 2025.xlsx,3.34,3.006,397.44,CONSTRUCTION_SETS,"CREATIVITY,MOTOR_SKILLS,PROBLEM_SOLVING",,TODDLERS_1_3,MATHEMATICS
85389,"Joc de logică Cubissimo Un joc de logică în care jucătorii trebuie să alcătuiască un cub perfect pentru fiecare provocare, folosind cele 7 piese din lemn. Se dă poziția de pornire și este posibilă o singură combinație pentru fiecare provocare. Un total de 30 de provocări cu niveluri crescânde de dificultate. Incendiază-ți celulele creierului! Să te joci singur sau în cooperare cu ceilalți. 3 nivele de dificultate: ușor, mediu și dificil. Dezvoltă răbdarea și logica. Conținut: 7 piese din lemn, suport, 30 de cărți de provocare. Reguli de joc disponibile în 10 limbi. Soluțiile sunt afișate la sfârșitul broșurii. Vârsta recomandată: 7-99 ani. Confecționat din lemn cu vopsele non toxice. Conform reglementărilor EN71&ASTM. Certificare FSC.AVERTISMENT! Contraindicat copiilor sub 3 ani. A se folosi sub directa supraveghere a unei persoane adulte. Producător: Djeco, Franța Cubissimo - descarca aici regulile jocului",De logica||Toate||Jocuri||Educative,DJ08477,"Joc de logica Cubissimo, Djeco",Djeco,https://www.boribon.ro/cumpara/joc-de-logica-cubissimo-djeco-3176,https://cdnmpro.com/708224949/p/raw/0/joc-de-logica-cubissimo-djeco~10310.jpg,https://cdnmpro.com/708224949/p/raw/9/joc-de-logica-cubissimo-djeco~7769.jpg,https://cdnmpro.com/708224949/p/raw/1/joc-de-logica-cubissimo-djeco~10311.jpg,https://cdnmpro.com/708224949/p/raw/2/joc-de-logica-cubissimo-djeco~10312.jpg,https://cdnmpro.com/708224949/p/raw/3/joc-de-logica-cubissimo-djeco~10313.jpg,117.8,tva21,79.0,"Adult, Baiat, Fata",0.5 kg,,21.5 cm,"6 - 9, 9+",3070900084773,3070900084773.0,Boribon,6.0,Toys & games,GAMES,3070900084773.0,Cubissimo *,Chine,124.0,Djeco,DJ08477,oferta djeco noiembrie 2025.xlsx,oferta djeco noiembrie 2025.xlsx,,0.568,81.84,PUZZLES,"LOGIC,PROBLEM_SOLVING,CRITICAL_THINKING,MOTOR_SKILLS",,ELEMENTARY_6_8,GENERAL
110771,"Joc de logică Cubologic 16 Un joc de observație și răbdare. Reconstituiți perfect imaginea de pe cartea provocare folosind cele 16 cuburi! Pentru un jucător. Cadrul din lemn îi ajută pe copii să introducă corect cuburile. Soluțiile provocărilor sunt furnizate în broșură. Ilustrații în stil vintage și o lume de personaje ciudate și amuzante. Dezvoltă răbdarea și logica. Scopul jocului: Recreează imaginea de pe cartea provocare folosind cele 16 cuburi. Fratele mai mare al Cubologic 9, acest joc este compus din 30 de cărți „provocare”. Fiecare carte reprezintă o imagine de reconstituit folosind cele 16 cuburi disponibile. Imaginile sunt mereu compuse din 4 linii a 4 cuburi. Pentru fiecare provocare, este posibilă o singură soluție! +++ Nivel de dificultate progresiv Conținut: 16 cuburi de lemn, 30 de cărți provocare și suport de lemn. Reguli de joc disponibile în 10 limbi. Ilustrator: Ben NewmannVârsta recomandată: 8-99 ani.Confecționat din lemn certificat FSC®. Conform reglementărilor EN71.AVERTISMENT! Contraindicat copiilor sub 3 ani. A se folosi sub directa supraveghere a unei persoane adulte. Producător: Djeco, Franța",De logica||Toate||Jocuri||Educative,DJ08576,"Joc de logica Cubologic 16, Djeco",Djeco,https://www.boribon.ro/cumpara/joc-de-logica-cubologic-16-djeco-3477,https://cdnmpro.com/708224949/p/raw/9/joc-de-logica-cubologic-16-djeco~16359.jpg,https://cdnmpro.com/708224949/p/raw/2/joc-de-logica-cubologic-16-djeco~8462.jpg,https://cdnmpro.com/708224949/p/raw/0/joc-de-logica-cubologic-16-djeco~8730.jpg,https://cdnmpro.com/708224949/p/raw/1/joc-de-logica-cubologic-16-djeco~8731.jpg,,116.85,tva21,33.0,"Adult, Baiat, Fata",0.5 kg,,22 cm,"6 - 9, 9+",3070900085763,3070900085763.0,Boribon,6.0,Toys & games,GAMES,3070900085763.0,Cubologic 16,Chine,123.0,Djeco,DJ08576,oferta djeco noiembrie 2025.xlsx,oferta djeco noiembrie 2025.xlsx,,0.561,81.18,CONSTRUCTION_SETS,"CREATIVITY,MOTOR_SKILLS,PROBLEM_SOLVING,LOGIC",,ELEMENTARY_6_8,GENERAL
7712,"Joc logic OctoPush Un joc uimitor care dă dependență. Puzzle 3D cu blocuri glisante pe care nu vei putea să-l lași jos!Un joc captivant pe care îți va plăcea să-l manevrezi: bucură-te de schimbările rapide de culoare pe măsură ce deplasezi piesele dintr-un pătrat în altul.Dezvoltă răbdarea, logica și abilitățile de deducție.Cele mai rapide soluții la provocări sunt oferite în broșură.Niveluri de dificultate crescătoare. Conținut: cutie din lemn cu o grilă din plastic, 9 octaedre din lemn și 90 de provocări (15 cărți cu două fețe). Reguli de joc disponibile în 10 limbi. Vârsta recomandată: 6-99 ani. Pentru un jucător. Confecționat din lemn certificat FSC®. Producător: Djeco. Manual Joc de logica OctoPush, Djeco - descarca aici fisierul",Jocuri||Toate||De logica||Educative,DJ00806,"Joc de logica OctoPush, Djeco",Djeco,https://www.boribon.ro/cumpara/joc-de-logica-octopush-djeco-7712,https://cdnmpro.com/708224949/p/raw/5/joc-de-logica-octopush-djeco~19345.jpg,https://cdnmpro.com/708224949/p/raw/4/joc-de-logica-octopush-djeco~19344.jpg,https://cdnmpro.com/708224949/p/raw/6/joc-de-logica-octopush-djeco~19346.jpg,,,136.8,tva21,9.0,"Baiat, Fata",0.8 kg,,21.5 cm,"6 - 9, 9+",3070900008069,3070900008069.0,Boribon,6.0,Toys & Games,GAMES,3070900008069.0,OctoPush,Chine,144.0,Djeco,DJ00806,oferta djeco noiembrie 2025.xlsx,oferta djeco noiembrie 2025.xlsx,,0.652,95.04,PUZZLES,"LOGIC,PROBLEM_SOLVING,CRITICAL_THINKING,MOTOR_SKILLS",,ELEMENTARY_6_8,GENERAL
8555,"Joc logic educativ cu rachete si planete Rocket Track este un joc de logică cu provocarea de a construi un labirint funcțional pentru a trimite fiecare rachetă către planeta corectă. Nu e de râs cu gașca și nici de socializat. E un joc de concentrare pură, tip „creier la muncă”, cu dificultate progresivă. Descoperă singura cale posibilă de a ghida rachetele prin galaxie spre planeta lor! Jocul are 4 niveluri de dificultate progresivă. Poate fi jucat individual sau în mod cooperativ. Ce conține: • Tablă de joc ilustrată, față-verso• 20 cărți-provocare (40 de provocări)• 12 piese tip domino (drumuri)• 2 piese pătrate de drum• 4 planete• 4 rachete• Reguli de joc Cum se joacă: Alegi o carte-provocare și montezi tabla conform culorii indicate. Folosești doar piesele indicate pe carte pentru a construi o singură variantă de traseu continuu. Scopul este să conectezi fiecare rachetă cu planeta de aceeași culoare. Provocarea este rezolvată doar dacă există o singură soluție validă, fără drumuri moarte și fără piese suprapuse. Beneficiile jocului: • Dezvoltă gândirea logică și rezolvarea de probleme• Antrenează atenția, răbdarea și planificarea• Dificultate progresivă, potrivită de la copii la adulți• Pentru joc individual sau de cooperare, fără ecrane, fără distrageri Vârsta recomandată: 7-99 ani. Fabricat din lemn FSC® certificat AVERTISMENT! Contraindicat copiilor sub 3 ani. A se folosi sub directa supraveghere a unei persoane adulte. Producător: Djeco. Franta Manual Joc logic cu rachete si planete, Djeco - descarca aici fisierul",Jocuri||Toate||De logica||Educative||Noutati,DJ00825,"Joc logic cu rachete si planete, Djeco",Djeco,https://www.boribon.ro/cumpara/joc-logic-cu-rachete-si-planete-djeco-8555,https://cdnmpro.com/708224949/p/raw/1/joc-logic-cu-rachete-si-planete-djeco~100158021.jpg,https://cdnmpro.com/708224949/p/raw/4/joc-logic-cu-rachete-si-planete-djeco~100158024.jpg,https://cdnmpro.com/708224949/p/raw/7/joc-logic-cu-rachete-si-planete-djeco~100158027.jpg,https://cdnmpro.com/708224949/p/raw/0/joc-logic-cu-rachete-si-planete-djeco~100158030.jpg,,84.55,tva21,22.0,Baiat,0.45 kg,,15 cm,"6 - 9, 9+",3070900008250,3070900008250.0,Boribon,12.0,TOYS & GAMES,GAMES,3070900008250.0,Track Puzzle,Chine,,Djeco,DJ00825,oferta djeco noiembrie 2025.xlsx,oferta djeco noiembrie 2025.xlsx,,,0.0,CONSTRUCTION_SETS,"CREATIVITY,MOTOR_SKILLS,PROBLEM_SOLVING,LOGIC",,ELEMENTARY_6_8,SCIENCE
16703,"Eduludo forme geometrice Un joc din colecția Eduludo care oferă o introducere simplă și distractivă în geometrie și explorarea formelor prin joc. Jocul cu formele tangramului oferă copiilor o introducere în geometrie. Trei niveluri de dificultate, pentru ca fiecare copil să poată progresa în ritmul său. Sunt incluse soluții, astfel încât copiii să își poată corecta propriile puzzle-uri. Fiecare kit Eduludo, extrem de educativ, se concentrează pe un proces de învățare specific pentru a ajuta copiii să își dezvolte abilitățile cognitive. Conținut: 24 de provocări cu 3 nivele de dificultate diferite (12 cartonașe cu două fețe) 36 de piese din lemn de diferite forme și dimensiuni săculeț din textil pentru depozitarea pieselor 12 cărți cu răspuns față-verso Cum se joaca: Copilul alege o provocare de pe cartonaș și începe să realizeze forma geometrică indicată, potrivind piesele din lemn pe baza de joc. Trei niveluri de dificultate permit adaptarea progresului la abilitățile copilului, iar soluțiile incluse ajută la auto‑verificare, stimulând independența în învățare. Vârsta recomandată: 3 - 6 ani. Confecționat din lemn, hârtie și carton certificate FSC®.AVERTISMENT: Contraindicat copiilor sub 3 ani. Conține părti mici ce pot fi înghițite, pericol de sufocare. A se utiliza sub directa supraveghere a unei persoane adulte. Producător: Djeco, Franţa.",De construit||Toate||Jucarii Montessori||Educative,DJ08300,"Joc Eduludo Forme geometrice, Djeco",Djeco,https://www.boribon.ro/cumpara/joc-eduludo-forme-geometrice-djeco-515,https://cdnmpro.com/708224949/p/raw/2/joc-eduludo-forme-geometrice-djeco~12792.jpg,https://cdnmpro.com/708224949/p/raw/2/joc-eduludo-forme-geometrice-djeco~1322.jpg,https://cdnmpro.com/708224949/p/raw/3/joc-eduludo-forme-geometrice-djeco~2023.jpg,https://cdnmpro.com/708224949/p/raw/4/joc-eduludo-forme-geometrice-djeco~2024.jpg,,93.1,tva21,20.0,"Baiat, Fata",0.3 kg,,21.5 cm,3 - 6,3070900083004,3070900083004.0,Boribon,6.0,Toys & games,EDUCATIONAL GAMES,3070900083004.0,Shapes ,Chine,98.0,Djeco,DJ08300,oferta djeco noiembrie 2025.xlsx,oferta djeco noiembrie 2025.xlsx,,0.802,64.68,PUZZLES,"LOGIC,PROBLEM_SOLVING,CRITICAL_THINKING,MOTOR_SKILLS",,TODDLERS_1_3,MATHEMATICS
4179,"Cabanalock, joc cu diferite sisteme de inchidere Un joc de dexteritate în formă de casă pentru a învața copiii să deschidă și să închidă încuietori. O căsuță din lemn cu 4 ferestre care se deschid și se închid.Patru sisteme de închidere din metal: o cheie, un zăvor, un cârlig și o încuietoare cu pârghie.O ilustrație surpriză este dezvăluită atunci când deschideți ferestrele. Descoperă în imagini petrecerea aniversară a micuței pisici.Cabanalock sprijină copilul în primele etape de învățare. Dezvoltă logica, coordonarea și dexteritatea.Învață despre aspecte ale vieții de zi cu zi.Dimensiune produs: 23 x 21 x 3 cm.Conține: jucărie cu piese care se pot închide cu diferite încuietori (lemn și metal). Vârsta recomandată: +3 ani.Confecționat din lemn certificat FSC® și metal. Conform reglementărilor EN71&ASTM.AVERTISMENT: A se utiliza sub directa supraveghere a unui adult. Producător: Djeco, Franța",Jocuri||Toate||Jucarii Montessori||Puzzle,DJ01659,"Joc educativ Cabanalock, Djeco",Djeco,https://www.boribon.ro/cumpara/joc-educativ-cabanalock-djeco-4179,https://cdnmpro.com/708224949/p/raw/1/joc-educativ-cabanalock-djeco~11161.jpg,https://cdnmpro.com/708224949/p/raw/6/joc-educativ-cabanalock-djeco~11156.jpg,https://cdnmpro.com/708224949/p/raw/7/joc-educativ-cabanalock-djeco~11157.jpg,https://cdnmpro.com/708224949/p/raw/8/joc-educativ-cabanalock-djeco~11158.jpg,https://cdnmpro.com/708224949/p/raw/9/joc-educativ-cabanalock-djeco~11159.jpg,140.6,tva21,17.0,"Baiat, Fata",0.3 kg,,27 cm,3 - 6,3070900016590,3070900016590.0,Boribon,8.0,Toys & games,EDUCATIONAL WOODEN GAMES,3070900016590.0,Cabanalock,Chine,148.0,Djeco,DJ01659,oferta djeco noiembrie 2025.xlsx,oferta djeco noiembrie 2025.xlsx,,0.607,97.68,PUZZLES,"LOGIC,PROBLEM_SOLVING,CRITICAL_THINKING,MOTOR_SKILLS",,TODDLERS_1_3,GENERAL
8048,"Joc magnetic de sortare – FrogyMaze FrogyMaze este un joc magnetic educativ, pentru copiii de peste 3 ani, care transformă învățarea culorilor și formelor într-o aventură amuzantă! Cu ajutorul stiloului magnetic, cei mici ghidează piesele prin labirint și le sortează în funcție de culoare și formă. 🐸 Cum se joacă? Urmează traseele din labirint cu stiloul magnetic Sortează cele 16 piese din lemn în cele 8 spații dedicate Spațiile sunt marcate fie cu flori colorate (pentru culori), fie cu forme geometrice (pentru forme) Ce dezvoltă FrogyMaze? Recunoașterea culorilor și formelor Coordonarea mână-ochi și motricitatea fină, joc pregatitor pentru scris Răbdarea și gândirea logică 🌱 Materiale de calitate: Lemn certificat FSC® – sigur, durabil și ecologic Conține: tablă din lemn cu labirint, 16 piese mobile din lemn (4 culori × 4 forme), stilou magnetic atașat Dimensiuni produs: 22.5 x 22.5 x 1.5 cm AVERTISMENT! Contraindicat copiilor mai mici de 3 ani. Conține magneți. A se folosi sub directa supraveghere a unei persoane adulte. Producător: Djeco.",Jocuri||Toate||Educative||Magnetice,DJ01614,"Joc magnetic de sortare, Djeco",Djeco,https://www.boribon.ro/cumpara/joc-magnetic-de-sortare-djeco-8048,https://cdnmpro.com/708224949/p/raw/8/joc-magnetic-de-sortare-djeco~20908.jpg,https://cdnmpro.com/708224949/p/raw/6/joc-magnetic-de-sortare-djeco~20906.jpg,https://cdnmpro.com/708224949/p/raw/7/joc-magnetic-de-sortare-djeco~20907.jpg,https://cdnmpro.com/708224949/p/raw/9/joc-magnetic-de-sortare-djeco~20909.jpg,,122.55,tva21,22.0,"Baiat, Fata",0.6 kg,,26 cm,3 - 6,3070900016149,3070900016149.0,Boribon,12.0,Toys & games,EDUCATIONAL WOODEN GAMES,3070900016149.0,FrogyMaze,Chine,129.0,Djeco,DJ01614,oferta djeco noiembrie 2025.xlsx,oferta djeco noiembrie 2025.xlsx,,0.616,85.14,CONSTRUCTION_SETS,"CREATIVITY,MOTOR_SKILLS,PROBLEM_SOLVING,LOGIC",,TODDLERS_1_3,MATHEMATICS
7997,"Joc de Memorie – Gaini cu pui 🐥🐔 Un joc de memorie captivant pentru întreaga familie! În cotețul Londji, găinile își caută puii proaspăt ieșiți din ou. Poți să le ajuți să-i găsească? Formează cât mai multe perechi de găini și pui pentru a câștiga jocul! 🔹 Stimulează memoria și logica🔹 Dezvoltă atenția, concentrarea și orientarea în spațiu🔹 Îi învață pe cei mici să-și aștepte rândul și să ia decizii gândite 🎲 Cum se joacă?Un joc clasic de memorie, în care trebuie să găsești și să potrivești cele 15 perechi de găini și pui. Câștigă jucătorul care formează cele mai multe perechi! 🌱 Materiale ecologice & sigure pentru copii Fabricat din carton reciclat 📦 Conținutul cutiei: 30 de piese ilustrate delicat de Mar Ferrero Instrucțiuni disponibile în engleză, franceză, germană, italiană, spaniolă și catalană Dimensiuni compacte, ușor de luat în călătorii 📍 Fabricat cu grijă în Barcelona Avertisment! Nu este potrivit pentru copiii sub 3 ani. Conține piese mici. Produs de Londji",Jocuri||Toate||Puzzle||Educative,LJ_DI022U,"Joc de memorie Gaini cu pui, Londji",Londji,https://www.boribon.ro/cumpara/joc-de-memorie-gaini-cu-pui-londji-7997,https://cdnmpro.com/708224949/p/raw/8/joc-de-memorie-gaini-cu-pui-londji~20678.jpg,https://cdnmpro.com/708224949/p/raw/2/joc-de-memorie-gaini-cu-pui-londji~20672.jpg,https://cdnmpro.com/708224949/p/raw/3/joc-de-memorie-gaini-cu-pui-londji~20673.jpg,https://cdnmpro.com/708224949/p/raw/4/joc-de-memorie-gaini-cu-pui-londji~20674.jpg,https://cdnmpro.com/708224949/p/raw/6/joc-de-memorie-gaini-cu-pui-londji~20676.jpg,160.0,tva21,6.0,"Baiat, Fata",0.8 kg,,17.5 cm,3 - 6,LJ_DI022U,,Boribon,,,,,,Spania,160.0,Londji,,,oferta jocuri si jucarii septembrie 2025.xlsx,,,105.6,PUZZLES,"LOGIC,PROBLEM_SOLVING,CRITICAL_THINKING,MOTOR_SKILLS",,TODDLERS_1_3,GENERAL
23029,"Tren cu sine din lemn Un circuit rotund pentru tren cu vagoane (vagoanele sunt prinse intre ele cu magneti). In jurul său un mic orășel animat de figurinele din lemn, completeaza povestea celor mici. Vârsta recomandată: +3 ani.Confecționat din lemn, cu metal și magnet. Vopsele pe bază de apă, non-toxice. Conform reglementărilor EN71&ASTM.AVERTISMENT: Contraindicat copiilor mai mici de 3 ani, conţine piese mici. A se folosi sub directa supraveghere a unei persoane adulte. Producător: Egmont Toys, Belgia",De Bebe||Jucarii||Toate||Vehicule||Promotii,Egm_511082,"Circuit Tren si Figurine, Egmont Toys",Egmont Toys,https://www.boribon.ro/cumpara/circuit-tren-si-figurine-egmont-toys-2467,https://cdnmpro.com/708224949/p/raw/8/circuit-tren-si-figurine-egmont-toys~5208.jpg,,,,,203.0,tva21,12.0,"Baiat, Fata",1.5 kg,,45 cm,3 - 6,5420023037374,5420023037374.0,Boribon,,,,5420023037374.0,Circuit Tren si Figurine ,,203.0,Egmont toys,511082,oferta jocuri si jucarii septembrie 2025.xlsx,oferta jocuri si jucarii septembrie 2025.xlsx,0.0,,133.98,CONSTRUCTION_SETS,"CREATIVITY,MOTOR_SKILLS,PROBLEM_SOLVING",,TODDLERS_1_3,TECHNOLOGY
69576,"Un joc clasic - circuit domino Conține: 200 piese de domino din lemn (câteva sunt mai mari, 1 piesă are atașat 1 clopoțel, pentru a marca finalul lanțului). Scopul jocului: să îți pui în joc toate piesele de domino sau să dobori întregul lanț din piese, dintr-o mișcare. Vârsta recomandată: +3 ani.Confecționat din materiale și vopsele non toxice conform reglementărilor EN71&ASTM.AVERTISMENT: Contraindicat copiilor sub 3 ani. Conține părți mici. Se recomandă supravegherea copilului de către un adult în timpul jocului.Producător: Egmont Toys, Belgia.",De construit||Toate||Jocuri||Jucarii Montessori||Educative,Egm_570135,"Joc Circuit Domino, Egmont Toys",Egmont Toys,https://www.boribon.ro/cumpara/joc-circuit-domino-egmont-toys-2973,https://cdnmpro.com/708224949/p/raw/9/joc-circuit-domino-egmont-toys~6639.jpg,,,,,140.0,tva21,7.0,,2 kg,,27.5 cm,"3 - 6, 6 - 9",5420023034724,5420023034724.0,Boribon,,,,5420023034724.0,Joc Domino ,,140.0,Egmont toys,570135,oferta jocuri si jucarii septembrie 2025.xlsx,oferta jocuri si jucarii septembrie 2025.xlsx,1.276,1.16,92.4,CONSTRUCTION_SETS,"CREATIVITY,MOTOR_SKILLS,PROBLEM_SOLVING",,TODDLERS_1_3,TECHNOLOGY
8034,"Joc Magnetic Caterpillar – Antrenează logica și imaginația celor mici! Jocul magnetic ""Omida"" de la Egmont Toys este o provocare captivantă pentru copiii de peste 4 ani, stimulând gândirea logică și coordonarea mână-ochi. 🧠 Caracteristici principale: Obiectivul jocului: Recompune omida astfel încât să-și arate hrana prin ferestrele rotunde, evitând în același timp pietrele. Conținut: 18 carduri magnetice care se plasează pe tablă, oferind multiple combinații și provocări. Portabilitate: Design compact și piese magnetice, ideal pentru călătorii și activități în aer liber. Beneficii educative: Dezvoltă logica, concentrarea și abilitățile motorii fine într-un mod distractiv. 📦 Specificații: Vârsta recomandată: 4+ ani Materiale: Carton și metal Potrivit pentru acasă sau în deplasare, acest joc oferă o alternativă educativă și distractivă la jocurile electronice. AVERTISMENT: Contraindicat copiilor sub 3 ani. Conține părți mici. Se recomandă supravegherea copilului de către un adult în timpul jocului. Citiți cu atenție eticheta produsului.Producător: Egmont Toys, Belgia.",Jocuri||Toate||De logica||Magnetice,Egm_630676,"Joc magnetic Caterpillar, Egmont Toys",Egmont Toys,https://www.boribon.ro/cumpara/joc-magnetic-caterpillar-egmont-toys-8034,https://cdnmpro.com/708224949/p/raw/4/joc-magnetic-caterpillar-egmont-toys~20854.jpg,https://cdnmpro.com/708224949/p/raw/0/joc-magnetic-caterpillar-egmont-toys~20850.jpg,https://cdnmpro.com/708224949/p/raw/1/joc-magnetic-caterpillar-egmont-toys~20851.jpg,https://cdnmpro.com/708224949/p/raw/2/joc-magnetic-caterpillar-egmont-toys~20852.jpg,https://cdnmpro.com/708224949/p/raw/3/joc-magnetic-caterpillar-egmont-toys~20853.jpg,98.0,tva21,15.0,"Baiat, Fata",0.45 kg,,23 cm,"3 - 6, 6 - 9",5420023044952,5420023044952.0,Boribon,,,,5420023044952.0,MAGNETIC GAME CATERPILLAR,,98.0,Egmont toys,630676,oferta jocuri si jucarii septembrie 2025.xlsx,oferta jocuri si jucarii septembrie 2025.xlsx,,0.45,64.68,CONSTRUCTION_SETS,"CREATIVITY,MOTOR_SKILLS,PROBLEM_SOLVING,LOGIC",,TODDLERS_1_3,TECHNOLOGY
8035,"Joc Magnetic Fluturi – Provocare logică și distracție pentru cei mici! 🦋 Obiectivul jocului: Așază toate piesele magnetice pe tablă astfel încât fiecare fluture să apară în ferestrele rotunde. 60 de provocări progresive: De la niveluri ușoare la dificile, acest joc dezvoltă gândirea logică și capacitatea de rezolvare a problemelor. Ghid cu soluții inclus: Pentru a sprijini copiii în procesul de învățare și a le oferi feedback constructiv. Portabil și practic: Design compact, ideal pentru călătorii sau activități în aer liber. 📦 Specificații: Vârsta recomandată: 4+ ani Materiale: Carton și metal Potrivit pentru acasă sau în deplasare, acest joc oferă o alternativă educativă și distractivă la jocurile electronice. AVERTISMENT: Contraindicat copiilor sub 3 ani. Conține părți mici. Se recomandă supravegherea copilului de către un adult în timpul jocului. Citiți cu atenție eticheta produsului.Producător: Egmont Toys, Belgia.",Jocuri||Toate||De logica||Magnetice,Egm_630677,"Joc magnetic Fluturi, Egmont Toys",Egmont Toys,https://www.boribon.ro/cumpara/joc-magnetic-fluturi-egmont-toys-8035,https://cdnmpro.com/708224949/p/raw/8/joc-magnetic-fluturi-egmont-toys~20858.jpg,https://cdnmpro.com/708224949/p/raw/5/joc-magnetic-fluturi-egmont-toys~20855.jpg,https://cdnmpro.com/708224949/p/raw/6/joc-magnetic-fluturi-egmont-toys~20856.jpg,https://cdnmpro.com/708224949/p/raw/7/joc-magnetic-fluturi-egmont-toys~20857.jpg,,98.0,tva21,16.0,"Baiat, Fata",0.45 kg,,23 cm,"3 - 6, 6 - 9",5420023044969,5420023044969.0,Boribon,,,,5420023044969.0,MAGNETIC GAME BUTTERFLY,,98.0,Egmont toys,630677,oferta jocuri si jucarii septembrie 2025.xlsx,oferta jocuri si jucarii septembrie 2025.xlsx,,0.45,64.68,CONSTRUCTION_SETS,"CREATIVITY,MOTOR_SKILLS,PROBLEM_SOLVING,LOGIC",,TODDLERS_1_3,TECHNOLOGY
8038,"Joc Magnetic Sudoku Pădure – Antrenează logica și concentrarea în stil natural! Descoperă o variantă inedită a clasicului joc Sudoku, adaptată pentru cei mici - jocul magnetic ""Sudoku Pădure"" de la Egmont Toys. Acest joc combină provocările logice cu elemente vizuale atractive din natură, oferind o experiență educativă și captivantă. 🧠 Caracteristici principale: Provocări logice cu tematică forestieră: Copiii trebuie să plaseze animalele sălbatice în grilă, respectând regulile clasice ale Sudoku-ului, dezvoltând astfel gândirea critică și abilitățile de rezolvare a problemelor. Piese magnetice durabile: Piesele magnetice sunt ușor de manevrat și fixat pe tablă, fiind potrivite pentru mâinile mici ale copiilor. 📦 Specificații: Vârsta recomandată: 4+ ani Compoziție: Carton și metal Potrivit pentru acasă sau în deplasare, acest joc oferă o alternativă educativă și distractivă la jocurile electronice. AVERTISMENT: Contraindicat copiilor sub 3 ani. Conține părți mici. Se recomandă supravegherea copilului de către un adult în timpul jocului. Citiți cu atenție eticheta produsului.Producător: Egmont Toys, Belgia.",Jocuri||Toate||De logica||Educative||Magnetice,Egm_630680,"Joc magnetic Sudoku pentru copii, Egmont Toys",Egmont Toys,https://www.boribon.ro/cumpara/joc-magnetic-sudoku-pentru-copii-egmont-toys-8038,https://cdnmpro.com/708224949/p/raw/3/joc-magnetic-sudoku-pentru-copii-egmont-toys~20873.jpg,https://cdnmpro.com/708224949/p/raw/0/joc-magnetic-sudoku-pentru-copii-egmont-toys~20870.jpg,https://cdnmpro.com/708224949/p/raw/1/joc-magnetic-sudoku-pentru-copii-egmont-toys~20871.jpg,https://cdnmpro.com/708224949/p/raw/2/joc-magnetic-sudoku-pentru-copii-egmont-toys~20872.jpg,,98.0,tva21,14.0,"Baiat, Fata",0.45 kg,,23 cm,"3 - 6, 6 - 9",5420023044990,5420023044990.0,Boribon,,,,5420023044990.0,MAGNETIC GAME FOREST-SUDOKU,,98.0,Egmont toys,630680,oferta jocuri si jucarii septembrie 2025.xlsx,oferta jocuri si jucarii septembrie 2025.xlsx,,0.4,64.68,CONSTRUCTION_SETS,"CREATIVITY,MOTOR_SKILLS,PROBLEM_SOLVING,LOGIC",,TODDLERS_1_3,TECHNOLOGY
51226,"Set Magformers cu 30 de piese cu magnet, de formă pătrată și triunghiulară, cu ajutorul cărora copiii pot să contruiască orice modele doresc. Posibilitățile și distracția sunt nelimitate, așa că cei mici pot să își lase imaginația liberă și creativitatea lor va prinde cât mai multe forme. Proiectate și dezvoltate de specialiști de la „Magformers” - liderul global în domeniul jocului de construit cu magnet, și „Clics” - marcă de jucării cu renume în Belgia, Magformers înseamnă mai mult decât o simplă jucărie. Magformers reunește piese și accesorii pentru construit cu magneți, dezvoltând îndemânarea, creativitatea și imaginația. Magformers este o jucărie de construcție pentru fiecare copil, un mod inedit de a îmbina piesele, garantând pentru calitate și diversitate. Magformers oferă piese de bază simple, cu un nivel ridicat de aplicabilitate, dezvoltându-și îndemânarea, înțelegând spațialitatea și geometria. Siguranța este esențială, așadar piesele cu magnet sunt sigure pentru cei mici! Magneții sunt încapsulați în interiorul pieselor, pe toate laturile lor, și poziționati astfel încât polii lor să se atragă, indiferent de modul în care piesele sunt apropiate, ceea ce este un avantaj inedit! Piesele Magformers se pot apropia pentru a construi apoi prin pliere, combinarea de mai multe părți, îndoirea sau extensia unor laturi, astfel că posibilitățile sunt nelimitate. Vârsta recomandată: +3 ani. AVERTISMENT! Contraindicat copiilor sub 3 ani. A se folosi sub directa supraveghere a unei persoane adulte. Producător: Clics toys, Belgia.",De construit||Outlet %,clic-702001,"Set magnetic de construit- Set de baza Magformers, 30 piese",Clicstoys,https://www.boribon.ro/cumpara/set-magnetic-de-construit-set-de-baza-magformers-30-piese-2649,https://cdnmpro.com/708224949/p/raw/1/set-magnetic-de-construit-set-de-baza-magformers-30-piese~5711.jpg,https://cdnmpro.com/708224949/p/raw/6/set-magnetic-de-construit-set-de-baza-magformers-30-piese~6096.jpg,https://cdnmpro.com/708224949/p/raw/7/set-magnetic-de-construit-set-de-baza-magformers-30-piese~6097.jpg,https://cdnmpro.com/708224949/p/raw/8/set-magnetic-de-construit-set-de-baza-magformers-30-piese~6098.jpg,https://cdnmpro.com/708224949/p/raw/9/set-magnetic-de-construit-set-de-baza-magformers-30-piese~6099.jpg,338.0,tva21,15.0,"Baiat, Fata",1 kg,6 cm,28 cm,"3 - 6, 6 - 9",8809134367506,8809134367506.0,Boribon,,,,8809134367506.0,"Set magnetic de construit- Set de baza Magformers, 30 piese",,338.0,CLICS,702001,oferta STEM si constructie septembrie 2025.xlsx,oferta STEM si constructie septembrie 2025.xlsx,,,220.12,CONSTRUCTION_SETS,"CREATIVITY,MOTOR_SKILLS,PROBLEM_SOLVING",,TODDLERS_1_3,MATHEMATICS
68212,"Set Magformers cu 30 de piese cu magnet, de formă pătrată și triunghiulară, cu ajutorul cărora copiii pot să contruiască orice modele doresc. Posibilitățile și distracția sunt nelimitate, așa că cei mici pot să își lase imaginația liberă și creativitatea lor va prinde cât mai multe forme. Și fetele merită un set de construit, ele pot fi viitoarele arhitecte! Proiectate și dezvoltate de specialiști de la „Magformers” - liderul global în domeniul jocului de construit cu magnet, și „Clics” - marcă de jucării cu renume în Belgia, Magformers înseamnă mai mult decât o simplă jucărie. Magformers reunește piese și accesorii pentru construit cu magneți, dezvoltând îndemânarea, creativitatea și imaginația. Magformers este o jucărie de construcție pentru fiecare copil, un mod inedit de a îmbina piesele, garantând pentru calitate și diversitate. Magformers oferă piese de bază simple, cu un nivel ridicat de aplicabilitate, dezvoltându-și îndemânarea, înțelegând spațialitatea și geometria. Siguranța este esențială, așadar piesele cu magnet sunt sigure pentru cei mici! Magneții sunt încapsulați în interiorul pieselor, pe toate laturile lor, și poziționati astfel încât polii lor să se atragă, indiferent de modul în care piesele sunt apropiate, ceea ce este un avantaj inedit! Piesele Magformers se pot apropia pentru a construi apoi prin pliere, combinarea de mai multe părți, îndoirea sau extensia unor laturi, astfel că posibilitățile sunt nelimitate. Vârsta recomandată: +3 ani. AVERTISMENT! Contraindicat copiilor sub 3 ani. A se folosi sub directa supraveghere a unei persoane adulte. Producător: Clics toys, Belgia.",De construit||Outlet %,clic-704002,"Set magnetic de construit- Magformers Inspire, 30 piese",Clicstoys,https://www.boribon.ro/cumpara/set-magnetic-de-construit-magformers-inspire-30-piese-2942,https://cdnmpro.com/708224949/p/raw/6/set-magnetic-de-construit-magformers-inspire-30-piese~6416.jpg,https://cdnmpro.com/708224949/p/raw/5/set-magnetic-de-construit-magformers-inspire-30-piese~7085.jpg,https://cdnmpro.com/708224949/p/raw/7/set-magnetic-de-construit-magformers-inspire-30-piese~7087.jpg,https://cdnmpro.com/708224949/p/raw/8/set-magnetic-de-construit-magformers-inspire-30-piese~7088.jpg,https://cdnmpro.com/708224949/p/raw/9/set-magnetic-de-construit-magformers-inspire-30-piese~7089.jpg,326.0,tva21,8.0,"Baiat, Fata",1 kg,5 cm,29 cm,"3 - 6, 6 - 9",8809134367438,8809134367438.0,Boribon,,,,8809134367438.0,"Set magnetic de construit- Magformers Inspire, 30 piese",,326.0,CLICS,704002,oferta STEM si constructie septembrie 2025.xlsx,oferta STEM si constructie septembrie 2025.xlsx,,,212.07,CONSTRUCTION_SETS,"CREATIVITY,MOTOR_SKILLS,PROBLEM_SOLVING",,TODDLERS_1_3,MATHEMATICS
3875,"Set de construit cu magnet Spaghetteez Cele mai noi forme pentru construit- super flexibile, sigure, ușoare, versatile Faceți clic, răsuciți și creați! Construiește cu cele mai inedite instrumente - Spaghetteez, bețișoare moi, flexibile, de diferite culori și dimensiuni. Ele pot fi ușor răsucite și unite, astfel încât copilul să se poată exprima în cel mai creativ mod. Iar când vreți modele noi, nu e nicio problemă, desfaceți bețișoarele spaghetteez și o luați de la capăt, pentru că se pot folosi ori de câte ori doriți. Conține 35 de bețișoare, broșura cu instrucțiuni și modele pas cu pas. Vârsta recomandată: + 4 ani. AVERTISMENT! A se folosi sub directa supraveghere a unei persoane adulte. Asigurați-vă că ați citit toate atenționările înainte de a înmâna jucăria copilului. Produs certificat internațional pentru siguranță. Clics toys, Belgia.",Jocuri||De construit||STEM||Magnetice,Spaghet101005,Set de construit cu magnet Spaghetteez 35 piese,Clicstoys,https://www.boribon.ro/cumpara/set-de-construit-cu-magnet-spaghetteez-35-piese-3875,https://cdnmpro.com/708224949/p/raw/1/set-de-construit-cu-magnet-spaghetteez-35-piese~10051.jpg,https://cdnmpro.com/708224949/p/raw/0/set-de-construit-cu-magnet-spaghetteez-35-piese~10050.jpg,https://cdnmpro.com/708224949/p/raw/2/set-de-construit-cu-magnet-spaghetteez-35-piese~10052.jpg,https://cdnmpro.com/708224949/p/raw/2/set-de-construit-cu-magnet-spaghetteez-35-piese~14212.jpg,https://cdnmpro.com/708224949/p/raw/3/set-de-construit-cu-magnet-spaghetteez-35-piese~14213.jpg,72.0,tva21,6.0,"Baiat, Fata",0.3 kg,16 cm,23 cm,3 - 6,5425002307783,5425002307783.0,Boribon,,,,5425002307783.0,Set de construit cu magnet Spaghetteez 35 piese,,72.0,CLICS,101005,oferta STEM si constructie septembrie 2025.xlsx,oferta STEM si constructie septembrie 2025.xlsx,,,46.29,CONSTRUCTION_SETS,"CREATIVITY,MOTOR_SKILLS,PROBLEM_SOLVING",,TODDLERS_1_3,GENERAL
7790,"Nano Clics Pentru constructori creativi 250 piese Mai multă creativitate într-un pachet mai mic! Cu aceast set de construcție inovator și premiat, Clics invita o nouă generație de constructori să experimenteze lumea imaginativă a jocului de construcție. Seturile versatile au un sistem unic de clicuri, permițând construirea rapidă și ușoară, garantând ore întregi de distracție. Toate piesele se potrivesc perfect, pentru posibilități nelimitate. Ai chef de o nouă construcție? Nicio problemă, dezasamblezi construcția și o iei de la început. Amuzant, creativ și educativ. Nano Clics este conceput pentru a stimula în aceeași măsură imaginația copiilor dar și a adulților. Cadoul ideal pentru Crăciun sau zile de naștere. Diferitele seturi Nano Clics pot fi combinate între ele și extinse după dorință, astfel încât nu există limite pentru jocul creativ.Conține 250 de piese. Fabricat în Belgia din plastic și carton reciclat. Conform standardelor EN71. Vârsta recomandată + 8 ani. AVERTISMENT: Contraindicat copiilor sub 3 ani. Conține piese mici. A se utiliza sub directa supraveghere a unui adult.",Jocuri||Toate||De construit||STEM,clics_NC002,"Nano Clics Pentru constructori creativi 250 piese, Clicformers",Clicstoys,https://www.boribon.ro/cumpara/nano-clics-pentru-constructori-creativi-250-piese-clicformers-7790,https://cdnmpro.com/708224949/p/raw/2/nano-clics-pentru-constructori-creativi-250-piese-clicformers~19652.jpg,https://cdnmpro.com/708224949/p/raw/5/nano-clics-pentru-constructori-creativi-250-piese-clicformers~19645.jpg,https://cdnmpro.com/708224949/p/raw/6/nano-clics-pentru-constructori-creativi-250-piese-clicformers~19646.jpg,https://cdnmpro.com/708224949/p/raw/7/nano-clics-pentru-constructori-creativi-250-piese-clicformers~19647.jpg,https://cdnmpro.com/708224949/p/raw/8/nano-clics-pentru-constructori-creativi-250-piese-clicformers~19648.jpg,113.0,tva21,12.0,"Baiat, Fata",0.3 kg,10 cm,20 cm,"6 - 9, 9+",5425002306779,5425002306779.0,Boribon,,,,5425002306779.0,Nano Clics Pentru constructori creativi 250 piese,,113.0,CLICS,clics_NC002,oferta STEM si constructie septembrie 2025.xlsx,oferta STEM si constructie septembrie 2025.xlsx,,,77.97,CONSTRUCTION_SETS,"CREATIVITY,MOTOR_SKILLS,PROBLEM_SOLVING",,ELEMENTARY_6_8,ENGINEERING
18588,"Joc logic Square sticks Joc logic puzzle 3D din lemn. Scopul jocului este aranjarea pieselor în cât mai multe moduri, 2 sau 3D.Dezlegi misterul puzzle-ului cu concentrare și răbdare. Dezvoltă perspicacitatea, inteligența, spiritul de observatie. Grad de dificultate: ***Vârsta recomandată: +8 ani.Confecționat din lemn și materiale non-toxice conform reglementărilor EN71 & ASTM. AVERTISMENT: Contraindicat copiilor sub 3 ani. Conține piese mici ce pot fi înghițite. Producător: Fridolin, Germania.",De logica||Toate||Jocuri||Jucarii din lemn,Fr_17314,"Joc logic IQ Square sticks, Fridolin",Fridolin,https://www.boribon.ro/cumpara/joc-logic-iq-square-sticks-fridolin-932,https://cdnmpro.com/708224949/p/raw/8/joc-logic-iq-square-sticks-fridolin~2138.jpg,https://cdnmpro.com/708224949/p/raw/0/joc-logic-iq-square-sticks-fridolin~2500.jpg,,,,54.0,tva21,6.0,"Adult, Baiat, Fata",0.3 kg,,7 cm,"6 - 9, 9+",4031172173144,4031172173144.0,Boribon,,,,4031172173144.0,,China,54.0,Fridolin,17314,oferta jocuri si jucarii septembrie 2025.xlsx,oferta jocuri si jucarii septembrie 2025.xlsx,,,35.64,PUZZLES,"LOGIC,PROBLEM_SOLVING,CRITICAL_THINKING,MOTOR_SKILLS",,ELEMENTARY_6_8,GENERAL
18593,"Joc logic Pearls and plates Joc logic puzzle 3D din lemn. Scopul jocului este de a demonta și apoi a reconstrui puzzle-ul. Dezlegi misterul puzzle-ului cu concentrare și răbdare. Dezvoltă perspicacitatea, inteligența. Grad de dificultate: ***.Vârsta recomandată: +8 ani. Confecționat din lemn și materiale non-toxice conform reglementărilor EN71 & ASTM. AVERTISMENT: Contraindicat copiilor sub 3 ani. Conține piese mici ce pot fi înghițite. Producător: Fridolin, Germania.",De logica||Toate||Jocuri||Promotii||Jucarii din lemn,Fr_17316,"Joc logic IQ Pearls and plates, Fridolin",Fridolin,https://www.boribon.ro/cumpara/joc-logic-iq-pearls-and-plates-fridolin-934,https://cdnmpro.com/708224949/p/raw/0/joc-logic-iq-pearls-and-plates-fridolin~2140.jpg,https://cdnmpro.com/708224949/p/raw/4/joc-logic-iq-pearls-and-plates-fridolin~2504.jpg,,,,54.0,tva21,12.0,"Adult, Baiat, Fata",0.3 kg,,7 cm,"6 - 9, 9+",4031172173168,4031172173168.0,Boribon,,,,4031172173168.0,,China,54.0,Fridolin,17316,oferta jocuri si jucarii septembrie 2025.xlsx,oferta jocuri si jucarii septembrie 2025.xlsx,,,35.64,PUZZLES,"LOGIC,PROBLEM_SOLVING,CRITICAL_THINKING,MOTOR_SKILLS",,ELEMENTARY_6_8,GENERAL
18610,"Puzzle 3D Magic sticksJoc logic puzzle 3D din lemn de bambus. Scopul jocului este de a demonta si apoi de a monta la loc puzzle-ul. Jocurile de gândire în care trebuie dezlegat misterul puzzle-urilor, dezvoltă perspicacitatea, inteligența. Grad de dificultate: ***.Confecționat din lemn și materiale non-toxice conform reglementărilor EN71 & ASTM. Certificare FSC®. Vârsta recomandată: +8 ani.AVERTISMENT: Contraindicat copiilor sub 3 ani. Conține piese mici ce pot fi inghițite. A se utiliza sub stricta supraveghere a unei persoane adulte. Producător: Fridolin, Germania.",De logica||Toate||Jocuri||Promotii||Jucarii din lemn,Fr_17492,"Joc logic IQ Puzzle 3D Magic sticks, Fridolin",Fridolin,https://www.boribon.ro/cumpara/joc-logic-iq-puzzle-3d-magic-sticks-fridolin-936,https://cdnmpro.com/708224949/p/raw/3/joc-logic-iq-puzzle-3d-magic-sticks-fridolin~2143.jpg,,,,,60.0,tva21,15.0,"Adult, Baiat, Fata",0.4 kg,,8.5 cm,"6 - 9, 9+",4031172174929,4031172174929.0,Boribon,,,,4031172174929.0,,China,60.0,Fridolin,17492,oferta jocuri si jucarii septembrie 2025.xlsx,oferta jocuri si jucarii septembrie 2025.xlsx,,,39.6,PUZZLES,"LOGIC,PROBLEM_SOLVING,CRITICAL_THINKING,MOTOR_SKILLS",,ELEMENTARY_6_8,GENERAL
18616,"Test IQ Puzzle 3D din lemn de bambus Magic frame Scopul jocului este de a demonta si apoi a monta puzzle-ul. Dezvoltă perspicacitatea și inteligența.Jocuri de gândire în care trebuie să dezlegați misterul puzzle-urilor, dezvoltă perspicacitatea, inteligența. Grad de dificultate: *** Vârsta recomandată +8 ani. Confecționat din lemn și materiale non-toxice conform reglementărilor EN71 & ASTM. Certificate FSC®. AVERTISMENT: Contraindicat copiilor sub 3 ani. Conține piese mici ce pot fi inghițite. A se utiliza sub stricta supraveghere a unei persoane adulte. Producător: Fridolin, Germania.",De logica||Toate||Jocuri||Promotii||Jucarii din lemn,Fr_17497,"Joc logic IQ 3D Puzzle Magic frame, Fridolin",Fridolin,https://www.boribon.ro/cumpara/joc-logic-iq-3d-puzzle-magic-frame-fridolin-939,https://cdnmpro.com/708224949/p/raw/6/joc-logic-iq-3d-puzzle-magic-frame-fridolin~2146.jpg,,,,,60.0,tva21,11.0,"Adult, Baiat, Fata",0.4 kg,,8.5 cm,"6 - 9, 9+",4031172174974,4031172174974.0,Boribon,,,,4031172174974.0,,China,60.0,Fridolin,17497,oferta jocuri si jucarii septembrie 2025.xlsx,oferta jocuri si jucarii septembrie 2025.xlsx,,,39.6,PUZZLES,"LOGIC,PROBLEM_SOLVING,CRITICAL_THINKING,MOTOR_SKILLS",,ELEMENTARY_6_8,GENERAL
18973,"Test IQ Puzzle 3D din lemn de bambus Star Scopul jocului este de a demonta si apoi a monta puzzle-ul. Dezvoltă perspicacitatea și inteligența.Jocuri de gândire în care trebuie să dezlegați misterul puzzle-urilor, dezvoltă perspicacitatea, inteligența. Grad de dificultate: **** Vârsta recomandată +8 ani. Confecționat din lemn și materiale non-toxice conform reglementărilor EN71 & ASTM. Certificate FSC®. AVERTISMENT: Contraindicat copiilor sub 3 ani. Conține piese mici ce pot fi inghițite. A se utiliza sub stricta supraveghere a unei persoane adulte. Producător: Fridolin, Germania",De logica||Toate||Jocuri||Promotii||Jucarii din lemn,Fr_17462,"Joc logic IQ 3D Puzzle Star, Fridolin",Fridolin,https://www.boribon.ro/cumpara/joc-logic-iq-3d-puzzle-star-fridolin-1056,https://cdnmpro.com/708224949/p/raw/4/joc-logic-iq-3d-puzzle-star-fridolin~2354.jpg,https://cdnmpro.com/708224949/p/raw/2/joc-logic-iq-3d-puzzle-star-fridolin~2652.jpg,,,,60.0,tva21,12.0,"Adult, Baiat, Fata",0.3 kg,,8.5 cm,"6 - 9, 9+",4031172174622,4031172174622.0,Boribon,,,,4031172174622.0,,China,60.0,Fridolin,17462,oferta jocuri si jucarii septembrie 2025.xlsx,oferta jocuri si jucarii septembrie 2025.xlsx,,,39.6,PUZZLES,"LOGIC,PROBLEM_SOLVING,CRITICAL_THINKING,MOTOR_SKILLS",,ELEMENTARY_6_8,GENERAL
19010,"Test IQ puzzle lemn de bambus cu șnur Elibereaza inelul-1 Test IQ puzzle cu șnur verde deschis și lemn de bambus într-o cutie metalică: două bile - un cerc. Dezvoltă perspicacitatea, inteligența, răbdarea și concentrarea. Dimensiuni cutie: 6 x 2,2 x 9,4 cm (L x A x P). Confecționat din lemn și materiale non-toxice conform reglementărilor EN71 & ASTM. Vârsta recomandată: +8 ani.Grad de dificultate: **AVERTISMENT: Contraindicat copiilor sub 3 ani. Conține piese mici ce pot fi înghițite, șnur lung. A se utiliza sub stricta supraveghere a unei persoane adulte. Producător: Fridolin, Germania.",De logica||Toate||Jocuri||Promotii||Jucarii din lemn,Fr_17131,"Joc logic IQ puzzle cu snur Elibereaza inelul-1, Fridolin",Fridolin,https://www.boribon.ro/cumpara/joc-logic-iq-puzzle-cu-snur-elibereaza-inelul-1-fridolin-1070,https://cdnmpro.com/708224949/p/raw/0/joc-logic-iq-puzzle-cu-snur-elibereaza-inelul-1-fridolin~2370.jpg,https://cdnmpro.com/708224949/p/raw/3/joc-logic-iq-puzzle-cu-snur-elibereaza-inelul-1-fridolin~2673.jpg,,,,46.0,tva21,1.0,"Adult, Baiat, Fata",0.2 kg,,9.4 cm,"6 - 9, 9+",4031172171317,4031172171317.0,Boribon,,,,4031172171317.0,,China,46.0,Fridolin,17131,oferta jocuri si jucarii septembrie 2025.xlsx,oferta jocuri si jucarii septembrie 2025.xlsx,,,30.36,PUZZLES,"LOGIC,PROBLEM_SOLVING,CRITICAL_THINKING,MOTOR_SKILLS",,ELEMENTARY_6_8,GENERAL
19039,"Test IQ Puzzle 3D din lemn de bambus Construction Scopul jocului este de a demonta si apoi a monta puzzle-ul. Dezvoltă perspicacitatea și inteligența.Jocuri de gândire în care trebuie să dezlegați misterul puzzle-urilor, dezvoltă perspicacitatea, inteligența. Grad de dificultate: *** Vârsta recomandată +8 ani. Confecționat din lemn și materiale non-toxice conform reglementărilor EN71 & ASTM. Certificate FSC®. AVERTISMENT: Contraindicat copiilor sub 3 ani. Conține piese mici ce pot fi inghițite. A se utiliza sub stricta supraveghere a unei persoane adulte. Producător: Fridolin, Germania.",De logica||Toate||Jocuri||Promotii||Jucarii din lemn,Fr_17325,"Joc logic IQ 3D Puzzle in cutie metalica Construction, Fridolin",Fridolin,https://www.boribon.ro/cumpara/joc-logic-iq-3d-puzzle-in-cutie-metalica-construction-fridolin-1079,https://cdnmpro.com/708224949/p/raw/1/joc-logic-iq-3d-puzzle-in-cutie-metalica-construction-fridolin~2381.jpg,https://cdnmpro.com/708224949/p/raw/4/joc-logic-iq-3d-puzzle-in-cutie-metalica-construction-fridolin~2694.jpg,https://cdnmpro.com/708224949/p/raw/5/joc-logic-iq-3d-puzzle-in-cutie-metalica-construction-fridolin~2695.jpg,,,46.0,tva21,14.0,"Adult, Baiat",0.2 kg,,9.4 cm,"6 - 9, 9+",4031172173250,4031172173250.0,Boribon,,,,4031172173250.0,,China,46.0,Fridolin,17325,oferta jocuri si jucarii septembrie 2025.xlsx,oferta jocuri si jucarii septembrie 2025.xlsx,,,30.36,PUZZLES,"LOGIC,PROBLEM_SOLVING,CRITICAL_THINKING,MOTOR_SKILLS",,ELEMENTARY_6_8,ENGINEERING
19990,"Test IQ Puzzle 3D din lemn de bambus Flexicub Scopul jocului este de a demonta si apoi a monta puzzle-ul. Dezvoltă perspicacitatea și inteligența.Jocuri de gândire în care trebuie să dezlegați misterul puzzle-urilor. Grad de dificultate: **** Vârsta recomandată +8 ani. Confecționat din lemn și materiale non-toxice conform reglementărilor EN71 & ASTM. Certificate FSC®. AVERTISMENT: Contraindicat copiilor sub 3 ani. Conține piese mici ce pot fi inghițite. A se utiliza sub stricta supraveghere a unei persoane adulte. Producător: Fridolin, Germania.",De logica||Toate||Jocuri||Jucarii din lemn,Fr_17518,"Joc logic 3D Puzzle Flexi-cub2, Fridolin",Fridolin,https://www.boribon.ro/cumpara/joc-logic-3d-puzzle-flexi-cub2-fridolin-1414,https://cdnmpro.com/708224949/p/raw/5/joc-logic-3d-puzzle-flexi-cub2-fridolin~3035.jpg,https://cdnmpro.com/708224949/p/raw/7/joc-logic-3d-puzzle-flexi-cub2-fridolin~3297.jpg,https://cdnmpro.com/708224949/p/raw/9/joc-logic-3d-puzzle-flexi-cub2-fridolin~3299.jpg,,,65.0,tva21,11.0,,0.2 kg,,6 cm,"6 - 9, 9+",4031172175186,4031172175186.0,Boribon,,,,4031172175186.0,,China,65.0,Fridolin,17518,oferta jocuri si jucarii septembrie 2025.xlsx,oferta jocuri si jucarii septembrie 2025.xlsx,,,42.9,PUZZLES,"LOGIC,PROBLEM_SOLVING,CRITICAL_THINKING,MOTOR_SKILLS",,ELEMENTARY_6_8,GENERAL
20626,"Test IQ puzzle metalic Vultur Joc logic puzzle 3D metalic. Scopul jocului este de a demonta și apoi de a monta la loc puzzle-ul. Jocuri de gândire în care trebuie să dezlegi misterul puzzle-urilor, dezvoltă perspicacitatea, inteligența, răbdarea și concentrarea. Confecționat din materiale non-toxice conform reglementărilor EN71 & ASTM. Certificare FSC®. Vârsta recomandată: +6 ani.Grad de dificultate: *****AVERTISMENT: Contraindicat copiilor sub 3 ani. Conține piese mici ce pot fi înghițite. A se utiliza sub stricta supraveghere a unei persoane adulte. Producător: Fridolin, Germania.",De logica||Toate||Jocuri||Promotii,Fr_17265,"Joc logic IQ puzzle metalic 5*, Fridolin",Fridolin,https://www.boribon.ro/cumpara/joc-logic-iq-puzzle-metalic-5-fridolin-1613,https://cdnmpro.com/708224949/p/raw/4/joc-logic-iq-puzzle-metalic-5-fridolin~3514.jpg,https://cdnmpro.com/708224949/p/raw/4/joc-logic-iq-puzzle-metalic-5-fridolin~3784.jpg,,,,36.0,tva21,10.0,,0.2 kg,,9.4 cm,"3 - 6, 6 - 9",4031172172659,4031172172659.0,Boribon,,,,4031172172659.0,,China,36.0,Fridolin,17265,oferta jocuri si jucarii septembrie 2025.xlsx,oferta jocuri si jucarii septembrie 2025.xlsx,,,23.76,PUZZLES,"LOGIC,PROBLEM_SOLVING,CRITICAL_THINKING,MOTOR_SKILLS",,TODDLERS_1_3,GENERAL
20632,"Test IQ Puzzle 3D din lemn Cub șarpe roșu - natur Scopul jocului este de a demonta si apoi a monta puzzle-ul. Dezvoltă perspicacitatea și inteligența.Jocuri de gândire în care trebuie să dezlegați misterul puzzle-urilor. Grad de dificultate: *** Vârsta recomandată +8 ani. Confecționat din lemn și materiale non-toxice conform reglementărilor EN71 & ASTM. Certificate FSC®. AVERTISMENT: Contraindicat copiilor sub 3 ani. Conține piese mici ce pot fi inghițite. A se utiliza sub stricta supraveghere a unei persoane adulte. Producător: Fridolin, Germania.",De logica||Toate||Jocuri||Promotii||Jucarii din lemn,Fr_17422,"Joc logic IQ 3D Puzzle Cub natur-rosu, Fridolin",Fridolin,https://www.boribon.ro/cumpara/joc-logic-iq-3d-puzzle-cub-natur-rosu-fridolin-1615,https://cdnmpro.com/708224949/p/raw/6/joc-logic-iq-3d-puzzle-cub-natur-rosu-fridolin~3516.jpg,https://cdnmpro.com/708224949/p/raw/6/joc-logic-iq-3d-puzzle-cub-natur-rosu-fridolin~3786.jpg,https://cdnmpro.com/708224949/p/raw/7/joc-logic-iq-3d-puzzle-cub-natur-rosu-fridolin~3787.jpg,,,31.0,tva21,17.0,,0.2 kg,,4.5 cm,"3 - 6, 6 - 9",4031172174226,4031172174226.0,Boribon,,,,4031172174226.0,,China,31.0,Fridolin,17422,oferta jocuri si jucarii septembrie 2025.xlsx,oferta jocuri si jucarii septembrie 2025.xlsx,,,20.46,PUZZLES,"LOGIC,PROBLEM_SOLVING,CRITICAL_THINKING,MOTOR_SKILLS",,TODDLERS_1_3,GENERAL
20636,"Test IQ Puzzle 3D din lemn de bambus Ball Scopul jocului este de a demonta si apoi a monta puzzle-ul. Dezvoltă perspicacitatea și inteligența.Jocuri de gândire în care trebuie să dezlegați misterul puzzle-urilor, dezvoltă perspicacitatea, inteligența. Grad de dificultate: *** Vârsta recomandată +8 ani. Confecționat din lemn și materiale non-toxice conform reglementărilor EN71 & ASTM. Certificate FSC®. AVERTISMENT: Contraindicat copiilor sub 3 ani. Conține piese mici ce pot fi inghițite. A se utiliza sub stricta supraveghere a unei persoane adulte. Producător: Fridolin, Germania.",De logica||Toate||Jocuri||Jucarii din lemn,Fr_17461,"Joc logic IQ 3D Puzzle Ball, Fridolin",Fridolin,https://www.boribon.ro/cumpara/joc-logic-iq-3d-puzzle-ball-fridolin-1616,https://cdnmpro.com/708224949/p/raw/7/joc-logic-iq-3d-puzzle-ball-fridolin~3517.jpg,https://cdnmpro.com/708224949/p/raw/8/joc-logic-iq-3d-puzzle-ball-fridolin~3788.jpg,,,,60.0,tva21,12.0,,0.3 kg,,8.5 cm,"6 - 9, 9+",4031172174615,4031172174615.0,Boribon,,,,4031172174615.0,,China,60.0,Fridolin,17461,oferta jocuri si jucarii septembrie 2025.xlsx,oferta jocuri si jucarii septembrie 2025.xlsx,,,39.6,PUZZLES,"LOGIC,PROBLEM_SOLVING,CRITICAL_THINKING,MOTOR_SKILLS",,ELEMENTARY_6_8,GENERAL
20732,"Test IQ puzzle lemn de bambus cu snur Elibereaza inelul-2 Test IQ puzzle cu șnur verde și lemn de bambus într-o cutie metalică: două bile - trei plăci. Dezvoltă perspicacitatea, inteligența, răbdarea și concentrarea. Dimensiuni cutie: 6 x 2,2 x 9,4 cm (L x A x P). Confecționat din lemn și materiale non-toxice conform reglementărilor EN71 & ASTM. Vârsta recomandată: +8 ani.Grad de dificultate: ***AVERTISMENT: Contraindicat copiilor sub 3 ani. Conține piese mici ce pot fi înghițite, șnur lung. A se utiliza sub stricta supraveghere a unei persoane adulte. Producător: Fridolin, Germania.",De logica||Toate||Jocuri||Jucarii din lemn,Fr_17132,"Joc logic IQ puzzle cu snur Elibereaza inelul-2, Fridolin",Fridolin,https://www.boribon.ro/cumpara/joc-logic-iq-puzzle-cu-snur-elibereaza-inelul-2-fridolin-1643,https://cdnmpro.com/708224949/p/raw/9/joc-logic-iq-puzzle-cu-snur-elibereaza-inelul-2-fridolin~3549.jpg,https://cdnmpro.com/708224949/p/raw/2/joc-logic-iq-puzzle-cu-snur-elibereaza-inelul-2-fridolin~3802.jpg,,,,46.0,tva21,9.0,,0.2 kg,,9.4 cm,"6 - 9, 9+",4031172171324,4031172171324.0,Boribon,,,,4031172171324.0,,China,46.0,Fridolin,17132,oferta jocuri si jucarii septembrie 2025.xlsx,oferta jocuri si jucarii septembrie 2025.xlsx,,,30.36,PUZZLES,"LOGIC,PROBLEM_SOLVING,CRITICAL_THINKING,MOTOR_SKILLS",,ELEMENTARY_6_8,GENERAL
20739,"Test IQ puzzle lemn de bambus cu șnur Elibereaza inelul-4 Test IQ puzzle cu șnur negru și lemn de bambus într-o cutie metalică: două bile - o placă. Dezvoltă perspicacitatea, inteligența, răbdarea și concentrarea. Dimensiuni cutie: 6 x 2,2 x 9,4 cm (L x A x P). Confecționat din lemn și materiale non-toxice conform reglementărilor EN71 & ASTM. Certificate FSC®. Vârsta recomandată: +8 ani.Grad de dificultate: ****AVERTISMENT: Contraindicat copiilor sub 3 ani. Conține piese mici ce pot fi înghițite, șnur lung. A se utiliza sub stricta supraveghere a unei persoane adulte. Producător: Fridolin, Germania.",De logica||Toate||Jocuri||Jucarii din lemn,Fr_17134,"Joc logic IQ puzzle cu snur Elibereaza inelul-4, Fridolin",Fridolin,https://www.boribon.ro/cumpara/joc-logic-iq-puzzle-cu-snur-elibereaza-inelul-4-fridolin-1645,https://cdnmpro.com/708224949/p/raw/1/joc-logic-iq-puzzle-cu-snur-elibereaza-inelul-4-fridolin~3551.jpg,https://cdnmpro.com/708224949/p/raw/5/joc-logic-iq-puzzle-cu-snur-elibereaza-inelul-4-fridolin~3805.jpg,https://cdnmpro.com/708224949/p/raw/6/joc-logic-iq-puzzle-cu-snur-elibereaza-inelul-4-fridolin~3806.jpg,,,46.0,tva21,11.0,,0.2 kg,,9.4 cm,"6 - 9, 9+",4031172171348,4031172171348.0,Boribon,,,,4031172171348.0,,China,46.0,Fridolin,17134,oferta jocuri si jucarii septembrie 2025.xlsx,oferta jocuri si jucarii septembrie 2025.xlsx,,,30.36,PUZZLES,"LOGIC,PROBLEM_SOLVING,CRITICAL_THINKING,MOTOR_SKILLS",,ELEMENTARY_6_8,GENERAL
20743,"Test IQ puzzle lemn de bambus cu șnur Elibereaza inelul Test IQ puzzle cu șnur albastru și lemn de bambus într-o cutie metalică: patru bile - două plăci. Dezvoltă perspicacitatea, inteligența, răbdarea și concentrarea. Dimensiuni cutie: 6 x 2,2 x 9,4 cm (L x A x P). Confecționat din lemn și materiale non-toxice conform reglementărilor EN71 & ASTM. Certificare FSC. Vârsta recomandată: +8 ani.Grad de dificultate: **AVERTISMENT: Contraindicat copiilor sub 3 ani. Conține piese mici ce pot fi înghițite, șnur lung. A se utiliza sub stricta supraveghere a unei persoane adulte. Producător: Fridolin, Germania.",De logica||Toate||Jocuri||Promotii||Jucarii din lemn,Fr_17135,"Joc logic IQ puzzle cu snur Elibereaza inelul-5, Fridolin",Fridolin,https://www.boribon.ro/cumpara/joc-logic-iq-puzzle-cu-snur-elibereaza-inelul-5-fridolin-1646,https://cdnmpro.com/708224949/p/raw/2/joc-logic-iq-puzzle-cu-snur-elibereaza-inelul-5-fridolin~3552.jpg,https://cdnmpro.com/708224949/p/raw/7/joc-logic-iq-puzzle-cu-snur-elibereaza-inelul-5-fridolin~3807.jpg,,,,46.0,tva21,3.0,,0.2 kg,,9.4 cm,"6 - 9, 9+",4031172171355,4031172171355.0,Boribon,,,,4031172171355.0,,China,46.0,Fridolin,17135,oferta jocuri si jucarii septembrie 2025.xlsx,oferta jocuri si jucarii septembrie 2025.xlsx,,,30.36,PUZZLES,"LOGIC,PROBLEM_SOLVING,CRITICAL_THINKING,MOTOR_SKILLS",,ELEMENTARY_6_8,GENERAL
20746,"Test IQ puzzle lemn de bambus cu snur rosu Test IQ puzzle cu șnur roșu și lemn de bambus într-o cutie metalică: 2 bile - 1 triunghi. Dezvoltă perspicacitatea, inteligența, răbdarea și concentrarea. Dimensiuni cutie: 6 x 2,2 x 9,4 cm (L x A x P). Confecționat din lemn și materiale non-toxice conform reglementărilor EN71 & ASTM. Vârsta recomandată: +8 ani.Grad de dificultate: ****AVERTISMENT: Contraindicat copiilor sub 3 ani. Conține piese mici ce pot fi înghițite, șnur lung. A se utiliza sub stricta supraveghere a unei persoane adulte. Producător: Fridolin, Germania.",De logica||Toate||Jocuri||Jucarii din lemn,Fr_17136,"Joc logic IQ puzzle cu snur Elibereaza inelul-6, Fridolin",Fridolin,https://www.boribon.ro/cumpara/joc-logic-iq-puzzle-cu-snur-elibereaza-inelul-6-fridolin-1647,https://cdnmpro.com/708224949/p/raw/3/joc-logic-iq-puzzle-cu-snur-elibereaza-inelul-6-fridolin~3553.jpg,https://cdnmpro.com/708224949/p/raw/8/joc-logic-iq-puzzle-cu-snur-elibereaza-inelul-6-fridolin~3808.jpg,https://cdnmpro.com/708224949/p/raw/9/joc-logic-iq-puzzle-cu-snur-elibereaza-inelul-6-fridolin~3809.jpg,,,46.0,tva21,4.0,,0.2 kg,,9.4 cm,"6 - 9, 9+",4031172171362,4031172171362.0,Boribon,,,,4031172171362.0,,China,46.0,Fridolin,17136,oferta jocuri si jucarii septembrie 2025.xlsx,oferta jocuri si jucarii septembrie 2025.xlsx,,,30.36,PUZZLES,"LOGIC,PROBLEM_SOLVING,CRITICAL_THINKING,MOTOR_SKILLS",,ELEMENTARY_6_8,GENERAL
20752,"Test IQ Puzzle 3D din lemn de bambus Magic box Scopul jocului este de a demonta si apoi a monta puzzle-ul. Dezvoltă perspicacitatea și inteligența.Jocuri de gândire în care trebuie să dezlegați misterul puzzle-urilor, dezvoltă perspicacitatea, inteligența. Grad de dificultate: *** Vârsta recomandată +8 ani. Confecționat din lemn și materiale non-toxice conform reglementărilor EN71 & ASTM. Certificate FSC®. AVERTISMENT: Contraindicat copiilor sub 3 ani. Conține piese mici ce pot fi inghițite. A se utiliza sub stricta supraveghere a unei persoane adulte. Producător: Fridolin, Germania.",De logica||Toate||Jocuri||Promotii||Jucarii din lemn,Fr_17460,"Joc logic IQ 3D Puzzle Magic box, Fridolin",Fridolin,https://www.boribon.ro/cumpara/joc-logic-iq-3d-puzzle-magic-box-fridolin-1649,https://cdnmpro.com/708224949/p/raw/6/joc-logic-iq-3d-puzzle-magic-box-fridolin~3556.jpg,,,,,60.0,tva21,15.0,,0.1 kg,,9 cm,"6 - 9, 9+",4031172174608,4031172174608.0,Boribon,,,,4031172174608.0,,China,60.0,Fridolin,17460,oferta jocuri si jucarii septembrie 2025.xlsx,oferta jocuri si jucarii septembrie 2025.xlsx,,,39.6,PUZZLES,"LOGIC,PROBLEM_SOLVING,CRITICAL_THINKING,MOTOR_SKILLS",,ELEMENTARY_6_8,GENERAL
21910,"Test Genius Elibereaza inelul Test IQ puzzle cu șnur albastru și lemn de bambus într-o cutie metalică: patru bile - două plăci. Dezvoltă perspicacitatea, inteligența, răbdarea și concentrarea. Dimensiuni cutie: 6 x 2,2 x 9,4 cm (L x A x P). Confecționat din lemn și materiale non-toxice conform reglementărilor EN71 & ASTM. Certificare FSC. Vârsta recomandată: +8 ani.Grad de dificultate: ***AVERTISMENT: Contraindicat copiilor sub 3 ani. Conține piese mici ce pot fi înghițite, șnur lung. A se utiliza sub stricta supraveghere a unei persoane adulte. Producător: Fridolin, Germania.",De logica||Toate||Jocuri||Jucarii din lemn,Fr_17154,"Joc logic IQ puzzle cu snur Elibereaza inelul, Fridolin",Fridolin,https://www.boribon.ro/cumpara/joc-logic-iq-puzzle-cu-snur-elibereaza-inelul-fridolin-2054,https://cdnmpro.com/708224949/p/raw/0/joc-logic-iq-puzzle-cu-snur-elibereaza-inelul-fridolin~4390.jpg,https://cdnmpro.com/708224949/p/raw/0/joc-logic-iq-puzzle-cu-snur-elibereaza-inelul-fridolin~4620.jpg,,,,46.0,tva21,6.0,"Adult, Baiat, Fata",0.2 kg,,11 cm,"6 - 9, 9+",4031172171546,4031172171546.0,Boribon,,,,4031172171546.0,,China,46.0,Fridolin,17154,oferta jocuri si jucarii septembrie 2025.xlsx,oferta jocuri si jucarii septembrie 2025.xlsx,,,30.36,PUZZLES,"LOGIC,PROBLEM_SOLVING,CRITICAL_THINKING,MOTOR_SKILLS",,ELEMENTARY_6_8,GENERAL
17075,"Joc de strategie Naviplouf Clasicul joc jucat în pauzele de la școală pe caietul de matematică devine o bătălie navală. Jocul se simplifică pentru cei mici prin folosirea de coduri și culori, planșe și piese de joc magnetice și desene care ies din lumea abstractă ( ”balenă pe albastru” în loc de B3). Ce contine: 2 table magnetice de joc 2 seturi de câte 5 vapoare 22 pioni albaştri 18 pioni roşii 16 cartonaşe cu modele de aşezare a navelor şi 2 suporturi din lemn pentru cartonaşele-model Beneficiile jocului: Dezvoltarea gândirii strategice și logice Îmbunătățirea concentrării și atenției Capacitatea de planificare și anticipare Învățarea regulilor și a jocului corect (fair-play) Stimularea comunicării și interacțiunii sociale Este un joc care îmbină perfect distracția cu învățarea prin joacă Vârsta recomandată: 5 - 10 ani. Confecționat din hârtie și carton certificate FSC® și alte materiale și vopsele non toxice conform reglementărilor EN71&ASTM. AVERTISMENT: Contraindicat copiilor sub 3 ani. Se recomandă supravegherea copilului de către un adult în timpul jocului. Citiți cu atenție eticheta produsului înainte de a înmâna jucăria copilului. Producător: Djeco, Franța. Vaporase (Naviplouf) - descarca aici regulile jocului",De societate||Toate||Jocuri,DJ05270,"Joc de strategie Naviplouf, Djeco",Djeco,https://www.boribon.ro/cumpara/joc-de-strategie-naviplouf-djeco-599,https://cdnmpro.com/708224949/p/raw/7/joc-de-strategie-naviplouf-djeco~1257.jpg,https://cdnmpro.com/708224949/p/raw/7/joc-de-strategie-naviplouf-djeco~1547.jpg,https://cdnmpro.com/708224949/p/raw/8/joc-de-strategie-naviplouf-djeco~1548.jpg,,,112.1,tva21,19.0,"Baiat, Fata",1 kg,,21 cm,"3 - 6, 6 - 9",3070900052703,3070900052703.0,Boribon,6.0,Toys & games,GAMES,3070900052703.0,Nomad Naviplouf ,Chine,118.0,Djeco,DJ05270,oferta djeco noiembrie 2025.xlsx,oferta djeco noiembrie 2025.xlsx,,0.464,77.88,BOARD_GAMES,"CRITICAL_THINKING,PROBLEM_SOLVING,LOGIC",,TODDLERS_1_3,MATHEMATICS
7854,"Joc logic Taquin O nouă abordare originală, estetică și capricioasă a jocului clasic Fifteen Puzzle. In aceasta versiune jucătorii trebuie să recreeze un set de imagini mici în locul unei singure imagini. Dezvoltă răbdarea, logica și abilitățile de deducție. Conținut: joc puzzle culisant din lemn și 20 de cărți provocare. Vârsta recomandată: 6-99 ani. Pentru un jucător. Confecționat din lemn certificat FSC®. Producător: Djeco. Manual Joc de logica Taquin, Djeco - descarca aici fisierul",Jocuri||Toate||De logica||Educative,DJ00814,"Joc de logica Taquin, Djeco",Djeco,https://www.boribon.ro/cumpara/joc-de-logica-taquin-djeco-7854,https://cdnmpro.com/708224949/p/raw/8/joc-de-logica-taquin-djeco~19958.jpg,https://cdnmpro.com/708224949/p/raw/6/joc-de-logica-taquin-djeco~19956.jpg,https://cdnmpro.com/708224949/p/raw/7/joc-de-logica-taquin-djeco~19957.jpg,,,76.95,tva21,35.0,"Baiat, Fata",0.8 kg,,15 cm,"6 - 9, 9+",3070900008144,3070900008144.0,Boribon,12.0,Toys & Games,GAMES,3070900008144.0,Taquin Logic - FSC 100%,Chine,81.0,Djeco,DJ00814,oferta djeco noiembrie 2025.xlsx,oferta djeco noiembrie 2025.xlsx,,0.29,53.46,PUZZLES,"LOGIC,PROBLEM_SOLVING,CRITICAL_THINKING",,ELEMENTARY_6_8,GENERAL
7346,"Joc de logica Pyramid Completează faimoasele piramide egiptene folosind 9 piese hieroglifice din lemn. 60 de provocări. Pentru un singur jucător.Soluțiile pentru cele 60 de provocări sunt furnizate în broșură.3 niveluri crescătoare de dificultate.Dezvoltă răbdarea și logica.O temă plină de mister: Egiptul antic și hieroglifele... Continut: 30 de cărți de provocare triunghiulare ilustrate față-verso în 3 dimensiuni diferite și 9 piese din lemn. Vârsta recomandată: 7- 99 ani. Fabricat din hartie si carton certificate FSC®. AVERTISMENT: Contraindicat copiilor sub 3 ani, conține piese mici, pericol de sufocare. A se utiliza sub directa supraveghere a unui adult. Producător: Djeco. Manual Joc de logica Pyramid, Djeco - descarca aici fisierul",Jocuri||Toate||De logica||Educative,DJ08532,"Joc de logica Pyramid, Djeco",Djeco,https://www.boribon.ro/cumpara/joc-de-logica-pyramid-djeco-7346,https://cdnmpro.com/708224949/p/raw/2/joc-de-logica-pyramid-djeco~16792.jpg,https://cdnmpro.com/708224949/p/raw/3/joc-de-logica-pyramid-djeco~16793.jpg,https://cdnmpro.com/708224949/p/raw/4/joc-de-logica-pyramid-djeco~16794.jpg,https://cdnmpro.com/708224949/p/raw/5/joc-de-logica-pyramid-djeco~16795.jpg,,112.1,tva21,32.0,"Adult, Baiat, Fata",0.4 kg,,21.6 cm,"6 - 9, 9+",3070900085329,3070900085329.0,Boribon,6.0,Toys & games,GAMES,3070900085329.0,Pyramid Logic,Chine,118.0,Djeco,DJ08532,oferta djeco noiembrie 2025.xlsx,oferta djeco noiembrie 2025.xlsx,,0.437,77.88,CONSTRUCTION_SETS,"CREATIVITY,MOTOR_SKILLS,PROBLEM_SOLVING,LOGIC",,ELEMENTARY_6_8,GENERAL
7663,"Joc logic Orbita spatiala O temă pe care copiii o adoră: spațiul. Fixați fiecare astronaut la stația sa spațială pentru a-i opri să plutească în derivă în spațiul infinit. Depinde de tine să găsești singura soluție posibilă pentru fiecare dintre cele 60 de provocări. Patru niveluri de dificultate crescătoare. Un joc original cu adaptare 3D. Dezvoltă răbdarea, logica și abilitățile de deducție.O singură soluție posibilă pentru fiecare provocare.Găsiți soluțiile la sfârșitul broșurii.Conținut: o tablă spațială din lemn cu o grilă din lemn, 7 piese personaj din lemn, 13 piese din plastic, 30 de cărți de provocare ilustrate pe ambele părți și o broșură cu reguli de joc în 10 limbi. Vârsta recomandată: 6-99 ani. Pentru un jucător. Confecționat din lemn certificat FSC®. Producător: Djeco. Manual Joc de logica Orbita spatiala, Djeco - descarca aici fisierul",Jocuri||Toate||De logica||Educative,DJ00817,"Joc de logica Orbita spatiala, Djeco",Djeco,https://www.boribon.ro/cumpara/joc-de-logica-orbita-spatiala-djeco-7663,https://cdnmpro.com/708224949/p/raw/1/joc-de-logica-orbita-spatiala-djeco~18311.jpg,https://cdnmpro.com/708224949/p/raw/9/joc-de-logica-orbita-spatiala-djeco~18309.jpg,https://cdnmpro.com/708224949/p/raw/0/joc-de-logica-orbita-spatiala-djeco~18310.jpg,,,142.5,tva21,22.0,"Baiat, Fata",0.7 kg,,20 cm,"6 - 9, 9+",3070900008175,3070900008175.0,Boribon,6.0,Toys & Games,GAMES,3070900008175.0,Space Orbit - FSC 100%,Chine,150.0,Djeco,DJ00817,oferta djeco noiembrie 2025.xlsx,oferta djeco noiembrie 2025.xlsx,,0.719,99.0,CONSTRUCTION_SETS,"CREATIVITY,MOTOR_SKILLS,PROBLEM_SOLVING,LOGIC",,ELEMENTARY_6_8,GENERAL
7328,"Joc de logica Podul crocodilului Un joc care combină logica, strategia și reflecția, cu o gamă largă de elemente diferite. Jucătorii trebuie să afle cum să ajungă la malul indicat al râului fără să calce peste crocodili înfometați! O singură soluție posibilă pentru fiecare provocare.Găsiți soluțiile la sfârșitul broșurii.3 niveluri de dificultate.Dezvoltă răbdarea, logica și abilitățile de deducție.O provocare captivantă: nu lăsa crocodilul să te mănânce! Conținut: tablă de joc, 2 crocodili, 10 trunchiuri, 7 plăci de scândură (5 mici și 2 mari), 30 de cartonașe provocare cu două fețe. Vârsta recomandată: 5-99 ani. Pentru un jucător. Fabricat din lemn certificat FSC®, plastic, carton. Producător: Djeco. Manual Joc de logica Podul crocodilului, Djeco - descarca aici fisierul",Jocuri||Toate||De logica||Educative,DJ00816,"Joc de logica Podul crocodilului, Djeco",Djeco,https://www.boribon.ro/cumpara/joc-de-logica-podul-crocodilului-djeco-7328,https://cdnmpro.com/708224949/p/raw/3/joc-de-logica-podul-crocodilului-djeco~16733.jpg,https://cdnmpro.com/708224949/p/raw/4/joc-de-logica-podul-crocodilului-djeco~16734.jpg,https://cdnmpro.com/708224949/p/raw/5/joc-de-logica-podul-crocodilului-djeco~16735.jpg,,,112.1,tva21,19.0,"Baiat, Fata",0.5 kg,,21.4 cm,"3 - 6, 6 - 9, 9+",3070900008168,3070900008168.0,Boribon,6.0,Toys & Games,GAMES,3070900008168.0,Croco Bridge - FSC 100%,Chine,118.0,Djeco,DJ00816,oferta djeco noiembrie 2025.xlsx,oferta djeco noiembrie 2025.xlsx,,0.554,77.88,,,,TODDLERS_1_3,ENGINEERING
4187,"Joc de logica Hotelogic În acest joc de gândire, depinde de tine să găsești singura soluție la fiecare provocare și să îi faci fericiți pe toți oaspeții! Sunt 60 de provocări cu mai multe niveluri de dificultate crescândă. 60 de provocări.Doar o singură soluție posibilă pentru fiecare provocare.Soluțiile provocărilor sunt furnizate în broșură. Cuprins: 30 de cărți, un cub de plastic pe o bază de lemn, 5 blocuri de lemn, set de reguli de joc în 10 limbi.Vârsta recomandata: 7-99 ani. Fabricat din hârtie și carton certificate FSC®. AVERTISMENT: Contraindicat copiilor sub 3 ani. A se utiliza sub directa supraveghere a unui adult. Producător: Djeco, Franța. Manual Joc de logica, Hotelogic, Djeco - vezi fisier",Jocuri||De logica||Educative,DJ08586,"Joc de logica Hotelogic, Djeco",Djeco,https://www.boribon.ro/cumpara/joc-de-logica-hotelogic-djeco-4187,https://cdnmpro.com/708224949/p/raw/3/joc-de-logica-hotelogic-djeco~11193.jpg,https://cdnmpro.com/708224949/p/raw/0/joc-de-logica-hotelogic-djeco~11190.jpg,https://cdnmpro.com/708224949/p/raw/1/joc-de-logica-hotelogic-djeco~11191.jpg,https://cdnmpro.com/708224949/p/raw/2/joc-de-logica-hotelogic-djeco~11192.jpg,,153.9,tva21,13.0,"Baiat, Fata",0.7 kg,,12 cm,"6 - 9, 9+",3070900085862,3070900085862.0,Boribon,6.0,Toys & games,GAMES,3070900085862.0,Hotelogic,Chine,162.0,Djeco,DJ08586,oferta djeco noiembrie 2025.xlsx,oferta djeco noiembrie 2025.xlsx,,0.526,106.92,PUZZLES,"LOGIC,PROBLEM_SOLVING,CRITICAL_THINKING",,ELEMENTARY_6_8,GENERAL
7324,"Joc de logică Impossiblo Ocean 4 puzzle-uri captivante! Asamblează imaginile pentru a finaliza fiecare dintre cele 4 provocări de puzzle pătrat, de la cele mai simple la cele mai complicate.O singură soluție posibilă pentru fiecare puzzle.Soluția se regăsește în broșură.Design mic, ușor de transportat, sau cadoul perfect!Dezvoltă răbdarea.Conținut: 4 puzzle-uri cu 9 piese și o broșură cu reguli de joc în 10 limbi.Vârsta recomandata: 6 - 99 ani. Fabricat din hârtie și carton certificate FSC®. AVERTISMENT: Contraindicat copiilor sub 3 ani. A se utiliza sub directa supraveghere a unui adult. Producător: Djeco, Franța. Manual Joc de logica Impossiblo Ocean, Djeco - descarca aici fisierul",Jocuri||Toate||De logica||Educative,DJ00807,"Joc de logica Impossiblo Ocean, Djeco",Djeco,https://www.boribon.ro/cumpara/joc-de-logica-impossiblo-ocean-djeco-7324,https://cdnmpro.com/708224949/p/raw/8/joc-de-logica-impossiblo-ocean-djeco~16718.jpg,https://cdnmpro.com/708224949/p/raw/7/joc-de-logica-impossiblo-ocean-djeco~16717.jpg,https://cdnmpro.com/708224949/p/raw/9/joc-de-logica-impossiblo-ocean-djeco~16719.jpg,,,50.35,tva21,14.0,"Baiat, Fata",0.7 kg,,15 cm,"6 - 9, 9+",3070900008076,3070900008076.0,Boribon,12.0,Toys & Games,GAMES,3070900008076.0,Impossiblo - Ocean - FSC MIX,Chine,53.0,Djeco,DJ00807,oferta djeco noiembrie 2025.xlsx,oferta djeco noiembrie 2025.xlsx,,0.354,34.98,PUZZLES,"LOGIC,PROBLEM_SOLVING,CRITICAL_THINKING,MOTOR_SKILLS",,ELEMENTARY_6_8,GENERAL
7325,"Joc de logică Impossiblo Animo 4 puzzle-uri captivante! Asamblează imaginile pentru a finaliza fiecare dintre cele 4 provocări de puzzle pătrat, de la cele mai simple la cele mai complicate.O singură soluție posibilă pentru fiecare puzzle.Soluția se regăsește în broșură.Design mic, ușor de transportat, sau cadoul perfect!Dezvoltă răbdarea.Conținut: 4 puzzle-uri cu 9 piese și o broșură cu reguli de joc în 10 limbi.Vârsta recomandata: 6 - 99 ani. Fabricat din hârtie și carton certificate FSC®. AVERTISMENT: Contraindicat copiilor sub 3 ani. A se utiliza sub directa supraveghere a unui adult. Producător: Djeco, Franța. Manual Joc de logica Impossiblo Animo, Djeco - descarca aici fisierul",Jocuri||Toate||De logica||Educative,DJ00808,"Joc de logica Impossiblo Animo, Djeco",Djeco,https://www.boribon.ro/cumpara/joc-de-logica-impossiblo-animo-djeco-7325,https://cdnmpro.com/708224949/p/raw/2/joc-de-logica-impossiblo-animo-djeco~16722.jpg,https://cdnmpro.com/708224949/p/raw/0/joc-de-logica-impossiblo-animo-djeco~16720.jpg,https://cdnmpro.com/708224949/p/raw/1/joc-de-logica-impossiblo-animo-djeco~16721.jpg,,,50.35,tva21,13.0,"Baiat, Fata",0.7 kg,,15 cm,"6 - 9, 9+",3070900008083,3070900008083.0,Boribon,12.0,Toys & Games,GAMES,3070900008083.0,Impossiblo - Animo - FSC MIX,Chine,53.0,Djeco,DJ00808,oferta djeco noiembrie 2025.xlsx,oferta djeco noiembrie 2025.xlsx,,0.354,34.98,PUZZLES,"LOGIC,PROBLEM_SOLVING,CRITICAL_THINKING,MOTOR_SKILLS",,ELEMENTARY_6_8,GENERAL
8363,"Joc de logica si investigatie Detectiv Ai talent de detectiv? Acest joc captivant pune la încercare logica și spiritul de observație cu 40 de provocări progresive, unde trebuie să descoperi ce s-a întâmplat, cine e vinovatul și ce deghizare a folosit! Se poate juca individual sau în mod cooperativ, iar formatul compact îl face recomandat pentru călătorii sau ca mic cadou. Un joc care provoacă și distrează în același timp! Conținut: tabla de joc, 20 de carduri față-verso cu provocări (40 provocări în total), 2 carduri de ajutor, set de reguli de joc (cu soluții incluse) Vârstă recomandată: +6 ani. 🌱 Material hârtie și carton certificate FSC®. Conform reglementărilor EN71&ASTM. AVERTISMENT: Contraindicat copiilor mai mici de 3 ani, conține piese mici, pericol de sufocare. A se folosi sub directa supraveghere a unei persoane adulte.Producător: Djeco, Franța Manual Joc de logica si investigatie Detectiv, Djeco - descarca aici fisierul",Jocuri||Toate||De logica||De societate||Educative||Noutati,DJ00827,"Joc de logica si investigatie Detectiv, Djeco",Djeco,https://www.boribon.ro/cumpara/joc-de-logica-si-investigatie-detectiv-djeco-8363,https://cdnmpro.com/708224949/p/raw/5/joc-de-logica-si-investigatie-detectiv-djeco~100087435.jpg,https://cdnmpro.com/708224949/p/raw/8/joc-de-logica-si-investigatie-detectiv-djeco~100087438.jpg,https://cdnmpro.com/708224949/p/raw/1/joc-de-logica-si-investigatie-detectiv-djeco~100087441.jpg,,,61.75,tva21,34.0,"Baiat, Fata",0.25 kg,,15 cm,"6 - 9, 9+",3070900008274,3070900008274.0,Boribon,6.0,TOYS & GAMES,GAMES,3070900008274.0,Detective,Chine,65.0,Djeco,DJ00827,oferta djeco noiembrie 2025.xlsx,oferta djeco noiembrie 2025.xlsx,,0.277,42.9,CONSTRUCTION_SETS,"CREATIVITY,MOTOR_SKILLS,PROBLEM_SOLVING,LOGIC",,ELEMENTARY_6_8,GENERAL
22942,"Joc de strategie Crazy Sudoku Un joc antrenant, pentru amatorii de jocuri clasice de strategie. Un joc de logică inspirat de regulile jocului sudoku. Jucătorii trebuie să plaseze cele 16 jetoane de lemn pe grile conform instrucțiunilor date. Sunt necesare reflecția și logica pentru a depăși cele 40 de provocări. Se poate juca singur sau în cooperare cu ceilalți. Are 4 niveluri de dificultate. Dezvoltă răbdarea și logica. Sunt oferite soluțiile provocărilor. Conținut: 40 de cărți provocare și 16 jetoane de lemn. Vârsta recomandată: 8 -99 ani. Confecționat din lemn şi carton. Conform reglementărilor EN71&ASTM. Certificare FSC®. AVERTISMENT! Contraindicat copiilor sub 3 ani. A se folosi sub directa supraveghere a unei persoane adulte. Producător: Djeco, Franța. Crazy Sudoku - descarca aici regulile jocului",De logica||Toate||Jocuri,DJ08488,"Joc de strategie Crazy Sudoku, Djeco",Djeco,https://www.boribon.ro/cumpara/joc-de-strategie-crazy-sudoku-djeco-2437,https://cdnmpro.com/708224949/p/raw/8/joc-de-strategie-crazy-sudoku-djeco~5178.jpg,https://cdnmpro.com/708224949/p/raw/2/joc-de-strategie-crazy-sudoku-djeco~5412.jpg,,,,107.35,tva21,31.0,"Adult, Baiat, Fata",0.5 kg,,21.5 cm,"6 - 9, 9+",3070900084889,3070900084889.0,Boribon,6.0,Toys & games,GAMES,3070900084889.0,Crazy sudoku,Chine,113.0,Djeco,DJ08488,oferta djeco noiembrie 2025.xlsx,oferta djeco noiembrie 2025.xlsx,,0.533,74.58,BOARD_GAMES,"CRITICAL_THINKING,PROBLEM_SOLVING,LOGIC",,ELEMENTARY_6_8,GENERAL
18549,"Topologix, invata sa te orientezi in spatiu Unde este șoarecele? E în găleată! Un joc despre spațialitate în care jucătorii identifică pozițiile a 5 animale în raport cu 5 elemente spațiale prin plasarea token-urilor pe tablă. Un joc simplu si distractiv. Pe spatele cărților sunt furnizate soluții, astfel încât copiii să își poată corecta propriile puzzle-uri. Regulile de joc sunt foarte detaliate pentru a ajuta părinții să configureze mai ușor activitatea. Un joc inventiv care îi învață pe copii despre încadrarea în spațiu.Conținut: o tablă de lemn (20x20 cm), 20 de cărți de provocare cu soluții pe spate și 5 token-uri din lemn. Reguli de joc în 10 limbi. Vârsta recomandată: 4 - 6 ani. Confecționat din lemn și vopsele non toxice cu certificare FSC®.AVERTISMENT! Contraindicat copiilor sub 3 ani. A se folosi sub directa supraveghere a unei persoane adulte. Producător: Djeco, Franța",Educative||Toate||Jocuri,DJ08354,"Joc de logica Eduludo Topologix, Djeco",Djeco,https://www.boribon.ro/cumpara/joc-de-logica-eduludo-topologix-djeco-922,https://cdnmpro.com/708224949/p/raw/5/joc-de-logica-eduludo-topologix-djeco~2455.jpg,https://cdnmpro.com/708224949/p/raw/3/joc-de-logica-eduludo-topologix-djeco~2123.jpg,https://cdnmpro.com/708224949/p/raw/3/joc-de-logica-eduludo-topologix-djeco~2453.jpg,,,107.35,tva21,18.0,"Baiat, Fata",0.4 kg,,21.5 cm,"3 - 6, 6 - 9",3070900083547,3070900083547.0,Boribon,6.0,Toys & games,EDUCATIONAL GAMES,3070900083547.0,Topologix ,Chine,113.0,Djeco,DJ08354,oferta djeco noiembrie 2025.xlsx,oferta djeco noiembrie 2025.xlsx,,0.5,74.58,PUZZLES,"LOGIC,PROBLEM_SOLVING,CRITICAL_THINKING",,TODDLERS_1_3,GENERAL
76502,"Perlix joc cu calcule Un joc simplu și distractiv despre numere și cantități. Cardul „provocare” indică elementele care trebuie numărate în imagine; copilul numără și indică numărul de pe abac. Pentru a verifica dacă numărul este corect, întoarceți cardul pentru a vedea soluția. Un joc de numere introductiv cu două feluri de numărare: copilul numără elementele, apoi transcrie această numărare pe abac. Manipularea abacului întărește procesul de numărare și transcrierea numerelor în cantități. Cu autocorectare: copiii întorc cardul și văd imediat dacă răspunsurile sunt corecte. Instrucțiuni foarte detaliate pentru a ajuta părinții să organizeze mai ușor activitatea. Fiecare set Eduludo este extrem de educativ și corespunde unui proces de învățare specific pentru a ajuta copilul să se dezvolte. Conținut: 30 de cărți de provocare față-verso și abac (socotitoare) de lemn. Reguli de joc disponibile în 10 limbi. Vârsta recomandată: 4 - 8 ani. Confecționat din carton, lemn și metal non-toxice, Lemn certificat FSC®.AVERTISMENT: Contraindicat copiilor mai mici de 3 ani, conține piese mici, pericol de sufocare. A se folosi sub directa supraveghere a unei persoane adulte. Producător: Djeco, Franța",Educative||Toate||Jocuri,DJ08348,"Joc Eduludo Perlix calcule, Djeco",Djeco,https://www.boribon.ro/cumpara/joc-eduludo-perlix-calcule-djeco-3043,https://cdnmpro.com/708224949/p/raw/8/joc-eduludo-perlix-calcule-djeco~7378.jpg,https://cdnmpro.com/708224949/p/raw/4/joc-eduludo-perlix-calcule-djeco~6794.jpg,https://cdnmpro.com/708224949/p/raw/6/joc-eduludo-perlix-calcule-djeco~7376.jpg,,,117.8,tva21,23.0,"Baiat, Fata",1 kg,,21.5 cm,"3 - 6, 6 - 9",3070900083486,3070900083486.0,Boribon,6.0,Toys & games,EDUCATIONAL GAMES,3070900083486.0,Perlix - Abacus,Chine,124.0,Djeco,DJ08348,oferta djeco noiembrie 2025.xlsx,oferta djeco noiembrie 2025.xlsx,,0.711,81.84,CONSTRUCTION_SETS,"CREATIVITY,MOTOR_SKILLS,PROBLEM_SOLVING",,TODDLERS_1_3,MATHEMATICS
3989,"Joc de logică Animale sălbatice Un nou joc din colecția Sologic, ediția de buzunar. Câți tigri sunt pe coloană? Câți elefanți sunt pe rând? Folosește-ți abilitățile de Sudoku pentru a reda animalelor sălbatice teritoriile lor.Poate fi jucat singur sau în grup.Nivel de dificultate în creștere, astfel încât jucătorii pot progresa în propriul ritm.40 de provocări, o singură soluție posibilă pentru fiecare provocare.Dezvoltă răbdarea și logica.Conținut: 7 piese din lemn, 40 de cărți și 1 set de reguli de joc în 10 limbi.Vârsta recomandata: 7 - 99 ani. Fabricat din hârtie și carton certificate FSC®. AVERTISMENT: Contraindicat copiilor sub 3 ani. A se utiliza sub directa supraveghere a unui adult. Producător: Djeco, Franța. Manual Joc de logica Animale salbatice - descarca fisier",Jocuri||De logica||De societate||Educative,DJ08521,"Joc de logica Animale salbatice, Djeco",Djeco,https://www.boribon.ro/cumpara/joc-de-logica-animale-salbatice-djeco-3989,https://cdnmpro.com/708224949/p/raw/4/joc-de-logica-animale-salbatice-djeco~10524.jpg,https://cdnmpro.com/708224949/p/raw/2/joc-de-logica-animale-salbatice-djeco~10522.jpg,https://cdnmpro.com/708224949/p/raw/3/joc-de-logica-animale-salbatice-djeco~10523.jpg,,,61.75,tva21,13.0,"Baiat, Fata",0.7 kg,,15 cm,"6 - 9, 9+",3070900085213,3070900085213.0,Boribon,12.0,Toys & games,GAMES,3070900085213.0,Wildanimo,Chine,65.0,Djeco,DJ08521,oferta djeco noiembrie 2025.xlsx,oferta djeco noiembrie 2025.xlsx,,0.503,42.9,CONSTRUCTION_SETS,"CREATIVITY,MOTOR_SKILLS,PROBLEM_SOLVING,LOGIC",,ELEMENTARY_6_8,GENERAL
21803,"Memo 10 povești Joc de memorie si asociere. Conține 20 de piese rotunde, cu cifre și imagini reprezentative din 10 povești. Reține poziția pieselor, asociaza și găsește perechile. Vârsta recomandată: 3-8 ani. Confecționat din materiale și vopsele non toxice conform reglementărilor EN71&ASTM. AVERTISMENT! Contraindicat copiilor sub 3 ani. Conține părți mici, pericol de sufocare. A se folosi sub directa supraveghere a unei persoane adulte. Producător: Londji, Spania.",De societate||Toate||Jocuri||Educative,LJ_DI014U,"Memo 10 povesti, Londji",Londji,https://www.boribon.ro/cumpara/memo-10-povesti-londji-2024,https://cdnmpro.com/708224949/p/raw/0/memo-10-povesti-londji~4360.jpg,https://cdnmpro.com/708224949/p/raw/6/memo-10-povesti-londji~4576.jpg,https://cdnmpro.com/708224949/p/raw/7/memo-10-povesti-londji~4577.jpg,,,88.0,tva21,11.0,"Baiat, Fata",0.4 kg,,9 cm,"3 - 6, 6 - 9",LJ_DI014U,,Boribon,,,,,,Spania,88.0,Londji,,,oferta jocuri si jucarii septembrie 2025.xlsx,,,58.08,CONSTRUCTION_SETS,"CREATIVITY,MOTOR_SKILLS,PROBLEM_SOLVING",,TODDLERS_1_3,
22718,"Puzzle Descoperă dinozaurii Privește prin lupa albastră și călătorește în Era Jurasică cu Londji. Vei descoperi impresionantul Tiranosaurus rex, diplodocus și spinosaurus plimbându-se în mijlocul vulcanilor. Acum ia lupa roșie și vei vedea cum oasele fosilizate ale acestor giganți au devenit parte a muzeului de științe naturale. Un puzzle în care poți descoperi două realități, una cu lupa roșie și alta cu lupa albastră. Jocul include un puzzle cu 200 de piese și două lupe pentru a descoperi cele două universuri. Dimensiune puzzle 67 x 48 cm. Ambalat în cutie robustă din carton.Vârsta recomandată: +8 ani.Confecționat din hartie FSC și carton reciclat. Conform reglementarilor EN71&ASTM.AVERTISMENT: Contraindicat copiilor sub 6 ani, conține piese mici, pericol de sufocare. A se utiliza sub directa supraveghere a unui adult. Producător: Londji, Spania. Ilustrat de Sebastià Serra.",Jocuri||Toate||Puzzle,LJ_PZ393U,"Puzzle Descopera dinozaurii, Londji",Londji,https://www.boribon.ro/cumpara/puzzle-descopera-dinozaurii-londji-2356,https://cdnmpro.com/708224949/p/raw/5/puzzle-descopera-dinozaurii-londji~10145.jpg,https://cdnmpro.com/708224949/p/raw/6/puzzle-descopera-dinozaurii-londji~10146.jpg,https://cdnmpro.com/708224949/p/raw/7/puzzle-descopera-dinozaurii-londji~10147.jpg,https://cdnmpro.com/708224949/p/raw/8/puzzle-descopera-dinozaurii-londji~10148.jpg,https://cdnmpro.com/708224949/p/raw/7/puzzle-descopera-dinozaurii-londji~17007.jpg,170.0,tva21,3.0,Baiat,1 kg,,20 cm,"6 - 9, 9+",LJ_PZ393U,,Boribon,,,,,,Spania,170.0,Londji,,,oferta jocuri si jucarii septembrie 2025.xlsx,,,112.2,PUZZLES,"LOGIC,PROBLEM_SOLVING,CRITICAL_THINKING,MOTOR_SKILLS",,ELEMENTARY_6_8,GENERAL
66897,"Joc Win Win Winter - Fuga prin pădure după mâncare Iarna se apropie și veverițele se grăbesc să adune cât mai multe ghinde. Un joc de rapiditate și strategie pentru maxim 4 jucători. Veverița care reușește să adune cele mai multe ghinde și să le ducă la vizuină câștigă.Un joc educativ pe toate planurile- matematica simplă, conștientizarea spațială, definirea de strategii pentru a vă atinge obiectivele și pentru a vă ajuta să gestionați emoțiile. Jocul conține circuit de joc tip puzzle dimensiune 67x40 cm, 4 pioni (veverite) din lemn, zar, 24 de token-uri. Pentru 2-4 jucători. Durata jocului 20 minute. Vârsta recomandată: +7 ani. Confecționat din lemn, hartie FSC si carton reciclat. Conform reglementărilor EN71. AVERTISMENT: Contraindicat copiilor sub 3 ani. Se recomandă supravegherea copilului de către un adult în timpul jocului. Producător: Londji, Spania. Ilustrat de Can Seixanta",Educative||Toate||Jocuri,LJ_FG017U,"Joc Win Win Winter Fuga prin padure dupa mancare, Londji",Londji,https://www.boribon.ro/cumpara/joc-win-win-winter-fuga-prin-padure-dupa-mancare-londji-2892,https://cdnmpro.com/708224949/p/raw/6/joc-win-win-winter-fuga-prin-padure-dupa-mancare-londji~6366.jpg,https://cdnmpro.com/708224949/p/raw/8/joc-win-win-winter-fuga-prin-padure-dupa-mancare-londji~6818.jpg,https://cdnmpro.com/708224949/p/raw/0/joc-win-win-winter-fuga-prin-padure-dupa-mancare-londji~6820.jpg,https://cdnmpro.com/708224949/p/raw/2/joc-win-win-winter-fuga-prin-padure-dupa-mancare-londji~6822.jpg,https://cdnmpro.com/708224949/p/raw/4/joc-win-win-winter-fuga-prin-padure-dupa-mancare-londji~6824.jpg,227.0,tva21,4.0,"Baiat, Fata",1 kg,,24 cm,"3 - 6, 6 - 9",LJ_FG017U,,Boribon,,,,,,Spania,227.0,Londji,,,oferta jocuri si jucarii septembrie 2025.xlsx,,,149.82,BOARD_GAMES,"CRITICAL_THINKING,PROBLEM_SOLVING,LOGIC",,TODDLERS_1_3,MATHEMATICS
112729,"Puzzle Beep Beep! Șoferi prudenți, bicicliști fericiți și camioane încărcate cu înghețată. Fie ca traseul să nu se termine niciodată! Odată ce puzzle-ul este asamblat devine un joc de observație. Cine va fi primul care va găsi toți cei 10 șoferi? Un puzzle gigant cu 48 de piese și un joc de observare din 10 piese pentru cei mici.Dimensiune puzzle asamblat: 113 x 64 cm. Jocul conține un puzzle de 48 de piese, 10 cartonașe vehicule, săculeț textil.Ilustrație Mar Ferrero.Vârsta recomandată: +3 ani.Confecționat din Hârtie FSC și carton reciclat conform reglementarilor EN71&ASTM.AVERTISMENT: Contraindicat copiilor sub 3 ani, conține piese mici, pericol de sufocare. A se utiliza sub directa supraveghere a unui adult. Producător: Londji, Spania. Fabricat în Barcelona.",Jocuri||Toate||Puzzle,Lj_PZ329U,Puzzle gigant Beep Beep! Londji,Londji,https://www.boribon.ro/cumpara/puzzle-gigant-beep-beep-londji-3495,https://cdnmpro.com/708224949/p/raw/3/puzzle-gigant-beep-beep-londji~10423.jpg,https://cdnmpro.com/708224949/p/raw/6/puzzle-gigant-beep-beep-londji~8766.jpg,https://cdnmpro.com/708224949/p/raw/7/puzzle-gigant-beep-beep-londji~8767.jpg,https://cdnmpro.com/708224949/p/raw/2/puzzle-gigant-beep-beep-londji~10422.jpg,,170.0,tva21,5.0,Baiat,1 kg,,20 cm,3 - 6,Lj_PZ329U,,Boribon,,,,,,Spania,170.0,Londji,,,oferta jocuri si jucarii septembrie 2025.xlsx,,,112.2,PUZZLES,"LOGIC,PROBLEM_SOLVING,CRITICAL_THINKING,MOTOR_SKILLS",,TODDLERS_1_3,GENERAL
4362,"Pompierii salveaza pisica, joc de cooperare și strategie - varianta de buzunar Ajută-l pe pompier să stingă focul și salvează pisoiul prins pe acoperiș! În acest joc devenim pompieri și lucrăm împreună pentru a stinge incendiile și a ajunge pe acoperișul unde este prinsă pisicuța. Va trebui să fim cu ochii în patru și să gestionăm bine apa. Jucându-ne de-a pompierul exersăm luarea deciziilor în echipă, număratul și răbdarea. Formatul de buzunar, practic pentru călătorii. Ilustrație Can Seixanta Ambalat în cutie robustă din carton.Conține tabla de joc puzzle (26 x 47 cm), figurina pompier, figurina pisica, 9 piese foc, 12 token-uri numere, zar din lemn. Pentru 2-6 jucători.Vârsta recomandată: 4 - 8 ani.Confecționat din hârtie FSC și carton reciclat. Conform reglementărilor EN71&ASTM.AVERTISMENT: Contraindicat copiilor sub 3 ani. Se recomandă supravegherea copilului de către un adult în timpul jocului.Produs de Londji în Spania.",De societate||Toate||Jocuri,Lj_PG005U,"Joc de cooperare varianta de buzunar Pompierii salveaza pisica, Londji",Londji,https://www.boribon.ro/cumpara/joc-de-cooperare-varianta-de-buzunar-pompierii-salveaza-pisica-londji-4362,https://cdnmpro.com/708224949/p/raw/7/joc-de-cooperare-varianta-de-buzunar-pompierii-salveaza-pisica-londji~11827.jpg,https://cdnmpro.com/708224949/p/raw/8/joc-de-cooperare-varianta-de-buzunar-pompierii-salveaza-pisica-londji~11828.jpg,https://cdnmpro.com/708224949/p/raw/9/joc-de-cooperare-varianta-de-buzunar-pompierii-salveaza-pisica-londji~11829.jpg,https://cdnmpro.com/708224949/p/raw/0/joc-de-cooperare-varianta-de-buzunar-pompierii-salveaza-pisica-londji~11830.jpg,,119.0,tva21,10.0,"Baiat, Fata",0.5 kg,,16.5 cm,"3 - 6, 6 - 9",Lj_PG005U,,Boribon,,,,,,Spania,119.0,Londji,,,oferta jocuri si jucarii septembrie 2025.xlsx,,,78.54,BOARD_GAMES,"CRITICAL_THINKING,PROBLEM_SOLVING,LOGIC",,TODDLERS_1_3,MATHEMATICS
7696,"Joc de memorie Fauna salbatica Balene, girafe, flamingo, veverițe, pinguini... Descoperiți viața sălbatică cu acest joc de memorie pentru toate vârstele. Jocul constă în găsirea cât mai multor jetoane identice de animale printre animalele sălbatice. Se pot face până la șaisprezece perechi, cel care obține cele mai multe câștigă. Un joc care stimulează memoria și logica. Exersează abilitățile de observare, concentrarea și orientarea în spațiu. Introducerea conceptul de a lua decizii neimpulsive. Un joc clasic de memorie cu animale, de jucat cu întreaga familie. Conține: treizeci și două de piese cu animale sălbatice, instrucțiuni în 5 limbi. Ilustrații: Nathalie OuederniVârsta recomandată: +3 ani. Confecționat din hârtie FSC și carton reciclat.AVERTISMENT: Contraindicat copiilor sub 3 ani. Se recomandă supravegherea copilului de către un adult în timpul jocului.Produs in Spania, Catalonia de Londji.",De societate||Toate||Jocuri||Educative,LJ_DI023U,"Joc de memorie Fauna salbatica, Londji",Londji,https://www.boribon.ro/cumpara/joc-de-memorie-fauna-salbatica-londji-7696,https://cdnmpro.com/708224949/p/raw/5/joc-de-memorie-fauna-salbatica-londji~19335.jpg,https://cdnmpro.com/708224949/p/raw/7/joc-de-memorie-fauna-salbatica-londji~19107.jpg,https://cdnmpro.com/708224949/p/raw/8/joc-de-memorie-fauna-salbatica-londji~19108.jpg,https://cdnmpro.com/708224949/p/raw/9/joc-de-memorie-fauna-salbatica-londji~19109.jpg,https://cdnmpro.com/708224949/p/raw/0/joc-de-memorie-fauna-salbatica-londji~19110.jpg,119.0,tva21,8.0,"Baiat, Fata",0.4 kg,,19 cm,"3 - 6, 6 - 9",LJ_DI023U,,Boribon,,,,,,Spania,119.0,Londji,,,oferta jocuri si jucarii septembrie 2025.xlsx,,,78.54,CONSTRUCTION_SETS,"CREATIVITY,MOTOR_SKILLS,PROBLEM_SOLVING,LOGIC",,TODDLERS_1_3,GENERAL
7697,"Puzzle Planeta animalelor Descoperă animalele lumii și devino zoolog. Asamblează puzzle-ul și găsește animalele din caietul exploratorului. Planeta Pământ este o mare necunoscută. Trăim într-o societate a informației și totuși nu cunoaștem multe dintre speciile care împart cu noi această mare planetă albastră. A cunoaște înseamnă a respecta. Puzzle-ul include un joc de observație. Odată asamblat, tinerii aventurieri pot alege o expediție și își pot asuma provocarea de a deveni zoologi, căutând și găsind specii de animale pentru a le fotografia. Acest puzzle ne va ajuta să introducem conceptele de bază ale geografiei, descoperind principalele continente și locațiile lor și să învățăm despre speciile de animale. Vom descoperi o mare varietate de animale, atât cunoscute, cât și mai puțin cunoscute. Joc pentru conștientizarea mediului prin descoperirea importanței biodiversității și necesitatea protejării habitatelor naturale. Îmbunătățește capacitatea de observație, logica, atenția și concentrarea.Ilustrat de Txell Darné.Ambalat în cutie robustă din carton. Dimensiune puzzle 21.5 x 18 cm.Vârsta recomandată: +5 ani. Confecționat din hartie FSC și carton reciclat. Conform reglementarilor EN71&ASTM. AVERTISMENT: Contraindicat copiilor sub 3 ani, conține piese mici, pericol de sufocare. A se utiliza sub directa supraveghere a unui adult. Producător: Londji, Spania.",Jocuri||Toate||Puzzle,LJ_PZ602U,"Puzzle Planeta animalelor, Londji",Londji,https://www.boribon.ro/cumpara/puzzle-planeta-animalelor-londji-7697,https://cdnmpro.com/708224949/p/raw/7/puzzle-planeta-animalelor-londji~19117.jpg,https://cdnmpro.com/708224949/p/raw/6/puzzle-planeta-animalelor-londji~19116.jpg,https://cdnmpro.com/708224949/p/raw/8/puzzle-planeta-animalelor-londji~19118.jpg,https://cdnmpro.com/708224949/p/raw/9/puzzle-planeta-animalelor-londji~19119.jpg,https://cdnmpro.com/708224949/p/raw/0/puzzle-planeta-animalelor-londji~19120.jpg,187.0,tva21,8.0,"Baiat, Fata",0.5 kg,,19 cm,"6 - 9, 9+",LJ_PZ602U,,Boribon,,,,,,Spania,187.0,Londji,,,oferta jocuri si jucarii septembrie 2025.xlsx,,,123.42,PUZZLES,"LOGIC,PROBLEM_SOLVING,CRITICAL_THINKING,MOTOR_SKILLS",,ELEMENTARY_6_8,SCIENCE
7700,"Joc din lemn Cei trei purcelusi Au fost odată ca niciodată 3 purceluși care au decis să își construiască propria casă. Ajută-i înainte să vină lupul. Joc insipirat dintr-un basm clasic care încurajează abilitățile narative și dezvoltarea limbajului și a memoriei. Copiii își pot lăsa imaginația să zburde, inventând noi povești, ceea ce le încurajează creativitatea. Au ocazia să experimenteze spațiului, ordonarea formelor și a culorilor, dezvoltând astfel abilitățile logice și matematice. Piesele în formă de tub de diferite mărimi, permit copiilor să experimenteze golul și permanența obiectelor, îmbunătățind înțelegerea spațiului. Copiii pot experimena de asemenea echilibrul prin construirea de turnuri și alte structuri, dezvoltând coordonarea și simțul echilibrului. O jucărie din lemn pentru a stivui, a potrivi și a spune povești. Calitatea și versatilitatea pieselor oferă multiple opțiuni de joc, fiind ideală ca material pentru explorare, clasificare și joc simbolic.Stimulează motricitatea fină și coordonarea spațială. Ca joc simbolic, stimulează imaginația și crearea de scenarii diferite. Setul este livrat într-o cutie frumoasă din carton reciclat pentru a-l avea mereu ordonat și pregătit. Conține 13 piese din lemn de fag.Vârsta recomandată: +2 ani. Jocurile din lemn au o magie aparte care le fac unice. Mirosul natural al lemnului, atingerea sa moale și caldă transportă jucătorii direct pe tărâmul copilăriei. Sunt jocuri care durează, care se transmit din generație în generație. Fiind realizate în atelierul Londji local, impactul asupra mediului este redus. Confecționat din lemn de fag PEFC de origine europeană și coloranți pe bază de apă Conform reglementărilor EN71&ASTM.AVERTISMENT: Contraindicat copiilor sub 2 ani. Se recomandă supravegherea copilului de către un adult în timpul jocului. Produs de Londj în Spania.",Jocuri||Toate||De societate||Educative||Jucarii din lemn,LJ_WT013U,"Joc din lemn Cei trei purcelusi, Londji",Londji,https://www.boribon.ro/cumpara/joc-din-lemn-cei-trei-purcelusi-londji-7700,https://cdnmpro.com/708224949/p/raw/1/joc-din-lemn-cei-trei-purcelusi-londji~19161.jpg,https://cdnmpro.com/708224949/p/raw/1/joc-din-lemn-cei-trei-purcelusi-londji~19151.jpg,https://cdnmpro.com/708224949/p/raw/2/joc-din-lemn-cei-trei-purcelusi-londji~19152.jpg,https://cdnmpro.com/708224949/p/raw/3/joc-din-lemn-cei-trei-purcelusi-londji~19153.jpg,https://cdnmpro.com/708224949/p/raw/4/joc-din-lemn-cei-trei-purcelusi-londji~19154.jpg,198.0,tva21,7.0,"Baiat, Fata",0.5 kg,,15 cm,"1 - 3, 3 - 6",LJ_WT013U,,Boribon,,,,,,Spania,198.0,Londji,,,oferta jocuri si jucarii septembrie 2025.xlsx,,,130.68,CONSTRUCTION_SETS,"CREATIVITY,MOTOR_SKILLS,PROBLEM_SOLVING,LOGIC",,TODDLERS_1_3,MATHEMATICS
7959,"Creează cel mai fascinant dragon din lume! Acest joc, fără reguli sau instrucțiuni, stimulează dezvoltarea copilului prin joc liber, spontaneitate și explorare, fără a-i limita creativitatea. Un joc care:· Dezvoltă creativitatea și imaginația.· Stimulează memoria și logica.· Ajută la exersarea atenției, concentrării și orientării în spațiu. Un joc fără reguli pentru a crea, experimenta și învăța. Dă frâu liber imaginației și creează un dragon fantastic! 🔹 Vârsta recomandată: 3-6 ani🔹 Material: Hârtie FSC și carton reciclat🔹 Ilustrație: Queralt Armengol🔹 Dimensiuni cutie: 17,5 x 17,5 x 7,8 cm🔹 Fabricat în Barcelona Avertisment! Nerecomandat copiilor sub 3 ani. Conține piese mici. Produs de Londji.",Jocuri||Toate||Puzzle||Educative,LJ_FG018U,"Puzzle liber Dragon, Londji",Londji,https://www.boribon.ro/cumpara/puzzle-liber-dragon-londji-7959,https://cdnmpro.com/708224949/p/raw/6/puzzle-liber-dragon-londji~20526.jpg,https://cdnmpro.com/708224949/p/raw/5/puzzle-liber-dragon-londji~20385.jpg,https://cdnmpro.com/708224949/p/raw/6/puzzle-liber-dragon-londji~20386.jpg,https://cdnmpro.com/708224949/p/raw/7/puzzle-liber-dragon-londji~20387.jpg,,154.0,tva21,9.0,"Baiat, Fata",0.8 kg,,17.5 cm,3 - 6,LJ_FG018U,,Boribon,,,,,,Spania,154.0,Londji,,,oferta jocuri si jucarii septembrie 2025.xlsx,,,101.64,PUZZLES,"LOGIC,PROBLEM_SOLVING,CRITICAL_THINKING,MOTOR_SKILLS",,TODDLERS_1_3,GENERAL
7967,"Puzzle de buzunar Castel – Descopera Evul Mediu! Călătorește cu mii de ani înapoi în timp! Joc educativ pentru a descoperi cum era traiul în Paleolitic!Mai întâi asamblează puzzle-ul, apoi caută personajele și află detalii despre ele: cum făceau focul, cum vânau, primele picturi rupestre... Le vei găsi pe toate?Un puzzle de 100 de piese cu 16 cartonașe de observație despre preistorie, înveți istorie în timp ce te joci. 🔹 Conține: Puzzle de 100 de piese + 16 carduri de observație 🔹 Dimensiune puzzle: 17.5 x 47 cm.🔹 Vârstă recomandată: 5-8 ani🔹 Dimensiune compactă – ideal pentru călătorii ✈️🔹 Materiale: Hârtie FSC și carton reciclat🔹 Ilustrație: Sebastià Serra🔹 Fabricat în Barcelona Avertisment! Nu este potrivit pentru copiii sub 3 ani. Conține piese mici. Produs de Londji",Puzzle||Toate||Jocuri,LJ_PZ615U,"Mini puzzle Mamut, Londji",Londji,https://www.boribon.ro/cumpara/mini-puzzle-mamut-londji-7967,https://cdnmpro.com/708224949/p/raw/8/mini-puzzle-mamut-londji~20518.jpg,https://cdnmpro.com/708224949/p/raw/9/mini-puzzle-mamut-londji~20459.jpg,https://cdnmpro.com/708224949/p/raw/0/mini-puzzle-mamut-londji~20460.jpg,https://cdnmpro.com/708224949/p/raw/1/mini-puzzle-mamut-londji~20461.jpg,https://cdnmpro.com/708224949/p/raw/2/mini-puzzle-mamut-londji~20462.jpg,98.0,tva21,17.0,"Baiat, Fata",0.5 kg,,16.5 cm,"3 - 6, 6 - 9",LJ_PZ615U,,Boribon,,,,,,Spania,98.0,Londji,,,oferta jocuri si jucarii septembrie 2025.xlsx,,,64.68,PUZZLES,"LOGIC,PROBLEM_SOLVING,CRITICAL_THINKING,MOTOR_SKILLS",,TODDLERS_1_3,GENERAL
8009,"Joc de echilibru - Turnul Elefanților - Construiește turnuri imposibile Joc creativ din lemn, fabricat în Barcelona! Descriere produs Primul un elefant, apoi o minge, încă un elefant... și acum... atenție, cade! Cine va reuși să construiască cel mai înalt turn și să sfideze legile gravitației?Acest joc de echilibru și îndemânare oferă ore întregi de distracție și creativitate pentru întreaga familie. Caracteristici principale Conține: 8 figurine din lemn în formă de elefant, 3 mingi pentru a crea structuri diverse și pentru a găsi echilibrul perfect. Beneficii pentru copii și familie Dezvoltă coordonarea și abilitățile motorii fine. Stimulează creativitatea și gândirea logică. Perfect pentru jocuri în familie sau activități educative. Cum se joacă? Alege o piesă și începe să construiești turnul. Adaugă elefanți și mingi, încercând să menții echilibrul. Cine construiește cel mai înalt turn fără să-l dărâme câștigă! Materiale eco-friendly: Realizat din fibre de lemn reciclate și vopsele organice de origine europeană. Certificat FSC. Design unic: Ilustrații semnate de Txell Darné. Avertiment: Nu este recomandat pentru copiii sub 3 ani. Conține piese mici care pot fi înghițite. Fabricat în Barcelona.",De societate||Toate||Jocuri||Jucarii Montessori||Promotii,LJ_WT006U,"Joc de echilibru Alehop Turnul elefantilor, Londji",Londji,https://www.boribon.ro/cumpara/joc-de-echilibru-alehop-turnul-elefantilor-londji-8009,https://cdnmpro.com/708224949/p/raw/4/joc-de-echilibru-alehop-turnul-elefantilor-londji~20744.jpg,https://cdnmpro.com/708224949/p/raw/5/joc-de-echilibru-alehop-turnul-elefantilor-londji~20745.jpg,https://cdnmpro.com/708224949/p/raw/6/joc-de-echilibru-alehop-turnul-elefantilor-londji~20746.jpg,https://cdnmpro.com/708224949/p/raw/7/joc-de-echilibru-alehop-turnul-elefantilor-londji~20747.jpg,https://cdnmpro.com/708224949/p/raw/8/joc-de-echilibru-alehop-turnul-elefantilor-londji~20748.jpg,199.0,tva21,12.0,"Baiat, Fata",0.8 kg,,26.5 cm,"3 - 6, 6 - 9",LJ_WT006U,,Boribon,,,,,,,199.0,Londji,,,oferta jocuri si jucarii septembrie 2025.xlsx,,,131.34,CONSTRUCTION_SETS,"CREATIVITY,MOTOR_SKILLS,PROBLEM_SOLVING,LOGIC",,TODDLERS_1_3,ENGINEERING
8127,"Puzzle de buzunar – My Little Ocean | Aventură marină în format compact 🐠🌊 Perfect pentru mânuțe curioase și joacă în deplasare, acest puzzle de buzunar înfățișează o lume marină plină de detalii, personaje simpatice și culori vii. Scufundă-te în oceanul Londji, navighează cu marea balenă albastră, înconjurat de vietăți marine și îndrăgostește-te iremediabil de fascinanta lume marină.Un puzzle cu 24 de piese pentru a explora adâncul mării și un joc de observație cu 16 piese de buzunar de care te poți bucura oriunde te-ai duce! Caracteristici: Conține 40 de piese (24 piese puzzle si 16 piese cu detalii) Ilustrație plină de viață, cu pești, corali, scafandri și alte vietăți marine Ambalat într-o cutie compactă și rezistentă – ideală pentru călătorii Realizat din carton reciclat și hârtie certificată FSC® Recomandat pentru: Dezvoltarea atenției la detalii și gândirii logice Joacă liniștită acasă, la drum sau în vacanțe 📏 Dimensiune puzzle final: 23 × 32 cmVârsta recomandată: 3+ aniProducător: Londji, Spania 🇪🇸 Avertisment! Nu este potrivit pentru copiii sub 3 ani. Conține piese mici. Produs in Barcelona de Londji.",Puzzle||Toate||Jocuri||Noutati,LJ_PZ562U,"Puzzle si joc de observatie Oceanul meu mic, Londji",Londji,https://www.boribon.ro/cumpara/puzzle-si-joc-de-observatie-oceanul-meu-mic-londji-8127,https://cdnmpro.com/708224949/p/raw/9/puzzle-si-joc-de-observatie-oceanul-meu-mic-londji~21229.jpg,https://cdnmpro.com/708224949/p/raw/0/puzzle-si-joc-de-observatie-oceanul-meu-mic-londji~21230.jpg,https://cdnmpro.com/708224949/p/raw/1/puzzle-si-joc-de-observatie-oceanul-meu-mic-londji~21231.jpg,https://cdnmpro.com/708224949/p/raw/2/puzzle-si-joc-de-observatie-oceanul-meu-mic-londji~21232.jpg,,98.0,tva21,10.0,"Baiat, Fata",0.5 kg,,16.5 cm,3 - 6,LJ_PZ562U,,Boribon,,,,,,Spania,98.0,Londji,,,oferta jocuri si jucarii septembrie 2025.xlsx,,,64.68,PUZZLES,"LOGIC,PROBLEM_SOLVING,CRITICAL_THINKING,MOTOR_SKILLS",,TODDLERS_1_3,GENERAL
4192,"Casuta iepurasilor, joc din lemn cu sisteme de inchidere Joc din lemn cu activități motorii distractive având diverse tipuri de încuietori. O gamă largă de activități posibile, pentru a promova dezvoltarea motricității fine, o mulțime de încuietori pe care copiii le cunosc din viața de zi cu zi și pe care le pot exersa într-un mod distractiv. La deschidere și închidere, copiii își antrenează în mod ludic abilitățile de prindere și coordonarea mână-ochi. Această jucărie este inspirată de metoda de predare Montessori care dezvoltă în mod optim abilitățile motorii. Vârsta recomandată: +3 ani.Confecționat din lemn si metal. Conform reglementărilor EN71&ASTM.AVERTISMENT! Contraindicat copiilor sub 3 ani. Conține părți mici. A se folosi sub directa supraveghere a unei persoane adulte.Producător: Egmont Toys, Belgia",Jocuri||Toate||Jucarii Montessori||Educative||Jucarii din lemn,Egm_511132,"Jucarie Montessori Casuta iepurasilor, joc din lemn cu sisteme de inchidere Egmont Toys",Egmont Toys,https://www.boribon.ro/cumpara/jucarie-montessori-casuta-iepurasilor-joc-din-lemn-cu-sisteme-de-4192,https://cdnmpro.com/708224949/p/raw/1/jucarie-montessori-casuta-iepurasilor-joc-din-lemn-cu-sisteme-de~11221.jpg,https://cdnmpro.com/708224949/p/raw/2/jucarie-montessori-casuta-iepurasilor-joc-din-lemn-cu-sisteme-de~11222.jpg,https://cdnmpro.com/708224949/p/raw/3/jucarie-montessori-casuta-iepurasilor-joc-din-lemn-cu-sisteme-de~14913.jpg,https://cdnmpro.com/708224949/p/raw/3/jucarie-montessori-casuta-iepurasilor-joc-din-lemn-cu-sisteme-de~15253.jpg,,216.0,tva21,7.0,"Baiat, Fata",0.5 kg,,25 cm,3 - 6,5420023042576,5420023042576.0,Boribon,,,,5420023042576.0,Joc cu sisteme de inchidere Casuta iepurasilor,,216.0,Egmont toys,511132,oferta jocuri si jucarii septembrie 2025.xlsx,oferta jocuri si jucarii septembrie 2025.xlsx,,,142.56,,,,TODDLERS_1_3,
4442,"11 jocuri de societate: șah, mikado, ludo, moara, table, domino, cărți de joc și multe altele! Transformă momentele de familie și întâlnirile cu prietenii în experiențe memorabile cu Compendiul de Jocuri – 11 Jocuri Diverse de la Egmont Toys. Acest set complet oferă o selecție variată de jocuri clasice, toate incluse într-o cutie de lemn durabilă, ușor de transportat și depozitat. Conținutul cutiei: Tabla de șah față/ verso: Pentru partide strategice de șah și dame și dezvoltarea gândirii tactice. Cărți de joc: două seturi de cărți de joc pentru o varietate de jocuri de societate. Mikado: Un joc de dexteritate pentru exersarea răbdării, concentrării și preciziei. Zaruri: 2 zaruri albe și 2 zaruri negre pentru jocuri de noroc și strategie. Alte piese pentru jocuri de societate: ludo, moara, domino, etc. pentru a satisface toate preferințele și vârstele. Detalii produs: Dimensiuni cutie: 30 x 60 x 6 cm Vârsta recomandată: +5 ani Materiale: Lemn și carton Compendiul de Jocuri – 11 Jocuri Diverse este cadoul ideal pentru familii și iubitorii de jocuri de societate, oferind ore întregi de distracție și învățare prin joc. Conform reglementărilor EN71&ASTM. Contraindicat copiilor mai mici de 3 ani. Conține piese mici. Pericol de înghițire. A se utiliza sub directa supraveghere a unei persoane adulte. Producător: Egmont Toys, Belgia",Jocuri||Toate||De logica||De societate,Egm_571013,"Compendiu de 11 jocuri de societate, Egmont Toys",Egmont Toys,https://www.boribon.ro/cumpara/compendiu-de-11-jocuri-de-societate-egmont-toys-4442,https://cdnmpro.com/708224949/p/raw/2/compendiu-de-11-jocuri-de-societate-egmont-toys~12392.jpg,https://cdnmpro.com/708224949/p/raw/3/compendiu-de-11-jocuri-de-societate-egmont-toys~12393.jpg,,,,263.0,tva21,11.0,"Adult, Baiat, Fata",1.2 kg,,32 cm,"3 - 6, 6 - 9, 9+",5420023043375,5420023043375.0,Boribon,,,,5420023043375.0,GAME COMPENDIUM - 11GAMES,,263.0,Egmont toys,571013,oferta jocuri si jucarii septembrie 2025.xlsx,oferta jocuri si jucarii septembrie 2025.xlsx,1.65,1.5,173.58,BOARD_GAMES,"CRITICAL_THINKING,PROBLEM_SOLVING,LOGIC",,TODDLERS_1_3,GENERAL
8266,"Mini-labirint din lemn Provoacă-ți abilitățile și răbdarea cu acest mini-labirint din lemn! Înclină și rotește cutia pentru a ghida bila spre linia de sosire, evitând capcanele. Este un joc de buzunar perfect pentru mânuțe mici și concentrare mare. Dimensiune: 12 x 12 x 2.5 cm Vârsta recomandată: +3 ani. Confecționat din lemn și cu bila metalica. Conform reglementărilor EN71 & ASTM.AVERTISMENT: Contraindicat copiilor sub 3 ani. Conține piese mici ce pot fi înghițite. A se utiliza sub stricta supraveghere a unei persoane adulte. Două modele disponibile: cu mașinuțe sau cu ciupercuțe.Producător: Egmont Toys, Belgia.",Educative||Toate||Noutati||Jucarii din lemn,Egm_511172,"Labirint din lemn cu bila, Egmont Toys",Egmont Toys,https://www.boribon.ro/cumpara/labirint-din-lemn-cu-bila-egmont-toys-8266,https://cdnmpro.com/708224949/p/raw/3/labirint-din-lemn-cu-bila-egmont-toys~21713.jpg,https://cdnmpro.com/708224949/p/raw/4/labirint-din-lemn-cu-bila-egmont-toys~21714.jpg,https://cdnmpro.com/708224949/p/raw/5/labirint-din-lemn-cu-bila-egmont-toys~21715.jpg,https://cdnmpro.com/708224949/p/raw/6/labirint-din-lemn-cu-bila-egmont-toys~21716.jpg,https://cdnmpro.com/708224949/p/raw/7/labirint-din-lemn-cu-bila-egmont-toys~21717.jpg,49.0,tva21,27.0,"Baiat, Fata",0.2 kg,,12 cm,"3 - 6, 6 - 9",5420023045515,5420023045515.0,Boribon,,,,5420023045515.0,"Labirint din lemn cu bila, Egmont Toys",,49.0,Egmont toys,511172,oferta jocuri si jucarii septembrie 2025.xlsx,oferta jocuri si jucarii septembrie 2025.xlsx,,,32.34,CONSTRUCTION_SETS,"CREATIVITY,MOTOR_SKILLS,PROBLEM_SOLVING",,TODDLERS_1_3,
33477,"Set educativ, cu 3 variante standard de joc (dar multe altele posibile), pentru învățarea limbii engleze + varianta cu zaruri a clasicului Yams. Un joc compact, dar cu multe opțiuni de joc, idel pentru a-l lua în orice călătorie. Conține: 13 zaruri. Vârsta recomandată: + 6 ani AVERTISMENT: Contraindicat copiilor sub 3 ani, conține piese mici, pericol de sufocare. A se utiliza sub directa supraveghere a unui adult. Producător: CreativaMente, Italia 555 Joc cu zaruri - Words - descarca aici regulile jocului",Educative||Outlet %,CTV-555,"Joc cu zaruri-Cuvinte, Star words",CreativaMente,https://www.boribon.ro/cumpara/joc-cu-zaruri-cuvinte-star-words-2571,https://cdnmpro.com/708224949/p/raw/9/joc-cu-zaruri-cuvinte-star-words~5589.jpg,https://cdnmpro.com/708224949/p/raw/7/joc-cu-zaruri-cuvinte-star-words~5907.jpg,,,,92.0,tva21,4.0,"Baiat, Fata",0.1 kg,12 cm,12 cm,"6 - 9, 9+",8032591785556,8032591785556.0,Boribon,,,,8032591785556.0,"Joc cu zaruri-Cuvinte, Star words",,92.0,Outlet,555,oferta jocuri si jucarii septembrie 2025.xlsx,oferta jocuri si jucarii septembrie 2025.xlsx,,,63.48,CONSTRUCTION_SETS,"CREATIVITY,MOTOR_SKILLS,PROBLEM_SOLVING",,ELEMENTARY_6_8,
56301,"Un joc educativ, tactic, pentru întreaga familie. Jucătorii trebuie să potrivească piesele cu diferite forme geometrice (contururi) astfel încât să reconstruiască indicațiile de pe cartonașele de joc. Grade de dificultate ..de la ușor, la super expert- tu pe care vei reuși oare să îl completezi? Vârsta recomandată: + 6 ani AVERTISMENT: Contraindicat copiilor sub 3 ani, conține piese mici, pericol de sufocare. A se utiliza sub directa supraveghere a unui adult. Producător: CreativaMente, Italia",Educative||Outlet %,CTV_407,Joc educativ Polyminix,CreativaMente,https://www.boribon.ro/cumpara/joc-educativ-polyminix-2776,https://cdnmpro.com/708224949/p/raw/4/joc-educativ-polyminix~6204.jpg,https://cdnmpro.com/708224949/p/raw/6/joc-educativ-polyminix~6476.jpg,https://cdnmpro.com/708224949/p/raw/7/joc-educativ-polyminix~6477.jpg,https://cdnmpro.com/708224949/p/raw/8/joc-educativ-polyminix~6478.jpg,https://cdnmpro.com/708224949/p/raw/9/joc-educativ-polyminix~6479.jpg,154.0,tva21,6.0,"Baiat, Fata",1 kg,25 cm,25 cm,"6 - 9, 9+",8032591784078,8032591784078.0,Boribon,,,,8032591784078.0,Joc educativ Polyminix,,154.0,Outlet,407,oferta jocuri si jucarii septembrie 2025.xlsx,oferta jocuri si jucarii septembrie 2025.xlsx,,,106.26,CONSTRUCTION_SETS,"CREATIVITY,MOTOR_SKILLS,PROBLEM_SOLVING",,ELEMENTARY_6_8,MATHEMATICS
56302,"Smarty Puzzle- Star Words Joc educativ, perfect pentru distracție în familie și pentru învățarea limbii engleze. Piesele se potrivesc asemenea pieselor de la puzzle, astfel încât jucătorii să formeze propoziții din diferitele cuvinte în engleză. Conține 2 zaruri, 1 săculeț textil, 252 piese de tip puzzle cu cuvinte în engleză Vârsta recomandată: + 6 ani AVERTISMENT: Contraindicat copiilor sub 3 ani, conține piese mici, pericol de sufocare. A se utiliza sub directa supraveghere a unui adult. Producător: CreativaMente, Italia Manual Joc educativ Smarty Puzzle - Star Words - descarca fisier",Educative||Outlet %,CTV_012,Joc educativ Smarty Puzzle- Star Words,CreativaMente,https://www.boribon.ro/cumpara/joc-educativ-smarty-puzzle-star-words-2777,https://cdnmpro.com/708224949/p/raw/6/joc-educativ-smarty-puzzle-star-words~6206.jpg,https://cdnmpro.com/708224949/p/raw/0/joc-educativ-smarty-puzzle-star-words~6480.jpg,https://cdnmpro.com/708224949/p/raw/1/joc-educativ-smarty-puzzle-star-words~6481.jpg,,,124.0,tva21,6.0,"Baiat, Fata",1 kg,25 cm,25 cm,"6 - 9, 9+",8032591780124,8032591780124.0,Boribon,,,,8032591780124.0,Joc educativ Smarty Puzzle- Star Words,,124.0,Outlet,012,oferta jocuri si jucarii septembrie 2025.xlsx,oferta jocuri si jucarii septembrie 2025.xlsx,,,85.56,PUZZLES,"LOGIC,PROBLEM_SOLVING,CRITICAL_THINKING,MOTOR_SKILLS",,ELEMENTARY_6_8,GENERAL
23149,"Set Magfomers cu 40 de piese cu magnet, de forme si culori diferite, cu ajutorul carora copiii pot sa contruiasca animale 3D. Posibilitatile si distractia sunt nelimitate, asa ca cei mici pot sa isi lase imaginatia libera si creativitatea lor va prinde cat mai multe forme. Acest set este conceput special pentru cei mici, astfel ca stivuind piesele, maniera cea mai simpla de a utiliza Magformers, ei pot obtine forme usor de recunoscut si asociat cu niste animalute prietenoase. Proiectate și dezvoltate de specialiști de la „Magformers” - liderul global în domeniul jocului de construit cu magnet, și „Clics” - marcă de jucării cu renume în Belgia, Magformers înseamnă mai mult decât o simplă jucărie. Magformers reunește piese și accesorii pentru construit cu magneți, dezvoltând îndemânarea, creativitatea și imaginația. Magformers este o jucărie de construcție pentru fiecare copil, un mod inedit de a îmbina piesele, garantând pentru calitate și diversitate. Magformers oferă piese de bază simple, cu un nivel ridicat de aplicabilitate, dezvoltându-și îndemânarea, înțelegând spațialitatea și geometria. Siguranța este esențială, așadar piesele cu magnet sunt sigure pentru cei mici! Magneții sunt încapsulați în interiorul pieselor, pe toate laturile lor, și poziționati astfel încât polii lor să se atragă, indiferent de modul în care piesele sunt apropiate, ceea ce este un avantaj inedit! Piesele Magformers se pot apropia pentru a construi apoi prin pliere, combinarea de mai multe părți, îndoirea sau extensia unor laturi, astfel că posibilitățile sunt nelimitate. Vârsta recomandată: +18 luni. AVERTISMENT! Contraindicat copiilor sub 18 luni. A se folosi sub directa supraveghere a unei persoane adulte. Producător: Clics toys, Belgia.",De Bebe||Outlet %,clic-702014,"Set magnetic de construit- Magformers Animale, 40 piese",Clicstoys,https://www.boribon.ro/cumpara/set-magnetic-de-construit-magformers-animale-40-piese-2485,https://cdnmpro.com/708224949/p/raw/6/set-magnetic-de-construit-magformers-animale-40-piese~5226.jpg,https://cdnmpro.com/708224949/p/raw/7/set-magnetic-de-construit-magformers-animale-40-piese~5557.jpg,https://cdnmpro.com/708224949/p/raw/8/set-magnetic-de-construit-magformers-animale-40-piese~5558.jpg,https://cdnmpro.com/708224949/p/raw/9/set-magnetic-de-construit-magformers-animale-40-piese~5559.jpg,https://cdnmpro.com/708224949/p/raw/0/set-magnetic-de-construit-magformers-animale-40-piese~5560.jpg,251.0,tva21,5.0,"Baiat, Fata",1 kg,19 cm,27 cm,1 - 3,8809465530181,8809465530181.0,Boribon,,,,8809465530181.0,"Set magnetic de construit- Magformers Animale, 40 piese",,251.0,CLICS,702014,oferta STEM si constructie septembrie 2025.xlsx,oferta STEM si constructie septembrie 2025.xlsx,,,163.08,CONSTRUCTION_SETS,"CREATIVITY,MOTOR_SKILLS,PROBLEM_SOLVING",,TODDLERS_1_3,MATHEMATICS
51150,"Set Magformers cu 30 de piese cu magnet, de formă pătrată și triunghiulară, cu ajutorul cărora copiii pot să contruiască orice modele doresc. Posibilitățile și distracția sunt nelimitate, așa că cei mici pot să își lase imaginația liberă și creativitatea lor va prinde cât mai multe forme. Proiectate și dezvoltate de specialiști de la „Magformers” - liderul global în domeniul jocului de construit cu magnet, și „Clics” - marcă de jucării cu renume în Belgia, Magformers înseamnă mai mult decât o simplă jucărie. Magformers reunește piese și accesorii pentru construit cu magneți, dezvoltând îndemânarea, creativitatea și imaginația. Magformers este o jucărie de construcție pentru fiecare copil, un mod inedit de a îmbina piesele, garantând pentru calitate și diversitate. Magformers oferă piese de bază simple, cu un nivel ridicat de aplicabilitate, dezvoltându-și îndemânarea, înțelegând spațialitatea și geometria. Siguranța este esențială, așadar piesele cu magnet sunt sigure pentru cei mici! Magneții sunt încapsulați în interiorul pieselor, pe toate laturile lor, și poziționati astfel încât polii lor să se atragă, indiferent de modul în care piesele sunt apropiate, ceea ce este un avantaj inedit! Piesele Magformers se pot apropia pentru a construi apoi prin pliere, combinarea de mai multe părți, îndoirea sau extensia unor laturi, astfel că posibilitățile sunt nelimitate. Vârsta recomandată: +3 ani. AVERTISMENT! Contraindicat copiilor sub 3 ani. A se folosi sub directa supraveghere a unei persoane adulte. Producător: Clics toys, Belgia.",De construit||Outlet %,clic-701005,"Set magnetic de construit- Magformers, 30 piese",Clicstoys,https://www.boribon.ro/cumpara/set-magnetic-de-construit-magformers-30-piese-2646,https://cdnmpro.com/708224949/p/raw/7/set-magnetic-de-construit-magformers-30-piese~5707.jpg,https://cdnmpro.com/708224949/p/raw/9/set-magnetic-de-construit-magformers-30-piese~6079.jpg,https://cdnmpro.com/708224949/p/raw/0/set-magnetic-de-construit-magformers-30-piese~6080.jpg,https://cdnmpro.com/708224949/p/raw/1/set-magnetic-de-construit-magformers-30-piese~6081.jpg,https://cdnmpro.com/708224949/p/raw/2/set-magnetic-de-construit-magformers-30-piese~6082.jpg,301.0,tva21,3.0,"Baiat, Fata",0.5 kg,5 cm,29 cm,"3 - 6, 6 - 9",8809134360019,8809134360019.0,Boribon,,,,8809134360019.0,"Set magnetic de construit- Magformers, 30 piese",,301.0,CLICS,701005,oferta STEM si constructie septembrie 2025.xlsx,oferta STEM si constructie septembrie 2025.xlsx,,,195.96,CONSTRUCTION_SETS,"CREATIVITY,MOTOR_SKILLS,PROBLEM_SOLVING",,TODDLERS_1_3,MATHEMATICS
71300,"Set cuburi din spuma cu magnet Blockaroo, Barca 10 piese Cuburi pentru construit - sigure, ușoare, versatile Blocurile Blockaroo ™ sunt construite din spumă, conțin în interior magnet pentru a putea fi ușor de folosit la construcții, prin simpla apropiere. Dezvoltate de profesori pentru a fi jucăria STEM perfectă pentru învățarea timpurie, încă de la 18 luni. Sunt prietenoase cu apa, se pot spăla inclusiv în mașina pentru vase și oferă nenumărate variante de joc. Vârsta recomandată: +18 luni. AVERTISMENT! Contraindicat copiilor sub 18 luni. Contine magneti! A se folosi sub directa supraveghere a unei persoane adulte. Asigurati-va ca ati citit toate atentionarile inainte de a inmana jucaria copilului. Acest produs contine magneti. Inghitirea lor poate provoca complicatii care pot duce pana la infectii si moarte. Contactati imediat medicul in caz de inghitire. Nu se pun in foc. Se pot spala in masina de spalat vase sau rufe. Nu lasati copilul sa bage piesele in gura, risc de inghitire. A se inlatura imediat magnetul in cazul desprinderii. A nu se curata cu detergent, inalbitor sau alcool. A nu se depozita in locuri cu umiditate crescuta, in soare sau la temperaturi inalte. A nu se folosi la exterior. A nu se folosi parti dezasamblate, deteriorate, deformate. A nu se taia, dezasambla sau incalzi piesele. A nu se introduce in cuptor sau la microunde. A se pastra departe de obiecte care pot fi afectate magnetic precum TV, ceas, computer, mobil, dispozitiv portabil de stocare. Indepartati ambalajul inainte de a inmana jucaria copilului. Produs certificat international pentru siguranta. Producator: Blue Marble, USA. Import Clics toys, Belgia.",De Bebe||Outlet %,blockaroo_301003,"Set cuburi din spuma cu magnet Blockaroo, Barca 10 piese",Clicstoys,https://www.boribon.ro/cumpara/set-cuburi-din-spuma-cu-magnet-blockaroo-barca-10-piese-3004,https://cdnmpro.com/708224949/p/raw/6/set-cuburi-din-spuma-cu-magnet-blockaroo-barca-10-piese~6706.jpg,https://cdnmpro.com/708224949/p/raw/1/set-cuburi-din-spuma-cu-magnet-blockaroo-barca-10-piese~7211.jpg,https://cdnmpro.com/708224949/p/raw/2/set-cuburi-din-spuma-cu-magnet-blockaroo-barca-10-piese~7212.jpg,https://cdnmpro.com/708224949/p/raw/3/set-cuburi-din-spuma-cu-magnet-blockaroo-barca-10-piese~7213.jpg,,179.0,tva21,5.0,"Baiat, Fata",0.3 kg,25 cm,18.5 cm,"3 - 6, 6 - 9",5425002309046,5425002309046.0,Boribon,,,,5425002309046.0,"Set cuburi din spuma cu magnet Blockaroo, Barca 10 piese",,179.0,CLICS,301003,oferta STEM si constructie septembrie 2025.xlsx,oferta STEM si constructie septembrie 2025.xlsx,,,116.1,CONSTRUCTION_SETS,"CREATIVITY,MOTOR_SKILLS,PROBLEM_SOLVING",,TODDLERS_1_3,ENGINEERING
81526,"Set de construit cu magnet Spaghetteez Cele mai noi forme pentru construit- super flexibile, sigure, ușoare, versatile Faceți clic, răsuciți și creați! Construiește cu cele mai inedite instrumente - Spaghetteez, bețișoare moi, flexibile, de diferite culori și dimensiuni. Ele pot fi ușor răsucite și unite, astfel încât copilul să se poată exprima în cel mai creativ mod. Iar când vreți modele noi, nu e nicio problemă, desfaceți bețișoarele spaghetteez și o luați de la capăt, pentru că se pot folosi ori de câte ori doriți. Conține 70 de bețișosre, o broșura cu instrucțiuni și modele pas cu pas. Vârsta recomandată: + 4 ani. AVERTISMENT! A se folosi sub directa supraveghere a unei persoane adulte. Asigurați-vă că ați citit toate atenționările înainte de a înmâna jucăria copilului. Produs certificat internațional pentru siguranță. Clics toys, Belgia.",De construit||Toate||Jocuri||Educative||Magnetice,Spaghet101001,Set de construit cu magnet Spaghetteez 70 piese,Clicstoys,https://www.boribon.ro/cumpara/set-de-construit-cu-magnet-spaghetteez-70-piese-3136,https://cdnmpro.com/708224949/p/raw/4/set-de-construit-cu-magnet-spaghetteez-70-piese~10054.jpg,https://cdnmpro.com/708224949/p/raw/5/set-de-construit-cu-magnet-spaghetteez-70-piese~7825.jpg,https://cdnmpro.com/708224949/p/raw/7/set-de-construit-cu-magnet-spaghetteez-70-piese~7827.jpg,https://cdnmpro.com/708224949/p/raw/9/set-de-construit-cu-magnet-spaghetteez-70-piese~7829.jpg,https://cdnmpro.com/708224949/p/raw/4/set-de-construit-cu-magnet-spaghetteez-70-piese~7834.jpg,140.0,tva21,3.0,"Baiat, Fata",1 kg,20 cm,28 cm,3 - 6,5425002307707,5425002307707.0,Boribon,,,,5425002307707.0,Set de construit cu magnet Spaghetteez 70 piese,,140.0,CLICS,101001,oferta STEM si constructie septembrie 2025.xlsx,oferta STEM si constructie septembrie 2025.xlsx,,,90.59,CONSTRUCTION_SETS,"CREATIVITY,MOTOR_SKILLS,PROBLEM_SOLVING",,TODDLERS_1_3,
81985,"Cele mai noi forme pentru construit - super flexibile, sigure, ușoare, versatile Construiește cu cele mai inedite instrumente- piesele Clixo sunt moi, ușoare, flexibile, care pot fi îmbinate cu magneții din capete prin simpla apropiere, creând nenumărate forme. Faceți clic și proiectați! Iar când vreți modele noi, nu e nicio problemă, desfaceți piesele Clixo și o luați de la capăt, pentru că se pot folosi de oricâte ori doriți. Conține 30 piese. Dezvoltă joaca liberă, motricitatea, imaginația. Vârsta recomandată: + 4 ani. AVERTISMENT! A se folosi sub directa supraveghere a unei persoane adulte. Asigurați-vă că ați citit toate atenționările înainte de a înmâna jucăria copilului. Produs certificat internațional pentru siguranță. Producator: Clics toys, Belgia.",De construit||Outlet %,clixo201006,"Set Clixo de construit cu magnet, Itsy pack Flamingo-Turquoise 30",Clicstoys,https://www.boribon.ro/cumpara/set-clixo-de-construit-cu-magnet-itsy-pack-flamingo-turquoise-30-3141,https://cdnmpro.com/708224949/p/raw/3/set-clixo-de-construit-cu-magnet-itsy-pack-flamingo-turquoise-30~6993.jpg,https://cdnmpro.com/708224949/p/raw/2/set-clixo-de-construit-cu-magnet-itsy-pack-flamingo-turquoise-30~7922.jpg,https://cdnmpro.com/708224949/p/raw/4/set-clixo-de-construit-cu-magnet-itsy-pack-flamingo-turquoise-30~7924.jpg,https://cdnmpro.com/708224949/p/raw/6/set-clixo-de-construit-cu-magnet-itsy-pack-flamingo-turquoise-30~7926.jpg,https://cdnmpro.com/708224949/p/raw/7/set-clixo-de-construit-cu-magnet-itsy-pack-flamingo-turquoise-30~7927.jpg,371.0,tva21,1.0,"Baiat, Fata",1 kg,14 cm,21 cm,"3 - 6, 6 - 9",860005765942,860005765942.0,Boribon,,,,860005765942.0,"Set Clixo de construit cu magnet, Itsy pack Flamingo-Turquoise 30",,371.0,CLICS,201006,oferta STEM si constructie septembrie 2025.xlsx,oferta STEM si constructie septembrie 2025.xlsx,,,241.59,CONSTRUCTION_SETS,"CREATIVITY,MOTOR_SKILLS,PROBLEM_SOLVING",,TODDLERS_1_3,
3876,"Drăguț și simplu, acest set cu 14 piese este introducerea perfectă în lumea distractivă a jocului magnetic Stick-O pentru copii mici. Piesele Stick-O au sistemul de magneți rotativi (RMS) super sigur, inițiat de Magformers, în care magneții disc mici, dar puternici, din neodim sunt etanșați în siguranță în interiorul pieselor principale. Deoarece se rotesc, atrag întotdeauna și nu resping niciodată - făcând construcția modelelor rapidă și ușoară. pentru mânuțele mici. Toate seturile Stick-O sunt complet compatibile. Confecționat din plastic BPA (nontoxic). Conform standardelor EN71. Vârsta recomandată + 18 luni. AVERTISMENT: Contraindicat copiilor sub 18 luni. Conține magneți! Inghitirea lor poate provoca complicatii care pot duce pana la infectii si moarte. Contactati imediat medicul in caz de inghitire. A se utiliza sub directa supraveghere a unui adult. Distribuit de Clicstoys, Belgia.",Jocuri||Outlet %,clics_904001,"Joc cu magneti Stick-O, Bumba",Clicstoys,https://www.boribon.ro/cumpara/joc-cu-magneti-stick-o-bumba-3876,https://cdnmpro.com/708224949/p/raw/7/joc-cu-magneti-stick-o-bumba~10057.jpg,https://cdnmpro.com/708224949/p/raw/5/joc-cu-magneti-stick-o-bumba~10055.jpg,https://cdnmpro.com/708224949/p/raw/6/joc-cu-magneti-stick-o-bumba~10056.jpg,https://cdnmpro.com/708224949/p/raw/4/joc-cu-magneti-stick-o-bumba~14214.jpg,https://cdnmpro.com/708224949/p/raw/5/joc-cu-magneti-stick-o-bumba~14215.jpg,181.0,tva21,4.0,"Baiat, Fata",0.3 kg,22 cm,22 cm,1 - 3,8809465537319,8809465537319.0,Boribon,,,,8809465537319.0,Joc cu magneti Stick-O Bumba,,181.0,CLICS,904001,oferta STEM si constructie septembrie 2025.xlsx,oferta STEM si constructie septembrie 2025.xlsx,,,124.89,CONSTRUCTION_SETS,"CREATIVITY,MOTOR_SKILLS,PROBLEM_SOLVING",,TODDLERS_1_3,ENGINEERING
3880,"Set Clicformers cu 123 de piese cu ajutorul cărora poți construi 5 modele de vehicule de santier. Clicformers înseamnă mai mult decât o simplă jucărie. Sub sloganul „Let’s Click & Play”, Clicformers reunește piese și accesorii pentru construit, dezvoltând îndemânarea, creativitatea și imaginația. Clicformers este o jucărie de construcție pentru fiecare copil, un mod inedit de a îmbina piesele, garantând pentru calitate și diversitate. Utilizând patru metode de combinație unice - CLICK, STACK, FOLD, HOOK, Clicformers permite copiilor să creeze aproape orice își imaginează, oferind piese de bază simple, cu un nivel ridicat de aplicabilitate și diverse accesorii care aduc un plus de distracție. Culorile asortate ale acestor componente ajută la creșterea simțul estetic al copiilor. Vârsta recomandată: +4 ani.Piesele și ambalajul sunt confecționate în întregime din plastic reciclat, fiind un produs sustenabil.AVERTISMENT! Contraindicat copiilor sub 3 ani. A se folosi sub directa supraveghere a unei persoane adulte.Producător: Clics Toys, Belgia.",Jocuri,clics_CB199-04,Set Clics de construit vehicule de constructie 5 in 1,Clicstoys,https://www.boribon.ro/cumpara/set-clics-de-construit-vehicule-de-constructie-5-in-1-3880,https://cdnmpro.com/708224949/p/raw/3/set-clics-de-construit-vehicule-de-constructie-5-in-1~10073.jpg,https://cdnmpro.com/708224949/p/raw/2/set-clics-de-construit-vehicule-de-constructie-5-in-1~10072.jpg,https://cdnmpro.com/708224949/p/raw/4/set-clics-de-construit-vehicule-de-constructie-5-in-1~10074.jpg,https://cdnmpro.com/708224949/p/raw/5/set-clics-de-construit-vehicule-de-constructie-5-in-1~10075.jpg,https://cdnmpro.com/708224949/p/raw/4/set-clics-de-construit-vehicule-de-constructie-5-in-1~14224.jpg,150.0,tva21,7.0,"Baiat, Fata",1 kg,20 cm,22 cm,"3 - 6, 6 - 9",5425002306120,5425002306120.0,Boribon,,,,5425002306120.0,Set clics de construit vehicule de constructie 5 in 1,,150.0,CLICS,clics_CB199-04,oferta STEM si constructie septembrie 2025.xlsx,oferta STEM si constructie septembrie 2025.xlsx,,,103.5,CONSTRUCTION_SETS,"CREATIVITY,MOTOR_SKILLS,PROBLEM_SOLVING",,TODDLERS_1_3,ENGINEERING
18976,"LABIRINT CU BILA, ROSU Joc logic și de îndemânare- labirint cu bilă. Confecționat din lemn și materiale non-toxice conform reglementărilor EN71 & ASTM Vârsta recomandată: +6 ani. AVERTISMENT: Contraindicat copiilor sub 3 ani. Conține piese mici ce pot fi înghițite. A se utiliza sub stricta supraveghere a unei persoane adulte. Producător: Fridolin, Germania",De logica||Toate||Jocuri,Fr_17481,Labirint numerotat cu bila rosu,Fridolin,https://www.boribon.ro/cumpara/labirint-numerotat-cu-bila-rosu-1057,https://cdnmpro.com/708224949/p/raw/5/labirint-numerotat-cu-bila-rosu~2355.jpg,,,,,25.0,tva21,4.0,"Baiat, Fata",0.2 kg,,9 cm,"6 - 9, 9+",4031172174813,4031172174813.0,Boribon,,,,4031172174813.0,,China,25.0,Fridolin,17481,oferta jocuri si jucarii septembrie 2025.xlsx,oferta jocuri si jucarii septembrie 2025.xlsx,,,16.5,CONSTRUCTION_SETS,"CREATIVITY,MOTOR_SKILLS,PROBLEM_SOLVING,LOGIC",,ELEMENTARY_6_8,GENERAL
20623,"Test IQ puzzle metalic Copac Joc logic puzzle 3D metalic. Scopul jocului este de a demonta și apoi de a monta la loc puzzle-ul. Jocuri de gândire în care trebuie să dezlegi misterul puzzle-urilor, dezvoltă perspicacitatea, inteligența, răbdarea și concentrarea. Confecționat din materiale non-toxice conform reglementărilor EN71 & ASTM. Certificare FSC®. Vârsta recomandată: +6 ani.Grad de dificultate: ****AVERTISMENT: Contraindicat copiilor sub 3 ani. Conține piese mici ce pot fi înghițite. A se utiliza sub stricta supraveghere a unei persoane adulte. Producător: Fridolin, Germania.",De logica||Toate||Jocuri,Fr_17262,"Joc logic IQ puzzle metalic 4*, Fridolin",Fridolin,https://www.boribon.ro/cumpara/joc-logic-iq-puzzle-metalic-4-fridolin-1612,https://cdnmpro.com/708224949/p/raw/3/joc-logic-iq-puzzle-metalic-4-fridolin~3513.jpg,https://cdnmpro.com/708224949/p/raw/3/joc-logic-iq-puzzle-metalic-4-fridolin~3783.jpg,,,,36.0,tva21,1.0,,0.2 kg,,9.4 cm,"3 - 6, 6 - 9",4031172172628,4031172172628.0,Boribon,,,,4031172172628.0,,China,36.0,Fridolin,17262,oferta jocuri si jucarii septembrie 2025.xlsx,oferta jocuri si jucarii septembrie 2025.xlsx,,,23.76,PUZZLES,"LOGIC,PROBLEM_SOLVING,CRITICAL_THINKING,MOTOR_SKILLS",,TODDLERS_1_3,GENERAL
20629,"Vârsta recomandată: +6 ani. Grad de dificultate: *** Joc logic puzzle 3D metalic. Scopul jocului este de a demonta și apoi de a monta la loc puzzle-ul. Jocuri de gândire în care trebuie să dezlegi misterul puzzle-urilor, dezvoltă perspicacitatea, inteligența, răbdarea și concentrarea. Confecționat din materiale non-toxice conform reglementărilor EN71 & ASTM. AVERTISMENT: Contraindicat copiilor sub 3 ani. Conține piese mici ce pot fi înghițite. A se utiliza sub stricta supraveghere a unei persoane adulte. Producător: Fridolin, Germania",De logica||Toate||Jocuri,Fr_17266,Joc logic IQ metalic 3*,Fridolin,https://www.boribon.ro/cumpara/joc-logic-iq-metalic-3-1614,https://cdnmpro.com/708224949/p/raw/5/joc-logic-iq-metalic-3~3515.jpg,https://cdnmpro.com/708224949/p/raw/5/joc-logic-iq-metalic-3~3785.jpg,,,,36.0,tva21,1.0,,0.2 kg,,9.4 cm,"3 - 6, 6 - 9",4031172172666,4031172172666.0,Boribon,,,,4031172172666.0,,China,36.0,Fridolin,17266,oferta jocuri si jucarii septembrie 2025.xlsx,oferta jocuri si jucarii septembrie 2025.xlsx,,,23.76,PUZZLES,"LOGIC,PROBLEM_SOLVING,CRITICAL_THINKING,MOTOR_SKILLS",,TODDLERS_1_3,GENERAL
20639,"Test IQ Puzzle 3D din lemn de bambus Knot Joc logic puzzle 3D din lemn de bambus, în cutie metalică. Scopul jocului este de a monta puzzle-ul cu ajutorul pieselor din cutie. Jocuri de gândire în care trebuie să dezlegați misterul puzzle-urilor. Dezvoltă răbdarea, perspicacitatea, inteligența. Grad de dificultate: *** Vârsta recomandată +8 ani. Confecționat din lemn și materiale non-toxice conform reglementărilor EN71 & ASTM. Certificate FSC®. AVERTISMENT: Contraindicat copiilor sub 3 ani. Conține piese mici ce pot fi inghițite. A se utiliza sub stricta supraveghere a unei persoane adulte. Producător: Fridolin, Germania.",De logica||Toate||Jocuri||Promotii||Jucarii din lemn,Fr_17523,"Joc logic IQ 3D Puzzle in cutie metalica Knot, Fridolin",Fridolin,https://www.boribon.ro/cumpara/joc-logic-iq-3d-puzzle-in-cutie-metalica-knot-fridolin-1617,https://cdnmpro.com/708224949/p/raw/8/joc-logic-iq-3d-puzzle-in-cutie-metalica-knot-fridolin~3518.jpg,https://cdnmpro.com/708224949/p/raw/9/joc-logic-iq-3d-puzzle-in-cutie-metalica-knot-fridolin~3789.jpg,https://cdnmpro.com/708224949/p/raw/0/joc-logic-iq-3d-puzzle-in-cutie-metalica-knot-fridolin~3790.jpg,,,46.0,tva21,5.0,,0.4 kg,,9.5 cm,"6 - 9, 9+",4031172175230,4031172175230.0,Boribon,,,,4031172175230.0,,China,46.0,Fridolin,17523,oferta jocuri si jucarii septembrie 2025.xlsx,oferta jocuri si jucarii septembrie 2025.xlsx,,,30.36,PUZZLES,"LOGIC,PROBLEM_SOLVING,CRITICAL_THINKING,MOTOR_SKILLS",,ELEMENTARY_6_8,GENERAL
20735,"Test IQ puzzle lemn de bambus cu șnur Elibereaza inelul-3 Test IQ puzzle cu șnur portocaliu și lemn de bambus într-o cutie metalică: două emisfere - un inel. Dezvoltă perspicacitatea, inteligența, răbdarea și concentrarea. Dimensiuni cutie: 6 x 2,2 x 9,4 cm (L x A x P). Confecționat din lemn și materiale non-toxice conform reglementărilor EN71 & ASTM. Certificate FSC®. Vârsta recomandată: +8 ani.Grad de dificultate: *****AVERTISMENT: Contraindicat copiilor sub 3 ani. Conține piese mici ce pot fi înghițite, șnur lung. A se utiliza sub stricta supraveghere a unei persoane adulte. Producător: Fridolin, Germania.",De logica||Toate||Jocuri||Jucarii din lemn,Fr_17133,"Joc logic IQ puzzle cu snur Elibereaza inelul-3, Fridolin",Fridolin,https://www.boribon.ro/cumpara/joc-logic-iq-puzzle-cu-snur-elibereaza-inelul-3-fridolin-1644,https://cdnmpro.com/708224949/p/raw/0/joc-logic-iq-puzzle-cu-snur-elibereaza-inelul-3-fridolin~3550.jpg,https://cdnmpro.com/708224949/p/raw/3/joc-logic-iq-puzzle-cu-snur-elibereaza-inelul-3-fridolin~3803.jpg,https://cdnmpro.com/708224949/p/raw/4/joc-logic-iq-puzzle-cu-snur-elibereaza-inelul-3-fridolin~3804.jpg,,,46.0,tva21,3.0,,0.2 kg,,9.4 cm,"6 - 9, 9+",4031172171331,4031172171331.0,Boribon,,,,4031172171331.0,,China,46.0,Fridolin,17133,oferta jocuri si jucarii septembrie 2025.xlsx,oferta jocuri si jucarii septembrie 2025.xlsx,,,30.36,PUZZLES,"LOGIC,PROBLEM_SOLVING,CRITICAL_THINKING,MOTOR_SKILLS",,ELEMENTARY_6_8,GENERAL
20402,"Puzzle 1,2,3 start! Puzzle gigant cu 54 de piese, ilustrând un joc clasic, trasul sforii, jucat de cele mai îndrăgite personaje din povești. Dimensiune puzzle asamblat: 200 x 15 cm. Vârsta recomandată: +5 ani.Confecționat din carton ecologic, nontoxic, conform reglementarilor EN71&ASTM. AVERTISMENT: Contraindicat copiilor sub 3 ani, conține piese mici, pericol de sufocare. A se utiliza sub directa supraveghere a unui adult. Producător: Londji, Spania.",Jocuri||Toate||Puzzle,LJ_PZ303U,"Puzzle 1,2,3 start! Londji",Londji,https://www.boribon.ro/cumpara/puzzle-1-2-3-start-londji-1550,https://cdnmpro.com/708224949/p/raw/5/puzzle-1-2-3-start-londji~3245.jpg,https://cdnmpro.com/708224949/p/raw/2/puzzle-1-2-3-start-londji~3622.jpg,https://cdnmpro.com/708224949/p/raw/3/puzzle-1-2-3-start-londji~3623.jpg,https://cdnmpro.com/708224949/p/raw/4/puzzle-1-2-3-start-londji~3624.jpg,https://cdnmpro.com/708224949/p/raw/6/puzzle-1-2-3-start-londji~3626.jpg,130.0,tva21,3.0,"Baiat, Fata",2 kg,,45 cm,"3 - 6, 6 - 9",LJ_PZ303U,,Boribon,,,,,,Spania,130.0,Londji,,,oferta jocuri si jucarii septembrie 2025.xlsx,,,85.8,PUZZLES,"LOGIC,PROBLEM_SOLVING,CRITICAL_THINKING,MOTOR_SKILLS",,TODDLERS_1_3,GENERAL
79059,"Joc Cucerește muntele Joc de strategie pentru cei care iubesc natura, muntele și joaca. Jocul te poartă pe cel mai înalt munte, pe vârful căruia încă nu a reușit să ajungă nimeni. Cucerește tu vârful, folosindu-te de logică și strategie pentru a crea traseul pe care să urci pas cu pas. Pentru 2-5 jucători. Durata jocului: 50 min. Joc de cooperare și strategie. Dezvoltă planificarea, orientarea in spatiu, anticiparea mișcărilor și gândirea strategică, cooperarea între jucători. Conține 5 pioni, 2 zaruri cu cifre, un zar cu animale, 120 piese cu care se construiește traseul spre varful muntelui, 5 token-uri mari (4 animale + o zână), 42 token-uri mici (provizii, gunoi, cabana, premiu). Ilustrație Can Seixanta Vârsta recomandată: +7 ani. Confecționat din hârtie FSC, carton reciclat și lemn. Conform reglementarilor EN71&ASTM. AVERTISMENT: Contraindicat copiilor sub 3 ani. Se recomandă supravegherea copilului de către un adult în timpul jocului. Producător: Londji, Spania. Ilustrat de Can Seixanta FG020U cucereste muntele- descarca aici regulile jocului",De societate||Toate||Jocuri||Educative,Lj_FG020U,"Joc Cucereste muntele, Londji",Londji,https://www.boribon.ro/cumpara/joc-cucereste-muntele-londji-3088,https://cdnmpro.com/708224949/p/raw/6/joc-cucereste-muntele-londji~6896.jpg,https://cdnmpro.com/708224949/p/raw/6/joc-cucereste-muntele-londji~7606.jpg,https://cdnmpro.com/708224949/p/raw/7/joc-cucereste-muntele-londji~7607.jpg,https://cdnmpro.com/708224949/p/raw/8/joc-cucereste-muntele-londji~7608.jpg,https://cdnmpro.com/708224949/p/raw/8/joc-cucereste-muntele-londji~17098.jpg,233.0,tva21,2.0,"Baiat, Fata",1 kg,,24 cm,"3 - 6, 6 - 9, 9+",Lj_FG020U,,Boribon,,,,,,Spania,233.0,Londji,,,oferta jocuri si jucarii septembrie 2025.xlsx,,,153.78,BOARD_GAMES,"CRITICAL_THINKING,PROBLEM_SOLVING,LOGIC",,TODDLERS_1_3,GENERAL
4084,"Joc de cooperare Zana si vrajitorul A fost odată ca niciodată o zână bună și o vrăjitoare rea. Zâna a vrut să creeze o pădure în care fiecare animal să aibă un cămin. Vrăjitoarea, pe de altă parte, voia să închidă animalele în pădure. Ajutați-o pe zână să o oprească pe vrăjitoare să-și ducă planul la îndeplinire! Scopul jocului este de a construi împreună o pădure înainte ca vrăjitoarea să facă vrăji și să închidă toate animalele în cuști. Jocul se joacă pe rând, iar jucătorii elaborează împreună strategii pentru a se asigura că vrăjitoarea nu câștigă jocul.Dacă un jucător reușește să formeze pădurea completă, toate animalele sunt automat eliberate, iar zâna și animalele câștigă jocul!Un joc cooperativ care:- Încurajează comunicarea și strategiile de grup.- Stimulează orientarea spațială și calculul mental de bază.Un joc cooperativ de familie, în care se lucrează în echipă pentru a ajuta la construirea unei păduri în care să trăiască animalele. Fabricat în Spania de Londji. Pentru 2-5 jucătoriDurata jocului 20 min. Ambalat în cutie robustă din carton. Ilustrator Can Seixanta Vârsta recomandată: +6 ani.Confecționat din hârtie FSC și carton reciclat. Conform reglementarilor EN71&ASTM.AVERTISMENT: Contraindicat copiilor sub 3 ani. Se recomandă supravegherea copilului de către un adult în timpul jocului.Producător: Londji, Spania. Proiectat și fabricat în Europa",Jocuri||Toate||De societate,Lj_FG026U,"Joc de cooperare Zana si vrajitorul, Londji",Londji,https://www.boribon.ro/cumpara/joc-de-cooperare-zana-si-vrajitorul-londji-4084,https://cdnmpro.com/708224949/p/raw/7/joc-de-cooperare-zana-si-vrajitorul-londji~10827.jpg,https://cdnmpro.com/708224949/p/raw/5/joc-de-cooperare-zana-si-vrajitorul-londji~10825.jpg,https://cdnmpro.com/708224949/p/raw/6/joc-de-cooperare-zana-si-vrajitorul-londji~10826.jpg,https://cdnmpro.com/708224949/p/raw/8/joc-de-cooperare-zana-si-vrajitorul-londji~10828.jpg,https://cdnmpro.com/708224949/p/raw/9/joc-de-cooperare-zana-si-vrajitorul-londji~14729.jpg,227.0,tva21,68.0,"Baiat, Fata",1 kg,,24 cm,"6 - 9, 9+",Lj_FG026U,,Boribon,,,,,,Spania,227.0,Londji,,,oferta jocuri si jucarii septembrie 2025.xlsx,,,149.82,,,,ELEMENTARY_6_8,
4088,"Joc Noapte bună 3 in 1 Prietenii noștri visători se duc la culcare. Cine poartă același model de pijama? Cine doarme în casa mea? Sub care pat se ascunde monstrul? Odata dezlegate toate acestea e timpul pentru somn. Noapte bună! 3 variante de joc: memorie, relații și deducție pentru cei mai tineri membri ai familiei. Pentru 2-5 jucătoriDurata jocului 10 min. Ambalat în cutie robustă din carton. Ilustrator Can Seixanta Vârsta recomandată: +3 ani.Confecționat din hârtie FSC și carton reciclat. Conform reglementarilor EN71&ASTM.AVERTISMENT: Contraindicat copiilor sub 3 ani. Se recomandă supravegherea copilului de către un adult în timpul jocului. Fabricat în Spania de Londji.",Jocuri||Toate||De societate,Lj_FG028U,"Joc Noapte buna 3 in 1, Londji",Londji,https://www.boribon.ro/cumpara/joc-noapte-buna-3-in-1-londji-4088,https://cdnmpro.com/708224949/p/raw/3/joc-noapte-buna-3-in-1-londji~10853.jpg,https://cdnmpro.com/708224949/p/raw/0/joc-noapte-buna-3-in-1-londji~10850.jpg,https://cdnmpro.com/708224949/p/raw/1/joc-noapte-buna-3-in-1-londji~10851.jpg,https://cdnmpro.com/708224949/p/raw/2/joc-noapte-buna-3-in-1-londji~10852.jpg,https://cdnmpro.com/708224949/p/raw/4/joc-noapte-buna-3-in-1-londji~10854.jpg,227.0,tva21,4.0,"Baiat, Fata",1 kg,,24 cm,3 - 6,Lj_FG028U,,Boribon,,,,,,Spania,227.0,Londji,,,oferta jocuri si jucarii septembrie 2025.xlsx,,,149.82,,,,TODDLERS_1_3,
4353,"Joc Unde-mi sunt sosetele Joc distractiv de observație, atenție și viteză pentru întreaga familie. A fost odată ca niciodată o familie care avea o mulțime de obiecte împrăștiate prin casă. Până într-o zi când s-au hotărât să facă ordine. 2 moduri de joc: 1. Modul cu cărți: Toți jucătorii caută în același timp obiectul printre cărți, iar cel care îl găsește cel mai repede îl plasează pe planșa sa personaj. Primul care adună 9 obiecte câștigă! 2. Modul cu tablă de joc: Jucătorul caută jetoanele obiect care apar pe planșa sa, iar primul care adună 15 jetoane din spațiul său câștigă! Un joc ideal pentru a exersa vocabularul, care stimulează observația. Necesită atenție susținută. Vârsta recomandată: 3-103 ani.Confecționat din hârtie FSC și carton reciclat. Conform reglementarilor EN71&ASTM.AVERTISMENT: Contraindicat copiilor sub 3 ani. Se recomandă supravegherea copilului de către un adult în timpul jocului.Producător: Londji, Spania. Ilustrat de Anna Aparicio Català",De societate||Toate||Jocuri||Educative,Lj_FG029U,"Joc Unde-mi sunt sosetele, Londji",Londji,https://www.boribon.ro/cumpara/joc-unde-mi-sunt-sosetele-londji-4353,https://cdnmpro.com/708224949/p/raw/4/joc-unde-mi-sunt-sosetele-londji~11784.jpg,https://cdnmpro.com/708224949/p/raw/5/joc-unde-mi-sunt-sosetele-londji~11785.jpg,https://cdnmpro.com/708224949/p/raw/6/joc-unde-mi-sunt-sosetele-londji~11786.jpg,https://cdnmpro.com/708224949/p/raw/7/joc-unde-mi-sunt-sosetele-londji~11787.jpg,https://cdnmpro.com/708224949/p/raw/9/joc-unde-mi-sunt-sosetele-londji~15229.jpg,204.0,tva21,6.0,"Baiat, Fata",1 kg,,24 cm,"3 - 6, 6 - 9, 9+",Lj_FG029U,,Boribon,,,,,,Spania,204.0,Londji,,,oferta jocuri si jucarii septembrie 2025.xlsx,,,134.64,,,,TODDLERS_1_3,
7968,"Puzzle mic Petrecerea Unicornului 🦄 În această seară, când soarele apune, ne pregătim să sărbătorim împreună ziua unicornului! Asamblează puzzle-ul și descoperă toate detaliile petrecerii pe care zânele și elfii au pregătit-o! Un joc educativ, sustenabil și perfect pentru distracție oriunde te afli. 🔹 Conține: Puzzle de 24 de piese + 12 piese de observație 🔎🔹 Dimensiune puzzle: 16,5 x 23,5 cm🔹 Dimensiune cutie: 14 x 8,5 x 4 cm🔹 Materiale: Hârtie FSC și carton reciclat🔹 Ilustrație: Txell Darné🔹 Vârstă recomandată: 4+ ani🔹 Fabricat în Barcelona Avertisment! Nu este potrivit pentru copiii sub 3 ani. Conține piese mici. 🎂 Pregătește-te de o aventură magică alături de unicorn! 🦄 Conform reglementărilor EN71. AVERTISMENT: Contraindicat copiilor sub 3 ani. Se recomandă supravegherea copilului de către un adult în timpul jocului.Produs in Barcelona de Londji.",Puzzle||Toate||Jocuri,LJ_PZ617U,"Puzzle mic Unicorn, Londji",Londji,https://www.boribon.ro/cumpara/puzzle-mic-unicorn-londji-7968,https://cdnmpro.com/708224949/p/raw/9/puzzle-mic-unicorn-londji~20519.jpg,https://cdnmpro.com/708224949/p/raw/1/puzzle-mic-unicorn-londji~20501.jpg,https://cdnmpro.com/708224949/p/raw/4/puzzle-mic-unicorn-londji~20454.jpg,https://cdnmpro.com/708224949/p/raw/5/puzzle-mic-unicorn-londji~20455.jpg,https://cdnmpro.com/708224949/p/raw/6/puzzle-mic-unicorn-londji~20456.jpg,51.0,tva21,2.0,"Baiat, Fata",0.210 kg,,14 cm,3 - 6,LJ_PZ617U,,Boribon,,,,,,Spania,51.0,Londji,,,oferta jocuri si jucarii septembrie 2025.xlsx,,,33.66,PUZZLES,"LOGIC,PROBLEM_SOLVING,CRITICAL_THINKING,MOTOR_SKILLS",,TODDLERS_1_3,GENERAL
16654,"Garaj din lemn cu mai multe niveluri pentru toate mașinile. Poți chiar încărca containere de marfa cu ajutorul macaralei. Conține: macara cu carlig magnetic, 3 camioane, 3 containere magnetice, 2 masini, 5 semne de averizare. Dimensiune finală: 50 x 40 x 40 cm. Vârsta recomandată: +3 ani. Confecționat din lemn, cu vopsele non-toxice, conform reglementărilor EN71&ASTM. AVERTISMENT: Contraindicat copiilor sub 3 ani, conține piese mici, pericol de sufocare. A se utiliza sub directa supraveghere a unui adult. Producător: Egmont Toys, Belgia",Jucarii||Toate||Vehicule,Egm_511049,"Garaj cu macara si vehicule, Egmont Toys",Egmont Toys,https://www.boribon.ro/cumpara/garaj-cu-macara-si-vehicule-egmont-toys-511,https://cdnmpro.com/708224949/p/raw/6/garaj-cu-macara-si-vehicule-egmont-toys~1316.jpg,,,,,452.0,tva21,1.0,Baiat,0.5 kg,,50 cm,3 - 6,5420023034656,5420023034656.0,Boribon,,,,5420023034656.0,"Garaj cu macara si vehicule, ",,452.0,Egmont toys,511049,oferta jocuri si jucarii septembrie 2025.xlsx,oferta jocuri si jucarii septembrie 2025.xlsx,0.0,,298.32,CONSTRUCTION_SETS,"CREATIVITY,MOTOR_SKILLS,PROBLEM_SOLVING",,TODDLERS_1_3,
23027,"Joc de sah Marele clasic, nelipsit din nicio familie. Vârsta recomandată: + 3 ani.Confecționat din lemn, cu vopsele non-toxice. Conform reglementărilor EN71&ASTM. AVERTISMENT: Contraindicat copiilor sub 3 ani. A se utiliza sub directa supraveghere a unui adult. Producător: Egmont Toys, Belgia",Jocuri||Toate||De logica||De societate,Egm_570134,"Joc Sah, Egmont Toys",Egmont Toys,https://www.boribon.ro/cumpara/joc-sah-egmont-toys-2466,https://cdnmpro.com/708224949/p/raw/7/joc-sah-egmont-toys~5207.jpg,,,,,140.0,tva21,5.0,"Adult, Baiat, Fata",0.5 kg,,31 cm,"3 - 6, 6 - 9",5420023032386,5420023032386.0,Boribon,,,,5420023032386.0,Joc Sah ,,140.0,Egmont toys,570134,oferta jocuri si jucarii septembrie 2025.xlsx,oferta jocuri si jucarii septembrie 2025.xlsx,0.462,0.42,92.4,,,,TODDLERS_1_3,
4249,"Joc de constructie din lemn Asamblează si desenează Fiecare jucător extrage o carte la întâmplare și, cu ajutorul pieselor din lemn, trebuie să reproducă desenul. Cine va reuși primul? Conține: 2 table din lemn, 26 de cartonașe cu dublă față (52 de imagini), 30 de piese din lemn cu forme, marimi si culori diferite. Pentru 1-2 jucători.Vârsta recomandată: +3 ani.Confecţionat din lemn.AVERTISMENT! Contraindicat copiilor sub 3 ani, conține piese mici. A se folosi sub directa supraveghere a unei persoane adulte.Producător: Egmont Toys, Belgia.",Jocuri||Toate||De construit,Egm_511155,"Joc de constructie Asambleaza si deseneaza, Egmont Toys",Egmont Toys,https://www.boribon.ro/cumpara/joc-de-constructie-asambleaza-si-deseneaza-egmont-toys-4249,https://cdnmpro.com/708224949/p/raw/1/joc-de-constructie-asambleaza-si-deseneaza-egmont-toys~11461.jpg,https://cdnmpro.com/708224949/p/raw/7/joc-de-constructie-asambleaza-si-deseneaza-egmont-toys~11897.jpg,https://cdnmpro.com/708224949/p/raw/9/joc-de-constructie-asambleaza-si-deseneaza-egmont-toys~15049.jpg,https://cdnmpro.com/708224949/p/raw/6/joc-de-constructie-asambleaza-si-deseneaza-egmont-toys~15336.jpg,,92.0,tva21,2.0,"Baiat, Fata",0.1 kg,,23 cm,3 - 6,5420023043634,5420023043634.0,Boribon,,,,5420023043634.0,STACK AND DRAW,,92.0,Egmont toys,511155,oferta jocuri si jucarii septembrie 2025.xlsx,oferta jocuri si jucarii septembrie 2025.xlsx,0.3740000000000001,0.34,60.72,CONSTRUCTION_SETS,"CREATIVITY,MOTOR_SKILLS,PROBLEM_SOLVING",,TODDLERS_1_3,ENGINEERING
51223,"Set Clicformers cu 30 de piese, cu ajutorul cărora poți construi modele de insecte cu care cei mici se pot împrieteni, sunt utile în grădină și la joacă! Proiectate și dezvoltate de specialiști de la „Magformers” - liderul global în domeniul jocului de construit cu magnet, și „Clics” - marcă de jucării cu renume în Belgia, Clicformers înseamnă mai mult decât o simplă jucărie. Sub sloganul „Let’s Click & Play”, Clicformers reunește piese și accesorii pentru construit, dezvoltând îndemânarea, creativitatea și imaginația. Clicformers este o jucărie de construcție pentru fiecare copil, un mod inedit de a îmbina piesele, garantând pentru calitate și diversitate. Utilizând patru metode de combinație unice - CLICK, STACK, FOLD, HOOK, Clicformers permite copiilor să creeze aproape orice își imaginează. Clicformers oferă piese de bază simple, cu un nivel ridicat de aplicabilitate și diverse accesorii care aduc un plus de distracție. Culorile asortate ale acestor componente ajută la creșterea simțul estetic al copiilor. Vârsta recomandată: +4 ani. AVERTISMENT! Contraindicat copiilor sub 3 ani. A se folosi sub directa supraveghere a unei persoane adulte. Producător: Clics toys, Belgia.",De construit,clic-804005,"Set de construit Clicformers- Insecte, 30 piese",Clicstoys,https://www.boribon.ro/cumpara/set-de-construit-clicformers-insecte-30-piese-2648,https://cdnmpro.com/708224949/p/raw/0/set-de-construit-clicformers-insecte-30-piese~5710.jpg,https://cdnmpro.com/708224949/p/raw/0/set-de-construit-clicformers-insecte-30-piese~6090.jpg,https://cdnmpro.com/708224949/p/raw/1/set-de-construit-clicformers-insecte-30-piese~6091.jpg,https://cdnmpro.com/708224949/p/raw/2/set-de-construit-clicformers-insecte-30-piese~6092.jpg,https://cdnmpro.com/708224949/p/raw/3/set-de-construit-clicformers-insecte-30-piese~6093.jpg,105.0,tva21,1.0,"Baiat, Fata",0.5 kg,25 cm,31 cm,"3 - 6, 6 - 9",8809465534196,8809465534196.0,Boribon,,,,8809465534196.0,"Set de construit Clicformers- Insecte, 30 piese",,105.0,CLICS,804005,oferta STEM si constructie septembrie 2025.xlsx,oferta STEM si constructie septembrie 2025.xlsx,,,72.45,CONSTRUCTION_SETS,"CREATIVITY,MOTOR_SKILLS,PROBLEM_SOLVING",,TODDLERS_1_3,ENGINEERING
51263,"Joc de construit cu 20 de piese cu magnet, de diferite forme, culori și mărimi, cu ajutorul cărora cei mici pot construi orice poftesc! Piesele cu magnet incorporat trebuie doar să fie apropiate una de alta, și astfel se ~fixează~ și permit nenumărate combinații. Proiectate și dezvoltate de specialiști de la „Magformers” - liderul global în domeniul jocului de construit cu magnet, și „Clics” - marcă de jucării cu renume în Belgia, jucariile cu magneti Stick-O au fost concepute special pentru cei mici. Stick-O reunește piese și accesorii pentru construit, dezvoltând îndemânarea, creativitatea și imaginația, inca de la cele mai mici varste. Oferă piese de bază simple, cu un nivel ridicat de aplicabilitate și diverse accesorii care aduc un plus de distracție. Culorile asortate ale acestor componente ajută la creșterea simțul estetic al copiilor. Siguranta este insa pe primul loc, astfel ca magnetii sunt incastrati in interiorul pieselor, fiind evitat riscul de a fi inghititi. Inedit este si faptul ca magnetii sunt pozitionati astfel incat se pot roti automat, pentru a respecta polaritatea necesara atragerii si ~lipirii~ pieselor, indiferent de cum sunt apropiate. Vârsta recomandată: +3 ani. AVERTISMENT! Contraindicat copiilor sub 3 ani. Contine magneti! A se folosi sub directa supraveghere a unei persoane adulte. Producător: Clics toys, Belgia.",De Bebe||Outlet %,clic-901002,"Joc cu magneti Stick-O, Set de baza cu 20 piese",Clicstoys,https://www.boribon.ro/cumpara/joc-cu-magneti-stick-o-set-de-baza-cu-20-piese-2650,https://cdnmpro.com/708224949/p/raw/3/joc-cu-magneti-stick-o-set-de-baza-cu-20-piese~5713.jpg,https://cdnmpro.com/708224949/p/raw/3/joc-cu-magneti-stick-o-set-de-baza-cu-20-piese~6103.jpg,https://cdnmpro.com/708224949/p/raw/4/joc-cu-magneti-stick-o-set-de-baza-cu-20-piese~6104.jpg,https://cdnmpro.com/708224949/p/raw/5/joc-cu-magneti-stick-o-set-de-baza-cu-20-piese~6105.jpg,https://cdnmpro.com/708224949/p/raw/6/joc-cu-magneti-stick-o-set-de-baza-cu-20-piese~6106.jpg,250.0,tva21,5.0,,0.6 kg,22 cm,22 cm,3 - 6,8809465535919,8809465535919.0,Boribon,,,,8809465535919.0,"Joc cu magneti Stick-O, Set de baza cu 20 piese",,250.0,CLICS,901002,oferta STEM si constructie septembrie 2025.xlsx,oferta STEM si constructie septembrie 2025.xlsx,,,172.5,CONSTRUCTION_SETS,"CREATIVITY,MOTOR_SKILLS,PROBLEM_SOLVING",,TODDLERS_1_3,
68376,"Set Clicformers cu 30 de piese, cu ajutorul cărora se pot construi forme și modele interesante. Setul conține piesele și instrucțiuni pentru 4 modele de animale cu alb și negru, dar se pot face orice alte construcții se doresc. Proiectate și dezvoltate de specialiști de la „Magformers” - liderul global în domeniul jocului de construit cu magnet, și „Clics” - marcă de jucării cu renume în Belgia, Clicformers înseamnă mai mult decât o simplă jucărie. Sub sloganul „Let’s Click & Play”, Clicformers reunește piese și accesorii pentru construit, dezvoltând îndemânarea, creativitatea și imaginația. Clicformers este o jucărie de construcție pentru fiecare copil, un mod inedit de a îmbina piesele, garantând pentru calitate și diversitate. Utilizând patru metode de combinație unice - CLICK, STACK, FOLD, HOOK, Clicformers permite copiilor să creeze aproape orice își imaginează. Clicformers oferă piese de bază simple, cu un nivel ridicat de aplicabilitate și diverse accesorii care aduc un plus de distracție. Culorile asortate ale acestor componente ajută la creșterea simțul estetic al copiilor. Vârsta recomandată: +4 ani. AVERTISMENT! Contraindicat copiilor sub 3 ani. A se folosi sub directa supraveghere a unei persoane adulte. Producător: Clics toys, Belgia.",De construit,clic-804004,Set de construit Clicformers- Mini Animal Set 30 piese,Clicstoys,https://www.boribon.ro/cumpara/set-de-construit-clicformers-mini-animal-set-30-piese-2945,https://cdnmpro.com/708224949/p/raw/9/set-de-construit-clicformers-mini-animal-set-30-piese~6419.jpg,https://cdnmpro.com/708224949/p/raw/3/set-de-construit-clicformers-mini-animal-set-30-piese~7163.jpg,https://cdnmpro.com/708224949/p/raw/6/set-de-construit-clicformers-mini-animal-set-30-piese~7166.jpg,https://cdnmpro.com/708224949/p/raw/8/set-de-construit-clicformers-mini-animal-set-30-piese~7168.jpg,https://cdnmpro.com/708224949/p/raw/0/set-de-construit-clicformers-mini-animal-set-30-piese~7170.jpg,105.0,tva21,4.0,"Baiat, Fata",1 kg,18 cm,20 cm,"3 - 6, 6 - 9",8809465534189,8809465534189.0,Boribon,,,,8809465534189.0,Set de construit Clicformers- Mini Animal Set 30 piese,,105.0,CLICS,804004,oferta STEM si constructie septembrie 2025.xlsx,oferta STEM si constructie septembrie 2025.xlsx,,,72.45,CONSTRUCTION_SETS,"CREATIVITY,MOTOR_SKILLS,PROBLEM_SOLVING",,TODDLERS_1_3,ENGINEERING
8315,"Joc de strategie Ramuri incurcate Ramuri încâlcite cresc rapid — cine va rezista până la final? Intră în lumea încurcată a ramurilor de grădină, greblelor și omizilor, un joc de societate rapid și strategic pentru 2–4 jucători sau echipe de câte 2, în care jucătorii se întrec să crească cele mai lungi și mai conectate plante folosind jetoane magnetice cu ramuri. Fii atent la flori, greble și foarfece – pot transforma grădina într-un adevărat labirint! Pe parcursul jocului, participanții trag jetoane aleatorii și le plasează strategic pe tablă pentru a construi ramuri. Acțiunile tactice și deciziile rapide vor face diferența între încurcătură și victorie! Conține: tablă de joc magnetică, 100 jetoane magnetice, săculeț din bumbac, instrucțiuni de joc în mai multe limbi. Dimensiune : 25 × 18 × 4.5 cm Vârsta recomandată: +8 ani. Confecționat din foaie magnetică, hârtie. Conform celor mai stricte reglementări de siguranță EN71 și ASTM. AVERTISMENT: Nerecomandat copiilor sub 3 ani. Conține piese mici care pot fi înghițite. Pericol de sufocare!Producător: Svoora",Jocuri||Jucarii||Toate||Cadouri||Noutati,Sv_12527,"Joc de strategie Ramuri incurcate, Svoora",Svoora,https://www.boribon.ro/cumpara/joc-de-strategie-ramuri-incurcate-svoora-8315,https://cdnmpro.com/708224949/p/raw/5/joc-de-strategie-ramuri-incurcate-svoora~100018795.jpg,https://cdnmpro.com/708224949/p/raw/4/joc-de-strategie-ramuri-incurcate-svoora~100018654.jpg,,,,146.0,tva21,7.0,"Baiat, Fata",0.71 kg,18 cm,25 cm,"6 - 9, 9+",5208006125276,5208006125276.0,Boribon,,,,5208006125276.0, Garden Tangles,China,146.0,Svoora,Sv_12527,oferta jocuri si jucarii septembrie 2025.xlsx,oferta jocuri si jucarii septembrie 2025.xlsx,,0.715,96.36,BOARD_GAMES,"CRITICAL_THINKING,PROBLEM_SOLVING,LOGIC",,ELEMENTARY_6_8,GENERAL
19412,"Caleidoscop Poveste cu prinți și prințese Jucărie optică, descompune şi multiplică imaginea în mii de bucăţele. Spre deosebire de caleidoscoapele clasice, care fac modele din bucățelele mici aflate în interiorul instrumentului, teleidoscopul face modele caleidoscopice din obiectele din jur. Vârsta recomandată: 3-103 ani. Confecționat din carton reciclat și oglinzi, conform reglementărilor EN71&ASTM. AVERTISMENT: Contraindicat copiilor sub 3 ani, conține piese mici, pericol de sufocare. A se utiliza sub directa supraveghere a unui adult. Îndepărtaţi eticheta înainte de a oferi jucăria copilului. Producător: Londji, Spania.",Accesorii||Jucarii||Toate||De exterior||Cadouri,LJ_CD005S12,"Caleidoscop Poveste cu printi si printese, Londji",Londji,https://www.boribon.ro/cumpara/caleidoscop-poveste-cu-printi-si-printese-londji-1214,https://cdnmpro.com/708224949/p/raw/8/caleidoscop-poveste-cu-printi-si-printese-londji~2748.jpg,,,,,66.0,tva21,11.0,"Baiat, Fata",0.1 kg,,19 cm,"3 - 6, 6 - 9",LJ_CD005S12,,Boribon,,,,,,Spania,66.0,Londji,,,oferta jocuri si jucarii septembrie 2025.xlsx,,,43.56,CONSTRUCTION_SETS,"CREATIVITY,MOTOR_SKILLS,PROBLEM_SOLVING",,TODDLERS_1_3,
22650,"Jucărie optică Buburuză O lentilă optică într-o ilustrație cu buburuză pentru a vă permite să vedeți ca o insectă. Un caleidoscop mic, ideal pentru divertisment în călătorii. Jucărie optică, descompune şi multiplică imaginea în mii de bucăţele. Spre deosebire de caleidoscoapele clasice, care fac modele din bucățelele mici aflate în interiorul instrumentului, teleidoscopul face modele caleidoscopice din obiectele din jur.Vârsta recomandată: 3-103 ani. Confecționat din carton reciclat și plastic, conform reglementărilor EN71&ASTM.AVERTISMENT: Contraindicat copiilor sub 3 ani, conține piese mici, pericol de sufocare. A se utiliza sub directa supraveghere a unui adult. Îndepărtaţi eticheta înainte de a oferi jucăria copilului. Producător: Londji, Spania.",De exterior||Jucarii||Toate,LJ_CD022U,"Jucarie optica Buburuza, Londji",Londji,https://www.boribon.ro/cumpara/jucarie-optica-buburuza-londji-2337,https://cdnmpro.com/708224949/p/raw/0/jucarie-optica-buburuza-londji~16910.jpg,https://cdnmpro.com/708224949/p/raw/0/jucarie-optica-buburuza-londji~4910.jpg,https://cdnmpro.com/708224949/p/raw/5/jucarie-optica-buburuza-londji~5085.jpg,https://cdnmpro.com/708224949/p/raw/8/jucarie-optica-buburuza-londji~16908.jpg,https://cdnmpro.com/708224949/p/raw/9/jucarie-optica-buburuza-londji~16909.jpg,37.0,tva21,30.0,"Baiat, Fata",0.05 kg,,9 cm,"3 - 6, 6 - 9",LJ_CD022U,,Boribon,,,,,,Spania,37.0,Londji,,,oferta jocuri si jucarii septembrie 2025.xlsx,,,24.42,CONSTRUCTION_SETS,"CREATIVITY,MOTOR_SKILLS,PROBLEM_SOLVING",,TODDLERS_1_3,
22653,"Jucărie optică Albina Privește lumea prin ochii unei albineJucărie optică, descompune şi multiplică imaginea în mii de bucăţele. Spre deosebire de caleidoscoapele clasice, care fac modele din bucățelele mici aflate în interiorul instrumentului, teleidoscopul face modele caleidoscopice din obiectele din jur.Vârsta recomandată: 3-103 ani.Confecționat din carton reciclat și plastic, conform reglementărilor EN71&ASTM.AVERTISMENT: Contraindicat copiilor sub 3 ani, conține piese mici, pericol de sufocare. A se utiliza sub directa supraveghere a unui adult. Îndepărtaţi eticheta înainte de a oferi jucăria copilului. Producător: Londji, Spania.",De exterior||Jucarii||Toate,LJ_CD023U,"Jucarie optica Albina, Londji",Londji,https://www.boribon.ro/cumpara/jucarie-optica-albina-londji-2338,https://cdnmpro.com/708224949/p/raw/7/jucarie-optica-albina-londji~16907.jpg,https://cdnmpro.com/708224949/p/raw/1/jucarie-optica-albina-londji~4911.jpg,https://cdnmpro.com/708224949/p/raw/6/jucarie-optica-albina-londji~5086.jpg,https://cdnmpro.com/708224949/p/raw/5/jucarie-optica-albina-londji~16905.jpg,https://cdnmpro.com/708224949/p/raw/6/jucarie-optica-albina-londji~16906.jpg,37.0,tva21,23.0,"Baiat, Fata",0.05 kg,,11 cm,"3 - 6, 6 - 9",LJ_CD023U,,Boribon,,,,,,Spania,37.0,Londji,,,oferta jocuri si jucarii septembrie 2025.xlsx,,,24.42,CONSTRUCTION_SETS,"CREATIVITY,MOTOR_SKILLS,PROBLEM_SOLVING",,TODDLERS_1_3,
22659,"Caleidoscop Flamingo Jucărie optică, descompune şi multiplică imaginea în mii de bucăţele. Spre deosebire de caleidoscoapele clasice, care fac modele din bucățelele mici aflate în interiorul instrumentului, teleidoscopul face modele caleidoscopice din obiectele din jur. Vârsta recomandată: 3-103 ani. Confecționat din carton reciclat și oglinzi, conform reglementărilor EN71&ASTM. AVERTISMENT: Contraindicat copiilor sub 3 ani, conține piese mici, pericol de sufocare. A se utiliza sub directa supraveghere a unui adult. Îndepărtaţi eticheta înainte de a oferi jucăria copilului. Producător: Londji, Spania.",Accesorii||Jucarii||Toate||De exterior||Cadouri,LJ_CD130S12,"Caleidoscop Flamingo, Londji",Londji,https://www.boribon.ro/cumpara/caleidoscop-flamingo-londji-2341,https://cdnmpro.com/708224949/p/raw/4/caleidoscop-flamingo-londji~4914.jpg,,,,,66.0,tva21,17.0,"Adult, Baiat, Fata",0.1 kg,,19 cm,"6 - 9, 9+",LJ_CD130S12,,Boribon,,,,,,Spania,66.0,Londji,,,oferta jocuri si jucarii septembrie 2025.xlsx,,,43.56,CONSTRUCTION_SETS,"CREATIVITY,MOTOR_SKILLS,PROBLEM_SOLVING",,ELEMENTARY_6_8,
22661,"Caleidoscop Păsări Jucărie optică, descompune şi multiplică imaginea în mii de bucăţele. Spre deosebire de caleidoscoapele clasice, care fac modele din bucățelele mici aflate în interiorul instrumentului, teleidoscopul face modele caleidoscopice din obiectele din jur. Varsta recomandată: 3-103 aniConfecționat din carton reciclat și oglinzi, conform reglementărilor EN71&ASTM. AVERTISMENT: Contraindicat copiilor sub 3 ani, conține piese mici, pericol de sufocare. A se utiliza sub directa supraveghere a unui adult. Îndepărtaţi eticheta înainte de a oferi jucăria copilului. Producător: Londji, Spania.",Accesorii||Jucarii||Toate||De exterior||Promotii||Cadouri,LJ_CD132S12,"Caleidoscop Pasari, Londji",Londji,https://www.boribon.ro/cumpara/caleidoscop-pasari-londji-2342,https://cdnmpro.com/708224949/p/raw/5/caleidoscop-pasari-londji~4915.jpg,,,,,66.0,tva21,14.0,"Adult, Baiat, Fata",0.1 kg,,19 cm,"6 - 9, 9+",LJ_CD132S12,,Boribon,,,,,,Spania,66.0,Londji,,,oferta jocuri si jucarii septembrie 2025.xlsx,,,43.56,CONSTRUCTION_SETS,"CREATIVITY,MOTOR_SKILLS,PROBLEM_SOLVING",,ELEMENTARY_6_8,
112896,"Jucărie optică Rachetă Jucărie optică, descompune şi multiplică imaginea în mii de bucăţele. Modele caleidoscopice se formează prin descompunerea în părți mici a obiectelor din jur.Descoperă lumea prin ochii unei insecte. Un obiectiv cu totul special.Ilustrație Can SeixantaVârsta recomandată: 3-103 ani.Confecționată din carton reciclat și lentilă acrilică, conform reglementărilor EN71&ASTM.AVERTISMENT: Contraindicat copiilor sub 3 ani, conține piese mici, pericol de sufocare. A se utiliza sub directa supraveghere a unui adult. Îndepărtaţi eticheta înainte de a oferi jucăria copilului. Producător: Londji, Spania.",Accesorii||Jucarii||Toate||De exterior,Lj_CD037U,"Jucarie optica Racheta, Londji",Londji,https://www.boribon.ro/cumpara/jucarie-optica-racheta-londji-3497,https://cdnmpro.com/708224949/p/raw/9/jucarie-optica-racheta-londji~16899.jpg,https://cdnmpro.com/708224949/p/raw/2/jucarie-optica-racheta-londji~8482.jpg,https://cdnmpro.com/708224949/p/raw/9/jucarie-optica-racheta-londji~8769.jpg,https://cdnmpro.com/708224949/p/raw/0/jucarie-optica-racheta-londji~16900.jpg,https://cdnmpro.com/708224949/p/raw/1/jucarie-optica-racheta-londji~16901.jpg,37.0,tva21,17.0,Baiat,0.10 kg,,20 cm,"3 - 6, 6 - 9",Lj_CD037U,,Boribon,,,,,,Spania,37.0,Londji,,,oferta jocuri si jucarii septembrie 2025.xlsx,,,24.42,CONSTRUCTION_SETS,"CREATIVITY,MOTOR_SKILLS,PROBLEM_SOLVING",,TODDLERS_1_3,
