id,description,categories,model,name,brand,url,avatar,image_additional1,image_additional2,image_additional3,image_additional4,price_b2c,price_b2b,TVA,quantity,gen,greutate,latime,lungime,varsta
23149,"Set Magfomers cu 40 de piese cu magnet, de forme si culori diferite, cu ajutorul carora copiii pot sa contruiasca animale 3D. Posibilitatile si distractia sunt nelimitate, asa ca cei mici pot sa isi lase imaginatia libera si creativitatea lor va prinde cat mai multe forme. Acest set este conceput special pentru cei mici, astfel ca stivuind piesele, maniera cea mai simpla de a utiliza Magformers, ei pot obtine forme usor de recunoscut si asociat cu niste animalute prietenoase. Proiectate și dezvoltate de specialiști de la „Magformers” - liderul global în domeniul jocului de construit cu magnet, și „Clics” - marcă de jucării cu renume în Belgia, Magformers înseamnă mai mult decât o simplă jucărie. Magformers reunește piese și accesorii pentru construit cu magneți, dezvoltând îndemânarea, creativitatea și imaginația. Magformers este o jucărie de construcție pentru fiecare copil, un mod inedit de a îmbina piesele, garantând pentru calitate și diversitate. Magformers oferă piese de bază simple, cu un nivel ridicat de aplicabilitate, dezvoltându-și îndemânarea, înțelegând spațialitatea și geometria. Siguranța este esențială, așadar piesele cu magnet sunt sigure pentru cei mici! Magneții sunt încapsulați în interiorul pieselor, pe toate laturile lor, și poziționati astfel încât polii lor să se atragă, indiferent de modul în care piesele sunt apropiate, ceea ce este un avantaj inedit! Piesele Magformers se pot apropia pentru a construi apoi prin pliere, combinarea de mai multe părți, îndoirea sau extensia unor laturi, astfel că posibilitățile sunt nelimitate. Vârsta recomandată: +18 luni. AVERTISMENT! Contraindicat copiilor sub 18 luni. A se folosi sub directa supraveghere a unei persoane adulte. Producător: Clics toys, Belgia.","De Bebe||Outlet %","clic-702014","Set magnetic de construit- Magformers Animale, 40 piese","Clicstoys","https://www.boribon.ro/cumpara/set-magnetic-de-construit-magformers-animale-40-piese-2485","https://cdnmpro.com/708224949/p/raw/6/set-magnetic-de-construit-magformers-animale-40-piese~5226.jpg","https://cdnmpro.com/708224949/p/raw/7/set-magnetic-de-construit-magformers-animale-40-piese~5557.jpg","https://cdnmpro.com/708224949/p/raw/8/set-magnetic-de-construit-magformers-animale-40-piese~5558.jpg","https://cdnmpro.com/708224949/p/raw/9/set-magnetic-de-construit-magformers-animale-40-piese~5559.jpg","https://cdnmpro.com/708224949/p/raw/0/set-magnetic-de-construit-magformers-animale-40-piese~5560.jpg",251,,"tva21",5,"Baiat, Fata","1 kg",,"27 cm","1 - 3"
51143,"Set Magformers cu 26 de piese cu magnet, de formă pătrată și triunghiulară, cu ajutorul cărora copiii pot să contruiască orice vehicule doresc; setul conține și roți pentru vehicule și o figurină polițist. Posibilitățile și distracția sunt nelimitate, așa că cei mici pot să își lase imaginația liberă și creativitatea lor va prinde cât mai multe forme. Proiectate și dezvoltate de specialiști de la „Magformers” - liderul global în domeniul jocului de construit cu magnet, și „Clics” - marcă de jucării cu renume în Belgia, Magformers înseamnă mai mult decât o simplă jucărie. Magformers reunește piese și accesorii pentru construit cu magneți, dezvoltând îndemânarea, creativitatea și imaginația. Magformers este o jucărie de construcție pentru fiecare copil, un mod inedit de a îmbina piesele, garantând pentru calitate și diversitate. Magformers oferă piese de bază simple, cu un nivel ridicat de aplicabilitate, dezvoltându-și îndemânarea, înțelegând spațialitatea și geometria. Siguranța este esențială, așadar piesele cu magnet sunt sigure pentru cei mici! Magneții sunt încapsulați în interiorul pieselor, pe toate laturile lor, și poziționati astfel încât polii lor să se atragă, indiferent de modul în care piesele sunt apropiate, ceea ce este un avantaj inedit! Piesele Magformers se pot apropia pentru a construi apoi prin pliere, combinarea de mai multe părți, îndoirea sau extensia unor laturi, astfel că posibilitățile sunt nelimitate. Vârsta recomandată: +3 ani. AVERTISMENT! Contraindicat copiilor sub 3 ani. A se folosi sub directa supraveghere a unei persoane adulte. Producător: Clics toys, Belgia.","De construit||Outlet %","clic-717001","Set magnetic de construit- Magformers, masini de interventie","Clicstoys","https://www.boribon.ro/cumpara/set-magnetic-de-construit-magformers-masini-de-interventie-2645","https://cdnmpro.com/708224949/p/raw/6/set-magnetic-de-construit-magformers-masini-de-interventie~5706.jpg","https://cdnmpro.com/708224949/p/raw/2/set-magnetic-de-construit-magformers-masini-de-interventie~6072.jpg","https://cdnmpro.com/708224949/p/raw/3/set-magnetic-de-construit-magformers-masini-de-interventie~6073.jpg","https://cdnmpro.com/708224949/p/raw/4/set-magnetic-de-construit-magformers-masini-de-interventie~6074.jpg","https://cdnmpro.com/708224949/p/raw/5/set-magnetic-de-construit-magformers-masini-de-interventie~6075.jpg",286,,"tva21",2,"","0.3 kg",,"26.5 cm","3 - 6, 6 - 9"
51150,"Set Magformers cu 30 de piese cu magnet, de formă pătrată și triunghiulară, cu ajutorul cărora copiii pot să contruiască orice modele doresc. Posibilitățile și distracția sunt nelimitate, așa că cei mici pot să își lase imaginația liberă și creativitatea lor va prinde cât mai multe forme. Proiectate și dezvoltate de specialiști de la „Magformers” - liderul global în domeniul jocului de construit cu magnet, și „Clics” - marcă de jucării cu renume în Belgia, Magformers înseamnă mai mult decât o simplă jucărie. Magformers reunește piese și accesorii pentru construit cu magneți, dezvoltând îndemânarea, creativitatea și imaginația. Magformers este o jucărie de construcție pentru fiecare copil, un mod inedit de a îmbina piesele, garantând pentru calitate și diversitate. Magformers oferă piese de bază simple, cu un nivel ridicat de aplicabilitate, dezvoltându-și îndemânarea, înțelegând spațialitatea și geometria. Siguranța este esențială, așadar piesele cu magnet sunt sigure pentru cei mici! Magneții sunt încapsulați în interiorul pieselor, pe toate laturile lor, și poziționati astfel încât polii lor să se atragă, indiferent de modul în care piesele sunt apropiate, ceea ce este un avantaj inedit! Piesele Magformers se pot apropia pentru a construi apoi prin pliere, combinarea de mai multe părți, îndoirea sau extensia unor laturi, astfel că posibilitățile sunt nelimitate. Vârsta recomandată: +3 ani. AVERTISMENT! Contraindicat copiilor sub 3 ani. A se folosi sub directa supraveghere a unei persoane adulte. Producător: Clics toys, Belgia.","De construit||Outlet %","clic-701005","Set magnetic de construit- Magformers, 30 piese","Clicstoys","https://www.boribon.ro/cumpara/set-magnetic-de-construit-magformers-30-piese-2646","https://cdnmpro.com/708224949/p/raw/7/set-magnetic-de-construit-magformers-30-piese~5707.jpg","https://cdnmpro.com/708224949/p/raw/9/set-magnetic-de-construit-magformers-30-piese~6079.jpg","https://cdnmpro.com/708224949/p/raw/0/set-magnetic-de-construit-magformers-30-piese~6080.jpg","https://cdnmpro.com/708224949/p/raw/1/set-magnetic-de-construit-magformers-30-piese~6081.jpg","https://cdnmpro.com/708224949/p/raw/2/set-magnetic-de-construit-magformers-30-piese~6082.jpg",301,,"tva21",3,"Baiat, Fata","0.5 kg",,"29 cm","3 - 6, 6 - 9"
51223,"Set Clicformers cu 30 de piese, cu ajutorul cărora poți construi modele de insecte cu care cei mici se pot împrieteni, sunt utile în grădină și la joacă! Proiectate și dezvoltate de specialiști de la „Magformers” - liderul global în domeniul jocului de construit cu magnet, și „Clics” - marcă de jucării cu renume în Belgia, Clicformers înseamnă mai mult decât o simplă jucărie. Sub sloganul „Let’s Click & Play”, Clicformers reunește piese și accesorii pentru construit, dezvoltând îndemânarea, creativitatea și imaginația. Clicformers este o jucărie de construcție pentru fiecare copil, un mod inedit de a îmbina piesele, garantând pentru calitate și diversitate. Utilizând patru metode de combinație unice - CLICK, STACK, FOLD, HOOK, Clicformers permite copiilor să creeze aproape orice își imaginează. Clicformers oferă piese de bază simple, cu un nivel ridicat de aplicabilitate și diverse accesorii care aduc un plus de distracție. Culorile asortate ale acestor componente ajută la creșterea simțul estetic al copiilor. Vârsta recomandată: +4 ani. AVERTISMENT! Contraindicat copiilor sub 3 ani. A se folosi sub directa supraveghere a unei persoane adulte. Producător: Clics toys, Belgia.","De construit","clic-804005","Set de construit Clicformers- Insecte, 30 piese","Clicstoys","https://www.boribon.ro/cumpara/set-de-construit-clicformers-insecte-30-piese-2648","https://cdnmpro.com/708224949/p/raw/0/set-de-construit-clicformers-insecte-30-piese~5710.jpg","https://cdnmpro.com/708224949/p/raw/0/set-de-construit-clicformers-insecte-30-piese~6090.jpg","https://cdnmpro.com/708224949/p/raw/1/set-de-construit-clicformers-insecte-30-piese~6091.jpg","https://cdnmpro.com/708224949/p/raw/2/set-de-construit-clicformers-insecte-30-piese~6092.jpg","https://cdnmpro.com/708224949/p/raw/3/set-de-construit-clicformers-insecte-30-piese~6093.jpg",105,,"tva21",1,"Baiat, Fata","0.5 kg",,"31 cm","3 - 6, 6 - 9"
51226,"Set Magformers cu 30 de piese cu magnet, de formă pătrată și triunghiulară, cu ajutorul cărora copiii pot să contruiască orice modele doresc. Posibilitățile și distracția sunt nelimitate, așa că cei mici pot să își lase imaginația liberă și creativitatea lor va prinde cât mai multe forme. Proiectate și dezvoltate de specialiști de la „Magformers” - liderul global în domeniul jocului de construit cu magnet, și „Clics” - marcă de jucării cu renume în Belgia, Magformers înseamnă mai mult decât o simplă jucărie. Magformers reunește piese și accesorii pentru construit cu magneți, dezvoltând îndemânarea, creativitatea și imaginația. Magformers este o jucărie de construcție pentru fiecare copil, un mod inedit de a îmbina piesele, garantând pentru calitate și diversitate. Magformers oferă piese de bază simple, cu un nivel ridicat de aplicabilitate, dezvoltându-și îndemânarea, înțelegând spațialitatea și geometria. Siguranța este esențială, așadar piesele cu magnet sunt sigure pentru cei mici! Magneții sunt încapsulați în interiorul pieselor, pe toate laturile lor, și poziționati astfel încât polii lor să se atragă, indiferent de modul în care piesele sunt apropiate, ceea ce este un avantaj inedit! Piesele Magformers se pot apropia pentru a construi apoi prin pliere, combinarea de mai multe părți, îndoirea sau extensia unor laturi, astfel că posibilitățile sunt nelimitate. Vârsta recomandată: +3 ani. AVERTISMENT! Contraindicat copiilor sub 3 ani. A se folosi sub directa supraveghere a unei persoane adulte. Producător: Clics toys, Belgia.","De construit||Outlet %","clic-702001","Set magnetic de construit- Set de baza Magformers, 30 piese","Clicstoys","https://www.boribon.ro/cumpara/set-magnetic-de-construit-set-de-baza-magformers-30-piese-2649","https://cdnmpro.com/708224949/p/raw/1/set-magnetic-de-construit-set-de-baza-magformers-30-piese~5711.jpg","https://cdnmpro.com/708224949/p/raw/6/set-magnetic-de-construit-set-de-baza-magformers-30-piese~6096.jpg","https://cdnmpro.com/708224949/p/raw/7/set-magnetic-de-construit-set-de-baza-magformers-30-piese~6097.jpg","https://cdnmpro.com/708224949/p/raw/8/set-magnetic-de-construit-set-de-baza-magformers-30-piese~6098.jpg","https://cdnmpro.com/708224949/p/raw/9/set-magnetic-de-construit-set-de-baza-magformers-30-piese~6099.jpg",338,,"tva21",15,"Baiat, Fata","1 kg",,"28 cm","3 - 6, 6 - 9"
51263,"Joc de construit cu 20 de piese cu magnet, de diferite forme, culori și mărimi, cu ajutorul cărora cei mici pot construi orice poftesc! Piesele cu magnet incorporat trebuie doar să fie apropiate una de alta, și astfel se ~fixează~ și permit nenumărate combinații. Proiectate și dezvoltate de specialiști de la „Magformers” - liderul global în domeniul jocului de construit cu magnet, și „Clics” - marcă de jucării cu renume în Belgia, jucariile cu magneti Stick-O au fost concepute special pentru cei mici. Stick-O reunește piese și accesorii pentru construit, dezvoltând îndemânarea, creativitatea și imaginația, inca de la cele mai mici varste. Oferă piese de bază simple, cu un nivel ridicat de aplicabilitate și diverse accesorii care aduc un plus de distracție. Culorile asortate ale acestor componente ajută la creșterea simțul estetic al copiilor. Siguranta este insa pe primul loc, astfel ca magnetii sunt incastrati in interiorul pieselor, fiind evitat riscul de a fi inghititi. Inedit este si faptul ca magnetii sunt pozitionati astfel incat se pot roti automat, pentru a respecta polaritatea necesara atragerii si ~lipirii~ pieselor, indiferent de cum sunt apropiate. Vârsta recomandată: +3 ani. AVERTISMENT! Contraindicat copiilor sub 3 ani. Contine magneti! A se folosi sub directa supraveghere a unei persoane adulte. Producător: Clics toys, Belgia.","De Bebe||Outlet %","clic-901002","Joc cu magneti Stick-O, Set de baza cu 20 piese","Clicstoys","https://www.boribon.ro/cumpara/joc-cu-magneti-stick-o-set-de-baza-cu-20-piese-2650","https://cdnmpro.com/708224949/p/raw/3/joc-cu-magneti-stick-o-set-de-baza-cu-20-piese~5713.jpg","https://cdnmpro.com/708224949/p/raw/3/joc-cu-magneti-stick-o-set-de-baza-cu-20-piese~6103.jpg","https://cdnmpro.com/708224949/p/raw/4/joc-cu-magneti-stick-o-set-de-baza-cu-20-piese~6104.jpg","https://cdnmpro.com/708224949/p/raw/5/joc-cu-magneti-stick-o-set-de-baza-cu-20-piese~6105.jpg","https://cdnmpro.com/708224949/p/raw/6/joc-cu-magneti-stick-o-set-de-baza-cu-20-piese~6106.jpg",250,,"tva21",5,"","0.6 kg",,"22 cm","3 - 6"
57309,"Manere detasabile pentru carucior Clictoys propune o solutie igienica pentru manipularea carucioarelor, utilizand aceste manere care se potrivesc la mai multe tipuri de carucioare (diferite supermarketuri). Se fixeaza usor, le iei cand pleci si le speli cand ajungi acasa. Merg mana in mana cu sacosele refolosibile, pentru o atitudine ecologica. Set cu 2 bucăți. Producător: Clics toys, Belgia.","Accesorii||Outlet %","clic_CL008","Manere detasabile pentru carucior, Clicstoys","Clicstoys","https://www.boribon.ro/cumpara/manere-detasabile-pentru-carucior-clicstoys-2786","https://cdnmpro.com/708224949/p/raw/7/manere-detasabile-pentru-carucior-clicstoys~6217.jpg","https://cdnmpro.com/708224949/p/raw/5/manere-detasabile-pentru-carucior-clicstoys~6515.jpg","https://cdnmpro.com/708224949/p/raw/6/manere-detasabile-pentru-carucior-clicstoys~6516.jpg","https://cdnmpro.com/708224949/p/raw/7/manere-detasabile-pentru-carucior-clicstoys~6517.jpg","",25,,"tva21",43,"Baiat, Fata","0.4 kg",,"25 cm","6 - 9, 9+"
57326,"Set Magformers cu piese cu magnet, de formă pătrată și triunghiulară, cu ajutorul cărora copiii pot să contruiască orice modele doresc, vehicule de pe șantier, construcții, sau orice îți imaginează. Posibilitățile și distracția sunt nelimitate, așa că cei mici pot să își lase imaginația liberă și creativitatea lor va prinde cât mai multe forme. Proiectate și dezvoltate de specialiști de la „Magformers” - liderul global în domeniul jocului de construit cu magnet, și „Clics” - marcă de jucării cu renume în Belgia, Magformers înseamnă mai mult decât o simplă jucărie. Magformers reunește piese și accesorii pentru construit cu magneți, dezvoltând îndemânarea, creativitatea și imaginația. Magformers este o jucărie de construcție pentru fiecare copil, un mod inedit de a îmbina piesele, garantând pentru calitate și diversitate. Magformers oferă piese de bază simple, cu un nivel ridicat de aplicabilitate, dezvoltându-și îndemânarea, înțelegând spațialitatea și geometria. Siguranța este esențială, așadar piesele cu magnet sunt sigure pentru cei mici! Magneții sunt încapsulați în interiorul pieselor, pe toate laturile lor, și poziționati astfel încât polii lor să se atragă, indiferent de modul în care piesele sunt apropiate, ceea ce este un avantaj inedit! Piesele Magformers se pot apropia pentru a construi apoi prin pliere, combinarea de mai multe părți, îndoirea sau extensia unor laturi, astfel că posibilitățile sunt nelimitate. Vârsta recomandată: +3 ani. AVERTISMENT! Contraindicat copiilor sub 3 ani. A se folosi sub directa supraveghere a unei persoane adulte. Producător: Clics toys, Belgia.","De construit||Outlet %","clic_717004","Set magnetic Magformers, Uimitorul set de construit pe santier","Clicstoys","https://www.boribon.ro/cumpara/set-magnetic-magformers-uimitorul-set-de-construit-pe-santier-2787","https://cdnmpro.com/708224949/p/raw/0/set-magnetic-magformers-uimitorul-set-de-construit-pe-santier~6220.jpg","https://cdnmpro.com/708224949/p/raw/8/set-magnetic-magformers-uimitorul-set-de-construit-pe-santier~6518.jpg","https://cdnmpro.com/708224949/p/raw/9/set-magnetic-magformers-uimitorul-set-de-construit-pe-santier~6519.jpg","https://cdnmpro.com/708224949/p/raw/0/set-magnetic-magformers-uimitorul-set-de-construit-pe-santier~6520.jpg","https://cdnmpro.com/708224949/p/raw/1/set-magnetic-magformers-uimitorul-set-de-construit-pe-santier~6521.jpg",418,,"tva21",12,"Baiat, Fata","1.5 kg",,"29 cm","3 - 6, 6 - 9"
57333,"Set Magformers cu piese cu magnet, de formă pătrată și triunghiulară, cu ajutorul cărora copiii pot să contruiască orice modele doresc, vehicule de pe șantier, construcții, sau orice îți imaginează. Posibilitățile și distracția sunt nelimitate, așa că cei mici pot să își lase imaginația liberă și creativitatea lor va prinde cât mai multe forme. Proiectate și dezvoltate de specialiști de la „Magformers” - liderul global în domeniul jocului de construit cu magnet, și „Clics” - marcă de jucării cu renume în Belgia, Magformers înseamnă mai mult decât o simplă jucărie. Magformers reunește piese și accesorii pentru construit cu magneți, dezvoltând îndemânarea, creativitatea și imaginația. Magformers este o jucărie de construcție pentru fiecare copil, un mod inedit de a îmbina piesele, garantând pentru calitate și diversitate. Magformers oferă piese de bază simple, cu un nivel ridicat de aplicabilitate, dezvoltându-și îndemânarea, înțelegând spațialitatea și geometria. Siguranța este esențială, așadar piesele cu magnet sunt sigure pentru cei mici! Magneții sunt încapsulați în interiorul pieselor, pe toate laturile lor, și poziționati astfel încât polii lor să se atragă, indiferent de modul în care piesele sunt apropiate, ceea ce este un avantaj inedit! Piesele Magformers se pot apropia pentru a construi apoi prin pliere, combinarea de mai multe părți, îndoirea sau extensia unor laturi, astfel că posibilitățile sunt nelimitate. Vârsta recomandată: +3 ani. AVERTISMENT! Contraindicat copiilor sub 3 ani. A se folosi sub directa supraveghere a unei persoane adulte. Producător: Clics toys, Belgia.","De construit||Outlet %","clic_717003","Set magnetic Magformers, Uimitorul set cu vehicule de interventie","Clicstoys","https://www.boribon.ro/cumpara/set-magnetic-magformers-uimitorul-set-cu-vehicule-de-interventie-2788","https://cdnmpro.com/708224949/p/raw/3/set-magnetic-magformers-uimitorul-set-cu-vehicule-de-interventie~6223.jpg","https://cdnmpro.com/708224949/p/raw/5/set-magnetic-magformers-uimitorul-set-cu-vehicule-de-interventie~6525.jpg","https://cdnmpro.com/708224949/p/raw/6/set-magnetic-magformers-uimitorul-set-cu-vehicule-de-interventie~6526.jpg","https://cdnmpro.com/708224949/p/raw/7/set-magnetic-magformers-uimitorul-set-cu-vehicule-de-interventie~6527.jpg","https://cdnmpro.com/708224949/p/raw/8/set-magnetic-magformers-uimitorul-set-cu-vehicule-de-interventie~6528.jpg",418,,"tva21",6,"Baiat, Fata","1.2 kg",,"29 cm","3 - 6, 6 - 9"
57335,"Set Magformers cu piese cu magnet, de formă pătrată și triunghiulară, cu ajutorul cărora copiii pot să contruiască orice modele doresc, vehicule de pe șantier, construcții, sau orice îți imaginează. Posibilitățile și distracția sunt nelimitate, așa că cei mici pot să își lase imaginația liberă și creativitatea lor va prinde cât mai multe forme. Proiectate și dezvoltate de specialiști de la „Magformers” - liderul global în domeniul jocului de construit cu magnet, și „Clics” - marcă de jucării cu renume în Belgia, Magformers înseamnă mai mult decât o simplă jucărie. Magformers reunește piese și accesorii pentru construit cu magneți, dezvoltând îndemânarea, creativitatea și imaginația. Magformers este o jucărie de construcție pentru fiecare copil, un mod inedit de a îmbina piesele, garantând pentru calitate și diversitate. Magformers oferă piese de bază simple, cu un nivel ridicat de aplicabilitate, dezvoltându-și îndemânarea, înțelegând spațialitatea și geometria. Siguranța este esențială, așadar piesele cu magnet sunt sigure pentru cei mici! Magneții sunt încapsulați în interiorul pieselor, pe toate laturile lor, și poziționati astfel încât polii lor să se atragă, indiferent de modul în care piesele sunt apropiate, ceea ce este un avantaj inedit! Piesele Magformers se pot apropia pentru a construi apoi prin pliere, combinarea de mai multe părți, îndoirea sau extensia unor laturi, astfel că posibilitățile sunt nelimitate. Vârsta recomandată: +3 ani. AVERTISMENT! Contraindicat copiilor sub 3 ani. A se folosi sub directa supraveghere a unei persoane adulte. Producător: Clics toys, Belgia.","De construit||Outlet %","clic_717002","Set magnetic Magformers, Uimitorul set de politie","Clicstoys","https://www.boribon.ro/cumpara/set-magnetic-magformers-uimitorul-set-de-politie-2789","https://cdnmpro.com/708224949/p/raw/7/set-magnetic-magformers-uimitorul-set-de-politie~6227.jpg","https://cdnmpro.com/708224949/p/raw/2/set-magnetic-magformers-uimitorul-set-de-politie~6532.jpg","https://cdnmpro.com/708224949/p/raw/3/set-magnetic-magformers-uimitorul-set-de-politie~6533.jpg","https://cdnmpro.com/708224949/p/raw/4/set-magnetic-magformers-uimitorul-set-de-politie~6534.jpg","https://cdnmpro.com/708224949/p/raw/5/set-magnetic-magformers-uimitorul-set-de-politie~6535.jpg",418,,"tva21",5,"Baiat, Fata","1.2 kg",,"29 cm","3 - 6, 6 - 9"
68212,"Set Magformers cu 30 de piese cu magnet, de formă pătrată și triunghiulară, cu ajutorul cărora copiii pot să contruiască orice modele doresc. Posibilitățile și distracția sunt nelimitate, așa că cei mici pot să își lase imaginația liberă și creativitatea lor va prinde cât mai multe forme. Și fetele merită un set de construit, ele pot fi viitoarele arhitecte! Proiectate și dezvoltate de specialiști de la „Magformers” - liderul global în domeniul jocului de construit cu magnet, și „Clics” - marcă de jucării cu renume în Belgia, Magformers înseamnă mai mult decât o simplă jucărie. Magformers reunește piese și accesorii pentru construit cu magneți, dezvoltând îndemânarea, creativitatea și imaginația. Magformers este o jucărie de construcție pentru fiecare copil, un mod inedit de a îmbina piesele, garantând pentru calitate și diversitate. Magformers oferă piese de bază simple, cu un nivel ridicat de aplicabilitate, dezvoltându-și îndemânarea, înțelegând spațialitatea și geometria. Siguranța este esențială, așadar piesele cu magnet sunt sigure pentru cei mici! Magneții sunt încapsulați în interiorul pieselor, pe toate laturile lor, și poziționati astfel încât polii lor să se atragă, indiferent de modul în care piesele sunt apropiate, ceea ce este un avantaj inedit! Piesele Magformers se pot apropia pentru a construi apoi prin pliere, combinarea de mai multe părți, îndoirea sau extensia unor laturi, astfel că posibilitățile sunt nelimitate. Vârsta recomandată: +3 ani. AVERTISMENT! Contraindicat copiilor sub 3 ani. A se folosi sub directa supraveghere a unei persoane adulte. Producător: Clics toys, Belgia.","De construit||Outlet %","clic-704002","Set magnetic de construit- Magformers Inspire, 30 piese","Clicstoys","https://www.boribon.ro/cumpara/set-magnetic-de-construit-magformers-inspire-30-piese-2942","https://cdnmpro.com/708224949/p/raw/6/set-magnetic-de-construit-magformers-inspire-30-piese~6416.jpg","https://cdnmpro.com/708224949/p/raw/5/set-magnetic-de-construit-magformers-inspire-30-piese~7085.jpg","https://cdnmpro.com/708224949/p/raw/7/set-magnetic-de-construit-magformers-inspire-30-piese~7087.jpg","https://cdnmpro.com/708224949/p/raw/8/set-magnetic-de-construit-magformers-inspire-30-piese~7088.jpg","https://cdnmpro.com/708224949/p/raw/9/set-magnetic-de-construit-magformers-inspire-30-piese~7089.jpg",326,,"tva21",8,"Baiat, Fata","1 kg",,"29 cm","3 - 6, 6 - 9"
68227,"Set magnetic de construit Wow 16 piese Set Magformers cu 16 de piese cu magnet, de formă pătrată și triunghiulară, cu ajutorul cărora copiii pot să contruiască diferite variante de vehicule. Posibilitățile și distracția sunt nelimitate, așa că cei mici pot să își lase libere imaginația și creativitatea lor. Conține piesele geometrice colorate cu magnet, roți și 39 de planșe model, după care se pot face construcții 2D care apoi să fie adaptate în 3D. Un set pentru cei care acum încep să descopere jucăriile stem cu magnet. Proiectate și dezvoltate de specialiști de la „Magformers” - liderul global în domeniul jocului de construit cu magnet, și „Clics” - marcă de jucării cu renume în Belgia, Magformers înseamnă mai mult decât o simplă jucărie. Magformers reunește piese și accesorii pentru construit cu magneți, dezvoltând îndemânarea, creativitatea și imaginația. Magformers este o jucărie de construcție pentru fiecare copil, un mod inedit de a îmbina piesele, garantând pentru calitate și diversitate. Magformers oferă piese de bază simple, cu un nivel ridicat de aplicabilitate, dezvoltându-și îndemânarea, înțelegând spațialitatea și geometria. Siguranța este esențială, așadar piesele cu magnet sunt sigure pentru cei mici! Magneții sunt încapsulați în interiorul pieselor, pe toate laturile lor, și poziționati astfel încât polii lor să se atragă, indiferent de modul în care piesele sunt apropiate, ceea ce este un avantaj inedit! Piesele Magformers se pot apropia pentru a construi apoi prin pliere, combinarea de mai multe părți, îndoirea sau extensia unor laturi, astfel că posibilitățile sunt nelimitate. Vârsta recomandată: +3 ani. AVERTISMENT! Contraindicat copiilor sub 3 ani. A se folosi sub directa supraveghere a unei persoane adulte. Producător: Clics toys, Belgia.","De construit||Outlet %","clic-707004","Set magnetic de construit- Magformers Wow 16 piese","Clicstoys","https://www.boribon.ro/cumpara/set-magnetic-de-construit-magformers-wow-16-piese-2943","https://cdnmpro.com/708224949/p/raw/7/set-magnetic-de-construit-magformers-wow-16-piese~6417.jpg","https://cdnmpro.com/708224949/p/raw/4/set-magnetic-de-construit-magformers-wow-16-piese~7104.jpg","https://cdnmpro.com/708224949/p/raw/6/set-magnetic-de-construit-magformers-wow-16-piese~7106.jpg","https://cdnmpro.com/708224949/p/raw/7/set-magnetic-de-construit-magformers-wow-16-piese~7107.jpg","https://cdnmpro.com/708224949/p/raw/8/set-magnetic-de-construit-magformers-wow-16-piese~7108.jpg",324,,"tva21",2,"","1 kg",,"28 cm","3 - 6, 6 - 9"
68251,"Set Magformers cu 30 de piese cu magnet, de formă pătrată, circulară, pătrate cu cerc interior și triunghi, cu ajutorul cărora copiii pot să contruiască orice modele doresc. Posibilitățile și distracția sunt nelimitate, așa că cei mici pot să își lase imaginația liberă și creativitatea lor va prinde cât mai multe forme. Proiectate și dezvoltate de specialiști de la „Magformers” - liderul global în domeniul jocului de construit cu magnet, și „Clics” - marcă de jucării cu renume în Belgia, Magformers înseamnă mai mult decât o simplă jucărie. Magformers reunește piese și accesorii pentru construit cu magneți, dezvoltând îndemânarea, creativitatea și imaginația. Magformers este o jucărie de construcție pentru fiecare copil, un mod inedit de a îmbina piesele, garantând pentru calitate și diversitate. Magformers oferă piese de bază simple, cu un nivel ridicat de aplicabilitate, dezvoltându-și îndemânarea, înțelegând spațialitatea și geometria. Siguranța este esențială, așadar piesele cu magnet sunt sigure pentru cei mici! Magneții sunt încapsulați în interiorul pieselor, pe toate laturile lor, și poziționati astfel încât polii lor să se atragă, indiferent de modul în care piesele sunt apropiate, ceea ce este un avantaj inedit! Piesele Magformers se pot apropia pentru a construi apoi prin pliere, combinarea de mai multe părți, îndoirea sau extensia unor laturi, astfel că posibilitățile sunt nelimitate. Vârsta recomandată: +3 ani. AVERTISMENT! Contraindicat copiilor sub 3 ani. A se folosi sub directa supraveghere a unei persoane adulte. Producător: Clics toys, Belgia.","De construit||Outlet %","clic-715015","Set magnetic de construit- Magformers Basic Plus 30 set","Clicstoys","https://www.boribon.ro/cumpara/set-magnetic-de-construit-magformers-basic-plus-30-set-2944","https://cdnmpro.com/708224949/p/raw/8/set-magnetic-de-construit-magformers-basic-plus-30-set~6418.jpg","https://cdnmpro.com/708224949/p/raw/2/set-magnetic-de-construit-magformers-basic-plus-30-set~7112.jpg","https://cdnmpro.com/708224949/p/raw/4/set-magnetic-de-construit-magformers-basic-plus-30-set~7114.jpg","https://cdnmpro.com/708224949/p/raw/5/set-magnetic-de-construit-magformers-basic-plus-30-set~7115.jpg","https://cdnmpro.com/708224949/p/raw/7/set-magnetic-de-construit-magformers-basic-plus-30-set~7117.jpg",325,,"tva21",16,"","1 kg",,"28 cm","3 - 6, 6 - 9"
68376,"Set Clicformers cu 30 de piese, cu ajutorul cărora se pot construi forme și modele interesante. Setul conține piesele și instrucțiuni pentru 4 modele de animale cu alb și negru, dar se pot face orice alte construcții se doresc. Proiectate și dezvoltate de specialiști de la „Magformers” - liderul global în domeniul jocului de construit cu magnet, și „Clics” - marcă de jucării cu renume în Belgia, Clicformers înseamnă mai mult decât o simplă jucărie. Sub sloganul „Let’s Click & Play”, Clicformers reunește piese și accesorii pentru construit, dezvoltând îndemânarea, creativitatea și imaginația. Clicformers este o jucărie de construcție pentru fiecare copil, un mod inedit de a îmbina piesele, garantând pentru calitate și diversitate. Utilizând patru metode de combinație unice - CLICK, STACK, FOLD, HOOK, Clicformers permite copiilor să creeze aproape orice își imaginează. Clicformers oferă piese de bază simple, cu un nivel ridicat de aplicabilitate și diverse accesorii care aduc un plus de distracție. Culorile asortate ale acestor componente ajută la creșterea simțul estetic al copiilor. Vârsta recomandată: +4 ani. AVERTISMENT! Contraindicat copiilor sub 3 ani. A se folosi sub directa supraveghere a unei persoane adulte. Producător: Clics toys, Belgia.","De construit","clic-804004","Set de construit Clicformers- Mini Animal Set 30 piese","Clicstoys","https://www.boribon.ro/cumpara/set-de-construit-clicformers-mini-animal-set-30-piese-2945","https://cdnmpro.com/708224949/p/raw/9/set-de-construit-clicformers-mini-animal-set-30-piese~6419.jpg","https://cdnmpro.com/708224949/p/raw/3/set-de-construit-clicformers-mini-animal-set-30-piese~7163.jpg","https://cdnmpro.com/708224949/p/raw/6/set-de-construit-clicformers-mini-animal-set-30-piese~7166.jpg","https://cdnmpro.com/708224949/p/raw/8/set-de-construit-clicformers-mini-animal-set-30-piese~7168.jpg","https://cdnmpro.com/708224949/p/raw/0/set-de-construit-clicformers-mini-animal-set-30-piese~7170.jpg",105,,"tva21",4,"Baiat, Fata","1 kg",,"20 cm","3 - 6, 6 - 9"
71300,"Set cuburi din spuma cu magnet Blockaroo, Barca 10 piese Cuburi pentru construit - sigure, ușoare, versatile Blocurile Blockaroo ™ sunt construite din spumă, conțin în interior magnet pentru a putea fi ușor de folosit la construcții, prin simpla apropiere. Dezvoltate de profesori pentru a fi jucăria STEM perfectă pentru învățarea timpurie, încă de la 18 luni. Sunt prietenoase cu apa, se pot spăla inclusiv în mașina pentru vase și oferă nenumărate variante de joc. Vârsta recomandată: +18 luni. AVERTISMENT! Contraindicat copiilor sub 18 luni. Contine magneti! A se folosi sub directa supraveghere a unei persoane adulte. Asigurati-va ca ati citit toate atentionarile inainte de a inmana jucaria copilului. Acest produs contine magneti. Inghitirea lor poate provoca complicatii care pot duce pana la infectii si moarte. Contactati imediat medicul in caz de inghitire. Nu se pun in foc. Se pot spala in masina de spalat vase sau rufe. Nu lasati copilul sa bage piesele in gura, risc de inghitire. A se inlatura imediat magnetul in cazul desprinderii. A nu se curata cu detergent, inalbitor sau alcool. A nu se depozita in locuri cu umiditate crescuta, in soare sau la temperaturi inalte. A nu se folosi la exterior. A nu se folosi parti dezasamblate, deteriorate, deformate. A nu se taia, dezasambla sau incalzi piesele. A nu se introduce in cuptor sau la microunde. A se pastra departe de obiecte care pot fi afectate magnetic precum TV, ceas, computer, mobil, dispozitiv portabil de stocare. Indepartati ambalajul inainte de a inmana jucaria copilului. Produs certificat international pentru siguranta. Producator: Blue Marble, USA. Import Clics toys, Belgia.","De Bebe||Outlet %","blockaroo_301003","Set cuburi din spuma cu magnet Blockaroo, Barca 10 piese","Clicstoys","https://www.boribon.ro/cumpara/set-cuburi-din-spuma-cu-magnet-blockaroo-barca-10-piese-3004","https://cdnmpro.com/708224949/p/raw/6/set-cuburi-din-spuma-cu-magnet-blockaroo-barca-10-piese~6706.jpg","https://cdnmpro.com/708224949/p/raw/1/set-cuburi-din-spuma-cu-magnet-blockaroo-barca-10-piese~7211.jpg","https://cdnmpro.com/708224949/p/raw/2/set-cuburi-din-spuma-cu-magnet-blockaroo-barca-10-piese~7212.jpg","https://cdnmpro.com/708224949/p/raw/3/set-cuburi-din-spuma-cu-magnet-blockaroo-barca-10-piese~7213.jpg","",179,,"tva21",5,"Baiat, Fata","0.3 kg",,"18.5 cm","3 - 6, 6 - 9"
81526,"Set de construit cu magnet Spaghetteez Cele mai noi forme pentru construit- super flexibile, sigure, ușoare, versatile Faceți clic, răsuciți și creați! Construiește cu cele mai inedite instrumente - Spaghetteez, bețișoare moi, flexibile, de diferite culori și dimensiuni. Ele pot fi ușor răsucite și unite, astfel încât copilul să se poată exprima în cel mai creativ mod. Iar când vreți modele noi, nu e nicio problemă, desfaceți bețișoarele spaghetteez și o luați de la capăt, pentru că se pot folosi ori de câte ori doriți. Conține 70 de bețișosre, o broșura cu instrucțiuni și modele pas cu pas. Vârsta recomandată: + 4 ani. AVERTISMENT! A se folosi sub directa supraveghere a unei persoane adulte. Asigurați-vă că ați citit toate atenționările înainte de a înmâna jucăria copilului. Produs certificat internațional pentru siguranță. Clics toys, Belgia.","De construit||Toate||Jocuri||Educative||Magnetice","Spaghet101001","Set de construit cu magnet Spaghetteez 70 piese","Clicstoys","https://www.boribon.ro/cumpara/set-de-construit-cu-magnet-spaghetteez-70-piese-3136","https://cdnmpro.com/708224949/p/raw/4/set-de-construit-cu-magnet-spaghetteez-70-piese~10054.jpg","https://cdnmpro.com/708224949/p/raw/5/set-de-construit-cu-magnet-spaghetteez-70-piese~7825.jpg","https://cdnmpro.com/708224949/p/raw/7/set-de-construit-cu-magnet-spaghetteez-70-piese~7827.jpg","https://cdnmpro.com/708224949/p/raw/9/set-de-construit-cu-magnet-spaghetteez-70-piese~7829.jpg","https://cdnmpro.com/708224949/p/raw/4/set-de-construit-cu-magnet-spaghetteez-70-piese~7834.jpg",140,,"tva21",3,"Baiat, Fata","1 kg",,"28 cm","3 - 6"
81580,"Set de construit cu magnet Spaghetteez Cele mai noi forme pentru construit- super flexibile, sigure, ușoare, versatile Faceți clic, răsuciți și creați! Construiește cu cele mai inedite instrumente - Spaghetteez, bețișoare moi, flexibile, de diferite culori și dimensiuni. Ele pot fi ușor răsucite și unite, astfel încât copilul să se poată exprima în cel mai creativ mod. Iar când vreți modele noi, nu e nicio problemă, desfaceți bețișoarele spaghetteez și o luați de la capăt, pentru că se pot folosi ori de câte ori doriți. Conține 100 de bețișoare, broșura cu instrucțiuni și modele pas cu pas. Vârsta recomandată: + 4 ani. AVERTISMENT! A se folosi sub directa supraveghere a unei persoane adulte. Asigurați-vă că ați citit toate atenționările înainte de a înmâna jucăria copilului. Produs certificat internațional pentru siguranță. Clics toys, Belgia.","De construit||Toate||Jocuri||Educative||Magnetice","Spaghet101002","Set de construit cu magnet Spaghetteez 100 piese","Clicstoys","https://www.boribon.ro/cumpara/set-de-construit-cu-magnet-spaghetteez-100-piese-3137","https://cdnmpro.com/708224949/p/raw/3/set-de-construit-cu-magnet-spaghetteez-100-piese~10053.jpg","https://cdnmpro.com/708224949/p/raw/3/set-de-construit-cu-magnet-spaghetteez-100-piese~6983.jpg","https://cdnmpro.com/708224949/p/raw/9/set-de-construit-cu-magnet-spaghetteez-100-piese~7849.jpg","https://cdnmpro.com/708224949/p/raw/1/set-de-construit-cu-magnet-spaghetteez-100-piese~7851.jpg","https://cdnmpro.com/708224949/p/raw/2/set-de-construit-cu-magnet-spaghetteez-100-piese~7852.jpg",181,,"tva21",0,"","1 kg",,"33 cm","3 - 6"
81583,"Cele mai noi forme pentru construit- super flexibile, sigure, ușoare, versatile Construiește cu cele mai inedite instrumente- piesele Clixo sunt moi, ușoare, flexibile, pot fi îmbinate prin apropierea magneților, creând nenumărate forme. Faceți clic și proiectați! Iar când vreți modele noi, nu e nicio problemă, desfaceți piesele clixo și o luați de la capăt, pentru că se pot folosi de oricâte ori doriți. Conține 18 piese. Dezvoltă joaca liberă, motricitatea, imaginația. Vârsta recomandată: + 4 ani. AVERTISMENT! A se folosi sub directa supraveghere a unei persoane adulte. Asigurați-vă că ați citit toate atenționările înainte de a înmâna jucăria copilului. Produs certificat internațional pentru siguranță. Producator: Clics toys, Belgia.","De construit||Toate||Jocuri||Promotii||Magnetice","clixo201002","Set Clixo de construit cu magnet, Itsy pack Blue-Green 18","Clicstoys","https://www.boribon.ro/cumpara/set-clixo-de-construit-cu-magnet-itsy-pack-blue-green-18-3138","https://cdnmpro.com/708224949/p/raw/6/set-clixo-de-construit-cu-magnet-itsy-pack-blue-green-18~6986.jpg","https://cdnmpro.com/708224949/p/raw/4/set-clixo-de-construit-cu-magnet-itsy-pack-blue-green-18~7874.jpg","https://cdnmpro.com/708224949/p/raw/6/set-clixo-de-construit-cu-magnet-itsy-pack-blue-green-18~7876.jpg","https://cdnmpro.com/708224949/p/raw/9/set-clixo-de-construit-cu-magnet-itsy-pack-blue-green-18~7879.jpg","https://cdnmpro.com/708224949/p/raw/2/set-clixo-de-construit-cu-magnet-itsy-pack-blue-green-18~7882.jpg",238,,"tva21",0,"Baiat, Fata","1 kg",,"14 cm","3 - 6, 6 - 9"
81593,"Cele mai noi forme pentru construit- super flexibile, sigure, ușoare, versatile Construiește cu cele mai inedite instrumente- piesele Clixo sunt moi, ușoare, flexibile, care pot fi îmbinate cu magneții din capete prin simpla apropiere, creând nenumărate forme. Faceți clic și proiectați! Iar când vreți modele noi, nu e nicio problemă, desfaceți piesele Clixo și o luați de la capăt, pentru că se pot folosi de oricâte ori doriți. Conține 18 piese. Dezvoltă joaca liberă, motricitatea, imaginația. Vârsta recomandată: + 4 ani. AVERTISMENT! A se folosi sub directa supraveghere a unei persoane adulte. Asigurați-vă că ați citit toate atenționările înainte de a înmâna jucăria copilului. Produs certificat internațional pentru siguranță. Producator: Clics toys, Belgia.","De construit||Outlet %","clixo201003","Set Clixo de construit cu magnet, Itsy pack Flamingo-Turquoise 18","Clicstoys","https://www.boribon.ro/cumpara/set-clixo-de-construit-cu-magnet-itsy-pack-flamingo-turquoise-18-3139","https://cdnmpro.com/708224949/p/raw/8/set-clixo-de-construit-cu-magnet-itsy-pack-flamingo-turquoise-18~6988.jpg","https://cdnmpro.com/708224949/p/raw/4/set-clixo-de-construit-cu-magnet-itsy-pack-flamingo-turquoise-18~7884.jpg","https://cdnmpro.com/708224949/p/raw/5/set-clixo-de-construit-cu-magnet-itsy-pack-flamingo-turquoise-18~7885.jpg","https://cdnmpro.com/708224949/p/raw/7/set-clixo-de-construit-cu-magnet-itsy-pack-flamingo-turquoise-18~7887.jpg","https://cdnmpro.com/708224949/p/raw/9/set-clixo-de-construit-cu-magnet-itsy-pack-flamingo-turquoise-18~7889.jpg",238,,"tva21",0,"Baiat, Fata","1 kg",,"14 cm","3 - 6, 6 - 9"
81971,"Cele mai noi forme pentru construit- super flexibile, sigure, ușoare, versatile Construiește cu cele mai inedite instrumente- piesele Clixo sunt moi, ușoare, flexibile, care pot fi îmbinate prin apropierea magneților, creând nenumărate forme. Faceți clic și proiectați! Iar când vreți modele noi, nu e nicio problemă, desfaceți piesele clixo și o luați de la capăt, pentru că se pot folosi de oricâte ori doriți. Conține 30 piese. Dezvoltă joaca liberă, motricitatea, imaginația. Vârsta recomandată: + 4 ani. AVERTISMENT! A se folosi sub directa supraveghere a unei persoane adulte. Asigurați-vă că ați citit toate atenționările înainte de a înmâna jucăria copilului. Produs certificat internațional pentru siguranță. Producator: Clics toys, Belgia.","De construit||Outlet %","clixo201005","Set Clixo de construit cu magnet, Itsy pack Blue-Green 30","Clicstoys","https://www.boribon.ro/cumpara/set-clixo-de-construit-cu-magnet-itsy-pack-blue-green-30-3140","https://cdnmpro.com/708224949/p/raw/0/set-clixo-de-construit-cu-magnet-itsy-pack-blue-green-30~6990.jpg","https://cdnmpro.com/708224949/p/raw/7/set-clixo-de-construit-cu-magnet-itsy-pack-blue-green-30~7897.jpg","https://cdnmpro.com/708224949/p/raw/9/set-clixo-de-construit-cu-magnet-itsy-pack-blue-green-30~7899.jpg","https://cdnmpro.com/708224949/p/raw/2/set-clixo-de-construit-cu-magnet-itsy-pack-blue-green-30~7902.jpg","https://cdnmpro.com/708224949/p/raw/4/set-clixo-de-construit-cu-magnet-itsy-pack-blue-green-30~7904.jpg",371,,"tva21",0,"Baiat, Fata","1 kg",,"21 cm","3 - 6, 6 - 9"
81985,"Cele mai noi forme pentru construit - super flexibile, sigure, ușoare, versatile Construiește cu cele mai inedite instrumente- piesele Clixo sunt moi, ușoare, flexibile, care pot fi îmbinate cu magneții din capete prin simpla apropiere, creând nenumărate forme. Faceți clic și proiectați! Iar când vreți modele noi, nu e nicio problemă, desfaceți piesele Clixo și o luați de la capăt, pentru că se pot folosi de oricâte ori doriți. Conține 30 piese. Dezvoltă joaca liberă, motricitatea, imaginația. Vârsta recomandată: + 4 ani. AVERTISMENT! A se folosi sub directa supraveghere a unei persoane adulte. Asigurați-vă că ați citit toate atenționările înainte de a înmâna jucăria copilului. Produs certificat internațional pentru siguranță. Producator: Clics toys, Belgia.","De construit||Outlet %","clixo201006","Set Clixo de construit cu magnet, Itsy pack Flamingo-Turquoise 30","Clicstoys","https://www.boribon.ro/cumpara/set-clixo-de-construit-cu-magnet-itsy-pack-flamingo-turquoise-30-3141","https://cdnmpro.com/708224949/p/raw/3/set-clixo-de-construit-cu-magnet-itsy-pack-flamingo-turquoise-30~6993.jpg","https://cdnmpro.com/708224949/p/raw/2/set-clixo-de-construit-cu-magnet-itsy-pack-flamingo-turquoise-30~7922.jpg","https://cdnmpro.com/708224949/p/raw/4/set-clixo-de-construit-cu-magnet-itsy-pack-flamingo-turquoise-30~7924.jpg","https://cdnmpro.com/708224949/p/raw/6/set-clixo-de-construit-cu-magnet-itsy-pack-flamingo-turquoise-30~7926.jpg","https://cdnmpro.com/708224949/p/raw/7/set-clixo-de-construit-cu-magnet-itsy-pack-flamingo-turquoise-30~7927.jpg",371,,"tva21",1,"Baiat, Fata","1 kg",,"21 cm","3 - 6, 6 - 9"
81999,"Joc de construit cu 26 de piese cu magnet, de diferite forme, culori și mărimi, cu ajutorul cărora cei mici pot construi vehicule de toate felurile! Piesele cu magnet încorporat trebuie doar să fie apropiate una de alta, și astfel se ~fixează~ și permit nenumărate combinații. Proiectate și dezvoltate de specialiști de la „Magformers” - liderul global în domeniul jocului de construit cu magnet, și „Clics” - marcă de jucării cu renume în Belgia, jucariile cu magneti Stick-O au fost concepute special pentru cei mici. Stick-O reunește piese și accesorii pentru construit, dezvoltând îndemânarea, creativitatea și imaginația, inca de la cele mai mici varste. Oferă piese de bază simple, cu un nivel ridicat de aplicabilitate și diverse accesorii care aduc un plus de distracție. Culorile asortate ale acestor componente ajută la creșterea simțul estetic al copiilor. Siguranta este insa pe primul loc, astfel ca magnetii sunt incastrati in interiorul pieselor, fiind evitat riscul de a fi inghititi. Inedit este si faptul ca magnetii sunt pozitionati astfel incat se pot roti automat, pentru a respecta polaritatea necesara atragerii si ~lipirii~ pieselor, indiferent de cum sunt apropiate. Vârsta recomandată: +3 ani. AVERTISMENT! Contraindicat copiilor sub 3 ani. Contine magneți! A se folosi sub directa supraveghere a unei persoane adulte. Producător: Clics toys, Belgia.","De Bebe||Outlet %","clic-902004","Joc cu magneti Stick-O, Set de construit vehicule, 26 piese","Clicstoys","https://www.boribon.ro/cumpara/joc-cu-magneti-stick-o-set-de-construit-vehicule-26-piese-3142","https://cdnmpro.com/708224949/p/raw/6/joc-cu-magneti-stick-o-set-de-construit-vehicule-26-piese~6996.jpg","https://cdnmpro.com/708224949/p/raw/3/joc-cu-magneti-stick-o-set-de-construit-vehicule-26-piese~7943.jpg","https://cdnmpro.com/708224949/p/raw/5/joc-cu-magneti-stick-o-set-de-construit-vehicule-26-piese~7945.jpg","https://cdnmpro.com/708224949/p/raw/7/joc-cu-magneti-stick-o-set-de-construit-vehicule-26-piese~7947.jpg","https://cdnmpro.com/708224949/p/raw/0/joc-cu-magneti-stick-o-set-de-construit-vehicule-26-piese~7950.jpg",305,,"tva21",0,"Baiat, Fata","1 kg",,"25 cm","3 - 6"
82018,"Set Magformers cu 33 de piese cu magnet cu ajutorul cărora copiii pot să contruiască. Posibilitățile și distracția sunt nelimitate, așa că cei mici pot să își lase imaginația liberă și creativitatea lor va prinde cât mai multe forme. Conține piesele geometrice colorate- cu magnet și cartonașe model, după care se pot face construcții 3D. Proiectate și dezvoltate de specialiști de la „Magformers” - liderul global în domeniul jocului de construit cu magnet, și „Clics” - marcă de jucării cu renume în Belgia, Magformers înseamnă mai mult decât o simplă jucărie. Magformers reunește piese și accesorii pentru construit cu magneți, dezvoltând îndemânarea, creativitatea și imaginația. Magformers este o jucărie de construcție pentru fiecare copil, un mod inedit de a îmbina piesele, garantând pentru calitate și diversitate. Magformers oferă piese de bază simple, cu un nivel ridicat de aplicabilitate, dezvoltându-și îndemânarea, înțelegând spațialitatea și geometria. Siguranța este esențială, așadar piesele cu magnet sunt sigure pentru cei mici! Magneții sunt încapsulați în interiorul pieselor, pe toate laturile lor, și poziționati astfel încât polii lor să se atragă, indiferent de modul în care piesele sunt apropiate, ceea ce este un avantaj inedit! Piesele Magformers se pot apropia pentru a construi apoi prin pliere, combinarea de mai multe părți, îndoirea sau extensia unor laturi, astfel că posibilitățile sunt nelimitate. Vârsta recomandată: +3 ani. AVERTISMENT! Contraindicat copiilor sub 3 ani. A se folosi sub directa supraveghere a unei persoane adulte. Producător: Clics toys, Belgia.","De construit||Outlet %","clic-705011","Set de construit Magformers- Casa Milo, 33 piese","Clicstoys","https://www.boribon.ro/cumpara/set-de-construit-magformers-casa-milo-33-piese-3143","https://cdnmpro.com/708224949/p/raw/8/set-de-construit-magformers-casa-milo-33-piese~6998.jpg","https://cdnmpro.com/708224949/p/raw/6/set-de-construit-magformers-casa-milo-33-piese~7986.jpg","https://cdnmpro.com/708224949/p/raw/8/set-de-construit-magformers-casa-milo-33-piese~7988.jpg","","",300,,"tva21",4,"Baiat, Fata","2 kg",,"29 cm","3 - 6, 6 - 9"
82033,"Set Magformers cu 33 de piese cu magnet cu ajutorul cărora copiii pot să contruiască. Posibilitățile și distracția sunt nelimitate, așa că cei mici pot să își lase imaginația liberă și creativitatea lor va prinde cât mai multe forme. Conține piesele geometrice colorate- cu magnet și cartonașe model, după care se pot face construcții 3D- un set pentru cei care acum încep să descopere jucăriile stem cu magnet. Proiectate și dezvoltate de specialiști de la „Magformers” - liderul global în domeniul jocului de construit cu magnet, și „Clics” - marcă de jucării cu renume în Belgia, Magformers înseamnă mai mult decât o simplă jucărie. Magformers reunește piese și accesorii pentru construit cu magneți, dezvoltând îndemânarea, creativitatea și imaginația. Magformers este o jucărie de construcție pentru fiecare copil, un mod inedit de a îmbina piesele, garantând pentru calitate și diversitate. Magformers oferă piese de bază simple, cu un nivel ridicat de aplicabilitate, dezvoltându-și îndemânarea, înțelegând spațialitatea și geometria. Siguranța este esențială, așadar piesele cu magnet sunt sigure pentru cei mici! Magneții sunt încapsulați în interiorul pieselor, pe toate laturile lor, și poziționati astfel încât polii lor să se atragă, indiferent de modul în care piesele sunt apropiate, ceea ce este un avantaj inedit! Piesele Magformers se pot apropia pentru a construi apoi prin pliere, combinarea de mai multe părți, îndoirea sau extensia unor laturi, astfel că posibilitățile sunt nelimitate. Vârsta recomandată: +3 ani. AVERTISMENT! Contraindicat copiilor sub 3 ani. A se folosi sub directa supraveghere a unei persoane adulte. Producător: Clics toys, Belgia.","De construit||Outlet %","clic-705010","Set de construit Magformers- Bucatarie, 33 piese","Clicstoys","https://www.boribon.ro/cumpara/set-de-construit-magformers-bucatarie-33-piese-3146","https://cdnmpro.com/708224949/p/raw/4/set-de-construit-magformers-bucatarie-33-piese~7004.jpg","https://cdnmpro.com/708224949/p/raw/7/set-de-construit-magformers-bucatarie-33-piese~7997.jpg","https://cdnmpro.com/708224949/p/raw/9/set-de-construit-magformers-bucatarie-33-piese~7999.jpg","https://cdnmpro.com/708224949/p/raw/0/set-de-construit-magformers-bucatarie-33-piese~8000.jpg","",300,,"tva21",3,"Baiat, Fata","2 kg",,"29 cm","3 - 6, 6 - 9"
3557,"Set magnetic de construit, Roti amuzante, Magformers Creați vehicule 3D interesante cu cele 20 de forme geometrice magnetice colorate pe care le puteți manevra cu telecomanda inclusă. Acest set adaugă o nouă dimensiune jocului de construcție - mai ales prin combinarea cu alte seturi Magformers. Conceptul 3D Brain Training dezvoltat de Magformers îi ajută pe copii să dezvolte o gândire tridimensională cuprinzătoare prin joc. Copiii pot folosi formele geometrice de bază pentru a crea planuri plate 2D (cunoscute sub numele de plase) pe care apoi le trag în sus și realizează figuri 3D. Piesele Magformers se apropie, apoi prin pliere, combinarea de mai multe părți, îndoirea sau extensia unor laturi, posibilitățile de construcție devin nelimitate. Telecomanda funcționează cu 2 x baterii AAA, iar blocul de telecomandă pentru sub vehicul funcționează cu 3 x baterii AAA (bateriile nu sunt incluse). Piesele conțin magneți neodim pentru conectivitate garantată. Magneții sunt încapsulați în interiorul pieselor, și, deoarece se rotesc, atrag întotdeauna și nu resping niciodată - făcând construcția modelelor rapidă și ușoară. Magformers are un record de siguranță 100% global și se conformează tuturor directivelor globale majore privind siguranța jucăriilor. Conține 20 de piese – forme geometrice, diverse tipuri de roti, accesorii. Confecționat din plastic BPA (nontoxic). Conform standardelor EN71. Vârsta recomandată + 3 ani. AVERTISMENT: Contraindicat copiilor sub 3 ani. Conține magneți! Inghitirea lor poate provoca complicatii care pot duce pana la infectii si moarte. Contactati imediat medicul in caz de inghitire. A se utiliza sub directa supraveghere a unui adult.","Jocuri||Outlet %","clics_707012","Set magnetic Roti amuzante, Magformers","Clicstoys","https://www.boribon.ro/cumpara/set-magnetic-roti-amuzante-magformers-3557","https://cdnmpro.com/708224949/p/raw/0/set-magnetic-roti-amuzante-magformers~9050.jpg","https://cdnmpro.com/708224949/p/raw/7/set-magnetic-roti-amuzante-magformers~9047.jpg","https://cdnmpro.com/708224949/p/raw/8/set-magnetic-roti-amuzante-magformers~9048.jpg","https://cdnmpro.com/708224949/p/raw/9/set-magnetic-roti-amuzante-magformers~9049.jpg","https://cdnmpro.com/708224949/p/raw/9/set-magnetic-roti-amuzante-magformers~13489.jpg",541,,"tva21",0,"Baiat","0.9 kg",,"38 cm","6 - 9, 9+"
3558,"Set de construit Vehicule de constructie Proiectate și dezvoltate de specialiștii Clics - marcă de jucării multipremiată, seturile de construit Clicformers înseamnă mai mult decât o simplă jucărie. Sub sloganul „Let’s Click & Play”, ele reunesc piese și accesorii cu un mod inedit de a îmbinare a pieselor dezvoltând îndemânarea, creativitatea și imaginația copiilor. Utilizând patru metode de combinație unice - CLICK, STACK, FOLD, HOOK, seturile de construit permit copiilor să creeze aproape orice își imaginează. Clicformers oferă piese de bază simple, cu un nivel ridicat de aplicabilitate și diverse accesorii care aduc un plus de distracție. Diferitele seturi pot fi combinate liber între ele, astfel încât se pot crea structuri din ce în ce mai mari! Conține 90 de piese click + 32 de accesorii și autocolante. Sunt incluse planuri de construcție pentru a construi 5 vehicule de construcții cum ar fi camion, stivuitor, excavator, buldozer, etc. Confecționat din plastic reciclat. Conform standardelor EN71. Vârsta recomandată 6 - 12 ani. AVERTISMENT: Contraindicat copiilor sub 3 ani. Conține piese mici. A se utiliza sub directa supraveghere a unui adult.","Jocuri","clics_BC009","Set de construit Vehicule de constructie, Clicformers","Clicstoys","https://www.boribon.ro/cumpara/set-de-construit-vehicule-de-constructie-clicformers-3558","https://cdnmpro.com/708224949/p/raw/0/set-de-construit-vehicule-de-constructie-clicformers~9040.jpg","https://cdnmpro.com/708224949/p/raw/1/set-de-construit-vehicule-de-constructie-clicformers~9041.jpg","https://cdnmpro.com/708224949/p/raw/2/set-de-construit-vehicule-de-constructie-clicformers~9042.jpg","https://cdnmpro.com/708224949/p/raw/3/set-de-construit-vehicule-de-constructie-clicformers~9043.jpg","https://cdnmpro.com/708224949/p/raw/4/set-de-construit-vehicule-de-constructie-clicformers~9044.jpg",201,,"tva21",0,"Baiat","0.8 kg",,"41 cm","6 - 9, 9+"
3559,"Drăguț și simplu, acest set cu 10 piese este introducerea perfectă în lumea distractivă a jocului magnetic Stick-O pentru copii mici. Două piese zornăitoare (o bilă și o formă de litera D, ambele conținând mărgele minuscule) adaugă componentă senzorială audio la distracția construcției magnetice. Piesele Stick-O au sistemul de magneți rotativi (RMS) supersigur, inițiat de Magformers, în care magneții disc mici, dar puternici, din neodim sunt etanșați în siguranță în interiorul pieselor principale. Deoarece se rotesc, atrag întotdeauna și nu resping niciodată - făcând construcția modelelor rapidă și ușoară. pentru mânuțele mici. Toate seturile Stick-O sunt complet compatibile. Confecționat din plastic BPA (nontoxic). Conform standardelor EN71. Vârsta recomandată + 18 luni. AVERTISMENT: Contraindicat copiilor sub 18 luni. Conține magneți! Inghitirea lor poate provoca complicatii care pot duce pana la infectii si moarte. Contactati imediat medicul in caz de inghitire. A se utiliza sub directa supraveghere a unui adult. Distribuit de Clicstoys, Belgia.","Jocuri||Outlet %","clics_902008","Joc cu magneti Stick-O, Prieteni pop","Clicstoys","https://www.boribon.ro/cumpara/joc-cu-magneti-stick-o-prieteni-pop-3559","https://cdnmpro.com/708224949/p/raw/4/joc-cu-magneti-stick-o-prieteni-pop~9034.jpg","https://cdnmpro.com/708224949/p/raw/5/joc-cu-magneti-stick-o-prieteni-pop~9035.jpg","https://cdnmpro.com/708224949/p/raw/6/joc-cu-magneti-stick-o-prieteni-pop~9036.jpg","https://cdnmpro.com/708224949/p/raw/1/joc-cu-magneti-stick-o-prieteni-pop~13501.jpg","https://cdnmpro.com/708224949/p/raw/3/joc-cu-magneti-stick-o-prieteni-pop~13503.jpg",181,,"tva21",3,"Baiat, Fata","0.3 kg",,"17 cm","1 - 3"
3874,"Set cuburi din spuma cu magnet Blockaroo, Automobil 13 piese Cuburi pentru construit - sigure, ușoare, versatile Blocurile Blockaroo sunt un mod inovator de a construi - fac clic împreună ca prin magie, se rotesc la 360 de grade și se atrag întotdeauna unul de celălalt, creând o experiență multisenzorială pe care copiii o adoră! Ele îi permit copilului să exploreze formele, culorile, dezvoltă abilități de inginerie și gândire creativă. Fac din timpul băii o distracție și o experiență pe care copiii o așteaptă cu nerăbdare! Copiii pot să construiască orice - oferă ore întregi de joc creativ captivant care ajută mințile în dezvoltare să crească! Combinați seturile pentru creații mai mari și mai nebunești! Sunt non-toxice, conforme standardelor internaționale de testare pentru siguranță. Se spală în mașina de spălat vase. Vârsta recomandată: +18 luni. AVERTISMENT! Contraindicat copiilor sub 18 luni. Contine magneti! A se folosi sub directa supraveghere a unei persoane adulte. Asigurati-va ca ati citit toate atentionarile inainte de a inmana jucaria copilului. Acest produs contine magneti. Inghitirea lor poate provoca complicatii care pot duce pana la infectii si moarte. Contactati imediat medicul in caz de inghitire. Nu se pun in foc. Se pot spala in masina de spalat vase sau rufe. Nu lasati copilul sa bage piesele in gura, risc de inghitire. A se inlatura imediat magnetul in cazul desprinderii. A nu se curata cu detergent, inalbitor sau alcool. A nu se depozita in locuri cu umiditate crescuta, in soare sau la temperaturi inalte. A nu se folosi la exterior. A nu se folosi parti dezasamblate, deteriorate, deformate. A nu se taia, dezasambla sau incalzi piesele. A nu se introduce in cuptor sau la microunde. A se pastra departe de obiecte care pot fi afectate magnetic precum TV, ceas, computer, mobil, dispozitiv portabil de stocare. Indepartati ambalajul inainte de a inmana jucaria copilului.Producator: Blue Marble, USA. Fabricate in China.Import Clics toys, Belgia.","Jocuri||De Bebe||Toate||De construit||Educative||STEM||Magnetice","blockaroo_301004","Set cuburi din spuma cu magnet Blockaroo, Automobil 13 piese","Clicstoys","https://www.boribon.ro/cumpara/set-cuburi-din-spuma-cu-magnet-blockaroo-automobil-13-piese-3874","https://cdnmpro.com/708224949/p/raw/9/set-cuburi-din-spuma-cu-magnet-blockaroo-automobil-13-piese~10049.jpg","https://cdnmpro.com/708224949/p/raw/5/set-cuburi-din-spuma-cu-magnet-blockaroo-automobil-13-piese~10045.jpg","https://cdnmpro.com/708224949/p/raw/6/set-cuburi-din-spuma-cu-magnet-blockaroo-automobil-13-piese~10046.jpg","https://cdnmpro.com/708224949/p/raw/7/set-cuburi-din-spuma-cu-magnet-blockaroo-automobil-13-piese~10047.jpg","https://cdnmpro.com/708224949/p/raw/9/set-cuburi-din-spuma-cu-magnet-blockaroo-automobil-13-piese~14209.jpg",276.57,,"tva21",1,"Baiat, Fata","0.3 kg",,"28 cm","1 - 3, 3 - 6"
3875,"Set de construit cu magnet Spaghetteez Cele mai noi forme pentru construit- super flexibile, sigure, ușoare, versatile Faceți clic, răsuciți și creați! Construiește cu cele mai inedite instrumente - Spaghetteez, bețișoare moi, flexibile, de diferite culori și dimensiuni. Ele pot fi ușor răsucite și unite, astfel încât copilul să se poată exprima în cel mai creativ mod. Iar când vreți modele noi, nu e nicio problemă, desfaceți bețișoarele spaghetteez și o luați de la capăt, pentru că se pot folosi ori de câte ori doriți. Conține 35 de bețișoare, broșura cu instrucțiuni și modele pas cu pas. Vârsta recomandată: + 4 ani. AVERTISMENT! A se folosi sub directa supraveghere a unei persoane adulte. Asigurați-vă că ați citit toate atenționările înainte de a înmâna jucăria copilului. Produs certificat internațional pentru siguranță. Clics toys, Belgia.","Jocuri||De construit||STEM||Magnetice","Spaghet101005","Set de construit cu magnet Spaghetteez 35 piese","Clicstoys","https://www.boribon.ro/cumpara/set-de-construit-cu-magnet-spaghetteez-35-piese-3875","https://cdnmpro.com/708224949/p/raw/1/set-de-construit-cu-magnet-spaghetteez-35-piese~10051.jpg","https://cdnmpro.com/708224949/p/raw/0/set-de-construit-cu-magnet-spaghetteez-35-piese~10050.jpg","https://cdnmpro.com/708224949/p/raw/2/set-de-construit-cu-magnet-spaghetteez-35-piese~10052.jpg","https://cdnmpro.com/708224949/p/raw/2/set-de-construit-cu-magnet-spaghetteez-35-piese~14212.jpg","https://cdnmpro.com/708224949/p/raw/3/set-de-construit-cu-magnet-spaghetteez-35-piese~14213.jpg",72,,"tva21",6,"Baiat, Fata","0.3 kg",,"23 cm","3 - 6"
3876,"Drăguț și simplu, acest set cu 14 piese este introducerea perfectă în lumea distractivă a jocului magnetic Stick-O pentru copii mici. Piesele Stick-O au sistemul de magneți rotativi (RMS) super sigur, inițiat de Magformers, în care magneții disc mici, dar puternici, din neodim sunt etanșați în siguranță în interiorul pieselor principale. Deoarece se rotesc, atrag întotdeauna și nu resping niciodată - făcând construcția modelelor rapidă și ușoară. pentru mânuțele mici. Toate seturile Stick-O sunt complet compatibile. Confecționat din plastic BPA (nontoxic). Conform standardelor EN71. Vârsta recomandată + 18 luni. AVERTISMENT: Contraindicat copiilor sub 18 luni. Conține magneți! Inghitirea lor poate provoca complicatii care pot duce pana la infectii si moarte. Contactati imediat medicul in caz de inghitire. A se utiliza sub directa supraveghere a unui adult. Distribuit de Clicstoys, Belgia.","Jocuri||Outlet %","clics_904001","Joc cu magneti Stick-O, Bumba","Clicstoys","https://www.boribon.ro/cumpara/joc-cu-magneti-stick-o-bumba-3876","https://cdnmpro.com/708224949/p/raw/7/joc-cu-magneti-stick-o-bumba~10057.jpg","https://cdnmpro.com/708224949/p/raw/5/joc-cu-magneti-stick-o-bumba~10055.jpg","https://cdnmpro.com/708224949/p/raw/6/joc-cu-magneti-stick-o-bumba~10056.jpg","https://cdnmpro.com/708224949/p/raw/4/joc-cu-magneti-stick-o-bumba~14214.jpg","https://cdnmpro.com/708224949/p/raw/5/joc-cu-magneti-stick-o-bumba~14215.jpg",181,,"tva21",4,"Baiat, Fata","0.3 kg",,"22 cm","1 - 3"
3878,"Set Clicformers cu 127 de piese cu ajutorul cărora poți construi 8 modele de vehicule din recuzita pompierilor. Clicformers înseamnă mai mult decât o simplă jucărie. Sub sloganul „Let’s Click & Play”, Clicformers reunește piese și accesorii pentru construit, dezvoltând îndemânarea, creativitatea și imaginația. Clicformers este o jucărie de construcție pentru fiecare copil, un mod inedit de a îmbina piesele, garantând pentru calitate și diversitate. Utilizând patru metode de combinație unice - CLICK, STACK, FOLD, HOOK, Clicformers permite copiilor să creeze aproape orice își imaginează, oferind piese de bază simple, cu un nivel ridicat de aplicabilitate și diverse accesorii care aduc un plus de distracție. Culorile asortate ale acestor componente ajută la creșterea simțul estetic al copiilor. Vârsta recomandată: +6 ani.Piesele și ambalajul sunt confecționate în întregime din plastic reciclat, fiind un produs sustenabil.AVERTISMENT! Contraindicat copiilor sub 3 ani. A se folosi sub directa supraveghere a unei persoane adulte.Producător: Clics Toys, Belgia.","Jocuri","clics_CB197-04","Set Clics de construit vehicule pompieri 8 in 1","Clicstoys","https://www.boribon.ro/cumpara/set-clics-de-construit-vehicule-pompieri-8-in-1-3878","https://cdnmpro.com/708224949/p/raw/6/set-clics-de-construit-vehicule-pompieri-8-in-1~10066.jpg","https://cdnmpro.com/708224949/p/raw/4/set-clics-de-construit-vehicule-pompieri-8-in-1~10064.jpg","https://cdnmpro.com/708224949/p/raw/5/set-clics-de-construit-vehicule-pompieri-8-in-1~10065.jpg","https://cdnmpro.com/708224949/p/raw/7/set-clics-de-construit-vehicule-pompieri-8-in-1~10067.jpg","https://cdnmpro.com/708224949/p/raw/8/set-clics-de-construit-vehicule-pompieri-8-in-1~14218.jpg",150,,"tva21",3,"Baiat, Fata","1 kg",,"22 cm","3 - 6, 6 - 9"
3879,"Set Clicformers cu 135 de piese cu ajutorul cărora poți construi 8 modele de vehicule din recuzita poliției. Clicformers înseamnă mai mult decât o simplă jucărie. Sub sloganul „Let’s Click & Play”, Clicformers reunește piese și accesorii pentru construit, dezvoltând îndemânarea, creativitatea și imaginația. Clicformers este o jucărie de construcție pentru fiecare copil, un mod inedit de a îmbina piesele, garantând pentru calitate și diversitate. Utilizând patru metode de combinație unice - CLICK, STACK, FOLD, HOOK, Clicformers permite copiilor să creeze aproape orice își imaginează, oferind piese de bază simple, cu un nivel ridicat de aplicabilitate și diverse accesorii care aduc un plus de distracție. Culorile asortate ale acestor componente ajută la creșterea simțul estetic al copiilor. Vârsta recomandată: +6 ani.Piesele și ambalajul sunt confecționate în întregime din plastic reciclat, fiind un produs sustenabil.AVERTISMENT! Contraindicat copiilor sub 3 ani. A se folosi sub directa supraveghere a unei persoane adulte.Producător: Clics Toys, Belgia.","Jocuri","clics_CB196-04","Set Clics de construit vehicule de politie 8 in 1","Clicstoys","https://www.boribon.ro/cumpara/set-clics-de-construit-vehicule-de-politie-8-in-1-3879","https://cdnmpro.com/708224949/p/raw/1/set-clics-de-construit-vehicule-de-politie-8-in-1~10071.jpg","https://cdnmpro.com/708224949/p/raw/8/set-clics-de-construit-vehicule-de-politie-8-in-1~10068.jpg","https://cdnmpro.com/708224949/p/raw/9/set-clics-de-construit-vehicule-de-politie-8-in-1~10069.jpg","https://cdnmpro.com/708224949/p/raw/0/set-clics-de-construit-vehicule-de-politie-8-in-1~10070.jpg","https://cdnmpro.com/708224949/p/raw/1/set-clics-de-construit-vehicule-de-politie-8-in-1~14221.jpg",150,,"tva21",0,"Baiat, Fata","1 kg",,"22 cm","3 - 6, 6 - 9"
3880,"Set Clicformers cu 123 de piese cu ajutorul cărora poți construi 5 modele de vehicule de santier. Clicformers înseamnă mai mult decât o simplă jucărie. Sub sloganul „Let’s Click & Play”, Clicformers reunește piese și accesorii pentru construit, dezvoltând îndemânarea, creativitatea și imaginația. Clicformers este o jucărie de construcție pentru fiecare copil, un mod inedit de a îmbina piesele, garantând pentru calitate și diversitate. Utilizând patru metode de combinație unice - CLICK, STACK, FOLD, HOOK, Clicformers permite copiilor să creeze aproape orice își imaginează, oferind piese de bază simple, cu un nivel ridicat de aplicabilitate și diverse accesorii care aduc un plus de distracție. Culorile asortate ale acestor componente ajută la creșterea simțul estetic al copiilor. Vârsta recomandată: +4 ani.Piesele și ambalajul sunt confecționate în întregime din plastic reciclat, fiind un produs sustenabil.AVERTISMENT! Contraindicat copiilor sub 3 ani. A se folosi sub directa supraveghere a unei persoane adulte.Producător: Clics Toys, Belgia.","Jocuri","clics_CB199-04","Set Clics de construit vehicule de constructie 5 in 1","Clicstoys","https://www.boribon.ro/cumpara/set-clics-de-construit-vehicule-de-constructie-5-in-1-3880","https://cdnmpro.com/708224949/p/raw/3/set-clics-de-construit-vehicule-de-constructie-5-in-1~10073.jpg","https://cdnmpro.com/708224949/p/raw/2/set-clics-de-construit-vehicule-de-constructie-5-in-1~10072.jpg","https://cdnmpro.com/708224949/p/raw/4/set-clics-de-construit-vehicule-de-constructie-5-in-1~10074.jpg","https://cdnmpro.com/708224949/p/raw/5/set-clics-de-construit-vehicule-de-constructie-5-in-1~10075.jpg","https://cdnmpro.com/708224949/p/raw/4/set-clics-de-construit-vehicule-de-constructie-5-in-1~14224.jpg",150,,"tva21",7,"Baiat, Fata","1 kg",,"22 cm","3 - 6, 6 - 9"
3881,"Set Clicformers cu 377 de piese și 15 modele de construcție în cutie cu role, pentru depozitare și transport ușor.Clicformers înseamnă mai mult decât o simplă jucărie. Sub sloganul „Let’s Click & Play”, Clicformers reunește piese și accesorii pentru construit, dezvoltând îndemânarea, creativitatea și imaginația. Clicformers este o jucărie de construcție pentru fiecare copil, un mod inedit de a îmbina piesele, garantând pentru calitate și diversitate. Utilizând patru metode de combinație unice - CLICK, STACK, FOLD, HOOK, Clicformers permite copiilor să creeze aproape orice își imaginează, oferind piese de bază simple, cu un nivel ridicat de aplicabilitate și diverse accesorii care aduc un plus de distracție. Culorile asortate ale acestor componente ajută la creșterea simțul estetic al copiilor. Vârsta recomandată: 4-12 ani.Piesele și ambalajul sunt confecționate în întregime din plastic reciclat, fiind un produs sustenabil.AVERTISMENT! Contraindicat copiilor sub 3 ani. A se folosi sub directa supraveghere a unei persoane adulte.Producător: Clics Toys, Belgia. Recomandat pentru grădinițe.","Jocuri","clics_CB411","Set Clics de construit 15 in 1","Clicstoys","https://www.boribon.ro/cumpara/set-clics-de-construit-15-in-1-3881","https://cdnmpro.com/708224949/p/raw/7/set-clics-de-construit-15-in-1~10077.jpg","https://cdnmpro.com/708224949/p/raw/6/set-clics-de-construit-15-in-1~10076.jpg","https://cdnmpro.com/708224949/p/raw/8/set-clics-de-construit-15-in-1~10078.jpg","https://cdnmpro.com/708224949/p/raw/9/set-clics-de-construit-15-in-1~10079.jpg","https://cdnmpro.com/708224949/p/raw/0/set-clics-de-construit-15-in-1~10080.jpg",388,,"tva21",3,"Baiat, Fata","3 kg",,"37 cm","3 - 6, 6 - 9"
4171,"Set de construit 5 modele Construiește o mașină de curse, un jet ski sau o rachetă - jocul plug-in de la Clicformers promovează creativitatea și abilitățile motorii ale copilului. Jocurile Clics sunt fabricate în Belgia și din materiale reciclate, atât blocurile Clics, cât și ambalajul din plastic. În acest fel, Clics Toys își reduce amprenta de carbon cu 90% și se străduiesc să caute în continuare soluții pentru a reduce povara ecologică asupra planetei noastre și a locuitorilor ei.Această jucărie este cadoul ideal pentru Crăciun sau zile de naștere. Diferitele seturi Clicformers pot fi combinate între ele și extinse după dorință, astfel încât nu există limite pentru jocul creativ.Conține 47 de blocuri de construcție, 22 de accesorii, autocolante pentru a crea cel puțin 5 figuri în mod realist. Confecționat din plastic reciclat. Conform standardelor EN71. Vârsta recomandată 4 - 9 ani. AVERTISMENT: Contraindicat copiilor sub 3 ani. Conține piese mici. A se utiliza sub directa supraveghere a unui adult.","Jocuri","clics_RC001","Set de construit 5 in 1, Clicformers","Clicstoys","https://www.boribon.ro/cumpara/set-de-construit-5-in-1-clicformers-4171","https://cdnmpro.com/708224949/p/raw/5/set-de-construit-5-in-1-clicformers~11105.jpg","https://cdnmpro.com/708224949/p/raw/1/set-de-construit-5-in-1-clicformers~11101.jpg","https://cdnmpro.com/708224949/p/raw/2/set-de-construit-5-in-1-clicformers~11102.jpg","https://cdnmpro.com/708224949/p/raw/3/set-de-construit-5-in-1-clicformers~11103.jpg","https://cdnmpro.com/708224949/p/raw/4/set-de-construit-5-in-1-clicformers~11104.jpg",90,,"tva21",1,"Baiat","0.8 kg",,"41 cm","3 - 6, 6 - 9"
4173,"Magimals Ferma Porc, pui sau o combinație din cele 2, după bunul plac al copilului. Animale magnetice care pot fi complet transformate! 2 animăluțe Mix&Match compuse din 3 părți: picioare, corp și cap, sunt pregătite să se alăture micuțului tău chiar și în cadă pentru o aventură distractivă! Confecționate din material moale, sigur, non-toxic, lavabil, rezistent la dentiția bebelușului. Animalele se asamblează ușor datorită magneților puternici și siguri (încapsulați), pot fi strânse și mușcate. Fără orificii mici, nu există riscul acumulării bacteriilor. Fără mirosuri de mucegai! Se curăță ușor cu apă caldă. Magimals stimulează imaginația și susțin dezvoltarea cognitivă a copiilor, oferind o oportunitate excelentă pentru a exersa atingerea, prinderea, mobilitatea degetelor și a încheieturii mâinii, dezvoltarea gândirii logice. Vârstă recomandată: 1-5 ani. AVERTISMENT: Conține magneți! A se utiliza sub directa supraveghere a unui adult. Fabricat în Belgia de Clicstoys.","Jocuri||De Bebe||De construit||Magnetice","clics_401001","Joc cu magneti Magimals Ferma","Clicstoys","https://www.boribon.ro/cumpara/joc-cu-magneti-magimals-ferma-4173","https://cdnmpro.com/708224949/p/raw/0/joc-cu-magneti-magimals-ferma~11120.jpg","https://cdnmpro.com/708224949/p/raw/5/joc-cu-magneti-magimals-ferma~11115.jpg","https://cdnmpro.com/708224949/p/raw/6/joc-cu-magneti-magimals-ferma~11116.jpg","https://cdnmpro.com/708224949/p/raw/7/joc-cu-magneti-magimals-ferma~11117.jpg","https://cdnmpro.com/708224949/p/raw/8/joc-cu-magneti-magimals-ferma~11118.jpg",129,,"tva21",9,"Baiat, Fata","0.3 kg",,"16 cm","1 - 3"
4174,"Magimals Pinguin si Caracatita Pinguin, caracatiță sau o combinație din cele 2, după bunul plac al copilului. Animale magnetice care pot fi complet transformate! 2 animăluțe Mix&Match compuse din 3 părți: picioare, corp și cap, sunt pregătite să se alăture micuțului tău chiar și în cadă pentru o aventură distractivă! Confecționate din material moale, sigur, non-toxic, lavabil, rezistent la dentiția bebelușului. Animalele se asamblează ușor datorită magneților puternici și siguri (încapsulați), pot fi strânse și mușcate. Fără orificii mici, nu există riscul acumulării bacteriilor. Fără mirosuri de mucegai! Se curăță ușor cu apă caldă. Magimals stimulează imaginația și susțin dezvoltarea cognitivă a copiilor, oferind o oportunitate excelentă pentru a exersa atingerea, prinderea, mobilitatea degetelor și a încheieturii mâinii, dezvoltarea gândirii logice. Vârstă recomandată: 1-5 ani. AVERTISMENT: Conține magneți! A se utiliza sub directa supraveghere a unui adult. Fabricat în Belgia de Clicstoys.","Jocuri||De Bebe||De construit||Magnetice","clics_401003","Joc cu magneti Magimals Pinguin si caracatita","Clicstoys","https://www.boribon.ro/cumpara/joc-cu-magneti-magimals-pinguin-si-caracatita-4174","https://cdnmpro.com/708224949/p/raw/2/joc-cu-magneti-magimals-pinguin-si-caracatita~11132.jpg","https://cdnmpro.com/708224949/p/raw/4/joc-cu-magneti-magimals-pinguin-si-caracatita~11124.jpg","https://cdnmpro.com/708224949/p/raw/5/joc-cu-magneti-magimals-pinguin-si-caracatita~11125.jpg","https://cdnmpro.com/708224949/p/raw/6/joc-cu-magneti-magimals-pinguin-si-caracatita~11126.jpg","https://cdnmpro.com/708224949/p/raw/7/joc-cu-magneti-magimals-pinguin-si-caracatita~11127.jpg",129,,"tva21",9,"Baiat, Fata","0.3 kg",,"16 cm","1 - 3"
4175,"Set magnetic de construit Wow Plus 18 piese Construiește peste 30 de vehicule magnetice diferite cu forme magnetice, roți și un personaj pilot de curse! Urmați fișele de idei sau construiți propria viziune! Acest set include 8 triunghiuri, 5 pătrate, pătrat scaun, 2 seturi roți, figurină, cască.Broșură cu idei educaționale pas cu pas cu idei și instrucțiuni de urmat. Dezvoltă recunoașterea culorilor și a formelor, abilitățile motorii fine și capacitatea de rezolvare a problemelor.Magneți din neodim pentru o conectivitate garantată. Compatibil cu toate formele și accesoriile Magformers. Confecționat din plastic ABS de înaltă calitate, super rezistent, sigur și durabil, fără BPA. În conformitate cu CE, ASTM și EN71.Proiectate și dezvoltate de specialiști de la „Magformers” - liderul global în domeniul jocului de construit cu magnet, Magformers înseamnă mai mult decât o simplă jucărie. Reunește piese și accesorii pentru construit cu magneți, dezvoltând îndemânarea, creativitatea și imaginația. Este o jucărie de construcție pentru fiecare copil, un mod inedit de a îmbina piesele, garantând pentru calitate și diversitate. Oferă piese de bază simple, cu un nivel ridicat de aplicabilitate, dezvoltând îndemânarea, înțelegând spațialitatea și geometria. Siguranța este esențială, așadar piesele cu magnet sunt sigure pentru cei mici! Magneții sunt încapsulați în interiorul pieselor, pe toate laturile lor, și poziționati astfel încât polii lor să se atragă, indiferent de modul în care piesele sunt apropiate, ceea ce este un avantaj inedit! Piesele Magformers se pot apropia pentru a construi apoi prin pliere, combinarea de mai multe părți, îndoirea sau extensia unor laturi, astfel că posibilitățile sunt nelimitate. Vârsta recomandată: +3 ani.AVERTISMENT! Contraindicat copiilor sub 3 ani. Conține magneți! A se folosi sub directa supraveghere a unei persoane adulte.Producător: Magformers, Korea.","Jocuri||Outlet %","clics_707020","Set magnetic de construit- Magformers Wow Plus, 18 piese","Clicstoys","https://www.boribon.ro/cumpara/set-magnetic-de-construit-magformers-wow-plus-18-piese-4175","https://cdnmpro.com/708224949/p/raw/5/set-magnetic-de-construit-magformers-wow-plus-18-piese~11135.jpg","https://cdnmpro.com/708224949/p/raw/3/set-magnetic-de-construit-magformers-wow-plus-18-piese~11133.jpg","https://cdnmpro.com/708224949/p/raw/4/set-magnetic-de-construit-magformers-wow-plus-18-piese~11134.jpg","https://cdnmpro.com/708224949/p/raw/6/set-magnetic-de-construit-magformers-wow-plus-18-piese~11136.jpg","https://cdnmpro.com/708224949/p/raw/7/set-magnetic-de-construit-magformers-wow-plus-18-piese~11137.jpg",371,,"tva21",5,"","0.8 kg",,"26 cm","3 - 6, 6 - 9"
4176,"Set magnetic de construit Carnival Plus 48 pieseSetul Carnival Plus de 48 de piese este o actualizare a unuia dintre cele mai bine vândute seturi. Acest nou set conține accesorii îmbunătățite și figuri noi. Include o bază robustă de tip crosshatch pe care se pot clădi forme de bâlci și alte construcții.Panourile cu clips hexagonale se rotesc pe verticală și orizontală. Cele două personaje sunt detașabile și au cască interschimbabilă (personajele din setul anterior erau fixate). O broșură cu instrucțiuni arată cum să construiești 13 atracții de bâlci diferite. Formele magnetice Magformers se fixează întotdeauna în siguranță. Magneți mici de neodim sunt sigilați în siguranță în interiorul fiecărei piese. Deoarece aceștia se rotesc datorită sistemului Magformers Rotating Magnets System (RMS), se conectează întotdeauna și nu se resping niciodată atunci când două piese sunt aduse împreună.Se pot realiza modele 2D și 3D într-o varietate nesfârșită. Confecționat din plastic ABS de înaltă calitate, super rezistent, sigur și durabil, fără BPA. În conformitate cu CE, ASTM și EN71.Proiectate și dezvoltate de specialiști de la „Magformers” - liderul global în domeniul jocului de construit cu magnet, Magformers înseamnă mai mult decât o simplă jucărie. Magformers reunește piese și accesorii pentru construit cu magneți, dezvoltând îndemânarea, creativitatea și imaginația. Este o jucărie de construcție pentru fiecare copil, un mod inedit de a îmbina piesele, garantând pentru calitate și diversitate. Oferă piese de bază simple, cu un nivel ridicat de aplicabilitate, dezvoltând îndemânarea, înțelegând spațialitatea și geometria. Siguranța este esențială, așadar piesele cu magnet sunt sigure pentru cei mici! Magneții sunt încapsulați în interiorul pieselor, pe toate laturile lor, și poziționati astfel încât polii lor să se atragă, indiferent de modul în care piesele sunt apropiate, ceea ce este un avantaj inedit! Piesele Magformers se pot apropia pentru a construi apoi prin pliere, combinarea de mai multe părți, îndoirea sau extensia unor laturi, astfel că posibilitățile sunt nelimitate. Vârsta recomandată: +3 ani.AVERTISMENT! Contraindicat copiilor sub 3 ani. Conține magneți! A se folosi sub directa supraveghere a unei persoane adulte.Producător: Magformers, Korea.","Jocuri||Outlet %","clics_703016","Set magnetic de construit Magformers, Carnival Plus, 48 piese","Clicstoys","https://www.boribon.ro/cumpara/set-magnetic-de-construit-magformers-carnival-plus-48-piese-4176","https://cdnmpro.com/708224949/p/raw/2/set-magnetic-de-construit-magformers-carnival-plus-48-piese~11142.jpg","https://cdnmpro.com/708224949/p/raw/8/set-magnetic-de-construit-magformers-carnival-plus-48-piese~11138.jpg","https://cdnmpro.com/708224949/p/raw/9/set-magnetic-de-construit-magformers-carnival-plus-48-piese~11139.jpg","https://cdnmpro.com/708224949/p/raw/0/set-magnetic-de-construit-magformers-carnival-plus-48-piese~11140.jpg","https://cdnmpro.com/708224949/p/raw/1/set-magnetic-de-construit-magformers-carnival-plus-48-piese~11141.jpg",513,,"tva21",9,"","1.2 kg",,"34 cm","3 - 6, 6 - 9"
7789,"Nano Clics Pentru micii constructori creativi Mai multă creativitate într-un pachet mai mic! Cu aceast set de construcție inovator și premiat, Clics invita o nouă generație de constructori să experimenteze lumea imaginativă a jocului de construcție. Seturile versatile au un sistem unic de clicuri, permițând construirea rapidă și ușoară, garantând ore întregi de distracție. Toate piesele se potrivesc perfect, pentru posibilități nelimitate. Ai chef de o nouă construcție? Nicio problemă, dezasamblezi construcția și o iei de la început. Amuzant, creativ și educativ. Nano Clics este conceput pentru a stimula în aceeași măsură imaginația copiilor dar și a adulților. Cadoul ideal pentru Crăciun sau zile de naștere. Diferitele seturi Nano Clics pot fi combinate între ele și extinse după dorință, astfel încât nu există limite pentru jocul creativ.Conține 125 de piese. Fabricat în Belgia din plastic și carton reciclat. Conform standardelor EN71. Vârsta recomandată + 8 ani. AVERTISMENT: Contraindicat copiilor sub 3 ani. Conține piese mici. A se utiliza sub directa supraveghere a unui adult.","Jocuri","clics_NC001","Nano Clics Pentru micii constructori creativi, Clicformers","Clicstoys","https://www.boribon.ro/cumpara/nano-clics-pentru-micii-constructori-creativi-clicformers-7789","https://cdnmpro.com/708224949/p/raw/7/nano-clics-pentru-micii-constructori-creativi-clicformers~19637.jpg","https://cdnmpro.com/708224949/p/raw/8/nano-clics-pentru-micii-constructori-creativi-clicformers~19638.jpg","https://cdnmpro.com/708224949/p/raw/9/nano-clics-pentru-micii-constructori-creativi-clicformers~19639.jpg","https://cdnmpro.com/708224949/p/raw/0/nano-clics-pentru-micii-constructori-creativi-clicformers~19640.jpg","https://cdnmpro.com/708224949/p/raw/1/nano-clics-pentru-micii-constructori-creativi-clicformers~19641.jpg",72,,"tva21",12,"Baiat, Fata","0.2 kg",,"10 cm","6 - 9, 9+"
7790,"Nano Clics Pentru constructori creativi 250 piese Mai multă creativitate într-un pachet mai mic! Cu aceast set de construcție inovator și premiat, Clics invita o nouă generație de constructori să experimenteze lumea imaginativă a jocului de construcție. Seturile versatile au un sistem unic de clicuri, permițând construirea rapidă și ușoară, garantând ore întregi de distracție. Toate piesele se potrivesc perfect, pentru posibilități nelimitate. Ai chef de o nouă construcție? Nicio problemă, dezasamblezi construcția și o iei de la început. Amuzant, creativ și educativ. Nano Clics este conceput pentru a stimula în aceeași măsură imaginația copiilor dar și a adulților. Cadoul ideal pentru Crăciun sau zile de naștere. Diferitele seturi Nano Clics pot fi combinate între ele și extinse după dorință, astfel încât nu există limite pentru jocul creativ.Conține 250 de piese. Fabricat în Belgia din plastic și carton reciclat. Conform standardelor EN71. Vârsta recomandată + 8 ani. AVERTISMENT: Contraindicat copiilor sub 3 ani. Conține piese mici. A se utiliza sub directa supraveghere a unui adult.","Jocuri||Toate||De construit||STEM","clics_NC002","Nano Clics Pentru constructori creativi 250 piese, Clicformers","Clicstoys","https://www.boribon.ro/cumpara/nano-clics-pentru-constructori-creativi-250-piese-clicformers-7790","https://cdnmpro.com/708224949/p/raw/2/nano-clics-pentru-constructori-creativi-250-piese-clicformers~19652.jpg","https://cdnmpro.com/708224949/p/raw/5/nano-clics-pentru-constructori-creativi-250-piese-clicformers~19645.jpg","https://cdnmpro.com/708224949/p/raw/6/nano-clics-pentru-constructori-creativi-250-piese-clicformers~19646.jpg","https://cdnmpro.com/708224949/p/raw/7/nano-clics-pentru-constructori-creativi-250-piese-clicformers~19647.jpg","https://cdnmpro.com/708224949/p/raw/8/nano-clics-pentru-constructori-creativi-250-piese-clicformers~19648.jpg",113,,"tva21",12,"Baiat, Fata","0.3 kg",,"20 cm","6 - 9, 9+"
7791,"Nano Clics Pentru constructori creativi 500 piese - Joc premiat Mai multă creativitate într-un pachet mai mic! Cu aceast set de construcție inovator și premiat, Clics invita o nouă generație de constructori să experimenteze lumea imaginativă a jocului de construcție. Seturile versatile au un sistem unic de clicuri, permițând construirea rapidă și ușoară, garantând ore întregi de distracție. Toate piesele se potrivesc perfect, pentru posibilități nelimitate. Ai chef de o nouă construcție? Nicio problemă, dezasamblezi construcția și o iei de la început. Amuzant, creativ și educativ. Nano Clics este conceput pentru a stimula în aceeași măsură imaginația copiilor dar și a adulților. Cadoul ideal pentru Crăciun sau zile de naștere. Diferitele seturi Nano Clics pot fi combinate între ele și extinse după dorință, astfel încât nu există limite pentru jocul creativ.Conține 500 de piese. Fabricat în Belgia din plastic și carton reciclat. Conform standardelor EN71. Vârsta recomandată + 8 ani. AVERTISMENT: Contraindicat copiilor sub 3 ani. Conține piese mici. A se utiliza sub directa supraveghere a unui adult.","Jocuri","clics_NC003","Nano Clics Pentru constructori creativi 500 piese, Clicformers","Clicstoys","https://www.boribon.ro/cumpara/nano-clics-pentru-constructori-creativi-500-piese-clicformers-7791","https://cdnmpro.com/708224949/p/raw/6/nano-clics-pentru-constructori-creativi-500-piese-clicformers~19656.jpg","https://cdnmpro.com/708224949/p/raw/3/nano-clics-pentru-constructori-creativi-500-piese-clicformers~19653.jpg","https://cdnmpro.com/708224949/p/raw/4/nano-clics-pentru-constructori-creativi-500-piese-clicformers~19654.jpg","https://cdnmpro.com/708224949/p/raw/5/nano-clics-pentru-constructori-creativi-500-piese-clicformers~19655.jpg","https://cdnmpro.com/708224949/p/raw/7/nano-clics-pentru-constructori-creativi-500-piese-clicformers~19657.jpg",160,,"tva21",0,"Baiat, Fata","0.4 kg",,"20 cm","6 - 9, 9+"
7793,"Nano Clics Pentru constructii fantastice Mai multă creativitate într-un pachet mai mic! Cu aceast set de construcție inovator și premiat, Clics invita o nouă generație de constructori să experimenteze lumea imaginativă a jocului de construcție. Seturile versatile au un sistem unic de clicuri, permițând construirea rapidă și ușoară, garantând ore întregi de distracție. Toate piesele se potrivesc perfect, pentru posibilități nelimitate. Ai chef de o nouă construcție? Nicio problemă, dezasamblezi construcția și o iei de la început. Amuzant, creativ și educativ. Nano Clics este conceput pentru a stimula în aceeași măsură imaginația copiilor dar și a adulților. Cadoul ideal pentru Crăciun sau zile de naștere. Diferitele seturi Nano Clics pot fi combinate între ele și extinse după dorință, astfel încât nu există limite pentru jocul creativ.Conține 125 de piese. Fabricat în Belgia din plastic și carton reciclat. Conform standardelor EN71. Vârsta recomandată + 8 ani. AVERTISMENT: Contraindicat copiilor sub 3 ani. Conține piese mici. A se utiliza sub directa supraveghere a unui adult.","Jocuri||Toate||De construit||STEM","clics_NC004","Nano Clics Pentru constructii fantastice, Clicformers","Clicstoys","https://www.boribon.ro/cumpara/nano-clics-pentru-constructii-fantastice-clicformers-7793","https://cdnmpro.com/708224949/p/raw/8/nano-clics-pentru-constructii-fantastice-clicformers~19668.jpg","https://cdnmpro.com/708224949/p/raw/5/nano-clics-pentru-constructii-fantastice-clicformers~19665.jpg","https://cdnmpro.com/708224949/p/raw/6/nano-clics-pentru-constructii-fantastice-clicformers~19666.jpg","https://cdnmpro.com/708224949/p/raw/7/nano-clics-pentru-constructii-fantastice-clicformers~19667.jpg","https://cdnmpro.com/708224949/p/raw/9/nano-clics-pentru-constructii-fantastice-clicformers~19669.jpg",72,,"tva21",12,"Baiat, Fata","0.3 kg",,"10 cm","6 - 9, 9+"
7794,"Nano Clics Pentru constructii fantastice 250 piese Mai multă creativitate într-un pachet mai mic! Cu aceast set de construcție inovator și premiat, Clics invita o nouă generație de constructori să experimenteze lumea imaginativă a jocului de construcție. Seturile versatile au un sistem unic de clicuri, permițând construirea rapidă și ușoară, garantând ore întregi de distracție. Toate piesele se potrivesc perfect, pentru posibilități nelimitate. Ai chef de o nouă construcție? Nicio problemă, dezasamblezi construcția și o iei de la început. Amuzant, creativ și educativ. Nano Clics este conceput pentru a stimula în aceeași măsură imaginația copiilor dar și a adulților. Cadoul ideal pentru Crăciun sau zile de naștere. Diferitele seturi Nano Clics pot fi combinate între ele și extinse după dorință, astfel încât nu există limite pentru jocul creativ.Conține 250 de piese. Fabricat în Belgia din plastic și carton reciclat. Conform standardelor EN71. Vârsta recomandată + 8 ani. AVERTISMENT: Contraindicat copiilor sub 3 ani. Conține piese mici. A se utiliza sub directa supraveghere a unui adult.","Jocuri||Toate||De construit||STEM","clics_NC005","Nano Clics Pentru constructii fantastice 250 piese, Clicformers","Clicstoys","https://www.boribon.ro/cumpara/nano-clics-pentru-constructii-fantastice-250-piese-clicformers-7794","https://cdnmpro.com/708224949/p/raw/6/nano-clics-pentru-constructii-fantastice-250-piese-clicformers~19676.jpg","https://cdnmpro.com/708224949/p/raw/3/nano-clics-pentru-constructii-fantastice-250-piese-clicformers~19673.jpg","https://cdnmpro.com/708224949/p/raw/4/nano-clics-pentru-constructii-fantastice-250-piese-clicformers~19674.jpg","https://cdnmpro.com/708224949/p/raw/5/nano-clics-pentru-constructii-fantastice-250-piese-clicformers~19675.jpg","https://cdnmpro.com/708224949/p/raw/7/nano-clics-pentru-constructii-fantastice-250-piese-clicformers~19677.jpg",113,,"tva21",7,"Baiat, Fata","0.4 kg",,"20 cm","6 - 9, 9+"
7795,"Nano Clics Pentru construit animale salbatice 250 piese Mai multă creativitate într-un pachet mai mic! Cu aceast set de construcție inovator și premiat, Clics invita o nouă generație de constructori să experimenteze lumea imaginativă a jocului de construcție. Seturile versatile au un sistem unic de clicuri, permițând construirea rapidă și ușoară, garantând ore întregi de distracție. Toate piesele se potrivesc perfect, pentru posibilități nelimitate. Ai chef de o nouă construcție? Nicio problemă, dezasamblezi construcția și o iei de la început. Amuzant, creativ și educativ. Nano Clics este conceput pentru a stimula în aceeași măsură imaginația copiilor dar și a adulților. Cadoul ideal pentru Crăciun sau zile de naștere. Diferitele seturi Nano Clics pot fi combinate între ele și extinse după dorință, astfel încât nu există limite pentru jocul creativ.Conține 250 de piese. Fabricat în Belgia din plastic și carton reciclat. Conform standardelor EN71. Vârsta recomandată + 8 ani. AVERTISMENT: Contraindicat copiilor sub 3 ani. Conține piese mici. A se utiliza sub directa supraveghere a unui adult.","Jocuri||Toate||De construit||STEM","clics_NC006","Nano Clics Pentru construit animale salbatice 250 piese, Clicformers","Clicstoys","https://www.boribon.ro/cumpara/nano-clics-pentru-construit-animale-salbatice-250-piese-clicformers-7795","https://cdnmpro.com/708224949/p/raw/3/nano-clics-pentru-construit-animale-salbatice-250-piese-clicformers~19683.jpg","https://cdnmpro.com/708224949/p/raw/0/nano-clics-pentru-construit-animale-salbatice-250-piese-clicformers~19680.jpg","https://cdnmpro.com/708224949/p/raw/1/nano-clics-pentru-construit-animale-salbatice-250-piese-clicformers~19681.jpg","https://cdnmpro.com/708224949/p/raw/2/nano-clics-pentru-construit-animale-salbatice-250-piese-clicformers~19682.jpg","https://cdnmpro.com/708224949/p/raw/4/nano-clics-pentru-construit-animale-salbatice-250-piese-clicformers~19684.jpg",113,,"tva21",6,"Baiat, Fata","0.4 kg",,"20 cm","6 - 9, 9+"
7796,"Nano Clics Pentru construit vehicule 250 piese Mai multă creativitate într-un pachet mai mic! Cu aceast set de construcție inovator și premiat, Clics invita o nouă generație de constructori să experimenteze lumea imaginativă a jocului de construcție. Seturile versatile au un sistem unic de clicuri, permițând construirea rapidă și ușoară, garantând ore întregi de distracție. Toate piesele se potrivesc perfect, pentru posibilități nelimitate. Ai chef de o nouă construcție? Nicio problemă, dezasamblezi construcția și o iei de la început. Amuzant, creativ și educativ. Nano Clics este conceput pentru a stimula în aceeași măsură imaginația copiilor dar și a adulților. Cadoul ideal pentru Crăciun sau zile de naștere. Diferitele seturi Nano Clics pot fi combinate între ele și extinse după dorință, astfel încât nu există limite pentru jocul creativ.Conține 250 de piese. Fabricat în Belgia din plastic și carton reciclat. Conform standardelor EN71. Vârsta recomandată + 8 ani. AVERTISMENT: Contraindicat copiilor sub 3 ani. Conține piese mici. A se utiliza sub directa supraveghere a unui adult.","Jocuri||Toate||De construit||STEM","clics_NC007","Nano Clics Pentru construit vehicule 250 piese, Clicformers","Clicstoys","https://www.boribon.ro/cumpara/nano-clics-pentru-construit-vehicule-250-piese-clicformers-7796","https://cdnmpro.com/708224949/p/raw/5/nano-clics-pentru-construit-vehicule-250-piese-clicformers~19695.jpg","https://cdnmpro.com/708224949/p/raw/8/nano-clics-pentru-construit-vehicule-250-piese-clicformers~19688.jpg","https://cdnmpro.com/708224949/p/raw/9/nano-clics-pentru-construit-vehicule-250-piese-clicformers~19689.jpg","https://cdnmpro.com/708224949/p/raw/0/nano-clics-pentru-construit-vehicule-250-piese-clicformers~19690.jpg","https://cdnmpro.com/708224949/p/raw/1/nano-clics-pentru-construit-vehicule-250-piese-clicformers~19691.jpg",113,,"tva21",12,"Baiat, Fata","0.4 kg",,"20 cm","6 - 9, 9+"
7797,"Joc de construit Clics Lumea dinozaurilor 6 in 1 Clicformers este o jucărie de construcție pentru fiecare copil, un mod inedit de a îmbina piesele, garantând pentru calitate și diversitate. Utilizând patru metode de combinație unice - CLICK, STACK, FOLD, HOOK, Clics permite copiilor să creeze aproape orice își imaginează, oferind piese de bază simple, cu un nivel ridicat de aplicabilitate și diverse accesorii care aduc un plus de distracție. Culorile asortate ale acestor componente ajută la creșterea simțul estetic al copiilor. Sub sloganul „Let’s Click & Play”, Clics reunește piese și accesorii pentru construit, dezvoltând îndemânarea, creativitatea și imaginația. Conține 141 de piese.Vârsta recomandată: +4 ani.Piesele și ambalajul sunt confecționate în întregime din plastic reciclat, fiind un produs sustenabil.AVERTISMENT! Contraindicat copiilor sub 3 ani. A se folosi sub directa supraveghere a unei persoane adulte. Producător: Clics Toys, Belgia.","Jocuri","clics_CB189-04","Joc de construit Clics Lumea dinozaurilor 6 in 1, Clicstoys","Clicstoys","https://www.boribon.ro/cumpara/joc-de-construit-clics-lumea-dinozaurilor-6-in-1-clicstoys-7797","https://cdnmpro.com/708224949/p/raw/1/joc-de-construit-clics-lumea-dinozaurilor-6-in-1-clicstoys~19701.jpg","https://cdnmpro.com/708224949/p/raw/6/joc-de-construit-clics-lumea-dinozaurilor-6-in-1-clicstoys~19696.jpg","https://cdnmpro.com/708224949/p/raw/8/joc-de-construit-clics-lumea-dinozaurilor-6-in-1-clicstoys~19698.jpg","https://cdnmpro.com/708224949/p/raw/9/joc-de-construit-clics-lumea-dinozaurilor-6-in-1-clicstoys~19699.jpg","https://cdnmpro.com/708224949/p/raw/0/joc-de-construit-clics-lumea-dinozaurilor-6-in-1-clicstoys~19700.jpg",150,,"tva21",8,"Baiat, Fata","1 kg",,"22 cm","3 - 6, 6 - 9"
8393,"Set de cuburi magnetice Cubixx, 22 piese Descoperă universul creativității cu setul Cubixx magnetic - 22 piese! Acest set de blocuri magnetice pentru copii, oferă ore întregi de joacă educativă și creativă. Fie că ridică un castel, modelează o pasăre sau inventează ceva nou, copiii se vor bucura din plin să-și folosească imaginația. Cubixx stimulează creativitatea, dezvoltarea motorie fină, dar și gândirea logică, fiind un joc perfect pentru fetele și băieții pasionați de construcții. Fabricate din plastic durabil și non-toxic, piesele sunt sigure, ușor de curățat și compatibile cu alte seturi Cubixx – pentru distracție nelimitată! Este cadoul ideal pentru Crăciun, zile de naștere sau orice ocazie specială! Extensibil – compatibil cu alte seturi Cubixx pentru contrsucții din ce în ce mai complexe, pe măsură ce copilul crește. 🔐 Materiale durabile și non-toxice – plastic de înaltă calitate, fără BPAVârsta recomandată: +3 ani.AVERTISMENT! Contraindicat copiilor sub 3 ani. Conține magneți! A se folosi sub directa supraveghere a unei persoane adulte.Producător: Clics Toys, Belgia.","Jocuri||Toate||Jucarii Montessori||Noutati","clics_501001","Set magnetic de construit Cubixx, 22 piese","Clicstoys","https://www.boribon.ro/cumpara/set-magnetic-de-construit-cubixx-22-piese-8393","https://cdnmpro.com/708224949/p/raw/8/set-magnetic-de-construit-cubixx-22-piese~100099768.jpg","https://cdnmpro.com/708224949/p/raw/1/set-magnetic-de-construit-cubixx-22-piese~100099771.jpg","https://cdnmpro.com/708224949/p/raw/4/set-magnetic-de-construit-cubixx-22-piese~100099774.jpg","https://cdnmpro.com/708224949/p/raw/7/set-magnetic-de-construit-cubixx-22-piese~100099777.jpg","https://cdnmpro.com/708224949/p/raw/0/set-magnetic-de-construit-cubixx-22-piese~100099780.jpg",115,,"tva21",1,"","0.5 kg",,"28 cm","3 - 6, 6 - 9"
8394,"Set STEM Cuburi magnetice de construit Cubixx, 64 piese Cu fiecare tren, morișcă sau lebădă pe care o construiesc, copiii învață să gândească, să creeze și să viseze – totul prin joacă. Setul include 64 de piese magnetice durabile, fabricate din plastic netoxic, ușor de curățat și complet sigure pentru joacă. Instrucțiunile incluse îi ajută pe copii să construiască modele diverse, dar pot crea și propriile lor structuri unice. Este o jucărie perfectă pentru educație STEM, fiind compatibilă cu alte seturi Cubixx, pentru joacă nelimitată! Ideal pentru cadouri de Crăciun, zile de naștere sau orice altă ocazie specială!Vârsta recomandată: +3 ani.AVERTISMENT! Contraindicat copiilor sub 3 ani. Conține magneți! A se folosi sub directa supraveghere a unei persoane adulte.Producător: Clics Toys, Belgia.","Jocuri||Toate||Jucarii Montessori||Noutati","clics_501002","Set STEM magnetic de construit Cubixx, 64 piese","Clicstoys","https://www.boribon.ro/cumpara/set-stem-magnetic-de-construit-cubixx-64-piese-8394","https://cdnmpro.com/708224949/p/raw/2/set-stem-magnetic-de-construit-cubixx-64-piese~100099912.jpg","https://cdnmpro.com/708224949/p/raw/5/set-stem-magnetic-de-construit-cubixx-64-piese~100099915.jpg","https://cdnmpro.com/708224949/p/raw/8/set-stem-magnetic-de-construit-cubixx-64-piese~100099918.jpg","https://cdnmpro.com/708224949/p/raw/1/set-stem-magnetic-de-construit-cubixx-64-piese~100099921.jpg","",229,,"tva21",13,"","1 kg",,"46 cm","3 - 6, 6 - 9"
8395,"Blocuri magnetice pentru construcții nelimitate și învățare prin joacă Cu un număr impresionant de 85 de piese, acest set STEM deschide ușa către un univers de construcții complexe și figuri spectaculoase – de la bărci și viori, până la castele, animale, macarale sau creații fantastice imaginare. Construcțiile sunt rapide și sigure datorită magneților încorporați în fiecare piesă, iar dimensiunea lor este perfect adaptată mâinilor mici. Acest set Cubixx este nu doar o jucărie, ci un instrument educațional STEM, inspirat de principiile pedagogiei Montessori, care ajută copiii să învețe prin joacă activă, explorare și rezolvare de probleme. Piesele sunt realizate din plastic rezistent, durabil și netoxic, cu margini rotunjite pentru siguranța copiilor. Curățarea se face simplu, cu o lavetă umedă – fără griji pentru părinți. Ideal pentru cadouri de Crăciun, zile de naștere sau orice altă ocazie specială!Vârsta recomandată: +3 ani.AVERTISMENT! Contraindicat copiilor sub 3 ani. Conține magneți! A se folosi sub directa supraveghere a unei persoane adulte.Producător: Clics Toys, Belgia.","Jocuri||Toate||Jucarii Montessori||Noutati","clics_501003","Blocuri magnetice Cubixx, 85 piese","Clicstoys","https://www.boribon.ro/cumpara/blocuri-magnetice-cubixx-85-piese-8395","https://cdnmpro.com/708224949/p/raw/9/blocuri-magnetice-cubixx-85-piese~100099939.jpg","https://cdnmpro.com/708224949/p/raw/2/blocuri-magnetice-cubixx-85-piese~100099942.jpg","https://cdnmpro.com/708224949/p/raw/5/blocuri-magnetice-cubixx-85-piese~100099945.jpg","https://cdnmpro.com/708224949/p/raw/8/blocuri-magnetice-cubixx-85-piese~100099948.jpg","",316,,"tva21",20,"","1.5 kg",,"52 cm","3 - 6, 6 - 9"
