id,name,slug,description,price,compareAtPrice,sku,images,categoryId,tags,attributes,metadata,isActive,featured,stockQuantity,reservedQuantity,reorderPoint,weight,dimensions,averageRating,reviewCount,totalSold,createdAt,updatedAt,barcode,ageGroup,costPrice,importDuties,shippingCost,storageCost,packagingCost,laborCost,qualityControlCost,paymentProcessingFee,customerServiceCost,operationalOverhead,status,stemDiscipline,supplierId,isBundle,bundleItems,bundleDiscount
025ec5c9-18af-429c-a057-5b853e70c44f,"Kit constructie Avion Mobil, Stiinta Verde - Green Science",kit-constructie-avion-mobil-stiinta-verde-green-science-4M-03376,"Descopera magia stiintei ecologice cu setul 4M Green Science - Avion Mobil! Acest kit educativ inovator este perfect pentru copiii curiosi si pasionati de stiinta si tehnologie, oferindu-le oportunitatea de a construi un avion mobil care functioneaza cu energie solara. Ideal pentru micii ingineri cu varste de la 5 ani in sus, acest set transforma invatarea intr-o experienta interactiva si distractiva.       Caracteristici principale:    Educatie prin joaca : Setul 4M Green Science - Avion Mobil combina invatarea cu distractia, permitand copiilor sa inteleaga principiile de baza ale energiei solare si aerodinamicii prin construirea unui avion mobil alimentat de soare.   Materiale de calitate : Kitul include toate componentele necesare pentru asamblarea avionului mobil, precum panouri solare, piese de montaj si instructiuni detaliate. Materialele sunt sigure, durabile si concepute pentru a oferi o experienta educativa fara probleme.   Proiect eco-friendly : Copiii vor invata despre importanta utilizarii resurselor regenerabile si cum sa transforme energia solara in miscare. Activitatea promoveaza constiinta ecologica si incurajeaza grija pentru mediul inconjurator.   Dezvoltare educativa : Construirea si experimentarea cu avionul mobil ajuta la dezvoltarea abilitatilor de rezolvare a problemelor, gandirea critica si coordonarea ochi-mana. Este o activitate educativa care stimuleaza curiozitatea si creativitatea.   Cadoul perfect pentru copii : Ambalajul atractiv si continutul educativ fac din acest set un cadou ideal pentru orice ocazie, fie ca este vorba de zile de nastere, sarbatori sau surprize speciale.       Ofera copilului tau ocazia de a descoperi si invata despre energiile regenerabile cu setul 4M Green Science - Avion Mobil. Acest kit nu doar ca ii va oferi ore de divertisment educativ, dar ii va si dezvolta abilitati valoroase si o constiinta ecologica.   Comanda acum si incurajeaza curiozitatea si creativitatea copilului tau cu setul 4M Green Science - Avion Mobil!    Ideal pentru Saptamana Verde.",133,,,"[""https://gomagcdn.ro/domains/kidstory.ro/files/product/original/kit-constructie-avion-solar-stiinta-verde-green-science-956639.jpg"",""https://gomagcdn.ro/domains/kidstory.ro/files/product/original/kit-constructie-avion-solar-stiinta-verde-green-science-445574.jpg"",""https://gomagcdn.ro/domains/kidstory.ro/files/product/original/kit-constructie-avion-solar-stiinta-verde-green-science-867402.jpg"",""https://gomagcdn.ro/domains/kidstory.ro/files/product/original/kit-constructie-avion-solar-stiinta-verde-green-science-908570.jpg"",""https://gomagcdn.ro/domains/kidstory.ro/files/product/original/kit-constructie-avion-solar-stiinta-verde-green-science-236063.jpg"",""https://gomagcdn.ro/domains/kidstory.ro/files/product/original/kit-constructie-avion-solar-stiinta-verde-green-science-418108.jpg"",""https://gomagcdn.ro/domains/kidstory.ro/files/product/original/kit-constructie-avion-solar-stiinta-verde-green-science-443034.jpg"",""https://gomagcdn.ro/domains/kidstory.ro/files/product/original/kit-constructie-avion-solar-stiinta-verde-green-science-752736.jpg""]",,"[""4M""]",,,true,false,1,1,,,,,0,0,2026-02-07 02:17:55.145,2026-02-20 01:30:15.187,,PRESCHOOL_3_5,99.75,0,0,0,0,0,0,2.9,0,0,APPROVED,SCIENCE,26f5418c-965d-4630-994c-b51947cdec04,false,,
055c7518-8567-4500-bed1-f25cc391bc02,"Kit STEM de construit motoare si generatoare, Thames & Kosmos",kit-stem-de-construit-motoare-si-generatoare-thames-and-kosmos-K_665036,"Kit STEM de construit motoare si generatoare Motoarele și generatoarele electrice se regăsesc în nenumărate dispozitive, aparate și vehicule pe care le folosim în fiecare zi. Sunt o tehnologie esențială în lumea noastră modernă. Cu acest kit, puteți efectua 25 de experimente pentru a afla cum un motor electric transformă electricitatea în mișcare și cum un generator electric face exact invers, transformând mișcarea în electricitate. Motorul electric este realizat din plastic transparent pentru a vedea cum funcționează componentele interioare. Configurați motorul să funcționeze pe baterie și aflați cum funcționează un motor. Apoi reconfigurați dispozitivul să funcționeze în sens invers ca un generator electric cu manivelă. Experimentați forța magnetismului și modul în care câmpurile magnetice se leagă de curentul electric. Construiți circuite simple constând din motor sau generator, fire și un bec pentru a afla despre fluxul de electricitate. Aflați despre roți dințate și transmisii și cum funcționează acestea pentru a converti eficient energia cinetică în energie electrică și înapoi. Manualul cu imagini colorate, de 48 de pagini, vă ghidează experimentele cu instrucțiuni pas cu pas. Conține 12 piese, manual cu instrucțiuni și informații. Necesita 2 baterii AA. Vârsta recomandată: +8 ani . AVERTISMENT: Contraindicat copiilor sub 8 ani, conține piese mici, pericol de înghițire. Se recomandă supravegherea copilului de către un adult în timpul jocului. Citiți instrucțiunile înainte de utilizare, urmați-le și păstrați-le pentru referință. Produs in China pentru Thames & Kosmos, Anglia. Manual Kit STEM de construit motoare si generatoare - descarca fisier",232,,,"[""https://cdnmpro.com/708224949/p/raw/8/kit-stem-de-construit-motoare-si-generatoare-thames-kosmos~9398.jpg"",""https://cdnmpro.com/708224949/p/raw/9/kit-stem-de-construit-motoare-si-generatoare-thames-kosmos~9399.jpg"",""https://cdnmpro.com/708224949/p/raw/0/kit-stem-de-construit-motoare-si-generatoare-thames-kosmos~9400.jpg"",""https://cdnmpro.com/708224949/p/raw/1/kit-stem-de-construit-motoare-si-generatoare-thames-kosmos~9401.jpg"",""https://cdnmpro.com/708224949/p/raw/3/kit-stem-de-construit-motoare-si-generatoare-thames-kosmos~13783.jpg""]",,"[""Thames & Kosmos""]",,,true,false,31,0,,,,,0,0,2026-02-07 02:17:14.098,2026-02-20 01:30:19.69,814743010390.0,ELEMENTARY_6_8,160.08,0,0,0,0,0,0,2.9,0,0,APPROVED,TECHNOLOGY,ee75eea8-9f64-4076-96a2-52f5d6926c14,false,,
060fd416-8e60-4924-8dc8-5106d78b0221,"Kit stiintific copii - Stiinta din bucatarie, STEAM Kids",kit-stiintific-copii-stiinta-din-bucatarie-steam-kids-4M-05533,"Efectuati experimente uimitoare cu materiale de zi cu zi - un kit distractiv plin de inspiratie!     Setul contine peste 30 de experimente special concepute pentru stiinta bucatariei. Include o brosura de instructiuni detaliate de 24 de pagini care invata principiile stiintifice din spatele fiecarui experiment.     Faceti un ceas alimentat de fructe, creati o fantana de apa in interiorul unei sticle, faceti un scafandru sa se miste in sus si in jos fara a-l atinge, construiti un aeroglisor cu un CD ROM, construiti un mini model de ciclu al apei intr-un pahar si multe altele! Puteti genera electricitate folosind o furculita, puteti lansa o racheta alimentata cu bicarbonat de sodiu si otet si puteti construi un vulcan de masa care erupe cu , žlava,   cu bule si multe altele!     Doar strangeti de acasa cateva obiecte de uz casnic pentru a finaliza experimentele distractive!     Varste 8+     Dimensiuni: 38cm x 29cm x 7cm",168,,,"[""https://gomagcdn.ro/domains/kidstory.ro/files/product/original/kit-stiintific-stiinta-din-bucatarie-steam-kids-235445.jpg"",""https://gomagcdn.ro/domains/kidstory.ro/files/product/original/kit-stiintific-stiinta-din-bucatarie-steam-kids-682745.jpg"",""https://gomagcdn.ro/domains/kidstory.ro/files/product/original/kit-stiintific-stiinta-din-bucatarie-steam-kids-175944.jpg"",""https://gomagcdn.ro/domains/kidstory.ro/files/product/original/kit-stiintific-stiinta-din-bucatarie-steam-kids-923815.jpg"",""https://gomagcdn.ro/domains/kidstory.ro/files/product/original/kit-stiintific-stiinta-din-bucatarie-steam-kids-256530.jpg"",""https://gomagcdn.ro/domains/kidstory.ro/files/product/original/kit-stiintific-stiinta-din-bucatarie-steam-kids-623510.jpg"",""https://gomagcdn.ro/domains/kidstory.ro/files/product/original/kit-stiintific-stiinta-din-bucatarie-steam-kids-397006.jpg"",""https://gomagcdn.ro/domains/kidstory.ro/files/product/original/kit-stiintific-stiinta-din-bucatarie-steam-kids-441938.jpg""]",,"[""4M""]",,,true,false,1,0,,,,,0,0,2026-02-07 02:17:55.145,2026-02-20 01:30:14.189,,ELEMENTARY_6_8,126,0,0,0,0,0,0,2.9,0,0,APPROVED,TECHNOLOGY,26f5418c-965d-4630-994c-b51947cdec04,false,,
0a0571ee-f97c-4fce-bcb6-def822911c68,"Joc de logica Taquin, Djeco",joc-de-logica-taquin-djeco-DJ00814,"Joc logic Taquin O nouă abordare originală, estetică și capricioasă a jocului clasic Fifteen Puzzle. In aceasta versiune jucătorii trebuie să recreeze un set de imagini mici în locul unei singure imagini. Dezvoltă răbdarea, logica și abilitățile de deducție. Conținut: joc puzzle culisant din lemn și 20 de cărți provocare. Vârsta recomandată: 6-99 ani. Pentru un jucător. Confecționat din lemn certificat FSC®. Producător: Djeco. Manual Joc de logica Taquin, Djeco - descarca aici fisierul",76.95,,,"[""https://cdnmpro.com/708224949/p/raw/8/joc-de-logica-taquin-djeco~19958.jpg"",""https://cdnmpro.com/708224949/p/raw/6/joc-de-logica-taquin-djeco~19956.jpg"",""https://cdnmpro.com/708224949/p/raw/7/joc-de-logica-taquin-djeco~19957.jpg""]",,"[""Djeco""]",,,true,false,36,0,,,,,0,0,2026-02-07 02:17:14.098,2026-02-20 01:30:20.267,3070900008144.0,ELEMENTARY_6_8,53.46,0,0,0,0,0,0,2.9,0,0,APPROVED,GENERAL,ee75eea8-9f64-4076-96a2-52f5d6926c14,false,,
0b640779-a1d0-44c1-8046-737af3e9f97b,Kit STEM - Proiector identitati - Trusa Spionului - KidzLabs,kit-stem-proiector-identitati-trusa-spionului-kidzlabs-4M-03468,"Devino agentul secret al artei!    Kit STEM - Proiector identitati - Trusa Spionului - KidzLabs  ii introduce pe copii in fascinanta lume a spionajului si a desenului.  Acest kit ingenios combina creativitatea cu tehnologia, permitand micutilor sa isi dezvaluie abilitatile artistice in stilul lor de spion.       Beneficii:                 Proiector usor de utilizat : Proiectorul permite copiilor sa transfere imagini pe o suprafata de desen, facand fiecare creatie usor de realizat si plina de detalii.              Set complet de accesorii : Kitul include hartie de desen, creioane colorate si sabloane, oferindu-le celor mici tot ce au nevoie pentru a-si aduce viziunea artistica la viata.              Invatare interactiva : Ii ajuta pe copii sa isi dezvolte abilitatile motorii fine si gandirea creativa, incurajandu-i sa experimenteze cu forme si culori intr-un mod captivant.              Distractie in grup : Perfect pentru petreceri sau sesiuni de desen cu prietenii, acest kit transforma fiecare activitate artistica intr-o distractie colectiva.               Cadoul ideal pentru micii spioni!     Cauti un cadou special?  Kit STEM - Proiector identitati - Trusa Spionului - KidzLabs  este alegerea perfecta pentru zile de nastere, sarbatori sau pentru a aduce un zambet pe fata copilului tau!         Lasa-ti creativitatea sa spioneze!   Alege  Kit STEM - Proiector identitati - Trusa Spionului - KidzLabs  si ofera-i copilului tau ocazia de a explora lumea artei si a spionajului intr-un mod distractiv.   Comanda acum  si transforma fiecare zi intr-o aventura artistica plina de mister!     Dimensiuni: L-5.8 cm, l-16.7 cm, H-21.5 cm Varsta: 5-7 ani Necesita baterii:  1.5V AAA x 3",102,,,"[""https://gomagcdn.ro/domains/kidstory.ro/files/product/original/kit-stem-proiector-identitati-trusa-spionului-kidzlabs-324205.webp""]",,"[""4M""]",,,true,false,1,0,,,,,0,0,2026-02-07 02:17:55.145,2026-02-20 01:30:15.254,,PRESCHOOL_3_5,76.5,0,0,0,0,0,0,2.9,0,0,APPROVED,SCIENCE,26f5418c-965d-4630-994c-b51947cdec04,false,,
0c992b13-7d3f-4157-9c2e-19821dc85a4d,"Joc logic IQ 3D puzzle Baiat albastru, Fridolin",joc-logic-iq-3d-puzzle-baiat-albastru-fridolin-Fr_17342,"Test IQ Puzzle 3D din lemn de bambus Boy Scopul jocului este de aranjare a puzzle-ului, sub formă de băiat robot . Dezvoltă perspicacitatea și inteligența. Jocuri de gândire în care trebuie să dezlegați misterul puzzle-urilor. Grad de dificultate: **** Vârsta recomandată +8 ani. Confecționat din lemn și materiale non-toxice conform reglementărilor EN71 & ASTM. Certificate FSC®. AVERTISMENT: Contraindicat copiilor sub 3 ani. Conține piese mici ce pot fi inghițite. A se utiliza sub stricta supraveghere a unei persoane adulte. Producător: Fridolin, Germania.",50.4,,,"[""https://cdnmpro.com/708224949/p/raw/0/joc-logic-iq-3d-puzzle-baiat-albastru-fridolin~3040.jpg"",""https://cdnmpro.com/708224949/p/raw/5/joc-logic-iq-3d-puzzle-baiat-albastru-fridolin~3305.jpg"",""https://cdnmpro.com/708224949/p/raw/6/joc-logic-iq-3d-puzzle-baiat-albastru-fridolin~3306.jpg""]",,"[""Fridolin""]",,,true,false,33,0,,,,,0,0,2026-02-07 02:17:14.098,2026-02-20 01:30:18.759,4031172173427.0,ELEMENTARY_6_8,36.96,0,0,0,0,0,0,2.9,0,0,APPROVED,TECHNOLOGY,ee75eea8-9f64-4076-96a2-52f5d6926c14,false,,
0d9be3ef-8fc3-4eab-b639-808e8e145462,Bariera motorizata KidzLabs,bariera-motorizata-kidzlabs-4M-03447,"Construieste aceasta poarta robotizata cu bariera pentru a opri intrusii in camera ta. Este un gadget misto de stiinta mecanica.  Brat x 4, corp principal, capac motor, suport card, card de cheie, sablon de card (din clapele cutiei), baza articulata, capac articulatie, motor, capac baterie, legatura articulata, placa metalica, banda adeziva spuma dublu fete, capace terminale, Capac de imbinare mic, placa hexagonala, sarma neagra, suruburi saibe,: suruburi si autocolante. De asemenea, sunt necesare, dar nu sunt incluse in kit: 2 baterii AAA de 1,5 volti, o surubelnita mica.  Dimensiuni cutie: 21.5 X 24 X 6.3 CM  Varsta ani: 5 ani+  Necesita baterii (nu sunt incluse): 1,5 V AAA x 2    Costul aferent colectarii, tratarii si eliminarii DEEE   0.75 lei",152,,,"[""https://gomagcdn.ro/domains/kidstory.ro/files/product/original/bariera-motorizata-kidzlabs-426687.jpg"",""https://gomagcdn.ro/domains/kidstory.ro/files/product/original/bariera-motorizata-kidzlabs-389490.jpg"",""https://gomagcdn.ro/domains/kidstory.ro/files/product/original/bariera-motorizata-kidzlabs-980804.jpg"",""https://gomagcdn.ro/domains/kidstory.ro/files/product/original/bariera-motorizata-kidzlabs-175491.jpg""]",,"[""4M""]",,,true,false,1,0,,,,,0,0,2026-02-07 02:17:55.145,2026-02-20 01:30:14.28,,PRESCHOOL_3_5,114,0,0,0,0,0,0,2.9,0,0,APPROVED,SCIENCE,26f5418c-965d-4630-994c-b51947cdec04,false,,
0e3a0bc2-bfa7-4314-b747-44bb04592ed1,"Joc de logica Orbita spatiala, Djeco",joc-de-logica-orbita-spatiala-djeco-DJ00817,"Joc logic Orbita spatiala O temă pe care copiii o adoră: spațiul. Fixați fiecare astronaut la stația sa spațială pentru a-i opri să plutească în derivă în spațiul infinit. Depinde de tine să găsești singura soluție posibilă pentru fiecare dintre cele 60 de provocări. Patru niveluri de dificultate crescătoare. Un joc original cu adaptare 3D. Dezvoltă răbdarea, logica și abilitățile de deducție. O singură soluție posibilă pentru fiecare provocare.Găsiți soluțiile la sfârșitul broșurii. Conținut: o tablă spațială din lemn cu o grilă din lemn, 7 piese personaj din lemn, 13 piese din plastic, 30 de cărți de provocare ilustrate pe ambele părți și o broșură cu reguli de joc în 10 limbi. Vârsta recomandată: 6-99 ani. Pentru un jucător. Confecționat din lemn certificat FSC®. Producător: Djeco. Manual Joc de logica Orbita spatiala, Djeco - descarca aici fisierul",142.5,,,"[""https://cdnmpro.com/708224949/p/raw/1/joc-de-logica-orbita-spatiala-djeco~18311.jpg"",""https://cdnmpro.com/708224949/p/raw/9/joc-de-logica-orbita-spatiala-djeco~18309.jpg"",""https://cdnmpro.com/708224949/p/raw/0/joc-de-logica-orbita-spatiala-djeco~18310.jpg""]",,"[""Djeco""]",,,true,false,22,0,,,,,0,0,2026-02-07 02:17:14.098,2026-02-20 01:30:20.124,3070900008175.0,ELEMENTARY_6_8,99,0,0,0,0,0,0,2.9,0,0,APPROVED,GENERAL,ee75eea8-9f64-4076-96a2-52f5d6926c14,false,,
1bb64828-25e2-453b-8b97-c837e6aca399,"Joc din lemn Cei trei purcelusi, Londji",joc-din-lemn-cei-trei-purcelusi-londji-LJ_WT013U,"Joc din lemn Cei trei purcelusi Au fost odată ca niciodată 3 purceluși care au decis să își construiască propria casă. Ajută-i înainte să vină lupul. Joc insipirat dintr-un basm clasic care încurajează abilitățile narative și dezvoltarea limbajului și a memoriei. Copiii își pot lăsa imaginația să zburde, inventând noi povești, ceea ce le încurajează creativitatea. Au ocazia să experimenteze spațiului, ordonarea formelor și a culorilor, dezvoltând astfel abilitățile logice și matematice. Piesele în formă de tub de diferite mărimi, permit copiilor să experimenteze golul și permanența obiectelor, îmbunătățind înțelegerea spațiului. Copiii pot experimena de asemenea echilibrul prin construirea de turnuri și alte structuri, dezvoltând coordonarea și simțul echilibrului. O jucărie din lemn pentru a stivui, a potrivi și a spune povești. Calitatea și versatilitatea pieselor oferă multiple opțiuni de joc, fiind ideală ca material pentru explorare, clasificare și joc simbolic. Stimulează motricitatea fină și coordonarea spațială. Ca joc simbolic, stimulează imaginația și crearea de scenarii diferite. Setul este livrat într-o cutie frumoasă din carton reciclat pentru a-l avea mereu ordonat și pregătit. Conține 13 piese din lemn de fag. Vârsta recomandată: +2 ani. Jocurile din lemn au o magie aparte care le fac unice. Mirosul natural al lemnului, atingerea sa moale și caldă transportă jucătorii direct pe tărâmul copilăriei. Sunt jocuri care durează, care se transmit din generație în generație. Fiind realizate în atelierul Londji local, impactul asupra mediului este redus. Confecționat din lemn de fag PEFC de origine europeană și coloranți pe bază de apă Conform reglementărilor EN71&ASTM. AVERTISMENT: Contraindicat copiilor sub 2 ani. Se recomandă supravegherea copilului de către un adult în timpul jocului. Produs de Londj în Spania.",198,,,"[""https://cdnmpro.com/708224949/p/raw/1/joc-din-lemn-cei-trei-purcelusi-londji~19161.jpg"",""https://cdnmpro.com/708224949/p/raw/1/joc-din-lemn-cei-trei-purcelusi-londji~19151.jpg"",""https://cdnmpro.com/708224949/p/raw/2/joc-din-lemn-cei-trei-purcelusi-londji~19152.jpg"",""https://cdnmpro.com/708224949/p/raw/3/joc-din-lemn-cei-trei-purcelusi-londji~19153.jpg"",""https://cdnmpro.com/708224949/p/raw/4/joc-din-lemn-cei-trei-purcelusi-londji~19154.jpg""]",,"[""Londji""]",,,true,false,6,0,,,,,0,0,2026-02-07 02:17:14.098,2026-02-20 01:30:20.186,LJ_WT013U,TODDLERS_1_3,130.68,0,0,0,0,0,0,2.9,0,0,APPROVED,MATHEMATICS,ee75eea8-9f64-4076-96a2-52f5d6926c14,false,,
1f67fc33-8a02-4ba9-85b9-93fb79defd4f,"Joc de logica OctoPush, Djeco",joc-de-logica-octopush-djeco-DJ00806,"Joc logic OctoPush Un joc uimitor care dă dependență. Puzzle 3D cu blocuri glisante pe care nu vei putea să-l lași jos! Un joc captivant pe care îți va plăcea să-l manevrezi: bucură-te de schimbările rapide de culoare pe măsură ce deplasezi piesele dintr-un pătrat în altul. Dezvoltă răbdarea, logica și abilitățile de deducție. Cele mai rapide soluții la provocări sunt oferite în broșură. Niveluri de dificultate crescătoare. Conținut: cutie din lemn cu o grilă din plastic, 9 octaedre din lemn și 90 de provocări (15 cărți cu două fețe). Reguli de joc disponibile în 10 limbi. Vârsta recomandată: 6-99 ani. Pentru un jucător. Confecționat din lemn certificat FSC®. Producător: Djeco. Manual Joc de logica OctoPush, Djeco - descarca aici fisierul",136.8,,,"[""https://cdnmpro.com/708224949/p/raw/5/joc-de-logica-octopush-djeco~19345.jpg"",""https://cdnmpro.com/708224949/p/raw/4/joc-de-logica-octopush-djeco~19344.jpg"",""https://cdnmpro.com/708224949/p/raw/6/joc-de-logica-octopush-djeco~19346.jpg""]",,"[""Djeco""]",,,true,false,7,0,,,,,0,0,2026-02-07 02:17:14.098,2026-02-20 01:30:20.205,3070900008069.0,ELEMENTARY_6_8,95.04,0,0,0,0,0,0,2.9,0,0,APPROVED,GENERAL,ee75eea8-9f64-4076-96a2-52f5d6926c14,false,,
2184a1c8-9193-46c4-bd7a-f8bac66cc550,"Kit stiintific - Creste un Labirint, Stiinta Verde - Green Science",kit-stiintific-creste-un-labirint-stiinta-verde-green-science-4M-03352,"Transforma invatarea intr-o aventura captivanta cu setul 4M Green Science - Creste un Labirint! Acest kit educativ inovator este perfect pentru copiii curiosi si pasionati de stiinta, oferindu-le oportunitatea de a invata despre cresterea plantelor si fototropism intr-un mod interactiv si distractiv. Ideal pentru micii exploratori cu varste de la 5 ani in sus, acest set aduce natura mai aproape de ei, stimulandu-le creativitatea si interesul pentru stiinta.       Caracteristici principale:    Invatare prin experimentare : Setul include tot ce este necesar pentru a crea un labirint pentru plante, unde copiii vor observa cum plantele navigheaza pentru a ajunge la lumina. Este o modalitate practica de a invata despre procesele biologice si despre cum plantele reactioneaza la mediul lor.   Materiale de calitate : Kitul contine un recipient transparent pentru sol si seminte, platforme pentru labirint si un ghid detaliat de instructiuni. Materialele sunt sigure, durabile si concepute pentru a oferi o experienta de invatare fara probleme.   Proiect eco-friendly : Copiii vor invata despre importanta plantelor si despre rolul acestora in ecosistem. Activitatea promoveaza constiinta ecologica si incurajeaza grija pentru mediu de la o varsta frageda.   Dezvoltare educativa : Cresterea plantelor in labirint ajuta la dezvoltarea abilitatilor de observare, rabdare si gandire critica. Este o activitate educativa care stimuleaza curiozitatea, creativitatea si pasiunea pentru stiinta.   Cadoul perfect pentru copii : Ambalajul atractiv si continutul educativ fac din acest set un cadou ideal pentru orice ocazie, fie ca este vorba de zile de nastere, sarbatori sau surprize speciale.       Ofera copilului tau ocazia de a descoperi si invata despre lumea fascinanta a plantelor cu setul 4M Green Science - Creste un Labirint. Acest kit nu doar ca ii va oferi ore de divertisment educativ, dar ii va si dezvolta abilitati valoroase si o constiinta ecologica.   Comanda acum si incurajeaza curiozitatea si creativitatea copilului tau cu setul 4M Green Science - Creste un Labirint!  Set ideal pentru Saptamana Verde.",97,,,"[""https://gomagcdn.ro/domains/kidstory.ro/files/product/original/kit-stiintific-creste-un-labirint-stiinta-verde-green-science-631812.jpg"",""https://gomagcdn.ro/domains/kidstory.ro/files/product/original/kit-stiintific-creste-un-labirint-stiinta-verde-green-science-370323.jpg"",""https://gomagcdn.ro/domains/kidstory.ro/files/product/original/kit-stiintific-creste-un-labirint-stiinta-verde-green-science-360885.jpg"",""https://gomagcdn.ro/domains/kidstory.ro/files/product/original/kit-stiintific-creste-un-labirint-stiinta-verde-green-science-103503.jpg"",""https://gomagcdn.ro/domains/kidstory.ro/files/product/original/kit-stiintific-creste-un-labirint-stiinta-verde-green-science-721616.jpg""]",,"[""4M""]",,,true,false,1,0,,,,,0,0,2026-02-07 02:17:55.145,2026-02-20 01:30:15.167,,PRESCHOOL_3_5,72.75,0,0,0,0,0,0,2.9,0,0,APPROVED,SCIENCE,26f5418c-965d-4630-994c-b51947cdec04,false,,
2433f701-233d-443e-8978-f2430fa378d7,"Joc logic IQ 3D Puzzle Magic frame, Fridolin",joc-logic-iq-3d-puzzle-magic-frame-fridolin-Fr_17497,"Test IQ Puzzle 3D din lemn de bambus Magic frame Scopul jocului este de a demonta si apoi a monta puzzle-ul. Dezvoltă perspicacitatea și inteligența. Jocuri de gândire în care trebuie să dezlegați misterul puzzle-urilor, dezvoltă perspicacitatea, inteligența. Grad de dificultate: *** Vârsta recomandată +8 ani. Confecționat din lemn și materiale non-toxice conform reglementărilor EN71 & ASTM. Certificate FSC®. AVERTISMENT: Contraindicat copiilor sub 3 ani. Conține piese mici ce pot fi inghițite. A se utiliza sub stricta supraveghere a unei persoane adulte. Producător: Fridolin, Germania.",54,,,"[""https://cdnmpro.com/708224949/p/raw/6/joc-logic-iq-3d-puzzle-magic-frame-fridolin~2146.jpg""]",,"[""Fridolin""]",,,true,false,11,0,,,,,0,0,2026-02-07 02:17:14.098,2026-02-20 01:30:18.631,4031172174974.0,ELEMENTARY_6_8,39.6,0,0,0,0,0,0,2.9,0,0,APPROVED,GENERAL,ee75eea8-9f64-4076-96a2-52f5d6926c14,false,,
26f222e4-1ed7-4363-9ab3-befb99b2c2cc,"Joc logic IQ puzzle cu snur Elibereaza inelul-4, Fridolin",joc-logic-iq-puzzle-cu-snur-elibereaza-inelul-4-fridolin-Fr_17134,"Test IQ puzzle lemn de bambus cu șnur Elibereaza inelul-4 Test IQ puzzle cu șnur negru și lemn de bambus într-o cutie metalică: două bile - o placă. Dezvoltă perspicacitatea, inteligența, răbdarea și concentrarea. Dimensiuni cutie: 6 x 2,2 x 9,4 cm (L x A x P). Confecționat din lemn și materiale non-toxice conform reglementărilor EN71 & ASTM. Certificate FSC®. Vârsta recomandată: +8 ani. Grad de dificultate: **** AVERTISMENT: Contraindicat copiilor sub 3 ani. Conține piese mici ce pot fi înghițite, șnur lung. A se utiliza sub stricta supraveghere a unei persoane adulte. Producător: Fridolin, Germania.",46,,,"[""https://cdnmpro.com/708224949/p/raw/1/joc-logic-iq-puzzle-cu-snur-elibereaza-inelul-4-fridolin~3551.jpg"",""https://cdnmpro.com/708224949/p/raw/5/joc-logic-iq-puzzle-cu-snur-elibereaza-inelul-4-fridolin~3805.jpg"",""https://cdnmpro.com/708224949/p/raw/6/joc-logic-iq-puzzle-cu-snur-elibereaza-inelul-4-fridolin~3806.jpg""]",,"[""Fridolin""]",,,true,false,11,0,,,,,0,0,2026-02-07 02:17:14.098,2026-02-20 01:30:18.974,4031172171348.0,ELEMENTARY_6_8,30.36,0,0,0,0,0,0,2.9,0,0,APPROVED,GENERAL,ee75eea8-9f64-4076-96a2-52f5d6926c14,false,,
28e2825d-091a-4019-8263-e63a08331da0,"Kit STEM Marul lui Newton, Thames & Kosmos",kit-stem-marul-lui-newton-thames-and-kosmos-K_620304,"Kit STEM Marul lui Newton Un măr care sfidează gravitația și se plimbă pe o coardă elastică - ce ar fi crezut Isaac Newton? Construiți un robot măr care merge pe o coardă elastică. Cum? Datorită componentei principale a robotului, un giroscop motorizat, acesta își poate menține echilibrul și poate realiza acest truc amuzant fără să cadă. Prin intermediul a cinci experimente, puteți descoperi puterile uimitoare ale giroscopului motorizat și puteți explora fizica din spatele comportamentelor sale uimitoare. Experimentați cum să-l faceți să meargă pe diferitele piste incluse și pe sfoară, investigați centrul de greutate al giroscopului, urmăriți cum se învârte giroscopul pe o suprafață plană. Construiește un robot măr unicat care sfidează gravitația! Datorită componentei principale a robotului, un giroscop motorizat, acest măr special poate merge pe o coardă elastică fără să cadă. Explorați fizica din spatele acestui dispozitiv științific prin intermediul a cinci experimente unice care investighează gravitația. Designul unic și funcțional face din acesta un cadou accesibil, distractiv și educativ, cu o valoare ludică ridicată. Kitul include piese pentru a construi gyrobotul și setări experimentale, inclusiv o pistă pe care să se plimbe. Prin construirea robotului și efectuarea experimentelor cu unitatea giroscopică motorizată, tinerii ingineri pot învăța despre știința dispozitivelor giroscopice și despre rolul indispensabil pe care îl joacă în viața noastră. Un manual de experimente ilustrat în culori, oferă instrucțiuni de asamblare pas cu pas și explicații științifice. Kitul conține 75 de piese, 5 experimente, manual cu instrucțiuni. Necesită 2 baterii AAA. Vârsta recomandată: +8 ani. Confecționat din plastic și metal. Conform reglementarilor EN71&ASTM. AVERTISMENT: Contraindicat copiilor sub 3 ani, conține piese mici. Se recomandă supravegherea copilului de către un adult în timpul jocului. Citiți instrucțiunile înainte de utilizare, urmați-le și păstrați-le pentru referință. Produs in Taiwan pentru Thames & Kosmos, Anglia Manual Kit STEM Marul lui Newton - vezi fisier",195,,,"[""https://cdnmpro.com/708224949/p/raw/8/kit-stem-marul-lui-newton-thames-kosmos~11008.jpg"",""https://cdnmpro.com/708224949/p/raw/7/kit-stem-marul-lui-newton-thames-kosmos~11007.jpg"",""https://cdnmpro.com/708224949/p/raw/9/kit-stem-marul-lui-newton-thames-kosmos~11009.jpg"",""https://cdnmpro.com/708224949/p/raw/0/kit-stem-marul-lui-newton-thames-kosmos~11010.jpg"",""https://cdnmpro.com/708224949/p/raw/1/kit-stem-marul-lui-newton-thames-kosmos~11011.jpg""]",,"[""Thames & Kosmos""]",,,true,false,7,0,,,,,0,0,2026-02-07 02:17:14.098,2026-02-20 01:30:19.864,814743017948.0,ELEMENTARY_6_8,134.55,0,0,0,0,0,0,2.9,0,0,APPROVED,SCIENCE,ee75eea8-9f64-4076-96a2-52f5d6926c14,false,,
2ba9915a-f62a-428f-8390-e59935a25cff,"Set magnetic de construit Brick Tiles 16 piese, Cleverclixx",set-magnetic-de-construit-brick-tiles-16-piese-cleverclixx-CC-1023,"Cleverclixx Brick Tiles – Construiește mai mare, mai colorat, mai creativ! Transformă fiecare sesiune de construcție într-o aventură plină de culoare și imaginație cu Cleverclixx Brick Tiles ! Setul conține 16 piese magnetice tip cărămidă , compatibile cu majoritatea pieselor Lego® & Duplo® , pentru o experiență dublă de joacă. 🚀 Compatibilitate & posibilități nelimitate Se combină perfect cu seturile Cleverclixx existente. Compatibil cu Lego® & Duplo® , pentru și mai multe posibilități de construcție. Compatibil cu alte branduri de piese magnetice de construit, precum Magna Tiles, Connetix, Coblo . 🎨 Culori vibrante & design inovator Adaugă noi texturi și forme pentru creații unice. Inspiră copiii să își depășească limitele creative. Perfect pentru joacă individuală sau în familie. Încurajează explorarea de forme noi și structuri inovatoare . Dezvoltă gândirea spațială și abilitățile de rezolvare a problemelor . Perfect pentru joacă individuală sau în grup. 🌟 Experiență de construcție unică Se poate fixa pe suprafețe magnetice, precum un calorifer, pentru a crea în plan vertical . Se poate desena și scrie pe piese cu markere lavabile pentru mai multă distracție. 🎓 Învață prin metoda STEAM Joaca cu Cleverclixx stimulează dezvoltarea motorie și cognitivă , fiind tot mai des utilizată în grădinițe și școli primare. 🌍 STEAM = Știință, Tehnologie, Inginerie, Arte & Matematică – o metodă modernă de învățare practică. 🏆 Calitate și siguranță ✔ Potrivit pentru copii de la 3 ani ✔ 16 piese din plastic MABS fără BPA ✔ Certificări: CPSC, CE, EN71, ASTM Transformă fiecare sesiune de joacă într-o aventură creativă și educativă! AVERTISMENT: Contraindicat copiilor sub 3 ani. Se recomandă supravegherea copilului de către un adult în timpul jocului. Produs de Cleverclixx",161,,,"[""https://cdnmpro.com/708224949/p/raw/4/set-magnetic-de-construit-brick-tiles-16-piese-cleverclixx~20634.jpg"",""https://cdnmpro.com/708224949/p/raw/5/set-magnetic-de-construit-brick-tiles-16-piese-cleverclixx~20635.jpg"",""https://cdnmpro.com/708224949/p/raw/7/set-magnetic-de-construit-brick-tiles-16-piese-cleverclixx~20637.jpg"",""https://cdnmpro.com/708224949/p/raw/0/set-magnetic-de-construit-brick-tiles-16-piese-cleverclixx~20640.jpg"",""https://cdnmpro.com/708224949/p/raw/1/set-magnetic-de-construit-brick-tiles-16-piese-cleverclixx~20641.jpg""]",,"[""Cleverclixx""]",,,true,false,17,0,,,,,0,0,2026-02-07 02:17:14.098,2026-02-20 01:30:20.479,6151003659666.0,TODDLERS_1_3,111.09,0,0,0,0,0,0,2.9,0,0,APPROVED,MATHEMATICS,ee75eea8-9f64-4076-96a2-52f5d6926c14,false,,
33cfdd18-dae0-4ee1-80c2-fca4316eb3f1,"Joc logic IQ 3D Puzzle in cutie metalica Construction, Fridolin",joc-logic-iq-3d-puzzle-in-cutie-metalica-construction-fridolin-Fr_17325,"Test IQ Puzzle 3D din lemn de bambus Construction Scopul jocului este de a demonta si apoi a monta puzzle-ul. Dezvoltă perspicacitatea și inteligența. Jocuri de gândire în care trebuie să dezlegați misterul puzzle-urilor, dezvoltă perspicacitatea, inteligența. Grad de dificultate: *** Vârsta recomandată +8 ani. Confecționat din lemn și materiale non-toxice conform reglementărilor EN71 & ASTM. Certificate FSC®. AVERTISMENT: Contraindicat copiilor sub 3 ani. Conține piese mici ce pot fi inghițite. A se utiliza sub stricta supraveghere a unei persoane adulte. Producător: Fridolin, Germania.",41.4,,,"[""https://cdnmpro.com/708224949/p/raw/1/joc-logic-iq-3d-puzzle-in-cutie-metalica-construction-fridolin~2381.jpg"",""https://cdnmpro.com/708224949/p/raw/4/joc-logic-iq-3d-puzzle-in-cutie-metalica-construction-fridolin~2694.jpg"",""https://cdnmpro.com/708224949/p/raw/5/joc-logic-iq-3d-puzzle-in-cutie-metalica-construction-fridolin~2695.jpg""]",,"[""Fridolin""]",,,true,false,14,0,,,,,0,0,2026-02-07 02:17:14.098,2026-02-20 01:30:18.704,4031172173250.0,ELEMENTARY_6_8,30.36,0,0,0,0,0,0,2.9,0,0,APPROVED,ENGINEERING,ee75eea8-9f64-4076-96a2-52f5d6926c14,false,,
347b4498-48a1-46f3-a63a-1348dc047638,"Microscop de buzunar cu adaptor pentru smartphone, marire 20x, MicroMini",microscop-de-buzunar-cu-adaptor-pentru-smartphone-marire-20x-micromini-MM-380,"MicroMini,   (MM-380) este un microscop de buzunar de 20x cu un clips adaptor pentru smartphone.  Microscopul se ataseaza magnetic la clipsul adaptor si este aliniat automat la orificiul camerei clipsului.  Pur si simplu montati clipsul adaptor pe camera smartphone-ului dvs. Acum veti putea sa faceti fotografii si videoclipuri prin intermediul smartphone-ului de orice lucru pe care il vizualizati sub microscop.  Microscopul dispune de trei tipuri diferite de lumini: Lumina LED a microscopului Lanterna cu LED-uri Lumina UV  Carson Optical este o companie cu 34 de experienta in domeniul opticii, fiind producatorul nr 1 de lupe din SUA, producatorul nr 1 de microscoape de buzunar din SUA si unul dintre principalii furnizori de binocluri. Carson are peste 100 de sute de brevete si vinde atat vanatorilor, cat si excursionistilor, studentilor, artizanilor si constructorilor.    Carson este un nume de incredere in domeniul opticii si ofera o varietate de produse care sunt perfecte pentru copii. Kiturile Carson sunt concepute pentru a fi distractive si educative si sunt cadouri excelente pentru copiii interesati de stiinta.",98,,,"[""https://gomagcdn.ro/domains/kidstory.ro/files/product/original/microscop-de-buzunar-cu-adaptor-pentru-smartphone-marire-20x-micromini-363198.jpg"",""https://gomagcdn.ro/domains/kidstory.ro/files/product/original/microscop-de-buzunar-cu-adaptor-pentru-smartphone-marire-20x-micromini-712024.jpg"",""https://gomagcdn.ro/domains/kidstory.ro/files/product/original/microscop-de-buzunar-cu-adaptor-pentru-smartphone-marire-20x-micromini-036490.jpg"",""https://gomagcdn.ro/domains/kidstory.ro/files/product/original/microscop-de-buzunar-cu-adaptor-pentru-smartphone-marire-20x-micromini-173007.jpg"",""https://gomagcdn.ro/domains/kidstory.ro/files/product/original/microscop-de-buzunar-cu-adaptor-pentru-smartphone-marire-20x-micromini-706987.jpg"",""https://gomagcdn.ro/domains/kidstory.ro/files/product/original/microscop-de-buzunar-cu-adaptor-pentru-smartphone-marire-20x-micromini-018135.jpg"",""https://gomagcdn.ro/domains/kidstory.ro/files/product/original/microscop-de-buzunar-cu-adaptor-pentru-smartphone-marire-20x-micromini-430973.jpg"",""https://gomagcdn.ro/domains/kidstory.ro/files/product/original/microscop-de-buzunar-cu-adaptor-pentru-smartphone-marire-20x-micromini-277257.jpg"",""https://gomagcdn.ro/domains/kidstory.ro/files/product/original/microscop-de-buzunar-cu-adaptor-pentru-smartphone-marire-20x-micromini-200023.jpg"",""https://gomagcdn.ro/domains/kidstory.ro/files/product/original/microscop-de-buzunar-cu-adaptor-pentru-smartphone-marire-20x-micromini-056639.jpg""]",,"[""Carson""]",,,true,false,1,0,,,,,0,0,2026-02-07 02:17:55.145,2026-02-20 01:30:15.031,,MIDDLE_SCHOOL_9_12,98,0,0,0,0,0,0,2.9,0,0,APPROVED,ENGINEERING,26f5418c-965d-4630-994c-b51947cdec04,false,,
349857e5-c842-4a4b-a545-1c2084d88b97,"Set magnetic de construit- Magformers Inspire, 30 piese",set-magnetic-de-construit-magformers-inspire-30-piese-clic-704002,"Set Magformers cu 30 de piese cu magnet, de formă pătrată și triunghiulară, cu ajutorul cărora copiii pot să contruiască orice modele doresc. Posibilitățile și distracția sunt nelimitate, așa că cei mici pot să își lase imaginația liberă și creativitatea lor va prinde cât mai multe forme. Și fetele merită un set de construit, ele pot fi viitoarele arhitecte! Proiectate și dezvoltate de specialiști de la „Magformers” - liderul global în domeniul jocului de construit cu magnet, și „Clics” - marcă de jucării cu renume în Belgia, Magformers înseamnă mai mult decât o simplă jucărie. Magformers reunește piese și accesorii pentru construit cu magneți, dezvoltând îndemânarea, creativitatea și imaginația. Magformers este o jucărie de construcție pentru fiecare copil, un mod inedit de a îmbina piesele, garantând pentru calitate și diversitate. Magformers oferă piese de bază simple, cu un nivel ridicat de aplicabilitate, dezvoltându-și îndemânarea, înțelegând spațialitatea și geometria. Siguranța este esențială, așadar piesele cu magnet sunt sigure pentru cei mici! Magneții sunt încapsulați în interiorul pieselor, pe toate laturile lor, și poziționati astfel încât polii lor să se atragă, indiferent de modul în care piesele sunt apropiate, ceea ce este un avantaj inedit! Piesele Magformers se pot apropia pentru a construi apoi prin pliere, combinarea de mai multe părți, îndoirea sau extensia unor laturi, astfel că posibilitățile sunt nelimitate. Vârsta recomandată: +3 ani. AVERTISMENT! Contraindicat copiilor sub 3 ani. A se folosi sub directa supraveghere a unei persoane adulte. Producător: Clics toys, Belgia.",260.8,,,"[""https://cdnmpro.com/708224949/p/raw/6/set-magnetic-de-construit-magformers-inspire-30-piese~6416.jpg"",""https://cdnmpro.com/708224949/p/raw/5/set-magnetic-de-construit-magformers-inspire-30-piese~7085.jpg"",""https://cdnmpro.com/708224949/p/raw/7/set-magnetic-de-construit-magformers-inspire-30-piese~7087.jpg"",""https://cdnmpro.com/708224949/p/raw/8/set-magnetic-de-construit-magformers-inspire-30-piese~7088.jpg"",""https://cdnmpro.com/708224949/p/raw/9/set-magnetic-de-construit-magformers-inspire-30-piese~7089.jpg""]",,"[""Clicstoys""]",,,true,false,8,0,,,,,0,0,2026-02-07 02:17:14.098,2026-02-20 01:30:21.124,8809134367438.0,TODDLERS_1_3,212.07,0,0,0,0,0,0,2.9,0,0,APPROVED,MATHEMATICS,ee75eea8-9f64-4076-96a2-52f5d6926c14,false,,
35ef74ba-e208-40ca-9706-d21fe617629d,"Joc logic IQ puzzle cu snur Elibereaza inelul-2, Fridolin",joc-logic-iq-puzzle-cu-snur-elibereaza-inelul-2-fridolin-Fr_17132,"Test IQ puzzle lemn de bambus cu snur Elibereaza inelul-2 Test IQ puzzle cu șnur verde și lemn de bambus într-o cutie metalică: două bile - trei plăci. Dezvoltă perspicacitatea, inteligența, răbdarea și concentrarea. Dimensiuni cutie: 6 x 2,2 x 9,4 cm (L x A x P). Confecționat din lemn și materiale non-toxice conform reglementărilor EN71 & ASTM. Vârsta recomandată: +8 ani. Grad de dificultate: *** AVERTISMENT: Contraindicat copiilor sub 3 ani. Conține piese mici ce pot fi înghițite, șnur lung. A se utiliza sub stricta supraveghere a unei persoane adulte. Producător: Fridolin, Germania.",46,,,"[""https://cdnmpro.com/708224949/p/raw/9/joc-logic-iq-puzzle-cu-snur-elibereaza-inelul-2-fridolin~3549.jpg"",""https://cdnmpro.com/708224949/p/raw/2/joc-logic-iq-puzzle-cu-snur-elibereaza-inelul-2-fridolin~3802.jpg""]",,"[""Fridolin""]",,,true,false,9,0,,,,,0,0,2026-02-07 02:17:14.098,2026-02-20 01:30:18.937,4031172171324.0,ELEMENTARY_6_8,30.36,0,0,0,0,0,0,2.9,0,0,APPROVED,GENERAL,ee75eea8-9f64-4076-96a2-52f5d6926c14,false,,
363a3c07-3242-4d98-95f6-07ba6d04a22c,"Joc de strategie Ramuri incurcate, Svoora",joc-de-strategie-ramuri-incurcate-svoora-Sv_12527,"Joc de strategie Ramuri incurcate Ramuri încâlcite cresc rapid — cine va rezista până la final? Intră în lumea încurcată a ramurilor de grădină, greblelor și omizilor, un joc de societate rapid și strategic pentru 2–4 jucători sau echipe de câte 2, în care jucătorii se întrec să crească cele mai lungi și mai conectate plante folosind jetoane magnetice cu ramuri. Fii atent la flori, greble și foarfece – pot transforma grădina într-un adevărat labirint! Pe parcursul jocului, participanții trag jetoane aleatorii și le plasează strategic pe tablă pentru a construi ramuri. Acțiunile tactice și deciziile rapide vor face diferența între încurcătură și victorie! Conține : tablă de joc magnetică, 100 jetoane magnetice, săculeț din bumbac, instrucțiuni de joc în mai multe limbi. Dimensiune : 25 × 18 × 4.5 cm Vârsta recomandată: +8 ani. C onfecționat din foaie magnetică, hârtie. Conform celor mai stricte reglementări de siguranță EN71 și ASTM. AVERTISMENT: Nerecomandat copiilor sub 3 ani. Conține piese mici care pot fi înghițite. Pericol de sufocare! Producător: Svoora",131.4,,,"[""https://cdnmpro.com/708224949/p/raw/5/joc-de-strategie-ramuri-incurcate-svoora~100018795.jpg"",""https://cdnmpro.com/708224949/p/raw/4/joc-de-strategie-ramuri-incurcate-svoora~100018654.jpg""]",,"[""Svoora""]",,,true,false,5,0,,,,,0,0,2026-02-07 02:17:14.098,2026-02-20 01:30:20.818,5208006125276.0,ELEMENTARY_6_8,96.36,0,0,0,0,0,0,2.9,0,0,APPROVED,GENERAL,ee75eea8-9f64-4076-96a2-52f5d6926c14,false,,
38e90e55-d783-4324-a184-c11b2870409f,"Kit Constructie Sistemul Solar 3D, straluceste in intuneric",kit-constructie-sistemul-solar-3d-straluceste-in-intuneric-4M-05520,Acest sistem solar de 4M este perfect pentru copiii interesati sa invete despre planete si sistemul solar.    Explorati sistemul solar din confortul propriei case cu acest model cosmic spectaculos. Priviti planetele cum stralucesc in intuneric in timp ce se rotesc in jurul soarelui!  Acest model gigantic are 75 cm x 75 cm latime atunci cand este construit.  Include o harta de perete bonus si fapte amuzante.  Un proiect grozav care poate fi atarnat cu mandrie in dormitorul oricarui copil pentru educatie si uimire continua.    O jucarie inspirata de stiinta si mestesuguri pentru intreaga familie.    Varsta 8+.,148,,,"[""https://gomagcdn.ro/domains/kidstory.ro/files/product/original/kit-constructie-sistemul-solar-3d-straluceste-in-intuneric-196332.png"",""https://gomagcdn.ro/domains/kidstory.ro/files/product/original/kit-constructie-sistemul-solar-3d-straluceste-in-intuneric-586881.png"",""https://gomagcdn.ro/domains/kidstory.ro/files/product/original/kit-constructie-sistemul-solar-3d-straluceste-in-intuneric-221629.png""]",,"[""4M""]",,,true,false,1,0,,,,,0,0,2026-02-07 02:17:55.145,2026-02-20 01:30:14.663,,ELEMENTARY_6_8,111,0,0,0,0,0,0,2.9,0,0,APPROVED,SCIENCE,26f5418c-965d-4630-994c-b51947cdec04,false,,
3b21e993-1834-450e-9076-ecb8264976f3,"Nano Clics Pentru constructori creativi 250 piese, Clicformers",nano-clics-pentru-constructori-creativi-250-piese-clicformers-clics_NC002,"Nano Clics Pentru constructori creativi 250 piese Mai multă creativitate într-un pachet mai mic! Cu aceast set de construcție inovator și premiat, Clics invita o nouă generație de constructori să experimenteze lumea imaginativă a jocului de construcție. Seturile versatile au un sistem unic de clicuri, permițând construirea rapidă și ușoară, garantând ore întregi de distracție. Toate piesele se potrivesc perfect, pentru posibilități nelimitate. Ai chef de o nouă construcție? Nicio problemă, dezasamblezi construcția și o iei de la început. Amuzant, creativ și educativ. Nano Clics este conceput pentru a stimula în aceeași măsură imaginația copiilor dar și a adulților. Cadoul ideal pentru Crăciun sau zile de naștere. Diferitele seturi Nano Clics pot fi combinate între ele și extinse după dorință, astfel încât nu există limite pentru jocul creativ. Conține 250 de piese. Fabricat în Belgia din plastic și carton reciclat. Conform standardelor EN71. Vârsta recomandată + 8 ani. AVERTISMENT: Contraindicat copiilor sub 3 ani. Conține piese mici. A se utiliza sub directa supraveghere a unui adult.",113,,,"[""https://cdnmpro.com/708224949/p/raw/2/nano-clics-pentru-constructori-creativi-250-piese-clicformers~19652.jpg"",""https://cdnmpro.com/708224949/p/raw/5/nano-clics-pentru-constructori-creativi-250-piese-clicformers~19645.jpg"",""https://cdnmpro.com/708224949/p/raw/6/nano-clics-pentru-constructori-creativi-250-piese-clicformers~19646.jpg"",""https://cdnmpro.com/708224949/p/raw/7/nano-clics-pentru-constructori-creativi-250-piese-clicformers~19647.jpg"",""https://cdnmpro.com/708224949/p/raw/8/nano-clics-pentru-constructori-creativi-250-piese-clicformers~19648.jpg""]",,"[""Clicstoys""]",,,true,false,12,0,,,,,0,0,2026-02-07 02:17:14.098,2026-02-20 01:30:21.292,5425002306779.0,ELEMENTARY_6_8,77.97,0,0,0,0,0,0,2.9,0,0,APPROVED,ENGINEERING,ee75eea8-9f64-4076-96a2-52f5d6926c14,false,,
3c6bb143-3ac8-43d1-bc22-5f6a721a8974,"Joc logic IQ puzzle cu snur Elibereaza inelul, Fridolin",joc-logic-iq-puzzle-cu-snur-elibereaza-inelul-fridolin-Fr_17154,"Test Genius Elibereaza inelul Test IQ puzzle cu șnur albastru și lemn de bambus într-o cutie metalică: patru bile - două plăci. Dezvoltă perspicacitatea, inteligența, răbdarea și concentrarea. Dimensiuni cutie: 6 x 2,2 x 9,4 cm (L x A x P). Confecționat din lemn și materiale non-toxice conform reglementărilor EN71 & ASTM. Certificare FSC. Vârsta recomandată: +8 ani. Grad de dificultate: *** AVERTISMENT: Contraindicat copiilor sub 3 ani. Conține piese mici ce pot fi înghițite, șnur lung. A se utiliza sub stricta supraveghere a unei persoane adulte. Producător: Fridolin, Germania.",46,,,"[""https://cdnmpro.com/708224949/p/raw/0/joc-logic-iq-puzzle-cu-snur-elibereaza-inelul-fridolin~4390.jpg"",""https://cdnmpro.com/708224949/p/raw/0/joc-logic-iq-puzzle-cu-snur-elibereaza-inelul-fridolin~4620.jpg""]",,"[""Fridolin""]",,,true,false,6,0,,,,,0,0,2026-02-07 02:17:14.098,2026-02-20 01:30:19.073,4031172171546.0,ELEMENTARY_6_8,30.36,0,0,0,0,0,0,2.9,0,0,APPROVED,GENERAL,ee75eea8-9f64-4076-96a2-52f5d6926c14,false,,
3f902fe1-b77a-43b2-b742-2ad868059e4b,Set experimente de crescut Cristale,set-experimente-de-crescut-cristale-4M-03913-4269,"Setul include 3 amestecuri de seminte  de cristale colorate, producand un cristal complet crescut de 4 cm x 5 cm, cu multe posibilitati de culoare diferite. Un experiment fascinant de efectuat acasa.  Pachetul contine: -  1 x punga de cristale albe (fosfat de monoamoniu), -  3 x pungi mici de amestec de insamantare de cristale colorate (albastru, rosu si alb), -  1x recipient, -  1x lingura de insamantare, instructiuni detaliate.  Dimensiuni cutie: 9.2 x 9.2 x 9.2 cm",70,,,"[""https://gomagcdn.ro/domains/kidstory.ro/files/product/original/set-experimente-de-crescut-cristale-8607111410.jpg"",""https://gomagcdn.ro/domains/kidstory.ro/files/product/original/set-experimente-de-crescut-cristale-6055693196.jpg"",""https://gomagcdn.ro/domains/kidstory.ro/files/product/original/set-experimente-de-crescut-cristale-7077252600.jpg"",""https://gomagcdn.ro/domains/kidstory.ro/files/product/original/set-experimente-de-crescut-cristale-9524649258.jpg"",""https://gomagcdn.ro/domains/kidstory.ro/files/product/original/set-experimente-de-crescut-cristale-2864813694.jpg"",""https://gomagcdn.ro/domains/kidstory.ro/files/product/original/set-experimente-de-crescut-cristale-6679373403.jpg"",""https://gomagcdn.ro/domains/kidstory.ro/files/product/original/set-experimente-de-crescut-cristale-2906724699.jpg"",""https://gomagcdn.ro/domains/kidstory.ro/files/product/original/set-experimente-de-crescut-cristale-8043564243.jpg"",""https://gomagcdn.ro/domains/kidstory.ro/files/product/original/set-experimente-de-crescut-cristale-5031067557.jpg"",""https://gomagcdn.ro/domains/kidstory.ro/files/product/original/set-experimente-de-crescut-cristale-3347239094.jpg""]",,"[""4M""]",,,true,false,1,0,,,,,0,0,2026-02-07 02:17:55.145,2026-02-20 01:30:14.21,,ELEMENTARY_6_8,52.5,0,0,0,0,0,0,2.9,0,0,APPROVED,SCIENCE,26f5418c-965d-4630-994c-b51947cdec04,false,,
40856921-60c5-4170-b9d1-f34c044af155,"Joc logic IQ 3D Puzzle Magic box, Fridolin",joc-logic-iq-3d-puzzle-magic-box-fridolin-Fr_17460,"Test IQ Puzzle 3D din lemn de bambus Magic box Scopul jocului este de a demonta si apoi a monta puzzle-ul. Dezvoltă perspicacitatea și inteligența. Jocuri de gândire în care trebuie să dezlegați misterul puzzle-urilor, dezvoltă perspicacitatea, inteligența. Grad de dificultate: *** Vârsta recomandată +8 ani. Confecționat din lemn și materiale non-toxice conform reglementărilor EN71 & ASTM. Certificate FSC®. AVERTISMENT: Contraindicat copiilor sub 3 ani. Conține piese mici ce pot fi inghițite. A se utiliza sub stricta supraveghere a unei persoane adulte. Producător: Fridolin, Germania.",54,,,"[""https://cdnmpro.com/708224949/p/raw/6/joc-logic-iq-3d-puzzle-magic-box-fridolin~3556.jpg""]",,"[""Fridolin""]",,,true,false,15,0,,,,,0,0,2026-02-07 02:17:14.098,2026-02-20 01:30:19.032,4031172174608.0,ELEMENTARY_6_8,39.6,0,0,0,0,0,0,2.9,0,0,APPROVED,GENERAL,ee75eea8-9f64-4076-96a2-52f5d6926c14,false,,
45036a74-a36c-4b5c-98f2-77e84f0b00c4,"Jocuri magnetice Circuit cu bile luminoase 100 piese, Cleverclixx",jocuri-magnetice-circuit-cu-bile-luminoase-100-piese-cleverclixx-CC-1003,"Cleverclixx Circuit cu bile luminoase – Construiește cel mai spectaculos circuit pentru bile! Set magnetic pentru construirea unui circuit pentru bile plin de culoare și lumină , oferind ore întregi de distracție și creativitate. 🚀 Construcții interactive & joacă fără limite Creează trasee unice pentru bile și urmărește-le în acțiune! Stimulează creativitatea, imaginația și îndemânarea copilului. Design captivant, cu piese luminoase pentru un efect vizual spectaculos. 🎓 Joacă educativă – ideală pentru metoda STEAM Seturile magnetic Cleverclixx cresc odată cu copilul! De la 3 ani – învață bazele construcțiilor 3D. Pe măsură ce cresc , copiii pot realiza structuri mai complexe. Util și în școală – ajută la înțelegerea conceptelor matematice și a gândirii logice. De ce să alegi Cleverclixx? 🔹 Stimulează creativitatea și imaginația – Magneții au ceva magic, captivând copiii și oferindu-le libertatea de a construi forme și structuri unice. 🔹 Compatibil și extensibil – Toate seturile Cleverclixx sunt compatibile atât între ele cât și cu alte seturi magnetice, permițând extinderea colecției și dezvoltarea continuă a creativității. 🔹 Joacă versatilă – Construiește pe podea sau du creativitatea la un alt nivel atașând construcțiile pe suprafețe magnetice, precum caloriferele . Folosește markere lavabile pentru a desena litere, numere sau forme și transformă joaca într-o experiență educativă! 🔹 Încurajează învățarea STEAM – Cleverclixx dezvoltă abilități din domeniile Știință, Tehnologie, Inginerie, Artă și Matematică (STEAM) , transformând învățarea într-un proces practic, captivant și distractiv. Educațional și sigur Seturile Cleverclixx sunt utilizate în grădinițe și școli primare din întreaga lume pentru a sprijini dezvoltarea abilităților motorii, gândirii logice și rezolvării problemelor . Misiunea Cleverclixx este de a crea jucării educaționale care inspiră curiozitatea, creativitatea și dorința de a învăța pe tot parcursul vieții. Detalii produs ✔ 100 piese magnetice, culori diferite ✔ Recomandat pentru copii de la 3 ani ✔ Fabricat din plastic MABS de înaltă calitate ✔ Fără BPA - sigur pentru copii ✔ Certificat (CPSC, CE, EN71, ASTM) Lasă imaginația să construiască fără limite cu Cleverclixx! 🚀 Avertisment! Nu este potrivit pentru copiii sub 3 ani. Conține piese mici. Se recomandă supravegherea copilului de către un adult în timpul jocului. Produs de Cleverclixx",498,,,"[""https://cdnmpro.com/708224949/p/raw/4/jocuri-magnetice-circuit-cu-bile-luminoase-100-piese-cleverclixx~20544.jpg"",""https://cdnmpro.com/708224949/p/raw/5/jocuri-magnetice-circuit-cu-bile-luminoase-100-piese-cleverclixx~20545.jpg"",""https://cdnmpro.com/708224949/p/raw/6/jocuri-magnetice-circuit-cu-bile-luminoase-100-piese-cleverclixx~20546.jpg"",""https://cdnmpro.com/708224949/p/raw/7/jocuri-magnetice-circuit-cu-bile-luminoase-100-piese-cleverclixx~20547.jpg"",""https://cdnmpro.com/708224949/p/raw/0/jocuri-magnetice-circuit-cu-bile-luminoase-100-piese-cleverclixx~20550.jpg""]",,"[""Cleverclixx""]",,,true,false,7,0,,,,,0,0,2026-02-07 02:17:14.098,2026-02-20 01:30:20.412,6096124770725.0,TODDLERS_1_3,343.62,0,0,0,0,0,0,2.9,0,0,APPROVED,MATHEMATICS,ee75eea8-9f64-4076-96a2-52f5d6926c14,false,,
4572e0bb-0f75-4a44-95ea-6101d16a8da5,"Kit stiintific Apa curata, Stiinta Verde - Green Science",kit-stiintific-apa-curata-stiinta-verde-green-science-4M-03281,"ðŸ ndash;  Kit stiintific Apa curata, Stiinta Verde - Green Science  ofera copiilor o experienta educativa captivanta, combinand stiinta cu distractia. Acest kit le permite sa construiasca un robot acvatic care inoata pe suprafata apei, alimentat de energie solara sau de o baterie, introducandu-i in conceptele de energie regenerabila si robotica.   Beneficii      Invatare practica  ,   Introduce copiii in principiile energiei solare si ale tehnologiei hibride.    Dezvoltarea abilitatilor  ,   Imbunatateste coordonarea mana-ochi si abilitatile de rezolvare a problemelor.    Stimulare creativa  ,   Incurajeaza creativitatea si curiozitatea prin asamblarea si personalizarea robotului.    Caracteristici      Alimentare duala  ,   Functioneaza cu energie solara sau cu o baterie AAA (neinclusa), asigurand distractie continua indiferent de conditiile de lumina.    Miscare realista  ,   Robotul inoata si se deplaseaza pe apa, imitand miscarile unui peste adevarat.    Continut complet  ,   Include toate componentele necesare pentru asamblare: corpul robotului, panou solar, motor, elice si instructiuni detaliate.    Ce spun utilizatorii?   ,œ   , žCopilul meu a fost fascinat sa vada cum robotul inoata cu ajutorul soarelui!,   ,   Maria, Bucuresti  ,œ   , žUn mod excelent de a introduce conceptele de energie regenerabila intr-un mod distractiv.,   ,   Andrei, Cluj-Napoca  ,œ   , žAsamblarea a fost usoara si educativa. Recomand pentru toti micii inventatori!,   ,   Elena, Iasi   Detalii tehnice:     Dimensiuni ambalaj: 21 cm (latime) x 28 cm (inaltime) x 6 cm (adancime)    Varsta recomandata: 5 ani+    Necesita 1 baterie AAA (neinclusa)  ðŸ mdash;  Adauga acum in cos  Kit stiintific Apa curata, Stiinta Verde - Green Science  si ofera-i copilului tau o experienta educativa si distractiva!   Transforma invatarea intr-o aventura acvatica.  Comanda acum si lasa imaginatia sa prinda viata!",90,,,"[""https://gomagcdn.ro/domains/kidstory.ro/files/product/original/kit-stiintific-apa-curata-stiinta-verde-green-science-357846.png"",""https://gomagcdn.ro/domains/kidstory.ro/files/product/original/kit-stiintific-apa-curata-stiinta-verde-green-science-184464.png"",""https://gomagcdn.ro/domains/kidstory.ro/files/product/original/kit-stiintific-apa-curata-stiinta-verde-green-science-491915.png""]",,"[""4M""]",,,true,false,1,0,,,,,0,0,2026-02-07 02:17:55.145,2026-02-20 01:30:15.324,,ELEMENTARY_6_8,67.5,0,0,0,0,0,0,2.9,0,0,APPROVED,SCIENCE,26f5418c-965d-4630-994c-b51947cdec04,false,,
4aa9a0ec-bba1-4d9e-806e-699c3ac70746,"Microscop portabil cu LED, marire 24-53x, MicroPen",microscop-portabil-cu-led-marire-24-53x-micropen-MP-300,"Carson MicroPen,   MP-300 este o jucarie educativa conceputa pentru a starni curiozitatea si a promova dragostea copiilor pentru subiectele STEM (stiinta, tehnologie, inginerie si matematica).  Cu un design compact si inovator, acest microscop portabil ofera o gama de mariri de la 24x la 53x, fiind ideal pentru explorarea lumii microscopice din jurul nostru. Ideal pentru incurajarea invatarii STEM, MicroPen,   incurajeaza explorarea practica si descoperirea stiintifica. Implicarea in subiectele STEM ii poate ajuta pe copii sa isi dezvolte abilitatile de observare, gandirea critica si o intelegere mai profunda a lumii naturale, ceea ce il face o completare valoroasa pentru mediile educationale si cele de acasa.  MicroPen,   este usor pentru copii sa opereze independent. Comenzile intuitive permit ajustari rapide ale maririi, in timp ce manerele ergonomice asigura o manipulare confortabila in timpul utilizarii prelungite, promovand o experienta de invatare fara intreruperi. De la medii de clasa la explorari in aer liber, MicroPen,   se adapteaza la diverse medii de invatare. Este perfect pentru examinarea specimenelor in timpul proiectelor stiintifice, expeditiilor in aer liber sau pur si simplu explorarii curtii din spate, oferind oportunitati nelimitate de descoperire.  MicroPen,   nu este doar o jucarie, ci o poarta catre o lume a explorarii stiintifice pentru mintile tinere. Designul sau portabil, ajustabilitatea si beneficiile educationale il fac un instrument nepretuit pentru cultivarea curiozitatii si invatarii copiilor interesati de subiectele STEM.   Optica reala facuta pentru copii - Utilizabilitatea ridicata si valoarea educationala intalnesc optica de precizie. Aceasta jucarie educativa pentru copii aduce claritate optica de nivel inalt la un design prietenos pentru copii.   Educatie STEM - Promovand gandirea critica, curiozitatea si dragostea pentru stiinta, aceasta jucarie STEM este adaugarea perfecta la setul de instrumente al oricarui tanar om de stiinta   Usor de utilizat - Comenzile simple, designul compact si versatilitatea faciliteaza incepatorii si tinerii exploratori sa faca observatii fara efort.   Iluminare cu LED - Sistemul de iluminare cu LED ofera o vizibilitate si o utilizare sporite in diverse conditii de iluminare. Acest lucru le permite copiilor sa exploreze si sa experimenteze oriunde s-ar afla.   MicroPen,   este alimentat de 3 baterii buton G3 incluse.   Carson Optical este o companie cu 34 de experienta in domeniul opticii, fiind producatorul nr 1 de lupe din SUA, producatorul nr 1 de microscoape de buzunar din SUA si unul dintre principalii furnizori de binocluri. Carson are peste 100 de sute de brevete si vinde atat vanatorilor, cat si excursionistilor, studentilor, artizanilor si constructorilor.    Carson este un nume de incredere in domeniul opticii si ofera o varietate de produse care sunt perfecte pentru copii. Kiturile Carson sunt concepute pentru a fi distractive si educative si sunt cadouri excelente pentru copiii interesati de stiinta.",92,,,"[""https://gomagcdn.ro/domains/kidstory.ro/files/product/original/microscop-portabil-cu-led-si-uv-cu-adaptor-de-smartphone-marire-100-250x-microflip-copie-403884.png"",""https://gomagcdn.ro/domains/kidstory.ro/files/product/original/microscop-portabil-cu-led-si-uv-cu-adaptor-de-smartphone-marire-100-250x-microflip-copie-781582.png""]",,"[""Carson""]",,,true,false,1,2,,,,,0,0,2026-02-07 02:17:55.145,2026-02-20 01:30:15.231,,MIDDLE_SCHOOL_9_12,92,0,0,0,0,0,0,2.9,0,0,APPROVED,ENGINEERING,26f5418c-965d-4630-994c-b51947cdec04,false,,
4b5c7125-aea5-40dc-8a50-6aa15386dcca,"Joc Eduludo Forme geometrice, Djeco",joc-eduludo-forme-geometrice-djeco-DJ08300,"Eduludo forme geometrice Un joc din colecția Eduludo care oferă o introducere simplă și distractivă în geometrie și explorarea formelor prin joc. Jocul cu formele tangramului oferă copiilor o introducere în geometrie. Trei niveluri de dificultate, pentru ca fiecare copil să poată progresa în ritmul său. Sunt incluse soluții, astfel încât copiii să își poată corecta propriile puzzle-uri. Fiecare kit Eduludo, extrem de educativ, se concentrează pe un proces de învățare specific pentru a ajuta copiii să își dezvolte abilitățile cognitive. Conținut: 24 de provocări cu 3 nivele de dificultate diferite (12 cartonașe cu două fețe) 36 de piese din lemn de diferite forme și dimensiuni săculeț din textil pentru depozitarea pieselor 12 cărți cu răspuns față-verso Cum se joaca: Copilul alege o provocare de pe cartonaș și începe să realizeze forma geometrică indicată, potrivind piesele din lemn pe baza de joc. Trei niveluri de dificultate permit adaptarea progresului la abilitățile copilului, iar soluțiile incluse ajută la auto‑verificare , stimulând independența în învățare. Vârsta recomandată: 3 - 6 ani. Confecționat din lemn, hârtie și carton certificate FSC®. AVERTISMENT: Contraindicat copiilor sub 3 ani. Conține părti mici ce pot fi înghițite, pericol de sufocare. A se utiliza sub directa supraveghere a unei persoane adulte. Producător: Djeco, Franţa.",93.1,,,"[""https://cdnmpro.com/708224949/p/raw/2/joc-eduludo-forme-geometrice-djeco~12792.jpg"",""https://cdnmpro.com/708224949/p/raw/2/joc-eduludo-forme-geometrice-djeco~1322.jpg"",""https://cdnmpro.com/708224949/p/raw/3/joc-eduludo-forme-geometrice-djeco~2023.jpg"",""https://cdnmpro.com/708224949/p/raw/4/joc-eduludo-forme-geometrice-djeco~2024.jpg""]",,"[""Djeco""]",,,true,false,20,0,,,,,0,0,2026-02-07 02:17:14.098,2026-02-20 01:30:18.514,3070900083004.0,TODDLERS_1_3,64.68,0,0,0,0,0,0,2.9,0,0,APPROVED,MATHEMATICS,ee75eea8-9f64-4076-96a2-52f5d6926c14,false,,
4c660443-eda6-4983-a9b4-3e640ba90acd,"Jocuri magnetice Tangram, Egmont Toys",jocuri-magnetice-tangram-egmont-toys-Egm_630679,"Jocuri magnetice Tangram – Dezvoltă logica și creativitatea copiilor! Tangramul magnetic de la Egmont Toys este un joc clasic de logică și reflecție, adaptat pentru a fi ușor de utilizat și transportat. 🧩 Caracteristici principale: 30 de modele de reconstruit : Provocări variate care stimulează gândirea logică și abilitățile de rezolvare a problemelor. Piese din lemn de calitate : Asigură durabilitate și o experiență tactilă plăcută. Soluții incluse : Pentru a ghida copiii în procesul de învățare și a le oferi suport atunci când este necesar. Design portabil : este ușor de transportat, potrivit pentru joacă acasă sau în deplasare. Materiale durabile : Realizat din carton, lemn și metal de calitate, asigurând o utilizare îndelungată. 📦 Specificații: Vârsta recomandată : 4+ ani Compoziție : Carton și metal Potrivit pentru acasă sau în deplasare, acest joc oferă o alternativă educativă și distractivă la jocurile electronice. AVERTISMENT: Contraindicat copiilor sub 3 ani. Conține părți mici. Se recomandă supravegherea copilului de către un adult în timpul jocului. Citiți cu atenție eticheta produsului. Producător: Egmont Toys, Belgia.",98,,,"[""https://cdnmpro.com/708224949/p/raw/9/jocuri-magnetice-tangram-egmont-toys~20869.jpg"",""https://cdnmpro.com/708224949/p/raw/5/jocuri-magnetice-tangram-egmont-toys~20865.jpg"",""https://cdnmpro.com/708224949/p/raw/6/jocuri-magnetice-tangram-egmont-toys~20866.jpg"",""https://cdnmpro.com/708224949/p/raw/7/jocuri-magnetice-tangram-egmont-toys~20867.jpg"",""https://cdnmpro.com/708224949/p/raw/8/jocuri-magnetice-tangram-egmont-toys~20868.jpg""]",,"[""Egmont Toys""]",,,true,false,4,0,,,,,0,0,2026-02-07 02:17:14.098,2026-02-20 01:30:20.68,5420023044983.0,TODDLERS_1_3,64.68,0,0,0,0,0,0,2.9,0,0,APPROVED,TECHNOLOGY,ee75eea8-9f64-4076-96a2-52f5d6926c14,false,,
4d15d19b-d0ee-4df0-a9a7-42d682c84db7,"Joc de cooperare varianta de buzunar Pompierii salveaza pisica, Londji",joc-de-cooperare-varianta-de-buzunar-pompierii-salveaza-pisica-londji-Lj_PG005U,"Pompierii salveaza pisica, joc de cooperare și strategie - varianta de buzunar Ajută-l pe pompier să stingă focul și salvează pisoiul prins pe acoperiș! În acest joc devenim pompieri și lucrăm împreună pentru a stinge incendiile și a ajunge pe acoperișul unde este prinsă pisicuța. Va trebui să fim cu ochii în patru și să gestionăm bine apa. Jucându-ne de-a pompierul exersăm luarea deciziilor în echipă, număratul și răbdarea. Formatul de buzunar, practic pentru călătorii. Ilustrație Can Seixanta Ambalat în cutie robustă din carton. Conține tabla de joc puzzle (26 x 47 cm), figurina pompier, figurina pisica, 9 piese foc, 12 token-uri numere, zar din lemn. Pentru 2-6 jucători. Vârsta recomandată: 4 - 8 ani. Confecționat din hârtie FSC și carton reciclat. Conform reglementărilor EN71&ASTM. AVERTISMENT: Contraindicat copiilor sub 3 ani. Se recomandă supravegherea copilului de către un adult în timpul jocului. Produs de Londji în Spania.",119,,,"[""https://cdnmpro.com/708224949/p/raw/7/joc-de-cooperare-varianta-de-buzunar-pompierii-salveaza-pisica-londji~11827.jpg"",""https://cdnmpro.com/708224949/p/raw/8/joc-de-cooperare-varianta-de-buzunar-pompierii-salveaza-pisica-londji~11828.jpg"",""https://cdnmpro.com/708224949/p/raw/9/joc-de-cooperare-varianta-de-buzunar-pompierii-salveaza-pisica-londji~11829.jpg"",""https://cdnmpro.com/708224949/p/raw/0/joc-de-cooperare-varianta-de-buzunar-pompierii-salveaza-pisica-londji~11830.jpg""]",,"[""Londji""]",,,true,false,9,0,,,,,0,0,2026-02-07 02:17:14.098,2026-02-20 01:30:19.985,Lj_PG005U,TODDLERS_1_3,78.54,0,0,0,0,0,0,2.9,0,0,APPROVED,MATHEMATICS,ee75eea8-9f64-4076-96a2-52f5d6926c14,false,,
545124d8-9a14-4cba-9e91-82fb0bbe2f82,"Joc de logica Hotelogic, Djeco",joc-de-logica-hotelogic-djeco-DJ08586,"Joc de logica Hotelogic În acest joc de gândire, depinde de tine să găsești singura soluție la fiecare provocare și să îi faci fericiți pe toți oaspeții! Sunt 60 de provocări cu mai multe niveluri de dificultate crescândă. 60 de provocări. Doar o singură soluție posibilă pentru fiecare provocare. Soluțiile provocărilor sunt furnizate în broșură. Cuprins: 30 de cărți, un cub de plastic pe o bază de lemn, 5 blocuri de lemn, set de reguli de joc în 10 limbi. Vârsta recomandata: 7-99 ani. Fabricat din hârtie și carton certificate FSC®. AVERTISMENT: Contraindicat copiilor sub 3 ani. A se utiliza sub directa supraveghere a unui adult. Producător: Djeco, Franța. Manual Joc de logica, Hotelogic, Djeco - vezi fisier",153.9,,,"[""https://cdnmpro.com/708224949/p/raw/3/joc-de-logica-hotelogic-djeco~11193.jpg"",""https://cdnmpro.com/708224949/p/raw/0/joc-de-logica-hotelogic-djeco~11190.jpg"",""https://cdnmpro.com/708224949/p/raw/1/joc-de-logica-hotelogic-djeco~11191.jpg"",""https://cdnmpro.com/708224949/p/raw/2/joc-de-logica-hotelogic-djeco~11192.jpg""]",,"[""Djeco""]",,,true,false,13,0,,,,,0,0,2026-02-07 02:17:14.098,2026-02-20 01:30:19.906,3070900085862.0,ELEMENTARY_6_8,106.92,0,0,0,0,0,0,2.9,0,0,APPROVED,GENERAL,ee75eea8-9f64-4076-96a2-52f5d6926c14,false,,
57b0d6cb-9770-44d4-84e3-b07fb53f9074,Kit stiintific Bec ecologic Stiinta Verde - Green Science,kit-stiintific-bec-ecologic-stiinta-verde-green-science-4M-03426,"Kit stiintific Bec ecologic Stiinta Verde - Green Science   este un kit educativ captivant care le permite copiilor sa construiasca o lampa ecologica alimentata prin forta gravitatiei sau manual. Acest set ofera o introducere practica in conceptele de energie regenerabila si reciclare, incurajand creativitatea si gandirea ecologica.   Beneficii      Invatare practica  ,   Demonstreaza cum functioneaza diferite surse de energie regenerabila prin experimente interactive.    Dezvoltarea abilitatilor  ,   Imbunatateste abilitatile de rezolvare a problemelor si intelegerea principiilor stiintifice.    Constientizare ecologica  ,   Incurajeaza responsabilitatea fata de mediu si utilizarea surselor de energie durabile.    Caracteristici      Alimentare ecologica  ,   Functioneaza prin forta gravitatiei sau prin actionare manuala, fara a necesita baterii.    Design educativ  ,   Creat pentru a stimula curiozitatea si intelegerea conceptelor de energie regenerabila.    Continut complet  ,   Include toate componentele necesare pentru asamblare si instructiuni detaliate.    Ce spun utilizatorii?   ,œ   , žCopilul meu a fost fascinat de modul in care lampa functioneaza fara baterii!,   ,   Maria, Bucuresti  ,œ   , žUn mod excelent de a introduce conceptele de energie regenerabila intr-un mod distractiv.,   ,   Andrei, Cluj-Napoca  ,œ   , žAsamblarea a fost usoara si educativa. Recomand cu incredere!,   ,   Elena, Iasi   Detalii tehnice:     Dimensiuni ambalaj: 17 cm (latime) x 22 cm (inaltime) x 6 cm (adancime)    Varsta recomandata: 8 ani+    Nu necesita baterii ,   functioneaza exclusiv cu surse de energie regenerabila  ðŸ mdash;  Adauga acum in cos  Kit stiintific Bec ecologic Stiinta Verde - Green Science  si ofera-i copilului tau o experienta educativa si distractiva!   Transforma invatarea intr-o aventura ecologica.  Comanda acum si lasa imaginatia sa prinda viata!",133,,,"[""https://gomagcdn.ro/domains/kidstory.ro/files/product/original/kit-stiintific-bec-ecologic-stiinta-verde-green-science-778120.png"",""https://gomagcdn.ro/domains/kidstory.ro/files/product/original/kit-stiintific-bec-ecologic-stiinta-verde-green-science-837843.png"",""https://gomagcdn.ro/domains/kidstory.ro/files/product/original/kit-stiintific-bec-ecologic-stiinta-verde-green-science-176585.png"",""https://gomagcdn.ro/domains/kidstory.ro/files/product/original/kit-stiintific-bec-ecologic-stiinta-verde-green-science-351182.png""]",,"[""4M""]",,,true,false,1,0,,,,,0,0,2026-02-07 02:17:55.145,2026-02-20 01:30:15.432,,ELEMENTARY_6_8,99.75,0,0,0,0,0,0,2.9,0,0,APPROVED,SCIENCE,26f5418c-965d-4630-994c-b51947cdec04,false,,
5902c0de-1cfd-4b37-86ff-dc9032b14d07,"Joc de strategie Crazy Sudoku, Djeco",joc-de-strategie-crazy-sudoku-djeco-DJ08488,"Joc de strategie Crazy Sudoku Un joc antrenant, pentru amatorii de jocuri clasice de strategie. Un joc de logică inspirat de regulile jocului sudoku. Jucătorii trebuie să plaseze cele 16 jetoane de lemn pe grile conform instrucțiunilor date. Sunt necesare reflecția și logica pentru a depăși cele 40 de provocări. Se poate juca singur sau în cooperare cu ceilalți. Are 4 niveluri de dificultate. Dezvoltă răbdarea și logica. Sunt oferite soluțiile provocărilor. Conținut: 40 de cărți provocare și 16 jetoane de lemn. Vârsta recomandată: 8 -99 ani. Confecționat din lemn şi carton. Conform reglementărilor EN71&ASTM. Certificare FSC®. AVERTISMENT! Contraindicat copiilor sub 3 ani. A se folosi sub directa supraveghere a unei persoane adulte. Producător: Djeco, Franța. Crazy Sudoku - descarca aici regulile jocului",107.35,,,"[""https://cdnmpro.com/708224949/p/raw/8/joc-de-strategie-crazy-sudoku-djeco~5178.jpg"",""https://cdnmpro.com/708224949/p/raw/2/joc-de-strategie-crazy-sudoku-djeco~5412.jpg""]",,"[""Djeco""]",,,true,false,27,0,,,,,0,0,2026-02-07 02:17:14.098,2026-02-20 01:30:19.192,3070900084889.0,ELEMENTARY_6_8,74.58,0,0,0,0,0,0,2.9,0,0,APPROVED,GENERAL,ee75eea8-9f64-4076-96a2-52f5d6926c14,false,,
5a203ea0-2756-4ed5-a9c1-3a27c8a2fc0e,"Circuit Tren si Figurine, Egmont Toys",circuit-tren-si-figurine-egmont-toys-Egm_511082,"Tren cu sine din lemn Un circuit rotund pentru tren cu vagoane (vagoanele sunt prinse intre ele cu magneti). In jurul său un mic orășel animat de figurinele din lemn, completeaza povestea celor mici. Vârsta recomandată: +3 ani. Confecționat din lemn, cu metal și magnet. Vopsele pe bază de apă, non-toxice. Conform reglementărilor EN71&ASTM. AVERTISMENT: Contraindicat copiilor mai mici de 3 ani, conţine piese mici. A se folosi sub directa supraveghere a unei persoane adulte. Producător: Egmont Toys, Belgia",182.7,,,"[""https://cdnmpro.com/708224949/p/raw/8/circuit-tren-si-figurine-egmont-toys~5208.jpg""]",,"[""Egmont Toys""]",,,true,false,12,0,,,,,0,0,2026-02-07 02:17:14.098,2026-02-20 01:30:19.232,5420023037374.0,TODDLERS_1_3,133.98,0,0,0,0,0,0,2.9,0,0,APPROVED,TECHNOLOGY,ee75eea8-9f64-4076-96a2-52f5d6926c14,false,,
5cd32c03-6754-435f-8e9f-3bb1d88b105d,"Joc magnetic Fluturi, Egmont Toys",joc-magnetic-fluturi-egmont-toys-Egm_630677,"Joc Magnetic Fluturi – Provocare logică și distracție pentru cei mici! 🦋 Obiectivul jocului : Așază toate piesele magnetice pe tablă astfel încât fiecare fluture să apară în ferestrele rotunde. 60 de provocări progresive : De la niveluri ușoare la dificile, acest joc dezvoltă gândirea logică și capacitatea de rezolvare a problemelor. Ghid cu soluții inclus : Pentru a sprijini copiii în procesul de învățare și a le oferi feedback constructiv. Portabil și practic : Design compact, ideal pentru călătorii sau activități în aer liber. 📦 Specificații : Vârsta recomandată : 4+ ani Materiale : Carton și metal Potrivit pentru acasă sau în deplasare, acest joc oferă o alternativă educativă și distractivă la jocurile electronice. AVERTISMENT: Contraindicat copiilor sub 3 ani. Conține părți mici. Se recomandă supravegherea copilului de către un adult în timpul jocului. Citiți cu atenție eticheta produsului. Producător: Egmont Toys, Belgia.",98,,,"[""https://cdnmpro.com/708224949/p/raw/8/joc-magnetic-fluturi-egmont-toys~20858.jpg"",""https://cdnmpro.com/708224949/p/raw/5/joc-magnetic-fluturi-egmont-toys~20855.jpg"",""https://cdnmpro.com/708224949/p/raw/6/joc-magnetic-fluturi-egmont-toys~20856.jpg"",""https://cdnmpro.com/708224949/p/raw/7/joc-magnetic-fluturi-egmont-toys~20857.jpg""]",,"[""Egmont Toys""]",,,true,false,16,0,,,,,0,0,2026-02-07 02:17:14.098,2026-02-20 01:30:20.661,5420023044969.0,TODDLERS_1_3,64.68,0,0,0,0,0,0,2.9,0,0,APPROVED,TECHNOLOGY,ee75eea8-9f64-4076-96a2-52f5d6926c14,false,,
5f5f401a-d2bf-431f-a856-cd0fc5af9574,"Joc de logica Impossiblo Ocean, Djeco",joc-de-logica-impossiblo-ocean-djeco-DJ00807,"Joc de logică Impossiblo Ocean 4 puzzle-uri captivante! Asamblează imaginile pentru a finaliza fiecare dintre cele 4 provocări de puzzle pătrat, de la cele mai simple la cele mai complicate. O singură soluție posibilă pentru fiecare puzzle. Soluția se regăsește în broșură. Design mic, ușor de transportat, sau cadoul perfect! Dezvoltă răbdarea. Conținut: 4 puzzle-uri cu 9 piese și o broșură cu reguli de joc în 10 limbi. Vârsta recomandata: 6 - 99 ani. Fabricat din hârtie și carton certificate FSC®. AVERTISMENT: Contraindicat copiilor sub 3 ani. A se utiliza sub directa supraveghere a unui adult. Producător: Djeco, Franța. Manual Joc de logica Impossiblo Ocean, Djeco - descarca aici fisierul",50.35,,,"[""https://cdnmpro.com/708224949/p/raw/8/joc-de-logica-impossiblo-ocean-djeco~16718.jpg"",""https://cdnmpro.com/708224949/p/raw/7/joc-de-logica-impossiblo-ocean-djeco~16717.jpg"",""https://cdnmpro.com/708224949/p/raw/9/joc-de-logica-impossiblo-ocean-djeco~16719.jpg""]",,"[""Djeco""]",,,true,false,12,0,,,,,0,0,2026-02-07 02:17:14.098,2026-02-20 01:30:20.046,3070900008076.0,ELEMENTARY_6_8,34.98,0,0,0,0,0,0,2.9,0,0,APPROVED,GENERAL,ee75eea8-9f64-4076-96a2-52f5d6926c14,false,,
64b2e84d-aa32-4bd5-9870-1d9269936c95,"Set magnetic de construit- Set de baza Magformers, 30 piese",set-magnetic-de-construit-set-de-baza-magformers-30-piese-clic-702001,"Set Magformers cu 30 de piese cu magnet, de formă pătrată și triunghiulară, cu ajutorul cărora copiii pot să contruiască orice modele doresc. Posibilitățile și distracția sunt nelimitate, așa că cei mici pot să își lase imaginația liberă și creativitatea lor va prinde cât mai multe forme. Proiectate și dezvoltate de specialiști de la „Magformers” - liderul global în domeniul jocului de construit cu magnet, și „Clics” - marcă de jucării cu renume în Belgia, Magformers înseamnă mai mult decât o simplă jucărie. Magformers reunește piese și accesorii pentru construit cu magneți, dezvoltând îndemânarea, creativitatea și imaginația. Magformers este o jucărie de construcție pentru fiecare copil, un mod inedit de a îmbina piesele, garantând pentru calitate și diversitate. Magformers oferă piese de bază simple, cu un nivel ridicat de aplicabilitate, dezvoltându-și îndemânarea, înțelegând spațialitatea și geometria. Siguranța este esențială, așadar piesele cu magnet sunt sigure pentru cei mici! Magneții sunt încapsulați în interiorul pieselor, pe toate laturile lor, și poziționati astfel încât polii lor să se atragă, indiferent de modul în care piesele sunt apropiate, ceea ce este un avantaj inedit! Piesele Magformers se pot apropia pentru a construi apoi prin pliere, combinarea de mai multe părți, îndoirea sau extensia unor laturi, astfel că posibilitățile sunt nelimitate. Vârsta recomandată: +3 ani. AVERTISMENT! Contraindicat copiilor sub 3 ani. A se folosi sub directa supraveghere a unei persoane adulte. Producător: Clics toys, Belgia.",270.4,,,"[""https://cdnmpro.com/708224949/p/raw/1/set-magnetic-de-construit-set-de-baza-magformers-30-piese~5711.jpg"",""https://cdnmpro.com/708224949/p/raw/6/set-magnetic-de-construit-set-de-baza-magformers-30-piese~6096.jpg"",""https://cdnmpro.com/708224949/p/raw/7/set-magnetic-de-construit-set-de-baza-magformers-30-piese~6097.jpg"",""https://cdnmpro.com/708224949/p/raw/8/set-magnetic-de-construit-set-de-baza-magformers-30-piese~6098.jpg"",""https://cdnmpro.com/708224949/p/raw/9/set-magnetic-de-construit-set-de-baza-magformers-30-piese~6099.jpg""]",,"[""Clicstoys""]",,,true,false,15,0,,,,,0,0,2026-02-07 02:17:14.098,2026-02-20 01:30:21.081,8809134367506.0,TODDLERS_1_3,220.12,0,0,0,0,0,0,2.9,0,0,APPROVED,MATHEMATICS,ee75eea8-9f64-4076-96a2-52f5d6926c14,false,,
667b3cfe-8a1c-40bd-8bea-9755809fa89d,"Joc magnetic Sudoku pentru copii, Egmont Toys",joc-magnetic-sudoku-pentru-copii-egmont-toys-Egm_630680,"Joc Magnetic Sudoku Pădure – Antrenează logica și concentrarea în stil natural! Descoperă o variantă inedită a clasicului joc Sudoku, adaptată pentru cei mici - jocul magnetic ""Sudoku Pădure"" de la Egmont Toys. Acest joc combină provocările logice cu elemente vizuale atractive din natură, oferind o experiență educativă și captivantă. 🧠 Caracteristici principale: Provocări logice cu tematică forestieră : Copiii trebuie să plaseze animalele sălbatice în grilă, respectând regulile clasice ale Sudoku-ului, dezvoltând astfel gândirea critică și abilitățile de rezolvare a problemelor. Piese magnetice durabile : Piesele magnetice sunt ușor de manevrat și fixat pe tablă, fiind potrivite pentru mâinile mici ale copiilor. 📦 Specificații: Vârsta recomandată : 4+ ani Compoziție : Carton și metal Potrivit pentru acasă sau în deplasare, acest joc oferă o alternativă educativă și distractivă la jocurile electronice. AVERTISMENT: Contraindicat copiilor sub 3 ani. Conține părți mici. Se recomandă supravegherea copilului de către un adult în timpul jocului. Citiți cu atenție eticheta produsului. Producător: Egmont Toys, Belgia.",98,,,"[""https://cdnmpro.com/708224949/p/raw/3/joc-magnetic-sudoku-pentru-copii-egmont-toys~20873.jpg"",""https://cdnmpro.com/708224949/p/raw/0/joc-magnetic-sudoku-pentru-copii-egmont-toys~20870.jpg"",""https://cdnmpro.com/708224949/p/raw/1/joc-magnetic-sudoku-pentru-copii-egmont-toys~20871.jpg"",""https://cdnmpro.com/708224949/p/raw/2/joc-magnetic-sudoku-pentru-copii-egmont-toys~20872.jpg""]",,"[""Egmont Toys""]",,,true,false,14,0,,,,,0,0,2026-02-07 02:17:14.098,2026-02-20 01:30:20.699,5420023044990.0,TODDLERS_1_3,64.68,0,0,0,0,0,0,2.9,0,0,APPROVED,TECHNOLOGY,ee75eea8-9f64-4076-96a2-52f5d6926c14,false,,
6c368f15-6406-49b1-b50e-3dc08a7239e0,"Set magnetic de constuit Dome pastel 34 piese, Cleverclixx",set-magnetic-de-constuit-dome-pastel-34-piese-cleverclixx-CC-1025,"Cleverclixx Curved Dome – Creează construcții mai mari și mai spectaculoase! Descoperă Curved Dome Pack , set cu 34 de piese magnetice cu forme curbate, concepute pentru a permite copiilor să construiască structuri mai complexe și impresionante. Cu aceste piese inovatoare, imaginația copilului va atinge un nou nivel! 🚀 Creativitate fără limite și învățare prin joacă Încurajează explorarea de forme noi și structuri inovatoare . Dezvoltă gândirea spațială și abilitățile de rezolvare a problemelor . Perfect pentru joacă individuală sau în grup. 🌟 Experiență de construcție unică Creează domuri, arcade și structuri fascinante . Compatibil cu alte seturi Cleverclixx pentru construcții infinite. Se poate fixa pe suprafețe magnetice, precum un calorifer, pentru a crea în plan vertical . Se poate desena și scrie pe piese cu markere lavabile pentru mai multă distracție. 🎓 Învață prin metoda STEAM Joaca cu Cleverclixx stimulează dezvoltarea motorie și cognitivă , fiind tot mai des utilizată în grădinițe și școli primare. 🌍 STEAM = Știință, Tehnologie, Inginerie, Arte & Matematică – o metodă modernă de învățare practică. 🏆 Calitate și siguranță ✔ Potrivit pentru copii de la 3 ani ✔ 34 de piese din plastic MABS fără BPA ✔ Certificări: CPSC, CE, EN71, ASTM Transformă fiecare sesiune de joacă într-o aventură creativă și educativă! AVERTISMENT: Contraindicat copiilor sub 3 ani. Se recomandă supravegherea copilului de către un adult în timpul jocului. Produs de Cleverclixx",315,,,"[""https://cdnmpro.com/708224949/p/raw/8/set-magnetic-de-constuit-dome-pastel-34-piese-cleverclixx~20658.jpg"",""https://cdnmpro.com/708224949/p/raw/9/set-magnetic-de-constuit-dome-pastel-34-piese-cleverclixx~20659.jpg"",""https://cdnmpro.com/708224949/p/raw/0/set-magnetic-de-constuit-dome-pastel-34-piese-cleverclixx~20660.jpg"",""https://cdnmpro.com/708224949/p/raw/2/set-magnetic-de-constuit-dome-pastel-34-piese-cleverclixx~20662.jpg"",""https://cdnmpro.com/708224949/p/raw/3/set-magnetic-de-constuit-dome-pastel-34-piese-cleverclixx~20663.jpg""]",,"[""Cleverclixx""]",,,true,false,7,0,,,,,0,0,2026-02-07 02:17:14.098,2026-02-20 01:30:20.524,6151004375305.0,TODDLERS_1_3,217.35,0,0,0,0,0,0,2.9,0,0,APPROVED,MATHEMATICS,ee75eea8-9f64-4076-96a2-52f5d6926c14,false,,
6d3105ea-484b-42ed-981a-eb986ad880e1,"Set magnetic de construit Inventiv 60 piese, Cleverclixx",set-magnetic-de-construit-inventiv-60-piese-cleverclixx-CC-1008,"Set de Constructie Cleverclixx - 60 Piese: Creativitate Fara Limite! Descoperă plăcerea nesfârșită a construcțiilor cu acest set original Cleverclixx de 60 de piese! Copilul va explora diferite forme și culori, dezvoltându-și imaginația și abilitățile motorii. Este un set introductiv care poate fi ulterior extins cu seturile suplimentare Cleverclixx! 🚀 Creativitate fără limite și învățare prin joacă Încurajează explorarea de forme noi și structuri inovatoare . Dezvoltă gândirea spațială și abilitățile de rezolvare a problemelor . Perfect pentru joacă individuală sau în grup. 🌟 Experiență de construcție fără limite Creează structuri diverse . Conține piese patrate, dreptunghiulare, triunghiulare, crenelate, de dimensiuni si culori diferite. Compatibil cu alte seturi Cleverclixx precum și cu alte seturi magnetice pentru construcții infinite. Se poate fixa pe suprafețe magnetice, precum un calorifer, pentru a crea în plan vertical . Se poate desena și scrie pe piese cu markere lavabile pentru mai multă distracție. Învață prin metoda STEAM Joaca cu Cleverclixx stimulează dezvoltarea motorie și cognitivă , fiind tot mai des utilizată în grădinițe și școli primare. 🌍 STEAM = Știință, Tehnologie, Inginerie, Arte & Matematică – o metodă modernă de învățare practică. Calitate și siguranță ✔ Potrivit pentru copii de la 3 ani ✔ 60 de piese din plastic MABS fără BPA ✔ Certificări: CPSC, CE, EN71, ASTM Transformă fiecare sesiune de joacă într-o aventură creativă și educativă! AVERTISMENT: Contraindicat copiilor sub 3 ani. Se recomandă supravegherea copilului de către un adult în timpul jocului. Produs de Cleverclixx",403,,,"[""https://cdnmpro.com/708224949/p/raw/1/set-magnetic-de-construit-inventiv-60-piese-cleverclixx~100019191.jpg"",""https://cdnmpro.com/708224949/p/raw/0/set-magnetic-de-construit-inventiv-60-piese-cleverclixx~20700.jpg"",""https://cdnmpro.com/708224949/p/raw/2/set-magnetic-de-construit-inventiv-60-piese-cleverclixx~100019182.jpg"",""https://cdnmpro.com/708224949/p/raw/5/set-magnetic-de-construit-inventiv-60-piese-cleverclixx~100019185.jpg"",""https://cdnmpro.com/708224949/p/raw/8/set-magnetic-de-construit-inventiv-60-piese-cleverclixx~100019188.jpg""]",,"[""Cleverclixx""]",,,true,false,14,0,,,,,0,0,2026-02-07 02:17:14.098,2026-02-20 01:30:20.576,6096121427462.0,TODDLERS_1_3,278.07,0,0,0,0,0,0,2.9,0,0,APPROVED,MATHEMATICS,ee75eea8-9f64-4076-96a2-52f5d6926c14,false,,
6f374a2a-5570-45e4-abad-56b8423cbad5,"Set magnetic de construit- Magformers, 30 piese",set-magnetic-de-construit-magformers-30-piese-clic-701005,"Set Magformers cu 30 de piese cu magnet, de formă pătrată și triunghiulară, cu ajutorul cărora copiii pot să contruiască orice modele doresc. Posibilitățile și distracția sunt nelimitate, așa că cei mici pot să își lase imaginația liberă și creativitatea lor va prinde cât mai multe forme. Proiectate și dezvoltate de specialiști de la „Magformers” - liderul global în domeniul jocului de construit cu magnet, și „Clics” - marcă de jucării cu renume în Belgia, Magformers înseamnă mai mult decât o simplă jucărie. Magformers reunește piese și accesorii pentru construit cu magneți, dezvoltând îndemânarea, creativitatea și imaginația. Magformers este o jucărie de construcție pentru fiecare copil, un mod inedit de a îmbina piesele, garantând pentru calitate și diversitate. Magformers oferă piese de bază simple, cu un nivel ridicat de aplicabilitate, dezvoltându-și îndemânarea, înțelegând spațialitatea și geometria. Siguranța este esențială, așadar piesele cu magnet sunt sigure pentru cei mici! Magneții sunt încapsulați în interiorul pieselor, pe toate laturile lor, și poziționati astfel încât polii lor să se atragă, indiferent de modul în care piesele sunt apropiate, ceea ce este un avantaj inedit! Piesele Magformers se pot apropia pentru a construi apoi prin pliere, combinarea de mai multe părți, îndoirea sau extensia unor laturi, astfel că posibilitățile sunt nelimitate. Vârsta recomandată: +3 ani. AVERTISMENT! Contraindicat copiilor sub 3 ani. A se folosi sub directa supraveghere a unei persoane adulte. Producător: Clics toys, Belgia.",240.8,,,"[""https://cdnmpro.com/708224949/p/raw/7/set-magnetic-de-construit-magformers-30-piese~5707.jpg"",""https://cdnmpro.com/708224949/p/raw/9/set-magnetic-de-construit-magformers-30-piese~6079.jpg"",""https://cdnmpro.com/708224949/p/raw/0/set-magnetic-de-construit-magformers-30-piese~6080.jpg"",""https://cdnmpro.com/708224949/p/raw/1/set-magnetic-de-construit-magformers-30-piese~6081.jpg"",""https://cdnmpro.com/708224949/p/raw/2/set-magnetic-de-construit-magformers-30-piese~6082.jpg""]",,"[""Clicstoys""]",,,true,false,3,0,,,,,0,0,2026-02-07 02:17:14.098,2026-02-20 01:30:21.039,8809134360019.0,TODDLERS_1_3,195.96,0,0,0,0,0,0,2.9,0,0,APPROVED,MATHEMATICS,ee75eea8-9f64-4076-96a2-52f5d6926c14,false,,
70f6e000-a25c-42ec-8e9d-87bb3e4b8cf4,"Joc logic IQ 3D Puzzle Ball, Fridolin",joc-logic-iq-3d-puzzle-ball-fridolin-Fr_17461,"Test IQ Puzzle 3D din lemn de bambus Ball Scopul jocului este de a demonta si apoi a monta puzzle-ul. Dezvoltă perspicacitatea și inteligența. Jocuri de gândire în care trebuie să dezlegați misterul puzzle-urilor, dezvoltă perspicacitatea, inteligența. Grad de dificultate: *** Vârsta recomandată +8 ani. Confecționat din lemn și materiale non-toxice conform reglementărilor EN71 & ASTM. Certificate FSC®. AVERTISMENT: Contraindicat copiilor sub 3 ani. Conține piese mici ce pot fi inghițite. A se utiliza sub stricta supraveghere a unei persoane adulte. Producător: Fridolin, Germania.",60,,,"[""https://cdnmpro.com/708224949/p/raw/7/joc-logic-iq-3d-puzzle-ball-fridolin~3517.jpg"",""https://cdnmpro.com/708224949/p/raw/8/joc-logic-iq-3d-puzzle-ball-fridolin~3788.jpg""]",,"[""Fridolin""]",,,true,false,12,0,,,,,0,0,2026-02-07 02:17:14.098,2026-02-20 01:30:18.897,4031172174615.0,ELEMENTARY_6_8,39.6,0,0,0,0,0,0,2.9,0,0,APPROVED,GENERAL,ee75eea8-9f64-4076-96a2-52f5d6926c14,false,,
74c180fa-44eb-4df8-b5d6-c8d84b323fc8,"Joc logic IQ Square sticks, Fridolin",joc-logic-iq-square-sticks-fridolin-Fr_17314,"Joc logic Square sticks Joc logic puzzle 3D din lemn. Scopul jocului este aranjarea pieselor în cât mai multe moduri, 2 sau 3D. Dezlegi misterul puzzle-ului cu concentrare și răbdare. Dezvoltă perspicacitatea, inteligența, spiritul de observatie. Grad de dificultate: *** Vârsta recomandată: +8 ani. Confecționat din lemn și materiale non-toxice conform reglementărilor EN71 & ASTM. AVERTISMENT: Contraindicat copiilor sub 3 ani. Conține piese mici ce pot fi înghițite. Producător: Fridolin, Germania.",54,,,"[""https://cdnmpro.com/708224949/p/raw/8/joc-logic-iq-square-sticks-fridolin~2138.jpg"",""https://cdnmpro.com/708224949/p/raw/0/joc-logic-iq-square-sticks-fridolin~2500.jpg""]",,"[""Fridolin""]",,,true,false,6,0,,,,,0,0,2026-02-07 02:17:14.098,2026-02-20 01:30:18.573,4031172173144.0,ELEMENTARY_6_8,35.64,0,0,0,0,0,0,2.9,0,0,APPROVED,GENERAL,ee75eea8-9f64-4076-96a2-52f5d6926c14,false,,
7755e2c8-02d9-4244-9d33-8fc62ca9c749,"Kit constructie Crab robot hibrid, Stiinta Verde - Green Science",kit-constructie-crab-robot-hibrid-stiinta-verde-green-science-4M-03448,"Kit constructie Crab robot hibrid, Stiinta Verde - Green Science  este un kit educativ captivant care le permite copiilor sa construiasca o lampa ecologica alimentata prin forta gravitatiei sau manual. Acest set ofera o introducere practica in conceptele de energie regenerabila si reciclare, incurajand creativitatea si gandirea ecologica.   Beneficii      Invatare practica  ,   Demonstreaza cum functioneaza diferite surse de energie regenerabila prin experimente interactive.    Dezvoltarea abilitatilor  ,   Imbunatateste abilitatile de rezolvare a problemelor si intelegerea principiilor stiintifice.    Constientizare ecologica  ,   Incurajeaza responsabilitatea fata de mediu si utilizarea surselor de energie durabile.    Caracteristici      Alimentare ecologica  ,   Functioneaza prin forta gravitatiei sau prin actionare manuala, fara a necesita baterii.    Design educativ  ,   Creat pentru a stimula curiozitatea si intelegerea conceptelor de energie regenerabila.    Continut complet  ,   Include toate componentele necesare pentru asamblare si instructiuni detaliate.    Ce spun utilizatorii?   ,œ   , žCopilul meu a fost fascinat de modul in care lampa functioneaza fara baterii!,   ,   Maria, Bucuresti  ,œ   , žUn mod excelent de a introduce conceptele de energie regenerabila intr-un mod distractiv.,   ,   Andrei, Cluj-Napoca  ,œ   , žAsamblarea a fost usoara si educativa. Recomand cu incredere!,   ,   Elena, Iasi   Detalii tehnice:     Dimensiuni ambalaj: 17 cm (latime) x 22 cm (inaltime) x 6 cm (adancime)    Varsta recomandata: 8 ani+    Nu necesita baterii ,   functioneaza exclusiv cu surse de energie regenerabila  ðŸ mdash;  Adauga acum in cos  Kit constructie Crab robot hibrid, Stiinta Verde - Green Science  si ofera-i copilului tau o experienta educativa si distractiva!   Transforma invatarea intr-o aventura ecologica.  Comanda acum si lasa imaginatia sa prinda viata!",148,,,"[""https://gomagcdn.ro/domains/kidstory.ro/files/product/original/kit-constructie-crab-robot-hibrid-stiinta-verde-green-science-518683.png"",""https://gomagcdn.ro/domains/kidstory.ro/files/product/original/kit-constructie-crab-robot-hibrid-stiinta-verde-green-science-732151.png""]",,"[""4M""]",,,true,false,1,0,,,,,0,0,2026-02-07 02:17:55.145,2026-02-20 01:30:15.452,,ELEMENTARY_6_8,111,0,0,0,0,0,0,2.9,0,0,APPROVED,SCIENCE,26f5418c-965d-4630-994c-b51947cdec04,false,,
7be82f0f-44b7-4ebc-8e2f-7133c909a35b,"Joc magnetic de sortare, Djeco",joc-magnetic-de-sortare-djeco-DJ01614,"Joc magnetic de sortare – FrogyMaze FrogyMaze este un joc magnetic educativ, pentru copiii de peste 3 ani , care transformă învățarea culorilor și formelor într-o aventură amuzantă! Cu ajutorul stiloului magnetic, cei mici ghidează piesele prin labirint și le sortează în funcție de culoare și formă . 🐸 Cum se joacă? Urmează traseele din labirint cu stiloul magnetic Sortează cele 16 piese din lemn în cele 8 spații dedicate Spațiile sunt marcate fie cu flori colorate (pentru culori), fie cu forme geometrice (pentru forme) Ce dezvoltă FrogyMaze? Recunoașterea culorilor și formelor Coordonarea mână-ochi și motricitatea fină, joc pregatitor pentru scris Răbdarea și gândirea logică 🌱 Materiale de calitate : Lemn certificat FSC® – sigur, durabil și ecologic Conține : tablă din lemn cu labirint, 16 piese mobile din lemn (4 culori × 4 forme), stilou magnetic atașat Dimensiuni produs : 22.5 x 22.5 x 1.5 cm AVERTISMENT! Contraindicat copiilor mai mici de 3 ani. Conține magneți. A se folosi sub directa supraveghere a unei persoane adulte. Producător: Djeco.",122.55,,,"[""https://cdnmpro.com/708224949/p/raw/8/joc-magnetic-de-sortare-djeco~20908.jpg"",""https://cdnmpro.com/708224949/p/raw/6/joc-magnetic-de-sortare-djeco~20906.jpg"",""https://cdnmpro.com/708224949/p/raw/7/joc-magnetic-de-sortare-djeco~20907.jpg"",""https://cdnmpro.com/708224949/p/raw/9/joc-magnetic-de-sortare-djeco~20909.jpg""]",,"[""Djeco""]",,,true,false,22,0,,,,,0,0,2026-02-07 02:17:14.098,2026-02-20 01:30:20.719,3070900016149.0,TODDLERS_1_3,85.14,0,0,0,0,0,0,2.9,0,0,APPROVED,MATHEMATICS,ee75eea8-9f64-4076-96a2-52f5d6926c14,false,,
7e30c407-9137-42c0-b2a4-8f37dccfc1e5,"Joc logic IQ 3D Puzzle in cutie metalica Knot, Fridolin",joc-logic-iq-3d-puzzle-in-cutie-metalica-knot-fridolin-Fr_17523,"Test IQ Puzzle 3D din lemn de bambus Knot Joc logic puzzle 3D din lemn de bambus, în cutie metalică. Scopul jocului este de a monta puzzle-ul cu ajutorul pieselor din cutie. Jocuri de gândire în care trebuie să dezlegați misterul puzzle-urilor. Dezvoltă răbdarea, perspicacitatea, inteligența. Grad de dificultate: *** Vârsta recomandată +8 ani. Confecționat din lemn și materiale non-toxice conform reglementărilor EN71 & ASTM. Certificate FSC®. AVERTISMENT: Contraindicat copiilor sub 3 ani. Conține piese mici ce pot fi inghițite. A se utiliza sub stricta supraveghere a unei persoane adulte. Producător: Fridolin, Germania.",41.4,,,"[""https://cdnmpro.com/708224949/p/raw/8/joc-logic-iq-3d-puzzle-in-cutie-metalica-knot-fridolin~3518.jpg"",""https://cdnmpro.com/708224949/p/raw/9/joc-logic-iq-3d-puzzle-in-cutie-metalica-knot-fridolin~3789.jpg"",""https://cdnmpro.com/708224949/p/raw/0/joc-logic-iq-3d-puzzle-in-cutie-metalica-knot-fridolin~3790.jpg""]",,"[""Fridolin""]",,,true,false,5,0,,,,,0,0,2026-02-07 02:17:14.098,2026-02-20 01:30:18.917,4031172175230.0,ELEMENTARY_6_8,30.36,0,0,0,0,0,0,2.9,0,0,APPROVED,GENERAL,ee75eea8-9f64-4076-96a2-52f5d6926c14,false,,
7ef54a14-a9b3-4c33-a949-c587777b6d2d,"Kit stiintific ,   Model Pamant-Luna KidzLabs",kit-stiintific-model-pamant-luna-kidzlabs-4M-03241,"Set educativ 4M Kidz Labs ,   Model Pamant-Luna Kit pentru asamblarea modelului Pamant si Luna. Reproduce miscarea Lunii in jurul Pamantului. Usor de montat, ideal pentru experimente educationale. Stimuleaza invatarea prin joaca si curiozitatea stiintifica. Recomandat pentru copii de 8 ani si peste. Perfect pentru micii astronomi curiosi!",91,,,"[""https://gomagcdn.ro/domains/kidstory.ro/files/product/original/kit-stiintific-model-pamant-luna-kidzlabs-189893.png"",""https://gomagcdn.ro/domains/kidstory.ro/files/product/original/kit-stiintific-model-pamant-luna-kidzlabs-261860.png"",""https://gomagcdn.ro/domains/kidstory.ro/files/product/original/kit-stiintific-model-pamant-luna-kidzlabs-820788.png"",""https://gomagcdn.ro/domains/kidstory.ro/files/product/original/kit-stiintific-model-pamant-luna-kidzlabs-228811.png"",""https://gomagcdn.ro/domains/kidstory.ro/files/product/original/kit-stiintific-model-pamant-luna-kidzlabs-502954.png"",""https://gomagcdn.ro/domains/kidstory.ro/files/product/original/kit-stiintific-model-pamant-luna-kidzlabs-114090.png"",""https://gomagcdn.ro/domains/kidstory.ro/files/product/original/kit-stiintific-model-pamant-luna-kidzlabs-961794.png"",""https://gomagcdn.ro/domains/kidstory.ro/files/product/original/kit-stiintific-model-pamant-luna-kidzlabs-170351.png"",""https://gomagcdn.ro/domains/kidstory.ro/files/product/original/kit-stiintific-model-pamant-luna-kidzlabs-407023.png""]",,"[""4M""]",,,true,false,1,0,,,,,0,0,2026-02-07 02:17:55.145,2026-02-20 01:30:15.627,,ELEMENTARY_6_8,68.25,0,0,0,0,0,0,2.9,0,0,APPROVED,SCIENCE,26f5418c-965d-4630-994c-b51947cdec04,false,,
81c98796-f3c3-4b4a-bd15-42ee58c58bc0,"Kit constructie Racheta ecologica, Stiinta Verde - Green Science",kit-constructie-racheta-ecologica-stiinta-verde-green-science-4M-03298,"Kit constructie Racheta ecologica, Stiinta Verde - Green Science  transforma reciclarea intr-o aventura stiintifica spectaculoasa! Acest kit educativ le permite copiilor sa construiasca si sa lanseze o racheta ecologica, folosind doar doua sticle de plastic goale si cateva pagini dintr-o revista veche. Prin simpla apasare a unei sticle, racheta poate atinge inaltimi de pana la 25 de metri, oferind o introducere practica in principiile fizicii si ale energiei verzi.   Beneficii      Invatare interactiva  ,   Demonstreaza conceptele de presiune a aerului si energie regenerabila intr-un mod captivant.    Dezvoltarea abilitatilor  ,   Imbunatateste coordonarea mana-ochi si stimuleaza gandirea creativa.    Constientizare ecologica  ,   Incurajeaza reciclarea si utilizarea responsabila a resurselor.    Caracteristici      Materiale reciclabile  ,   Utilizeaza sticle de plastic si hartie reciclata pentru constructia rachetei.    Continut complet  ,   Include toate componentele necesare pentru asamblare: conectori, tuburi, suruburi, aripi de racheta si instructiuni detaliate.    Lansare impresionanta  ,   Racheta poate atinge inaltimi de pana la 25 de metri, oferind un spectacol vizual captivant.    Ce spun utilizatorii?   ,œ   , žCopilul meu a fost fascinat sa vada cum racheta zboara atat de sus!,   ,   Maria, Bucuresti  ,œ   , žUn mod excelent de a combina distractia cu invatarea despre reciclare.,   ,   Andrei, Cluj-Napoca  ,œ   , žInstructiunile sunt clare, iar rezultatul este spectaculos. Recomand cu incredere!,   ,   Elena, Iasi   Detalii tehnice:     Dimensiuni ambalaj: 17 cm (latime) x 6 cm (adancime) x 22 cm (inaltime)    Varsta recomandata: 8 ani+    Nu necesita baterii ,   functioneaza exclusiv cu presiunea aerului  ðŸ mdash;  Adauga acum in cos  Kit constructie Racheta ecologica, Stiinta Verde - Green Science  si ofera-i copilului tau o experienta educativa si distractiva!   Transforma reciclarea intr-o aventura stiintifica.  Comanda acum si lasa imaginatia sa prinda aripi!",90,,,"[""https://gomagcdn.ro/domains/kidstory.ro/files/product/original/kit-constructie-racheta-ecologica-stiinta-verde-green-science-013797.png"",""https://gomagcdn.ro/domains/kidstory.ro/files/product/original/kit-constructie-racheta-ecologica-stiinta-verde-green-science-148744.png"",""https://gomagcdn.ro/domains/kidstory.ro/files/product/original/kit-constructie-racheta-ecologica-stiinta-verde-green-science-900389.png""]",,"[""4M""]",,,true,false,1,0,,,,,0,0,2026-02-07 02:17:55.145,2026-02-20 01:30:15.39,,ELEMENTARY_6_8,67.5,0,0,0,0,0,0,2.9,0,0,APPROVED,SCIENCE,26f5418c-965d-4630-994c-b51947cdec04,false,,
83c092e8-debe-4108-854c-0f506e2c7a73,"Joc logic cu rachete si planete, Djeco",joc-logic-cu-rachete-si-planete-djeco-DJ00825,"Joc logic educativ cu rachete si planete Rocket Track este un joc de logică cu provocarea de a construi un labirint funcțional pentru a trimite fiecare rachetă către planeta corectă. Nu e de râs cu gașca și nici de socializat. E un joc de concentrare pură, tip „creier la muncă”, cu dificultate progresivă. Descoperă singura cale posibilă de a ghida rachetele prin galaxie spre planeta lor! Jocul are 4 niveluri de dificultate progresivă . Poate fi jucat individual sau în mod cooperativ. Ce conține: • Tablă de joc ilustrată, față-verso • 20 cărți-provocare (40 de provocări) • 12 piese tip domino (drumuri) • 2 piese pătrate de drum • 4 planete • 4 rachete • Reguli de joc Cum se joacă: Alegi o carte-provocare și montezi tabla conform culorii indicate. Folosești doar piesele indicate pe carte pentru a construi o singură variantă de traseu continuu. Scopul este să conectezi fiecare rachetă cu planeta de aceeași culoare. Provocarea este rezolvată doar dacă există o singură soluție validă, fără drumuri moarte și fără piese suprapuse. Beneficiile jocului: • Dezvoltă gândirea logică și rezolvarea de probleme • Antrenează atenția, răbdarea și planificarea • Dificultate progresivă, potrivită de la copii la adulți • Pentru joc individual sau de cooperare, fără ecrane, fără distrageri Vârsta recomandată: 7-99 ani. Fabricat din lemn FSC® certificat AVERTISMENT! Contraindicat copiilor sub 3 ani. A se folosi sub directa supraveghere a unei persoane adulte. Producător: Djeco. Franta Manual Joc logic cu rachete si planete, Djeco - descarca aici fisierul",84.55,,,"[""https://cdnmpro.com/708224949/p/raw/1/joc-logic-cu-rachete-si-planete-djeco~100158021.jpg"",""https://cdnmpro.com/708224949/p/raw/4/joc-logic-cu-rachete-si-planete-djeco~100158024.jpg"",""https://cdnmpro.com/708224949/p/raw/7/joc-logic-cu-rachete-si-planete-djeco~100158027.jpg"",""https://cdnmpro.com/708224949/p/raw/0/joc-logic-cu-rachete-si-planete-djeco~100158030.jpg""]",,"[""Djeco""]",,,true,false,20,0,,,,,0,0,2026-02-07 02:17:14.098,2026-02-20 01:30:20.857,3070900008250.0,ELEMENTARY_6_8,0,0,0,0,0,0,0,2.9,0,0,APPROVED,SCIENCE,ee75eea8-9f64-4076-96a2-52f5d6926c14,false,,
84d0f459-1bdf-4d2d-b5d5-bf3234cb4ab3,"Joc logic IQ Pearls and plates, Fridolin",joc-logic-iq-pearls-and-plates-fridolin-Fr_17316,"Joc logic Pearls and plates Joc logic puzzle 3D din lemn. Scopul jocului este de a demonta și apoi a reconstrui puzzle-ul. Dezlegi misterul puzzle-ului cu concentrare și răbdare. Dezvoltă perspicacitatea, inteligența. Grad de dificultate: ***. Vârsta recomandată: +8 ani. Confecționat din lemn și materiale non-toxice conform reglementărilor EN71 & ASTM. AVERTISMENT: Contraindicat copiilor sub 3 ani. Conține piese mici ce pot fi înghițite. Producător: Fridolin, Germania.",48.6,,,"[""https://cdnmpro.com/708224949/p/raw/0/joc-logic-iq-pearls-and-plates-fridolin~2140.jpg"",""https://cdnmpro.com/708224949/p/raw/4/joc-logic-iq-pearls-and-plates-fridolin~2504.jpg""]",,"[""Fridolin""]",,,true,false,12,0,,,,,0,0,2026-02-07 02:17:14.098,2026-02-20 01:30:18.591,4031172173168.0,ELEMENTARY_6_8,35.64,0,0,0,0,0,0,2.9,0,0,APPROVED,GENERAL,ee75eea8-9f64-4076-96a2-52f5d6926c14,false,,
85ee0840-6c25-4e82-ad7e-f7f22f730f75,Laborator de amestecat culori,laborator-de-amestecat-culori-4M-04919,"Distreaza-te experimentand cu culorile si lumina cu kitul de mixare KidzLabs Colour Lab Mixer.  Include cateva trucuri grozave de stiinta a apei pentru a-ti uimi prietenii!  Distreaza-te facand un curcubeu de gheata, creand focuri de artificii in apa, pregateste un mixer de culori curcubeu si vopseste flori in culori superbe.  Include o brosura cu instructiuni detaliate cu 18 proiecte distractive.  Varste: 5+",94,,,"[""https://gomagcdn.ro/domains/kidstory.ro/files/product/original/laborator-de-amestecat-culori-766127.png"",""https://gomagcdn.ro/domains/kidstory.ro/files/product/original/laborator-de-amestecat-culori-826666.png"",""https://gomagcdn.ro/domains/kidstory.ro/files/product/original/laborator-de-amestecat-culori-829850.png""]",,"[""4M""]",,,true,false,1,0,,,,,0,0,2026-02-07 02:17:55.145,2026-02-20 01:30:14.6,,PRESCHOOL_3_5,70.5,0,0,0,0,0,0,2.9,0,0,APPROVED,SCIENCE,26f5418c-965d-4630-994c-b51947cdec04,false,,
8a7d0b51-d8db-4a5e-b6ff-75055a6bd15f,Set experimente de crescut geode de cristal,set-experimente-de-crescut-geode-de-cristal-4M-03919-EU,Creste-ti propria geoda de cristal frumoasa cu acest experiment de chimie distractiv si interesant.  Bucurati-va de momentul in care va veti descoperi geoda de cristal.  Include un recipient special conceput pentru cultivarea geodei de cristal de calitate si continutul pentru realizarea a 2 seturi complete de geode de cristal.    Dimensiune cutie: 17cm x 22cm x 6cm  Varsta recomandata: 10 ani +,95,,,"[""https://gomagcdn.ro/domains/kidstory.ro/files/product/original/set-experimente-de-crescut-geode-de-cristal-818366.png"",""https://gomagcdn.ro/domains/kidstory.ro/files/product/original/set-experimente-de-crescut-geode-de-cristal-757578.jpg"",""https://gomagcdn.ro/domains/kidstory.ro/files/product/original/set-experimente-de-crescut-geode-de-cristal-707843.jpg"",""https://gomagcdn.ro/domains/kidstory.ro/files/product/original/set-experimente-de-crescut-geode-de-cristal-250428.jpg"",""https://gomagcdn.ro/domains/kidstory.ro/files/product/original/set-experimente-de-crescut-geode-de-cristal-760416.jpg"",""https://gomagcdn.ro/domains/kidstory.ro/files/product/original/set-experimente-de-crescut-geode-de-cristal-684991.jpg"",""https://gomagcdn.ro/domains/kidstory.ro/files/product/original/set-experimente-de-crescut-geode-de-cristal-563515.jpg"",""https://gomagcdn.ro/domains/kidstory.ro/files/product/original/set-experimente-de-crescut-geode-de-cristal-083184.jpg""]",,"[""4M""]",,,true,false,1,0,,,,,0,0,2026-02-07 02:17:55.145,2026-02-20 01:30:14.325,,ELEMENTARY_6_8,71.25,0,0,0,0,0,0,2.9,0,0,APPROVED,SCIENCE,26f5418c-965d-4630-994c-b51947cdec04,false,,
8b2bd8b2-70de-4870-8ff9-b954f48beeab,"Puzzle Planeta animalelor, Londji",puzzle-planeta-animalelor-londji-LJ_PZ602U,"Puzzle Planeta animalelor Descoperă animalele lumii și devino zoolog. Asamblează puzzle-ul și găsește animalele din caietul exploratorului. Planeta Pământ este o mare necunoscută. Trăim într-o societate a informației și totuși nu cunoaștem multe dintre speciile care împart cu noi această mare planetă albastră. A cunoaște înseamnă a respecta. Puzzle-ul include un joc de observație. Odată asamblat, tinerii aventurieri pot alege o expediție și își pot asuma provocarea de a deveni zoologi, căutând și găsind specii de animale pentru a le fotografia. Acest puzzle ne va ajuta să introducem conceptele de bază ale geografiei, descoperind principalele continente și locațiile lor și să învățăm despre speciile de animale. Vom descoperi o mare varietate de animale, atât cunoscute, cât și mai puțin cunoscute. Joc pentru conștientizarea mediului prin descoperirea importanței biodiversității și necesitatea protejării habitatelor naturale. Îmbunătățește capacitatea de observație, logica, atenția și concentrarea. Ilustrat de Txell Darné. Ambalat în cutie robustă din carton. Dimensiune puzzle 21.5 x 18 cm. Vârsta recomandată: +5 ani. Confecționat din hartie FSC și carton reciclat. Conform reglementarilor EN71&ASTM. AVERTISMENT: Contraindicat copiilor sub 3 ani, conține piese mici, pericol de sufocare. A se utiliza sub directa supraveghere a unui adult. Producător: Londji, Spania.",187,,,"[""https://cdnmpro.com/708224949/p/raw/7/puzzle-planeta-animalelor-londji~19117.jpg"",""https://cdnmpro.com/708224949/p/raw/6/puzzle-planeta-animalelor-londji~19116.jpg"",""https://cdnmpro.com/708224949/p/raw/8/puzzle-planeta-animalelor-londji~19118.jpg"",""https://cdnmpro.com/708224949/p/raw/9/puzzle-planeta-animalelor-londji~19119.jpg"",""https://cdnmpro.com/708224949/p/raw/0/puzzle-planeta-animalelor-londji~19120.jpg""]",,"[""Londji""]",,,true,false,8,0,,,,,0,0,2026-02-07 02:17:14.098,2026-02-20 01:30:20.165,LJ_PZ602U,ELEMENTARY_6_8,123.42,0,0,0,0,0,0,2.9,0,0,APPROVED,SCIENCE,ee75eea8-9f64-4076-96a2-52f5d6926c14,false,,
91205891-b37d-4425-b61a-e7989b61ea4d,"Kit stiintific ,   Distractie cu magneti KidzLabs",kit-stiintific-distractie-cu-magneti-kidzlabs-4M-03482,"Set educativ 4M KidzLabs ,   Fun Magnet Science Set pentru experimente cu magneti si forte magnetice. Include magneti, accesorii si instructiuni pentru 10 experimente. Proiecte: barca magnetica, compas, tren magnetic si altele. Stimuleaza curiozitatea si gandirea logica. Recomandat pentru copii de 8 ani si peste. Ideal pentru micii exploratori ai fizicii!",69,,,"[""https://gomagcdn.ro/domains/kidstory.ro/files/product/original/kit-stiintific-distractie-cu-magneti-kidzlabs-372672.png"",""https://gomagcdn.ro/domains/kidstory.ro/files/product/original/kit-stiintific-distractie-cu-magneti-kidzlabs-059603.png"",""https://gomagcdn.ro/domains/kidstory.ro/files/product/original/kit-stiintific-distractie-cu-magneti-kidzlabs-178516.png""]",,"[""4M""]",,,true,false,1,0,,,,,0,0,2026-02-07 02:17:55.145,2026-02-20 01:30:15.607,,ELEMENTARY_6_8,51.75,0,0,0,0,0,0,2.9,0,0,APPROVED,SCIENCE,26f5418c-965d-4630-994c-b51947cdec04,false,,
91b29cc4-ada6-41a8-bfef-d5f6850f5553,"Kinoptik Roboti, Djeco",kinoptik-roboti-djeco-DJ05611,"Kinoptik Roboți Un joc distractiv de imaginație, construcție și animație. Copiii proiectează și creează roboți aiuriți combinând părțile magnetice de pe tablă - există mii de combinații din care pot să aleagă. Prin mișcarea filtrului optic, ei pot face roboții să prindă viață și să se miște în moduri magice și neașteptate. Broșura de instrucțiuni este inclusă. Joc care stimulează imaginația: copilul construiește forme noi și le adaptează după funcționalitate; set de îndemânare: copilul asamblează pe planșa de lucru formele după model sau liber; joc de animație: cu ajutorul filtrelor se creează efecte optice dinamice. Un exercițiu de creativitate și logică. O mulțime de piese pentru ore de joacă. Conținut: tablă magnetică (30 x 30 cm), 2 filtre optice (24 x 24 cm și 19 x 19 cm), 60 piese de magnetice, broșură cu instrucțiuni. Vârsta recomandată: 6-10 ani. Confecționat din materiale non-toxice, conform reglementărilor EN71&ASTM, cu certificare FSC®. AVERTISMENT: Conține magneți! Contraindicat copiilor sub 3 ani, conține piese mici, pericol de sufocare. A se utiliza sub directa supraveghere a unui adult. Producător: Djeco, Franța",120.65,,,"[""https://cdnmpro.com/708224949/p/raw/3/kinoptik-roboti-djeco~16373.jpg"",""https://cdnmpro.com/708224949/p/raw/3/kinoptik-roboti-djeco~3213.jpg"",""https://cdnmpro.com/708224949/p/raw/9/kinoptik-roboti-djeco~3599.jpg"",""https://cdnmpro.com/708224949/p/raw/4/kinoptik-roboti-djeco~16374.jpg""]",,"[""Djeco""]",,,true,false,12,0,,,,,0,0,2026-02-07 02:17:14.098,2026-02-20 01:30:18.78,3070900056114.0,TODDLERS_1_3,83.82,0,0,0,0,0,0,2.9,0,0,APPROVED,TECHNOLOGY,ee75eea8-9f64-4076-96a2-52f5d6926c14,false,,
91e0ad4b-613d-4795-8b09-961bc3bee808,"Joc logic IQ Puzzle 3D Magic sticks, Fridolin",joc-logic-iq-puzzle-3d-magic-sticks-fridolin-Fr_17492,"Puzzle 3D Magic sticks Joc logic puzzle 3D din lemn de bambus. Scopul jocului este de a demonta si apoi de a monta la loc puzzle-ul. Jocurile de gândire în care trebuie dezlegat misterul puzzle-urilor, dezvoltă perspicacitatea, inteligența. Grad de dificultate: ***. Confecționat din lemn și materiale non-toxice conform reglementărilor EN71 & ASTM. Certificare FSC®. Vârsta recomandată: +8 ani. AVERTISMENT: Contraindicat copiilor sub 3 ani. Conține piese mici ce pot fi inghițite. A se utiliza sub stricta supraveghere a unei persoane adulte. Producător: Fridolin, Germania.",54,,,"[""https://cdnmpro.com/708224949/p/raw/3/joc-logic-iq-puzzle-3d-magic-sticks-fridolin~2143.jpg""]",,"[""Fridolin""]",,,true,false,15,0,,,,,0,0,2026-02-07 02:17:14.098,2026-02-20 01:30:18.611,4031172174929.0,ELEMENTARY_6_8,39.6,0,0,0,0,0,0,2.9,0,0,APPROVED,GENERAL,ee75eea8-9f64-4076-96a2-52f5d6926c14,false,,
985e03a2-24b5-47c8-8aa2-6cbc36d5f7bb,"Joc logic IQ 3D Puzzle Star, Fridolin",joc-logic-iq-3d-puzzle-star-fridolin-Fr_17462,"Test IQ Puzzle 3D din lemn de bambus Star Scopul jocului este de a demonta si apoi a monta puzzle-ul. Dezvoltă perspicacitatea și inteligența. Jocuri de gândire în care trebuie să dezlegați misterul puzzle-urilor, dezvoltă perspicacitatea, inteligența. Grad de dificultate: **** Vârsta recomandată +8 ani. Confecționat din lemn și materiale non-toxice conform reglementărilor EN71 & ASTM. Certificate FSC®. AVERTISMENT: Contraindicat copiilor sub 3 ani. Conține piese mici ce pot fi inghițite. A se utiliza sub stricta supraveghere a unei persoane adulte. Producător: Fridolin, Germania",54,,,"[""https://cdnmpro.com/708224949/p/raw/4/joc-logic-iq-3d-puzzle-star-fridolin~2354.jpg"",""https://cdnmpro.com/708224949/p/raw/2/joc-logic-iq-3d-puzzle-star-fridolin~2652.jpg""]",,"[""Fridolin""]",,,true,false,12,0,,,,,0,0,2026-02-07 02:17:14.098,2026-02-20 01:30:18.649,4031172174622.0,ELEMENTARY_6_8,39.6,0,0,0,0,0,0,2.9,0,0,APPROVED,GENERAL,ee75eea8-9f64-4076-96a2-52f5d6926c14,false,,
98db14ab-d0e5-4b55-b670-5854b71d5373,"Set magnetic de construit Dome 47 piese, Cleverclixx",set-magnetic-de-construit-dome-47-piese-cleverclixx-CC-1024,"Cleverclixx Curved Dome Intense – Creează construcții mai mari și mai spectaculoase! Descoperă Curved Dome Pack , set cu 47 de piese magnetice cu forme curbate, pentru construirea unor structuri complexe și impresionante. Piesele cu forme variate permit imaginației copilului să atingă un nou nivel! 🚀 Creativitate fără limite și învățare prin joacă Încurajează explorarea de forme noi și structuri inovatoare . Dezvoltă gândirea spațială și abilitățile de rezolvare a problemelor . Perfect pentru joacă individuală sau în grup. 🌟 Experiență de construcție unică Creează domuri, arcade și structuri fascinante . Compatibil cu alte seturi Cleverclixx pentru construcții infinite. Se poate fixa pe suprafețe magnetice, precum un calorifer, pentru a crea în plan vertical . Se poate desena și scrie pe piese cu markere lavabile pentru mai multă distracție. 🎓 Învață prin metoda STEAM Joaca cu Cleverclixx stimulează dezvoltarea motorie și cognitivă , fiind tot mai des utilizată în grădinițe și școli primare. 🌍 STEAM = Știință, Tehnologie, Inginerie, Arte & Matematică – o metodă modernă de învățare practică. 🏆 Calitate și siguranță ✔ Potrivit pentru copii de la 3 ani ✔ 47 de piese din plastic MABS fără BPA ✔ Certificări: CPSC, CE, EN71, ASTM Transformă fiecare sesiune de joacă într-o aventură creativă și educativă! AVERTISMENT: Contraindicat copiilor sub 3 ani. Se recomandă supravegherea copilului de către un adult în timpul jocului. Produs de Cleverclixx",367,,,"[""https://cdnmpro.com/708224949/p/raw/7/set-magnetic-de-construit-dome-47-piese-cleverclixx~20647.jpg"",""https://cdnmpro.com/708224949/p/raw/8/set-magnetic-de-construit-dome-47-piese-cleverclixx~20648.jpg"",""https://cdnmpro.com/708224949/p/raw/9/set-magnetic-de-construit-dome-47-piese-cleverclixx~20649.jpg"",""https://cdnmpro.com/708224949/p/raw/0/set-magnetic-de-construit-dome-47-piese-cleverclixx~20650.jpg"",""https://cdnmpro.com/708224949/p/raw/1/set-magnetic-de-construit-dome-47-piese-cleverclixx~20651.jpg""]",,"[""Cleverclixx""]",,,true,false,9,0,,,,,0,0,2026-02-07 02:17:14.098,2026-02-20 01:30:20.503,6151003753746.0,TODDLERS_1_3,253.23,0,0,0,0,0,0,2.9,0,0,APPROVED,MATHEMATICS,ee75eea8-9f64-4076-96a2-52f5d6926c14,false,,
98fe3f6c-5e57-428a-9c67-6c00a7324f7d,"Kit stiintific ,   Constructie binoclu KidzLabs",kit-stiintific-constructie-binoclu-kidzlabs-4M-03477,"Set educativ 4M KidzLabs ,   Construieste-ti proprii binocluri Set pentru a construi un binoclu functional. Invata principiile opticii si modul in care lumina este focalizata. Include toate componentele necesare. Recomandat pentru copii de 8 ani si peste. Stimuleaza gandirea logica si abilitatile STEM. Ideal pentru observatii in natura si peisaje. Un cadou perfect pentru micii exploratori si pasionati de stiinta!",89,,,"[""https://gomagcdn.ro/domains/kidstory.ro/files/product/original/kit-stiintific-constructie-binoclu-kidzlabs-887849.png"",""https://gomagcdn.ro/domains/kidstory.ro/files/product/original/kit-stiintific-constructie-binoclu-kidzlabs-618425.png"",""https://gomagcdn.ro/domains/kidstory.ro/files/product/original/kit-stiintific-constructie-binoclu-kidzlabs-164717.png""]",,"[""4M""]",,,true,false,1,0,,,,,0,0,2026-02-07 02:17:55.145,2026-02-20 01:30:15.586,,ELEMENTARY_6_8,66.75,0,0,0,0,0,0,2.9,0,0,APPROVED,SCIENCE,26f5418c-965d-4630-994c-b51947cdec04,false,,
9d73500f-c1a1-4258-80e4-5544776d7a76,"Joc Eduludo Perlix calcule, Djeco",joc-eduludo-perlix-calcule-djeco-DJ08348,"Perlix joc cu calcule Un joc simplu și distractiv despre numere și cantități. Cardul „provocare” indică elementele care trebuie numărate în imagine; copilul numără și indică numărul de pe abac. Pentru a verifica dacă numărul este corect, întoarceți cardul pentru a vedea soluția. Un joc de numere introductiv cu două feluri de numărare: copilul numără elementele, apoi transcrie această numărare pe abac. Manipularea abacului întărește procesul de numărare și transcrierea numerelor în cantități. Cu autocorectare: copiii întorc cardul și văd imediat dacă răspunsurile sunt corecte. Instrucțiuni foarte detaliate pentru a ajuta părinții să organizeze mai ușor activitatea. Fiecare set Eduludo este extrem de educativ și corespunde unui proces de învățare specific pentru a ajuta copilul să se dezvolte. Conținut: 30 de cărți de provocare față-verso și abac (socotitoare) de lemn. Reguli de joc disponibile în 10 limbi. Vârsta recomandată: 4 - 8 ani. Confecționat din carton, lemn și metal non-toxice, Lemn certificat FSC®. AVERTISMENT: Contraindicat copiilor mai mici de 3 ani, conține piese mici, pericol de sufocare. A se folosi sub directa supraveghere a unei persoane adulte. Producă tor: D jeco, F ranța",117.8,,,"[""https://cdnmpro.com/708224949/p/raw/8/joc-eduludo-perlix-calcule-djeco~7378.jpg"",""https://cdnmpro.com/708224949/p/raw/4/joc-eduludo-perlix-calcule-djeco~6794.jpg"",""https://cdnmpro.com/708224949/p/raw/6/joc-eduludo-perlix-calcule-djeco~7376.jpg""]",,"[""Djeco""]",,,true,false,23,0,,,,,0,0,2026-02-07 02:17:14.098,2026-02-20 01:30:19.528,3070900083486.0,TODDLERS_1_3,81.84,0,0,0,0,0,0,2.9,0,0,APPROVED,MATHEMATICS,ee75eea8-9f64-4076-96a2-52f5d6926c14,false,,
9e5884a7-4907-49c6-8629-ec998d3b0728,"Kit constructie Robot Solar mini 3 in 1, Stiinta Verde - Green Science",kit-constructie-robot-solar-mini-3-in-1-stiinta-verde-green-science-4M-03377,"Descopera puterea tehnologiei ecologice cu setul 4M Eco Engineering - Robot Solar Mini 3-in-1! Acest kit educativ fascinant este ideal pentru copiii curiosi si inventivi, oferindu-le oportunitatea de a construi trei modele diferite de roboti alimentati cu energie solara. Perfect pentru micii ingineri cu varste de la 5 ani in sus, acest set transforma invatarea intr-o experienta interactiva si distractiva.       Caracteristici principale:    Educatie prin joaca : Setul 4M Eco Engineering - Robot Solar Mini 3-in-1 permite copiilor sa inteleaga principiile de baza ale energiei solare si ale ingineriei prin construirea a trei modele unice: un robot, un scorpion si un tank. Acest kit educativ ofera o experienta hands-on care imbina invatarea cu distractia.   Materiale de calitate superioara : Kitul include toate componentele necesare pentru asamblarea celor trei modele, precum panouri solare, piese de montaj si instructiuni detaliate. Materialele sunt sigure, durabile si concepute pentru a oferi o experienta educativa fara probleme.   Proiect eco-friendly : Copiii vor invata despre importanta utilizarii resurselor regenerabile si cum sa transforme energia solara in miscare. Activitatea promoveaza constiinta ecologica si incurajeaza grija pentru mediul inconjurator.   Dezvoltare educativa : Construirea si experimentarea cu robotii solari ajuta la dezvoltarea abilitatilor de rezolvare a problemelor, gandirea critica si coordonarea ochi-mana. Este o activitate educativa care stimuleaza curiozitatea si creativitatea.   Cadoul perfect pentru copii : Ambalajul atractiv si continutul educativ fac din acest set un cadou ideal pentru orice ocazie, fie ca este vorba de zile de nastere, sarbatori sau surprize speciale.       De ce sa alegi 4M Eco Engineering - Robot Solar Mini 3-in-1?    Invatare interactiva : Ofera o modalitate practica de a introduce copiii in lumea energiei solare si a ingineriei.   Sustenabil si educativ : Promoveaza utilizarea energiei regenerabile si constiinta ecologica.   Versatilitate : Trei modele intr-un singur set, oferind ore de explorare si invatare.       Ofera copilului tau ocazia de a descoperi si invata despre energiile regenerabile cu setul 4M Eco Engineering - Robot Solar Mini 3-in-1. Acest kit nu doar ca ii va oferi ore de divertisment educativ, dar ii va si dezvolta abilitati valoroase si o constiinta ecologica.   Comanda acum si incurajeaza curiozitatea si creativitatea copilului tau cu setul 4M Eco Engineering - Robot Solar Mini 3-in-1!   Set ideal pentru Saptamana Verde.",133,,,"[""https://gomagcdn.ro/domains/kidstory.ro/files/product/original/kit-constructie-mini-robot-solar-3-in-1-stiinta-verde-green-science-447016.jpg"",""https://gomagcdn.ro/domains/kidstory.ro/files/product/original/kit-constructie-mini-robot-solar-3-in-1-stiinta-verde-green-science-227822.jpg"",""https://gomagcdn.ro/domains/kidstory.ro/files/product/original/kit-constructie-mini-robot-solar-3-in-1-stiinta-verde-green-science-825386.jpg"",""https://gomagcdn.ro/domains/kidstory.ro/files/product/original/kit-constructie-mini-robot-solar-3-in-1-stiinta-verde-green-science-017187.jpg"",""https://gomagcdn.ro/domains/kidstory.ro/files/product/original/kit-constructie-mini-robot-solar-3-in-1-stiinta-verde-green-science-531741.jpg"",""https://gomagcdn.ro/domains/kidstory.ro/files/product/original/kit-constructie-mini-robot-solar-3-in-1-stiinta-verde-green-science-329959.jpg""]",,"[""4M""]",,,true,false,1,0,,,,,0,0,2026-02-07 02:17:55.145,2026-02-20 01:30:15.21,,PRESCHOOL_3_5,99.75,0,0,0,0,0,0,2.9,0,0,APPROVED,SCIENCE,26f5418c-965d-4630-994c-b51947cdec04,false,,
a429266c-69b8-4546-8ecf-5085a03df8ff,"Joc de logica Podul crocodilului, Djeco",joc-de-logica-podul-crocodilului-djeco-DJ00816,"Joc de logica Podul crocodilului Un joc care combină logica, strategia și reflecția, cu o gamă largă de elemente diferite. Jucătorii trebuie să afle cum să ajungă la malul indicat al râului fără să calce peste crocodili înfometați! O singură soluție posibilă pentru fiecare provocare. Găsiți soluțiile la sfârșitul broșurii. 3 niveluri de dificultate. Dezvoltă răbdarea, logica și abilitățile de deducție. O provocare captivantă: nu lăsa crocodilul să te mănânce! Conținut: tablă de joc, 2 crocodili, 10 trunchiuri, 7 plăci de scândură (5 mici și 2 mari), 30 de cartonașe provocare cu două fețe. Vârsta recomandată: 5-99 ani. Pentru un jucător. Fabricat din lemn certificat FSC®, plastic, carton. Producător: Djeco. Manual Joc de logica Podul crocodilului, Djeco - descarca aici fisierul",112.1,,,"[""https://cdnmpro.com/708224949/p/raw/3/joc-de-logica-podul-crocodilului-djeco~16733.jpg"",""https://cdnmpro.com/708224949/p/raw/4/joc-de-logica-podul-crocodilului-djeco~16734.jpg"",""https://cdnmpro.com/708224949/p/raw/5/joc-de-logica-podul-crocodilului-djeco~16735.jpg""]",,"[""Djeco""]",,,true,false,17,0,,,,,0,0,2026-02-07 02:17:14.098,2026-02-20 01:30:20.086,3070900008168.0,TODDLERS_1_3,77.88,0,0,0,0,0,0,2.9,0,0,APPROVED,ENGINEERING,ee75eea8-9f64-4076-96a2-52f5d6926c14,false,,
a470b177-b735-4547-b33d-0e0981256ca2,"Joc Circuit Domino, Egmont Toys",joc-circuit-domino-egmont-toys-Egm_570135,"Un joc clasic - circuit domino Conține: 200 piese de domino din lemn (câteva sunt mai mari, 1 piesă are atașat 1 clopoțel, pentru a marca finalul lanțului). Scopul jocului: să îți pui în joc toate piesele de domino sau să dobori întregul lanț din piese, dintr-o mișcare. Vârsta recomandată: +3 ani. Confecționat din materiale și vopsele non toxice conform reglementărilor EN71&ASTM. AVERTISMENT: Contraindicat copiilor sub 3 ani. Conține părți mici. Se recomandă supravegherea copilului de către un adult în timpul jocului. Producător: Egmont Toys, Belgia.",140,,,"[""https://cdnmpro.com/708224949/p/raw/9/joc-circuit-domino-egmont-toys~6639.jpg""]",,"[""Egmont Toys""]",,,true,false,7,0,,,,,0,0,2026-02-07 02:17:14.098,2026-02-20 01:30:19.486,5420023034724.0,TODDLERS_1_3,92.4,0,0,0,0,0,0,2.9,0,0,APPROVED,TECHNOLOGY,ee75eea8-9f64-4076-96a2-52f5d6926c14,false,,
a4b052bf-6a5e-4cbc-91f3-29004ee50fbf,"Kit constructie Vehicul solar, Stiinta Verde - Green Science",kit-constructie-vehicul-solar-stiinta-verde-green-science-4M-03286,"ðŸšmdash;  Kit constructie Vehicul solar, Stiinta Verde - Green Science  este un kit educativ captivant care le permite copiilor sa construiasca un rover alimentat de energie solara. Transformand o doza reciclata de suc intr-un vehicul ecologic, acest set ofera o introducere practica in conceptele de energie regenerabila si inginerie mecanica.   Beneficii      Invatare practica  ,   Introduce copiii in principiile energiei solare si ale reciclarii.    Dezvoltarea abilitatilor  ,   Imbunatateste coordonarea mana-ochi si abilitatile de rezolvare a problemelor.    Stimulare creativa  ,   Incurajeaza creativitatea si curiozitatea prin asamblarea si personalizarea roverului.    Caracteristici      Alimentare solara  ,   Roverul functioneaza cu energie solara, demonstrand conversia luminii solare in energie mecanica.    Materiale reciclabile  ,   Utilizeaza o doza de suc reciclata ca parte a constructiei, promovand constientizarea ecologica.    Continut complet  ,   Include toate componentele necesare pentru asamblare si instructiuni detaliate.    Ce spun utilizatorii?   ,œ   , žCopilul meu a fost fascinat sa vada cum roverul se misca cu ajutorul soarelui!,   ,   Maria, Bucuresti  ,œ   , žUn mod excelent de a introduce conceptele de energie regenerabila intr-un mod distractiv.,   ,   Andrei, Cluj-Napoca  ,œ   , žAsamblarea a fost usoara si educativa. Recomand pentru toti micii inventatori!,   ,   Elena, Iasi   Detalii tehnice:     Dimensiuni ambalaj: 24.13 cm x 6.35 cm x 21.59 cm    Varsta recomandata: 8 ani+    Nu necesita baterii ,   functioneaza exclusiv cu energie solara  ðŸ mdash;  Adauga acum in cos  Kit constructie Vehicul solar, Stiinta Verde - Green Science  si ofera-i copilului tau o experienta educativa si distractiva!   Transforma invatarea intr-o aventura ecologica.  Comanda acum si lasa imaginatia sa prinda viata!",133,,,"[""https://gomagcdn.ro/domains/kidstory.ro/files/product/original/kit-constructie-vehicul-solar-stiinta-verde-green-science-081901.png"",""https://gomagcdn.ro/domains/kidstory.ro/files/product/original/kit-constructie-vehicul-solar-stiinta-verde-green-science-246948.png"",""https://gomagcdn.ro/domains/kidstory.ro/files/product/original/kit-constructie-vehicul-solar-stiinta-verde-green-science-102332.png"",""https://gomagcdn.ro/domains/kidstory.ro/files/product/original/kit-constructie-vehicul-solar-stiinta-verde-green-science-025514.png"",""https://gomagcdn.ro/domains/kidstory.ro/files/product/original/kit-constructie-vehicul-solar-stiinta-verde-green-science-701283.png"",""https://gomagcdn.ro/domains/kidstory.ro/files/product/original/kit-constructie-vehicul-solar-stiinta-verde-green-science-459670.png"",""https://gomagcdn.ro/domains/kidstory.ro/files/product/original/kit-constructie-vehicul-solar-stiinta-verde-green-science-312113.png"",""https://gomagcdn.ro/domains/kidstory.ro/files/product/original/kit-constructie-vehicul-solar-stiinta-verde-green-science-814041.png""]",,"[""4M""]",,,true,false,1,0,,,,,0,0,2026-02-07 02:17:55.145,2026-02-20 01:30:15.344,,ELEMENTARY_6_8,99.75,0,0,0,0,0,0,2.9,0,0,APPROVED,SCIENCE,26f5418c-965d-4630-994c-b51947cdec04,false,,
a4ce7f55-7bcd-475d-9877-b76be72ddb9d,"Joc de echilibru Alehop Turnul elefantilor, Londji",joc-de-echilibru-alehop-turnul-elefantilor-londji-LJ_WT006U,"Joc de echilibru - Turnul Elefanților - Construiește turnuri imposibile Joc creativ din lemn, fabricat în Barcelona! Descriere produs Primul un elefant, apoi o minge, încă un elefant... și acum... atenție, cade! Cine va reuși să construiască cel mai înalt turn și să sfideze legile gravitației? Acest joc de echilibru și îndemânare oferă ore întregi de distracție și creativitate pentru întreaga familie. Caracteristici principale Conține: 8 figurine din lemn în formă de elefant, 3 mingi pentru a crea structuri diverse și pentru a găsi echilibrul perfect. Beneficii pentru copii și familie Dezvoltă coordonarea și abilitățile motorii fine. Stimulează creativitatea și gândirea logică. Perfect pentru jocuri în familie sau activități educative. Cum se joacă? Alege o piesă și începe să construiești turnul. Adaugă elefanți și mingi, încercând să menții echilibrul. Cine construiește cel mai înalt turn fără să-l dărâme câștigă! Materiale eco-friendly: Realizat din fibre de lemn reciclate și vopsele organice de origine europeană. Certificat FSC. Design unic: Ilustrații semnate de Txell Darné. Avertiment: Nu este recomandat pentru copiii sub 3 ani. Conține piese mici care pot fi înghițite. Fabricat în Barcelona.",179.1,,,"[""https://cdnmpro.com/708224949/p/raw/4/joc-de-echilibru-alehop-turnul-elefantilor-londji~20744.jpg"",""https://cdnmpro.com/708224949/p/raw/5/joc-de-echilibru-alehop-turnul-elefantilor-londji~20745.jpg"",""https://cdnmpro.com/708224949/p/raw/6/joc-de-echilibru-alehop-turnul-elefantilor-londji~20746.jpg"",""https://cdnmpro.com/708224949/p/raw/7/joc-de-echilibru-alehop-turnul-elefantilor-londji~20747.jpg"",""https://cdnmpro.com/708224949/p/raw/8/joc-de-echilibru-alehop-turnul-elefantilor-londji~20748.jpg""]",,"[""Londji""]",,,true,false,12,0,,,,,0,0,2026-02-07 02:17:14.098,2026-02-20 01:30:20.62,LJ_WT006U,TODDLERS_1_3,131.34,0,0,0,0,0,0,2.9,0,0,APPROVED,ENGINEERING,ee75eea8-9f64-4076-96a2-52f5d6926c14,false,,
adc0aac3-5805-4220-b0e1-184a61d23a3f,"Joc magnetic Circuit pastel cu bile - 70 Piese, Cleverclixx",joc-magnetic-circuit-pastel-cu-bile-70-piese-cleverclixx-CC-1002,"Cleverclixx Circuit p astel cu bile 70 piese Set magnetic de construcție cu 70 piese conceput pentru a inspira micii arhitecți! Acest set este introducerea perfectă în jocul magnetic, oferind posibilități nelimitate pentru structuri creative și trasee spectaculoase pentru bile. De ce să alegi Cleverclixx? 🔹 Stimulează creativitatea și imaginația – Magneții au ceva magic, captivând copiii și oferindu-le libertatea de a construi forme și structuri unice. 🔹 Crește odată cu copilul – De la vârsta de 3 ani , cei mici pot explora conceptele de construcție 3D . Pe măsură ce cresc, pot realiza structuri mai complexe și chiar folosi Cleverclixx pentru exerciții matematice la școală. 🔹 Compatibil și extensibil – Toate seturile Cleverclixx sunt complet compatibile între ele, permițând extinderea colecției și dezvoltarea continuă a creativității. 🔹 Joacă versatilă – Construiește pe podea sau du creativitatea la un alt nivel atașând construcțiile pe suprafețe magnetice, precum caloriferele . Folosește markere lavabile pentru a desena litere, numere sau forme și transformă joaca într-o experiență educativă! 🔹 Încurajează învățarea STEAM – Cleverclixx dezvoltă abilități din domeniile Știință, Tehnologie, Inginerie, Artă și Matematică (STEAM) , transformând învățarea într-un proces practic, captivant și distractiv. Educațional și sigur Seturile Cleverclixx sunt utilizate în grădinițe și școli primare din întreaga lume pentru a sprijini dezvoltarea abilităților motorii, gândirii logice și rezolvării problemelor . Misiunea Cleverclixx este de a crea jucării educaționale care inspiră curiozitatea, creativitatea și dorința de a învăța pe tot parcursul vieții. Detalii produs ✔ 70 piese magnetice în culori pastelate ✔ Recomandat pentru copii de la 3 ani ✔ Fabricat din plastic MABS de înaltă calitate ✔ Fără BPA - sigur pentru copii ✔ Certificat (CPSC, CE, EN71, ASTM) Descoperă mai multe! Explorează gama completă de seturi Cleverclixx, inclusiv seturi mici, medii, mari, culori pastelate & intense, circuite cu bile și multe altele . Lasă imaginația să construiască fără limite cu Cleverclixx! 🚀 Avertisment! Nu este potrivit pentru copiii sub 3 ani. Conține piese mici. Se recomandă supravegherea copilului de către un adult în timpul jocului. Produs de Cleverclixx",451,,,"[""https://cdnmpro.com/708224949/p/raw/7/joc-magnetic-circuit-pastel-cu-bile-70-piese-cleverclixx~20537.jpg"",""https://cdnmpro.com/708224949/p/raw/9/joc-magnetic-circuit-pastel-cu-bile-70-piese-cleverclixx~20539.jpg"",""https://cdnmpro.com/708224949/p/raw/3/joc-magnetic-circuit-pastel-cu-bile-70-piese-cleverclixx~20543.jpg"",""https://cdnmpro.com/708224949/p/raw/4/joc-magnetic-circuit-pastel-cu-bile-70-piese-cleverclixx~100022974.jpg"",""https://cdnmpro.com/708224949/p/raw/7/joc-magnetic-circuit-pastel-cu-bile-70-piese-cleverclixx~100022977.jpg""]",,"[""Cleverclixx""]",,,true,false,8,0,,,,,0,0,2026-02-07 02:17:14.098,2026-02-20 01:30:20.39,6096128047069.0,TODDLERS_1_3,311.19,0,0,0,0,0,0,2.9,0,0,APPROVED,MATHEMATICS,ee75eea8-9f64-4076-96a2-52f5d6926c14,false,,
b1c43420-7fc5-4120-9f22-993a0e26d5ba,Laborator cu bule efervescente KidzLabs,laborator-cu-bule-efervescente-kidzlabs-4M-03454,"Distreaza-te copios incercand aceste experimente stiintifice fascinante. Adaugati doar otet si bicarbonat de sodiu din casa! Faceti un monstru spumos infricosator si urmariti cum ii iese spuma din gura!    Faceti lava efervescenta, o racheta de curse, un vapor si distrati-va cu vulcanul de masa! 11 proiecte amuzante, inclusiv Vulcan de masa, Rocket Racer, Monstru urat de spuma, Fizzy Lava.  Pentru varste de peste 8 ani.",97,,,"[""https://gomagcdn.ro/domains/kidstory.ro/files/product/original/laborator-cu-bule-efervescente-kidzlabs-867699.png"",""https://gomagcdn.ro/domains/kidstory.ro/files/product/original/laborator-cu-bule-efervescente-kidzlabs-729561.png"",""https://gomagcdn.ro/domains/kidstory.ro/files/product/original/laborator-cu-bule-efervescente-kidzlabs-372106.png""]",,"[""4M""]",,,true,false,1,0,,,,,0,0,2026-02-07 02:17:55.145,2026-02-20 01:30:14.702,,ELEMENTARY_6_8,72.75,0,0,0,0,0,0,2.9,0,0,APPROVED,SCIENCE,26f5418c-965d-4630-994c-b51947cdec04,false,,
b5e0848d-9a3f-45c0-a3d5-537d754068aa,"Microscop portabil, cu adaptor pentru smartphone, marire 120 -240x, MicroPic",microscop-portabil-cu-adaptor-pentru-smartphone-marire-120-240x-micropic-MP-400,"Magnificare impresionanta - Descoperiti lumea minunilor microscopice cu acest microscop de buzunar Carson iluminat cu LED-uri, echipat cu un interval de magnificare total puternic de 120x - 240x.  Fie ca sunteti un entuziast al stiintei, student sau profesionist, acest instrument portabil va permite sa explorati, sa invatati si sa impartasiti descoperirile dvs. ca niciodata inainte.  Explorati detaliile ascunse ale plantelor, frunzelor, florilor, microorganismelor, tesaturilor, parului, alimentelor, apei si nenumaratelor alte detalii mici din lumea din jurul vostru.  Digiscoping convenabil - Sistemul avansat de iluminare al acestui microscop portabil ofera 2 setari de luminozitate LED pentru iluminare optima, asigurandu-va ca capturati imagini clare.  Cu un clips adaptor pentru smartphone inclus, MP-400 este un excelent microscop de buzunar pentru un tanar stiintific interesat de lumea digiscoping ului. Conectati usor smartphone-ul la microscop cu clipsul pentru smartphone pentru a captura descoperirile dvs. pe telefonul dvs. mobil!  Explorati dincolo de lamele - Spre deosebire de microscoapele traditionale, microscoapele de buzunar de la Carson ofera o mare versatilitate, permitandu-va sa vizualizati fie obiecte de zi cu zi, fie lamele pregatite de oriunde!  Proiectati-va propriul experiment utilizand lamela goala si lamela inclusa pentru a crea propriile lamele de microscop personalizate cu specimenul biologic al alegerii dvs., sau pur si simplu indepartati suportul de baza al microscopului portabil pentru a examina obiectele direct.  Portabil si versatil - Microscoapele de buzunar iluminate cu LED-uri de la Carson sunt cele mai bune microscoape pentru cei care sunt in miscare. Designul sau compact, magnificarea ridicata si capacitatile de digiscoping pentru smartphone, il fac indispensabil pentru cercetarea de teren sau observatiile rapide in laborator.  Fie ca sunteti student sau cercetator profesionist, acest microscop portabil ofera o calitate si o comoditate exceptionale, toate din buzunarul dvs.!  Carson Optical este o companie cu 34 de experienta in domeniul opticii, fiind producatorul nr 1 de lupe din SUA, producatorul nr 1 de microscoape de buzunar din SUA si unul dintre principalii furnizori de binocluri. Carson are peste 100 de sute de brevete si vinde atat vanatorilor, cat si excursionistilor, studentilor, artizanilor si constructorilor.    Carson este un nume de incredere in domeniul opticii si ofera o varietate de produse care sunt perfecte pentru copii. Kiturile Carson sunt concepute pentru a fi distractive si educative si sunt cadouri excelente pentru copiii interesati de stiinta.",163,,,"[""https://gomagcdn.ro/domains/kidstory.ro/files/product/original/microscop-portabil-cu-adaptor-pentru-smartphone-marire-120-240x-micropic-386659.jpg"",""https://gomagcdn.ro/domains/kidstory.ro/files/product/original/microscop-portabil-cu-adaptor-pentru-smartphone-marire-120-240x-micropic-045797.jpg"",""https://gomagcdn.ro/domains/kidstory.ro/files/product/original/microscop-portabil-cu-adaptor-pentru-smartphone-marire-120-240x-micropic-648838.jpg"",""https://gomagcdn.ro/domains/kidstory.ro/files/product/original/microscop-portabil-cu-adaptor-pentru-smartphone-marire-120-240x-micropic-681659.jpg"",""https://gomagcdn.ro/domains/kidstory.ro/files/product/original/microscop-portabil-cu-adaptor-pentru-smartphone-marire-120-240x-micropic-613694.jpg"",""https://gomagcdn.ro/domains/kidstory.ro/files/product/original/microscop-portabil-cu-adaptor-pentru-smartphone-marire-120-240x-micropic-155877.jpg"",""https://gomagcdn.ro/domains/kidstory.ro/files/product/original/microscop-portabil-cu-adaptor-pentru-smartphone-marire-120-240x-micropic-276160.jpg"",""https://gomagcdn.ro/domains/kidstory.ro/files/product/original/microscop-portabil-cu-adaptor-pentru-smartphone-marire-120-240x-micropic-986731.jpg""]",,"[""Carson""]",,,true,false,1,0,,,,,0,0,2026-02-07 02:17:55.145,2026-02-20 01:30:15.099,,MIDDLE_SCHOOL_9_12,163,0,0,0,0,0,0,2.9,0,0,APPROVED,SCIENCE,26f5418c-965d-4630-994c-b51947cdec04,false,,
b72a143a-6794-4376-b301-9a6a32cfe09e,"Jocuri magnetice Traseu de curse 65 piese, Cleverclixx",jocuri-magnetice-traseu-de-curse-65-piese-cleverclixx-CC-1011,"Cleverclixx Set de Piste de Curse - 65 Piese: Distracție Fără Sfârșit! Descoperă plăcerea nesfârșită a curselor de mașini cu acest set Cleverclixx de 65 de piese! Copilul va construi piste de curse originale, la diferite niveluri, dezvoltându-și creativitatea și îndemânarea. Setul include semne de circulație, un automobil care se deplasează singur și piloni pentru o experiență de joc captivantă. 🚀 Creativitate fără limite și învățare prin joacă Încurajează explorarea de forme noi și structuri inovatoare . Dezvoltă gândirea spațială și abilitățile de rezolvare a problemelor . Perfect pentru joacă individuală sau în grup. 🌟 Experiență de construcție fără limite Creează structuri diverse . Conține piese patrate, dreptunghiulare, triunghiulare, crenelate, de dimensiuni si culori diferite. Compatibil cu alte seturi Cleverclixx precum și cu alte seturi magnetice pentru construcții infinite. Se poate fixa pe suprafețe magnetice, precum un calorifer, pentru a crea în plan vertical . Se poate desena și scrie pe piese cu markere lavabile pentru mai multă distracție. 🎓 Învață prin metoda STEAM Joaca cu Cleverclixx stimulează dezvoltarea motorie și cognitivă , fiind tot mai des utilizată în grădinițe și școli primare. 🌍 STEAM = Știință, Tehnologie, Inginerie, Arte & Matematică – o metodă modernă de învățare practică. 🏆 Calitate și siguranță ✔ Potrivit pentru copii de la 3 ani ✔ 65 de piese din plastic MABS fără BPA ✔ Certificări: CPSC, CE, EN71, ASTM Transformă fiecare sesiune de joacă într-o aventură creativă și educativă! AVERTISMENT: Contraindicat copiilor sub 3 ani. Se recomandă supravegherea copilului de către un adult în timpul jocului. Produs de Cleverclixx",629,,,"[""https://cdnmpro.com/708224949/p/raw/5/jocuri-magnetice-traseu-de-curse-65-piese-cleverclixx~100019515.jpg"",""https://cdnmpro.com/708224949/p/raw/0/jocuri-magnetice-traseu-de-curse-65-piese-cleverclixx~100019500.jpg"",""https://cdnmpro.com/708224949/p/raw/3/jocuri-magnetice-traseu-de-curse-65-piese-cleverclixx~100019503.jpg"",""https://cdnmpro.com/708224949/p/raw/6/jocuri-magnetice-traseu-de-curse-65-piese-cleverclixx~100019506.jpg"",""https://cdnmpro.com/708224949/p/raw/9/jocuri-magnetice-traseu-de-curse-65-piese-cleverclixx~100019509.jpg""]",,"[""Cleverclixx""]",,,true,false,14,0,,,,,0,0,2026-02-07 02:17:14.098,2026-02-20 01:30:20.596,6096125953998.0,TODDLERS_1_3,434.01,0,0,0,0,0,0,2.9,0,0,APPROVED,MATHEMATICS,ee75eea8-9f64-4076-96a2-52f5d6926c14,false,,
b9877a6e-eee3-44db-85d8-4c9df866405c,"Extensie piese magnetice pentru circuit auto, Cleverclixx",extensie-piese-magnetice-pentru-circuit-auto-cleverclixx-CC-1020,"Extensie Curbe pentru circuit auto – Cleverclixx | 15 piese magnetice pentru circuit de curse 🧲🏎️ Mai multă viteză, mai multe viraje! Cu acest set de 15 piese magnetice curbate, copiii pot extinde circuitul Cleverclixx și crea trasee mai complexe, mai lungi și mai spectaculoase. Compatibil cu toate seturile Cleverclixx și alte branduri magnetice. Ce conține pachetul: 15 piese magnetice de tip curbă (design Intense – culori vibrante) Compatibile 100% cu toate seturile Cleverclixx Race Track Se combină ușor cu alte piese: drepte, intersecții sau forme clasice Oferă flexibilitate maximă în construcția circuitelor 3D Recomandat pentru: Extinderea seturilor de bază Dezvoltarea gândirii spațiale și a creativității Joacă educativă individuală sau în echipă Vârsta recomandată: 3+ ani Producător: Cleverclixx, Belgia 🇧🇪 AVERTISMENT: Contraindicat copiilor sub 3 ani. Se recomandă supravegherea copilului de către un adult în timpul jocului.",164,,,"[""https://cdnmpro.com/708224949/p/raw/1/extensie-piese-magnetice-pentru-circuit-auto-cleverclixx~21181.jpg"",""https://cdnmpro.com/708224949/p/raw/0/extensie-piese-magnetice-pentru-circuit-auto-cleverclixx~21180.jpg"",""https://cdnmpro.com/708224949/p/raw/2/extensie-piese-magnetice-pentru-circuit-auto-cleverclixx~21182.jpg"",""https://cdnmpro.com/708224949/p/raw/2/extensie-piese-magnetice-pentru-circuit-auto-cleverclixx~100022902.jpg""]",,"[""Cleverclixx""]",,,true,false,20,0,,,,,0,0,2026-02-07 02:17:14.098,2026-02-20 01:30:20.76,6096734294208.0,TODDLERS_1_3,113.16,0,0,0,0,0,0,2.9,0,0,APPROVED,TECHNOLOGY,ee75eea8-9f64-4076-96a2-52f5d6926c14,false,,
c23193f3-d823-48c0-bcef-08cb7d56130f,"Kit STEM Primii pasi Principii de codare si roboti, Thames & Kosmos",kit-stem-primii-pasi-principii-de-codare-si-roboti-thames-and-kosmos-K_567012,"Kit STEM Copiii descopera principiile de codare si cum functioneaza robotii Acest mic și simpatic sandviș cu gem este de fapt un robot care îi învață pe copii principiile și abilitățile de codare. Nu aveți nevoie de o tabletă, de un smartphone sau de un computer pentru a programa acest robot; programele sunt create prin simpla așezare a unei secvențe de carduri. Pe măsură ce robotul trece peste cardurile de cod, un scaner optic OID din partea de jos a robotului citește cardurile de cod unul câte unul și încarcă programul. Apoi, plasați robotul pe o grilă, iar el va execută programul. Puteți programa robotul să se deplaseze în diferite direcții, să își activeze angrenajul de ieșire, să își aprindă LED-ul, să emită sunete și să răspundă la diferite carduri de funcții. Angrenajul de ieșire integrat face posibilă construirea unor creații robotice simple, cu brațe sau alte părți mobile care răspund conform instrucțiunilor programului. Acest kit de robot predă, de asemenea, abilități de inginerie fizică și de rezolvare a problemelor printr-o serie de lecții de construcție și codificare. Cele 30 de lecții sunt aliniate la standardele pentru educația în domeniul informaticii elaborate de Computer Science Teachers Association (CSTA) și de International Society for Technology (ISTE) Education, precum și la cursurile de la Code.org. Lecțiile progresează în complexitate prin intermediul manualului ilustrat, permițând kitului să fie adecvat pentru un copil de la 4 ani cu ajutorul unui adult și până la opt ani. Lecțiile acoperă aceste șase domenii cheie în codificare: secvențiere, bucle, evenimente, condiționale, funcții și variabile. Sunt incluse 6 povești, fiecare cu o serie de provocări de construcție modele și de codificare precum și lecții legate de acestea: un șoarece se deplasează printr-un labirint pentru a găsi brânză; un pinguin se plimbă printr-o grădină zoologică; un jucător de fotbal dă o minge în poartă; un camion de pompieri stinge un incendiu; și un robot de fabrică îndeplinește sarcini într-o secție de fabrică. Un manual ilustrat în culori îi ghidează pe utilizatori prin lecțiile de codare și asamblarea diferitelor modele. Conține 417 piese, 30 de experimente, manual cu instrucțiuni. Confecționat din plastic. Conform reglementarilor EN71&ASTM. AVERTISMENT: Contraindicat copiilor sub 3 ani, conține piese mici. Se recomandă supravegherea copilului de către un adult în timpul jocului. Citiți instrucțiunile înainte de utilizare, urmați-le și păstrați-le pentru referință. Produs in Taiwan pentru Thames & Kosmos, Anglia. Manual Kit STEM Primii pasi Principii de codare si roboti - descarca fisier",907,,,"[""https://cdnmpro.com/708224949/p/raw/2/kit-stem-primii-pasi-principii-de-codare-si-roboti-thames-kosmos~10152.jpg"",""https://cdnmpro.com/708224949/p/raw/9/kit-stem-primii-pasi-principii-de-codare-si-roboti-thames-kosmos~10149.jpg"",""https://cdnmpro.com/708224949/p/raw/0/kit-stem-primii-pasi-principii-de-codare-si-roboti-thames-kosmos~10150.jpg"",""https://cdnmpro.com/708224949/p/raw/1/kit-stem-primii-pasi-principii-de-codare-si-roboti-thames-kosmos~10151.jpg"",""https://cdnmpro.com/708224949/p/raw/3/kit-stem-primii-pasi-principii-de-codare-si-roboti-thames-kosmos~14263.jpg""]",,"[""Thames & Kosmos""]",,,true,false,3,0,,,,,0,0,2026-02-07 02:17:14.098,2026-02-20 01:30:19.776,814743013490.0,TODDLERS_1_3,625.83,0,0,0,0,0,0,2.9,0,0,APPROVED,SCIENCE,ee75eea8-9f64-4076-96a2-52f5d6926c14,false,,
c5b299a8-521e-4448-8974-2b80be48512b,"Set experimente de crescut Cristale, albastru",set-experimente-de-crescut-cristale-albastru-4M-03930-EU,"Set experimente de crescut Cristale, albastru   este un kit educativ fascinant care le permite copiilor sa creasca propriul cristal spectaculos de culoare albastra. Acest set ofera o introducere practica in lumea chimiei si a formarii cristalelor, stimuland curiozitatea si intelegerea stiintifica.   Beneficii      Explorare stiintifica  ,   Demonstreaza procesele de formare a cristalelor intr-un mod captivant si vizual.    Dezvoltarea abilitatilor  ,   Imbunatateste rabdarea, atentia la detalii si intelegerea proceselor chimice.    Constientizare ecologica  ,   Incurajeaza interesul pentru stiinta si mediul inconjurator prin experimente practice.    Caracteristici      Formare rapida a cristalului  ,   Permite observarea procesului de cristalizare in decurs de cateva zile.    Continut complet  ,   Include toate materialele necesare pentru experiment: solutie de cristalizare, recipient de crestere, baza de afisare si instructiuni detaliate.    Design atractiv  ,   Baza de afisare in forma de capsula spatiala ofera o prezentare impresionanta a cristalului finalizat.    Ce spun utilizatorii?   ,œ   , žCopilul meu a fost uimit sa vada cum creste cristalul zi de zi!,   ,   Maria, Bucuresti  ,œ   , žUn mod excelent de a introduce conceptele de chimie intr-un mod distractiv.,   ,   Andrei, Cluj-Napoca  ,œ   , žInstructiunile sunt clare, iar rezultatul final este spectaculos. Recomand cu caldura!,   ,   Elena, Iasi   Detalii tehnice:     Dimensiuni ambalaj: 17 cm (latime) x 22 cm (inaltime) x 6 cm (adancime)    Varsta recomandata: 10 ani+    Timp estimat de crestere a cristalului: 7-10 zile  ðŸ mdash;  Adauga acum in cos  Set experimente de crescut Cristale, albastru  si ofera-i copilului tau o experienta educativa si distractiva!   Transforma invatarea intr-o aventura stiintifica.  Comanda acum si lasa imaginatia sa prinda viata!",69,,,"[""https://gomagcdn.ro/domains/kidstory.ro/files/product/original/set-experimente-de-crescut-cristale-albastru-480213.png"",""https://gomagcdn.ro/domains/kidstory.ro/files/product/original/set-experimente-de-crescut-cristale-albastru-148312.png"",""https://gomagcdn.ro/domains/kidstory.ro/files/product/original/set-experimente-de-crescut-cristale-albastru-299963.png""]",,"[""4M""]",,,true,false,1,0,,,,,0,0,2026-02-07 02:17:55.145,2026-02-20 01:30:15.544,,ELEMENTARY_6_8,51.75,0,0,0,0,0,0,2.9,0,0,APPROVED,TECHNOLOGY,26f5418c-965d-4630-994c-b51947cdec04,false,,
ca59e2e0-30fb-4cd3-b9e1-86a71518fa81,"Kit constructie Sistemul solar, Stiinta Verde - Green Science",kit-constructie-sistemul-solar-stiinta-verde-green-science-4M-03416,"Kit constructie Sistemul solar, Stiinta Verde - Green Science  este un kit educativ captivant care le permite copiilor sa construiasca un model functional al sistemului nostru solar. Acest planetariu motorizat ofera o experienta interactiva de invatare, demonstrand miscarea planetelor in jurul Soarelui, alimentat fie de energia solara, fie de o baterie de rezerva.   Beneficii      Invatare interactiva  ,   Demonstreaza conceptele de astronomie si miscarea planetelor intr-un mod captivant.    Dezvoltarea abilitatilor  ,   Imbunatateste coordonarea mana-ochi si stimuleaza gandirea stiintifica.    Constientizare ecologica  ,   Incurajeaza utilizarea surselor de energie regenerabila prin alimentarea solara.    Caracteristici      Alimentare hibrida  ,   Functioneaza cu energie solara sau cu o baterie AAA (neinclusa), asigurand functionarea continua in orice conditii de lumina.    Miscare realista  ,   Planetele se rotesc in jurul Soarelui, oferind o reprezentare vizuala a sistemului solar.    Continut complet  ,   Include toate componentele necesare pentru asamblare si instructiuni detaliate.    Ce spun utilizatorii?   ,œ   , žCopilul meu a fost fascinat sa vada cum planetele se misca in jurul Soarelui!,   ,   Maria, Bucuresti  ,œ   , žUn mod excelent de a introduce conceptele de astronomie intr-un mod distractiv.,   ,   Andrei, Cluj-Napoca  ,œ   , žAsamblarea a fost usoara si educativa. Recomand pentru toti micii astronomi!,   ,   Elena, Iasi   Detalii tehnice:     Dimensiuni ambalaj: 26 cm (latime) x 19 cm (inaltime) x 5 cm (adancime)  ,šndash;  Greutate: 320 grame    Varsta recomandata: 5 ani+    Necesita 1 baterie AAA (neinclusa)  ðŸ mdash;  Adauga acum in cos  Kit constructie Sistemul solar, Stiinta Verde - Green Science  si ofera-i copilului tau o experienta educativa si distractiva!   Transforma invatarea intr-o aventura cosmica.  Comanda acum si lasa imaginatia sa prinda viata!",154,,,"[""https://gomagcdn.ro/domains/kidstory.ro/files/product/original/kit-constructie-sistemul-solar-stiinta-verde-green-science-953750.png"",""https://gomagcdn.ro/domains/kidstory.ro/files/product/original/kit-constructie-sistemul-solar-stiinta-verde-green-science-746577.png"",""https://gomagcdn.ro/domains/kidstory.ro/files/product/original/kit-constructie-sistemul-solar-stiinta-verde-green-science-795335.png""]",,"[""4M""]",,,true,false,1,0,,,,,0,0,2026-02-07 02:17:55.145,2026-02-20 01:30:15.41,,ELEMENTARY_6_8,115.5,0,0,0,0,0,0,2.9,0,0,APPROVED,SCIENCE,26f5418c-965d-4630-994c-b51947cdec04,false,,
cbc7a5a2-d9f8-4f88-8f42-616f27dd7d0d,"Kit STEM Principii avansate de fizica aplicata, Genius Toy",kit-stem-principii-avansate-de-fizica-aplicata-genius-toy-G_7441,"Kit STEM Prinicipii avansate de fizică aplicată Construiți un generator de energie eoliană, o macara, un ceas cu pendul, o mașină cu pânze, un robot marțian, un joc cu bile, o mașină cu ciocane, o centrifugă,o balanță de forță și zeci de alte modele. ●Experimentați cu mașini simple: angrenaje, pârghii, șuruburi, planuri înclinate, scripeți, roți și axe. ●Învățați și înțelegeți cele mai importante legi și ecuații ale fizicii. ●Citiți despre aplicații uimitoare ale fizicii în lumea reală. ● 37 de experimente permit copiilor să învețe legile fundamentale ale fizicii mecanice, gravitația, mașinile simple, accelerația, impulsul și multe altele. ● Aplicații de fizică din lumea reală. ● Cutia motorului mărește puterea de antrenare a cuplului de 28 de ori și rulează fără probleme toate modelele. Piesele din aceast kit sunt compatibile cu piesele altor seturi de construcție Gigo. Conține 306 piese, 37 modele, manual cu instrucțiuni. Necesită 2 baterii AA. Vărsta recomandată: +8 ani. Confecționat din plastic. Conform reglementarilor EN71&ASTM. AVERTISMENT: Contraindicat copiilor sub 3 ani, conține piese mici. Se recomandă supravegherea copilului de către un adult în timpul jocului. Citiți instrucțiunile înainte de utilizare, urmați-le și păstrați-le pentru referință. Produs in Taiwan de Genius Toy.",299,,,"[""https://cdnmpro.com/708224949/p/raw/3/kit-stem-principii-avansate-de-fizica-aplicata-genius-toy~19943.jpg"",""https://cdnmpro.com/708224949/p/raw/8/kit-stem-principii-avansate-de-fizica-aplicata-genius-toy~19938.jpg"",""https://cdnmpro.com/708224949/p/raw/9/kit-stem-principii-avansate-de-fizica-aplicata-genius-toy~19939.jpg"",""https://cdnmpro.com/708224949/p/raw/0/kit-stem-principii-avansate-de-fizica-aplicata-genius-toy~19940.jpg"",""https://cdnmpro.com/708224949/p/raw/1/kit-stem-principii-avansate-de-fizica-aplicata-genius-toy~19941.jpg""]",,"[""Gigo Toys""]",,,true,false,61,0,,,,,0,0,2026-02-07 02:17:14.098,2026-02-20 01:30:20.247,4716503074412.0,ELEMENTARY_6_8,197.34,0,0,0,0,0,0,2.9,0,0,APPROVED,SCIENCE,ee75eea8-9f64-4076-96a2-52f5d6926c14,false,,
cdf797b1-3758-4544-a808-0e6b186e1a45,"Joc de logica si investigatie Detectiv, Djeco",joc-de-logica-si-investigatie-detectiv-djeco-DJ00827,"Joc de logica si investigatie Detectiv Ai talent de detectiv? Acest joc captivant pune la încercare logica și spiritul de observație cu 40 de provocări progresive, unde trebuie să descoperi ce s-a întâmplat, cine e vinovatul și ce deghizare a folosit! Se poate juca individual sau în mod cooperativ, iar formatul compact îl face recomandat pentru călătorii sau ca mic cadou. Un joc care provoacă și distrează în același timp! Conținut: tabla de joc, 20 de carduri față-verso cu provocări (40 provocări în total), 2 carduri de ajutor, set de reguli de joc (cu soluții incluse) Vârstă recomandată : +6 ani. 🌱 Material hârtie și carton certificate FSC®. Conform reglementărilor EN71&ASTM. AVERTISMENT: Contraindicat copiilor mai mici de 3 ani, conține piese mici, pericol de sufocare. A se folosi sub directa supraveghere a unei persoane adulte. Producă tor: D jeco, F ranța Manual Joc de logica si investigatie Detectiv, Djeco - descarca aici fisierul",61.75,,,"[""https://cdnmpro.com/708224949/p/raw/5/joc-de-logica-si-investigatie-detectiv-djeco~100087435.jpg"",""https://cdnmpro.com/708224949/p/raw/8/joc-de-logica-si-investigatie-detectiv-djeco~100087438.jpg"",""https://cdnmpro.com/708224949/p/raw/1/joc-de-logica-si-investigatie-detectiv-djeco~100087441.jpg""]",,"[""Djeco""]",,,true,false,28,0,,,,,0,0,2026-02-07 02:17:14.098,2026-02-20 01:30:20.838,3070900008274.0,ELEMENTARY_6_8,42.9,0,0,0,0,0,0,2.9,0,0,APPROVED,GENERAL,ee75eea8-9f64-4076-96a2-52f5d6926c14,false,,
cmltqpovt0001jjvrv9278q84,Solar Robots Trio Bundle,solar-robots-trio-bundle,Build three solar models and explore renewable energy through play.,359.1,399,,"[""https://gomagcdn.ro/domains/kidstory.ro/files/product/original/kit-constructie-robot-solar-stiinta-verde-green-science-327354.png"",""https://gomagcdn.ro/domains/kidstory.ro/files/product/original/kit-constructie-robot-solar-stiinta-verde-green-science-959702.png"",""https://gomagcdn.ro/domains/kidstory.ro/files/product/original/kit-constructie-robot-solar-stiinta-verde-green-science-872958.png""]",cmltqopok0000jjujlb7k8cog,"[""Science & Experiments"",""Bundle"",""SCIENCE""]",,,true,true,1,0,,,,,0,0,2026-02-19 17:33:46.937,2026-02-19 19:49:33.781,,ELEMENTARY_6_8,299.25,0,0,0,0,0,0,2.9,0,0,APPROVED,SCIENCE,26f5418c-965d-4630-994c-b51947cdec04,true,"[""f7d2fe64-6cfa-4353-989a-adc129943d38"",""a4b052bf-6a5e-4cbc-91f3-29004ee50fbf"",""9e5884a7-4907-49c6-8629-ec998d3b0728""]",10
cmltqpp2f0003jjvrzevc3xjb,Space & Orbits STEM Pack,space-orbits-stem-pack,Hands-on astronomy and space science set with planetary and rocket builds.,301.5,335,,"[""https://gomagcdn.ro/domains/kidstory.ro/files/product/original/kit-constructie-sistemul-solar-stiinta-verde-green-science-953750.png"",""https://gomagcdn.ro/domains/kidstory.ro/files/product/original/kit-constructie-sistemul-solar-stiinta-verde-green-science-746577.png"",""https://gomagcdn.ro/domains/kidstory.ro/files/product/original/kit-constructie-sistemul-solar-stiinta-verde-green-science-795335.png""]",cmltqopok0000jjujlb7k8cog,"[""Science & Experiments"",""Bundle"",""SCIENCE""]",,,true,true,1,0,,,,,0,0,2026-02-19 17:33:47.176,2026-02-19 19:49:28.289,,ELEMENTARY_6_8,251.25,0,0,0,0,0,0,2.9,0,0,APPROVED,SCIENCE,26f5418c-965d-4630-994c-b51947cdec04,true,"[""ca59e2e0-30fb-4cd3-b9e1-86a71518fa81"",""7ef54a14-a9b3-4c33-a949-c587777b6d2d"",""81c98796-f3c3-4b4a-bd15-42ee58c58bc0""]",10
cmltqpp5p0005jjvrals0s601,Spy & Security STEM Pack,spy-security-stem-pack,A logic and gadget set for kids who love spy missions and engineering puzzles.,252.9,281,,"[""https://gomagcdn.ro/domains/kidstory.ro/files/product/original/kit-stem-proiector-identitati-trusa-spionului-kidzlabs-324205.webp""]",cmltqopok0000jjujlb7k8cog,"[""Science & Experiments"",""Bundle"",""SCIENCE""]",,,true,true,1,0,,,,,0,0,2026-02-19 17:33:47.293,2026-02-19 19:49:21.692,,ELEMENTARY_6_8,210.75,0,0,0,0,0,0,2.9,0,0,APPROVED,SCIENCE,26f5418c-965d-4630-994c-b51947cdec04,false,"[""0b640779-a1d0-44c1-8046-737af3e9f97b"",""1d11dd52-6652-4248-8bed-d59fc0bb6962"",""333fcc89-b53a-4ce5-91f1-f97b90a233d8""]",10
cmltqpp8u0007jjvrb4ux27sz,Crystals & Geology Mini Lab Bundle,crystals-geology-mini-lab-bundle,"Grow, dig, and crack crystal experiments in one compact starter bundle.",190.08,216,,"[""https://gomagcdn.ro/domains/kidstory.ro/files/product/original/set-experimente-de-crescut-cristale-stiinta-cristalelor-225677.jpg"",""https://gomagcdn.ro/domains/kidstory.ro/files/product/original/set-experimente-de-crescut-cristale-stiinta-cristalelor-587525.jpg"",""https://gomagcdn.ro/domains/kidstory.ro/files/product/original/set-experimente-de-crescut-cristale-stiinta-cristalelor-429445.jpg"",""https://gomagcdn.ro/domains/kidstory.ro/files/product/original/set-experimente-de-crescut-cristale-stiinta-cristalelor-069318.jpg"",""https://gomagcdn.ro/domains/kidstory.ro/files/product/original/set-experimente-de-crescut-cristale-stiinta-cristalelor-392631.jpg"",""https://gomagcdn.ro/domains/kidstory.ro/files/product/original/set-experimente-de-crescut-cristale-stiinta-cristalelor-417635.jpg"",""https://gomagcdn.ro/domains/kidstory.ro/files/product/original/set-experimente-de-crescut-cristale-stiinta-cristalelor-140707.jpg"",""https://gomagcdn.ro/domains/kidstory.ro/files/product/original/set-experimente-de-crescut-cristale-stiinta-cristalelor-222368.jpg""]",cmltqopok0000jjujlb7k8cog,"[""Science & Experiments"",""Bundle"",""SCIENCE""]",,,true,true,1,0,,,,,0,0,2026-02-19 17:33:47.406,2026-02-19 19:49:13.595,,MIDDLE_SCHOOL_9_12,162,0,0,0,0,0,0,2.9,0,0,APPROVED,SCIENCE,26f5418c-965d-4630-994c-b51947cdec04,false,"[""0dedfb02-186b-44c3-a1fd-a6f709af7b59"",""34c20ad1-679e-44a1-8b5f-0d8da7a08dba"",""17b1ac62-9b9c-4a36-8d97-3a1e0ec07f61""]",12
cmltqppc80009jjvrt5qzpfwn,Dino Dig Mega Pack Bundle,dino-dig-mega-pack-bundle,Four dinosaur dig kits for a complete junior paleontology adventure.,242.88,276,,"[""https://gomagcdn.ro/domains/kidstory.ro/files/product/original/set-educativ-sapa-si-descopera-dinozauri-t-rex-198469.jpg"",""https://gomagcdn.ro/domains/kidstory.ro/files/product/original/set-educativ-sapa-si-descopera-dinozauri-t-rex-975376.jpg"",""https://gomagcdn.ro/domains/kidstory.ro/files/product/original/set-educativ-sapa-si-descopera-dinozauri-t-rex-799521.jpg"",""https://gomagcdn.ro/domains/kidstory.ro/files/product/original/set-educativ-sapa-si-descopera-dinozauri-t-rex-395172.jpg"",""https://gomagcdn.ro/domains/kidstory.ro/files/product/original/set-educativ-sapa-si-descopera-dinozauri-t-rex-723799.jpg"",""https://gomagcdn.ro/domains/kidstory.ro/files/product/original/set-educativ-sapa-si-descopera-dinozauri-t-rex-151543.jpg"",""https://gomagcdn.ro/domains/kidstory.ro/files/product/original/set-educativ-sapa-si-descopera-dinozauri-t-rex-152559.jpg"",""https://gomagcdn.ro/domains/kidstory.ro/files/product/original/set-educativ-sapa-si-descopera-dinozauri-t-rex-110970.jpg"",""https://gomagcdn.ro/domains/kidstory.ro/files/product/original/set-educativ-sapa-si-descopera-dinozauri-t-rex-014048.jpg""]",cmltqopok0000jjujlb7k8cog,"[""Science & Experiments"",""Bundle"",""SCIENCE""]",,,true,true,1,0,,,,,0,0,2026-02-19 17:33:47.527,2026-02-19 19:49:05.954,,PRESCHOOL_3_5,207,0,0,0,0,0,0,2.9,0,0,APPROVED,SCIENCE,26f5418c-965d-4630-994c-b51947cdec04,false,"[""08fcc22d-2367-41c7-880c-d070ea8b2182"",""39231a01-1622-40c2-b976-4119a577ed58"",""682ccbc9-692b-4a96-b0b2-52fb4df681b9"",""f8888ef9-e927-434d-9dd9-40c9fde8f5ce""]",12
cmltqppkd000djjvrph3s0tro,Cleverclixx Starter Shapes Bundle,cleverclixx-starter-shapes-bundle,A balanced magnetic building starter combining tiles and dome structures.,428.4,476,,"[""https://cdnmpro.com/708224949/p/raw/4/set-magnetic-de-construit-brick-tiles-16-piese-cleverclixx~20634.jpg"",""https://cdnmpro.com/708224949/p/raw/5/set-magnetic-de-construit-brick-tiles-16-piese-cleverclixx~20635.jpg"",""https://cdnmpro.com/708224949/p/raw/7/set-magnetic-de-construit-brick-tiles-16-piese-cleverclixx~20637.jpg"",""https://cdnmpro.com/708224949/p/raw/0/set-magnetic-de-construit-brick-tiles-16-piese-cleverclixx~20640.jpg"",""https://cdnmpro.com/708224949/p/raw/1/set-magnetic-de-construit-brick-tiles-16-piese-cleverclixx~20641.jpg""]",cmltqoqd70002jjujuey1ukeu,"[""Magnetic Building"",""Bundle"",""ENGINEERING""]",,,true,true,7,0,,,,,0,0,2026-02-19 17:33:47.821,2026-02-19 19:48:48.875,,TODDLERS_1_3,328.44,0,0,0,0,0,0,2.9,0,0,APPROVED,ENGINEERING,ee75eea8-9f64-4076-96a2-52f5d6926c14,false,"[""2ba9915a-f62a-428f-8390-e59935a25cff"",""6c368f15-6406-49b1-b50e-3dc08a7239e0""]",10
cmltqppnk000fjjvrmsf53l2u,Cleverclixx Ball Run Starter Bundle,cleverclixx-ball-run-starter-bundle,Start magnetic marble run play with one core circuit plus extension tiles.,556.92,612,,"[""https://cdnmpro.com/708224949/p/raw/7/joc-magnetic-circuit-pastel-cu-bile-70-piese-cleverclixx~20537.jpg"",""https://cdnmpro.com/708224949/p/raw/9/joc-magnetic-circuit-pastel-cu-bile-70-piese-cleverclixx~20539.jpg"",""https://cdnmpro.com/708224949/p/raw/3/joc-magnetic-circuit-pastel-cu-bile-70-piese-cleverclixx~20543.jpg"",""https://cdnmpro.com/708224949/p/raw/4/joc-magnetic-circuit-pastel-cu-bile-70-piese-cleverclixx~100022974.jpg"",""https://cdnmpro.com/708224949/p/raw/7/joc-magnetic-circuit-pastel-cu-bile-70-piese-cleverclixx~100022977.jpg""]",cmltqoqd70002jjujuey1ukeu,"[""Magnetic Building"",""Bundle"",""ENGINEERING""]",,,true,true,8,0,,,,,0,0,2026-02-19 17:33:47.936,2026-02-19 19:48:40.825,,ELEMENTARY_6_8,422.28,0,0,0,0,0,0,2.9,0,0,APPROVED,ENGINEERING,ee75eea8-9f64-4076-96a2-52f5d6926c14,true,"[""adc0aac3-5805-4220-b0e1-184a61d23a3f"",""2ba9915a-f62a-428f-8390-e59935a25cff""]",9
cmltqppqr000hjjvr9qzksght,Clicformers Builder Variety Bundle,clicformers-builder-variety-bundle,"Creative construction bundle combining insects, animals, and advanced nano pieces.",287.47,323,,"[""https://cdnmpro.com/708224949/p/raw/0/set-de-construit-clicformers-insecte-30-piese~5710.jpg"",""https://cdnmpro.com/708224949/p/raw/0/set-de-construit-clicformers-insecte-30-piese~6090.jpg"",""https://cdnmpro.com/708224949/p/raw/1/set-de-construit-clicformers-insecte-30-piese~6091.jpg"",""https://cdnmpro.com/708224949/p/raw/2/set-de-construit-clicformers-insecte-30-piese~6092.jpg"",""https://cdnmpro.com/708224949/p/raw/3/set-de-construit-clicformers-insecte-30-piese~6093.jpg""]",cmltqoqd70002jjujuey1ukeu,"[""Magnetic Building"",""Bundle"",""ENGINEERING""]",,,true,true,1,0,,,,,0,0,2026-02-19 17:33:48.051,2026-02-19 19:48:33.741,,ELEMENTARY_6_8,222.87,0,0,0,0,0,0,2.9,0,0,APPROVED,ENGINEERING,ee75eea8-9f64-4076-96a2-52f5d6926c14,false,"[""1bdd5572-8c47-4a8f-be0f-f4bc695cc6f2"",""662a2814-dbd1-4834-9570-075b867e8c6e"",""3b21e993-1834-450e-9076-ecb8264976f3""]",11
cmltqppvo000jjjvrks8jz1ry,Djeco Logic Trio Bundle,djeco-logic-trio-bundle,"Three top logic games for spatial reasoning, sequencing, and problem solving.",363.375,403.75,,"[""https://cdnmpro.com/708224949/p/raw/5/joc-de-logica-eduludo-topologix-djeco~2455.jpg"",""https://cdnmpro.com/708224949/p/raw/3/joc-de-logica-eduludo-topologix-djeco~2123.jpg"",""https://cdnmpro.com/708224949/p/raw/3/joc-de-logica-eduludo-topologix-djeco~2453.jpg""]",cmltqoqov0003jjujnu1ppk5u,"[""Logic Games"",""Bundle"",""MATHEMATICS""]",,,true,true,13,0,,,,,0,0,2026-02-19 17:33:48.228,2026-02-19 19:48:23.134,,ELEMENTARY_6_8,280.5,0,0,0,0,0,0,2.9,0,0,APPROVED,MATHEMATICS,ee75eea8-9f64-4076-96a2-52f5d6926c14,false,"[""0542c6b5-bc2e-46a5-8ac2-e4a0925fa58d"",""0e3a0bc2-bfa7-4314-b747-44bb04592ed1"",""545124d8-9a14-4cba-9e91-82fb0bbe2f82""]",10
cmltqpq2a000njjvrv1sb3egg,Fridolin IQ Challenge Bundle,fridolin-iq-challenge-bundle,"Rope and 3D puzzles for concentration, patience, and advanced thinking.",198.39,233.4,,"[""https://cdnmpro.com/708224949/p/raw/0/joc-logic-iq-puzzle-cu-snur-elibereaza-inelul-1-fridolin~2370.jpg"",""https://cdnmpro.com/708224949/p/raw/3/joc-logic-iq-puzzle-cu-snur-elibereaza-inelul-1-fridolin~2673.jpg""]",cmltqoqov0003jjujnu1ppk5u,"[""Logic Games"",""Bundle"",""MATHEMATICS""]",,,true,true,1,0,,,,,0,0,2026-02-19 17:33:48.466,2026-02-19 19:47:53.527,,ELEMENTARY_6_8,161.04,0,0,0,0,0,0,2.9,0,0,APPROVED,MATHEMATICS,ee75eea8-9f64-4076-96a2-52f5d6926c14,false,"[""09f378d6-17a8-45b5-b7a0-14cb25164b64"",""35ef74ba-e208-40ca-9706-d21fe617629d"",""26f222e4-1ed7-4363-9ab3-befb99b2c2cc"",""3330e08b-bfdf-4f75-b06c-dddc20534e01"",""2433f701-233d-443e-8978-f2430fa378d7""]",15
cmltqpq5h000pjjvr5138q2br,Thames Energy & Physics Lab Bundle,thames-energy-physics-lab-bundle,"Advanced STEM lab bundle focused on energy systems, electricity, and physics.",773.5,850,,"[""https://cdnmpro.com/708224949/p/raw/8/kit-stem-de-construit-motoare-si-generatoare-thames-kosmos~9398.jpg"",""https://cdnmpro.com/708224949/p/raw/9/kit-stem-de-construit-motoare-si-generatoare-thames-kosmos~9399.jpg"",""https://cdnmpro.com/708224949/p/raw/0/kit-stem-de-construit-motoare-si-generatoare-thames-kosmos~9400.jpg"",""https://cdnmpro.com/708224949/p/raw/1/kit-stem-de-construit-motoare-si-generatoare-thames-kosmos~9401.jpg"",""https://cdnmpro.com/708224949/p/raw/3/kit-stem-de-construit-motoare-si-generatoare-thames-kosmos~13783.jpg""]",cmltqopok0000jjujlb7k8cog,"[""Science & Experiments"",""Bundle"",""TECHNOLOGY""]",,,true,true,7,0,,,,,0,0,2026-02-19 17:33:48.582,2026-02-19 19:47:50.122,,MIDDLE_SCHOOL_9_12,586.5,0,0,0,0,0,0,2.9,0,0,APPROVED,TECHNOLOGY,ee75eea8-9f64-4076-96a2-52f5d6926c14,false,"[""055c7518-8567-4500-bed1-f25cc391bc02"",""e65a9160-441a-4d17-9137-703e5d900588"",""28e2825d-091a-4019-8263-e63a08331da0""]",9
cmltqpqa5000rjjvrr2q8p6kw,Egmont Magnetic Games Trio Bundle,egmont-magnetic-games-trio-bundle,Three compact magnetic logic games ideal for travel and quick brain practice.,258.72,294,,"[""https://cdnmpro.com/708224949/p/raw/9/jocuri-magnetice-tangram-egmont-toys~20869.jpg"",""https://cdnmpro.com/708224949/p/raw/5/jocuri-magnetice-tangram-egmont-toys~20865.jpg"",""https://cdnmpro.com/708224949/p/raw/6/jocuri-magnetice-tangram-egmont-toys~20866.jpg"",""https://cdnmpro.com/708224949/p/raw/7/jocuri-magnetice-tangram-egmont-toys~20867.jpg"",""https://cdnmpro.com/708224949/p/raw/8/jocuri-magnetice-tangram-egmont-toys~20868.jpg""]",cmltqoqov0003jjujnu1ppk5u,"[""Logic Games"",""Bundle"",""MATHEMATICS""]",,,true,true,4,0,,,,,0,0,2026-02-19 17:33:48.749,2026-02-19 19:47:41.989,,ELEMENTARY_6_8,194.04,0,0,0,0,0,0,2.9,0,0,APPROVED,MATHEMATICS,ee75eea8-9f64-4076-96a2-52f5d6926c14,false,"[""4c660443-eda6-4983-a9b4-3e640ba90acd"",""667b3cfe-8a1c-40bd-8bea-9755809fa89d"",""5cd32c03-6754-435f-8e9f-3bb1d88b105d""]",12
d096b135-7b60-4c82-89e8-22b8287e99b7,"Joc de strategie Naviplouf, Djeco",joc-de-strategie-naviplouf-djeco-DJ05270,"Joc de strategie Naviplouf Clasicul joc jucat în pauzele de la școală pe caietul de matematică devine o bătălie navală. Jocul se simplifică pentru cei mici prin folosirea de coduri și culori, planșe și piese de joc magnetice și desene care ies din lumea abstractă ( ”balenă pe albastru” în loc de B3). Ce contine: 2 table magnetice de joc 2 seturi de câte 5 vapoare 22 pioni albaştri 18 pioni roşii 16 cartonaşe cu modele de aşezare a navelor şi 2 suporturi din lemn pentru cartonaşele-model Beneficiile jocului: Dezvoltarea gândirii strategice și logice Îmbunătățirea concentrării și atenției Capacitatea de planificare și anticipare Învățarea regulilor și a jocului corect (fair-play) Stimularea comunicării și interacțiunii sociale Este un joc care îmbină perfect distracția cu învățarea prin joacă Vârsta recomandată: 5 - 10 ani. Confecționat din hârtie și carton certificate FSC® și alte materiale și vopsele non toxice conform reglementărilor EN71&ASTM. AVERTISMENT: Contraindicat copiilor sub 3 ani. Se recomandă supravegherea copilului de către un adult în timpul jocului. Citiți cu atenție eticheta produsului înainte de a înmâna jucăria copilului. Producător: Djeco, Franța. Vaporase (Naviplouf) - descarca aici regulile jocului",112.1,,,"[""https://cdnmpro.com/708224949/p/raw/7/joc-de-strategie-naviplouf-djeco~1257.jpg"",""https://cdnmpro.com/708224949/p/raw/7/joc-de-strategie-naviplouf-djeco~1547.jpg"",""https://cdnmpro.com/708224949/p/raw/8/joc-de-strategie-naviplouf-djeco~1548.jpg""]",,"[""Djeco""]",,,true,false,19,0,,,,,0,0,2026-02-07 02:17:14.098,2026-02-20 01:30:18.533,3070900052703.0,TODDLERS_1_3,77.88,0,0,0,0,0,0,2.9,0,0,APPROVED,MATHEMATICS,ee75eea8-9f64-4076-96a2-52f5d6926c14,false,,
d1f800a4-4961-4157-9e5c-8f67633f0a30,"Joc logic 3D Puzzle Flexi-cub2, Fridolin",joc-logic-3d-puzzle-flexi-cub2-fridolin-Fr_17518,"Test IQ Puzzle 3D din lemn de bambus Flexicub Scopul jocului este de a demonta si apoi a monta puzzle-ul. Dezvoltă perspicacitatea și inteligența. Jocuri de gândire în care trebuie să dezlegați misterul puzzle-urilor. Grad de dificultate: **** Vârsta recomandată +8 ani. Confecționat din lemn și materiale non-toxice conform reglementărilor EN71 & ASTM. Certificate FSC®. AVERTISMENT: Contraindicat copiilor sub 3 ani. Conține piese mici ce pot fi inghițite. A se utiliza sub stricta supraveghere a unei persoane adulte. Producător: Fridolin, Germania.",65,,,"[""https://cdnmpro.com/708224949/p/raw/5/joc-logic-3d-puzzle-flexi-cub2-fridolin~3035.jpg"",""https://cdnmpro.com/708224949/p/raw/7/joc-logic-3d-puzzle-flexi-cub2-fridolin~3297.jpg"",""https://cdnmpro.com/708224949/p/raw/9/joc-logic-3d-puzzle-flexi-cub2-fridolin~3299.jpg""]",,"[""Fridolin""]",,,true,false,11,0,,,,,0,0,2026-02-07 02:17:14.098,2026-02-20 01:30:18.741,4031172175186.0,ELEMENTARY_6_8,42.9,0,0,0,0,0,0,2.9,0,0,APPROVED,GENERAL,ee75eea8-9f64-4076-96a2-52f5d6926c14,false,,
d401f19c-2f96-4c2d-ad04-08e811a018f0,"Joc de logica Pyramid, Djeco",joc-de-logica-pyramid-djeco-DJ08532,"Joc de logica Pyramid Completează faimoasele piramide egiptene folosind 9 piese hieroglifice din lemn. 60 de provocări. Pentru un singur jucător. Soluțiile pentru cele 60 de provocări sunt furnizate în broșură. 3 niveluri crescătoare de dificultate. Dezvoltă răbdarea și logica. O temă plină de mister: Egiptul antic și hieroglifele... Continut: 30 de cărți de provocare triunghiulare ilustrate față-verso în 3 dimensiuni diferite și 9 piese din lemn. Vârsta recomandată: 7- 99 ani. Fabricat din hartie si carton certificate FSC®. AVERTISMENT: Contraindicat copiilor sub 3 ani, conține piese mici, pericol de sufocare. A se utiliza sub directa supraveghere a unui adult. Producător: Djeco. Manual Joc de logica Pyramid, Djeco - descarca aici fisierul",112.1,,,"[""https://cdnmpro.com/708224949/p/raw/2/joc-de-logica-pyramid-djeco~16792.jpg"",""https://cdnmpro.com/708224949/p/raw/3/joc-de-logica-pyramid-djeco~16793.jpg"",""https://cdnmpro.com/708224949/p/raw/4/joc-de-logica-pyramid-djeco~16794.jpg"",""https://cdnmpro.com/708224949/p/raw/5/joc-de-logica-pyramid-djeco~16795.jpg""]",,"[""Djeco""]",,,true,false,32,0,,,,,0,0,2026-02-07 02:17:14.098,2026-02-20 01:30:20.106,3070900085329.0,ELEMENTARY_6_8,77.88,0,0,0,0,0,0,2.9,0,0,APPROVED,GENERAL,ee75eea8-9f64-4076-96a2-52f5d6926c14,false,,
d62ccdf4-4544-41a1-8942-8cbe337e43e2,"Set magnetic Circuit cu bile Compact 60 Piese, Cleverclixx",set-magnetic-circuit-cu-bile-compact-60-piese-cleverclixx-CC-1004,"Cleverclixx Circuit cu bile Compact – Construiește circuite pentru bile! Set magnetic pentru construirea unui circuit cu bile plin de culoare , oferind ore întregi de distracție și creativitate. 🚀 Construcții interactive & joacă fără limite Creează trasee pentru bile și urmărește-le în acțiune! Stimulează creativitatea, imaginația și îndemânarea copilului. 🎓 Joacă educativă – prin metoda STEAM Seturile magnetic Cleverclixx cresc odată cu copilul! De la 3 ani – învață bazele construcțiilor 3D. Pe măsură ce cresc , copiii pot realiza structuri mai complexe. Util și în școală – ajută la înțelegerea conceptelor matematice și a gândirii logice. De ce să alegi Cleverclixx? 🔹 Stimulează creativitatea și imaginația – Magneții au ceva magic, captivând copiii și oferindu-le libertatea de a construi forme și structuri unice. 🔹 Compatibil și extensibil – Toate seturile Cleverclixx sunt compatibile atât între ele cât și cu alte seturi magnetice, permițând extinderea colecției și dezvoltarea continuă a creativității. 🔹 Joacă versatilă – Construiește pe podea sau du creativitatea la un alt nivel atașând construcțiile pe suprafețe magnetice, precum caloriferele . Folosește markere lavabile pentru a desena litere, numere sau forme și transformă joaca într-o experiență educativă! 🔹 Încurajează învățarea STEAM – Cleverclixx dezvoltă abilități din domeniile Știință, Tehnologie, Inginerie, Artă și Matematică (STEAM) , transformând învățarea într-un proces practic, captivant și distractiv. Educațional și sigur Seturile Cleverclixx sunt utilizate în grădinițe și școli primare din întreaga lume pentru a sprijini dezvoltarea abilităților motorii, gândirii logice și rezolvării problemelor . Misiunea Cleverclixx este de a crea jucării educaționale care inspiră curiozitatea, creativitatea și dorința de a învăța pe tot parcursul vieții. Detalii produs ✔ 60 piese magnetice, culori diferite ✔ Recomandat pentru copii de la 3 ani ✔ Fabricat din plastic MABS de înaltă calitate ✔ Fără BPA - sigur pentru copii ✔ Certificat (CPSC, CE, EN71, ASTM) Lasă imaginația să construiască fără limite cu Cleverclixx! 🚀 Avertisment! Nu este potrivit pentru copiii sub 3 ani. Conține piese mici. Se recomandă supravegherea copilului de către un adult în timpul jocului. Produs de Cleverclixx",398,,,"[""https://cdnmpro.com/708224949/p/raw/3/set-magnetic-circuit-cu-bile-compact-60-piese-cleverclixx~100019863.jpg"",""https://cdnmpro.com/708224949/p/raw/5/set-magnetic-circuit-cu-bile-compact-60-piese-cleverclixx~20555.jpg"",""https://cdnmpro.com/708224949/p/raw/5/set-magnetic-circuit-cu-bile-compact-60-piese-cleverclixx~100019845.jpg"",""https://cdnmpro.com/708224949/p/raw/8/set-magnetic-circuit-cu-bile-compact-60-piese-cleverclixx~100019848.jpg"",""https://cdnmpro.com/708224949/p/raw/1/set-magnetic-circuit-cu-bile-compact-60-piese-cleverclixx~100019851.jpg""]",,"[""Cleverclixx""]",,,true,false,12,0,,,,,0,0,2026-02-07 02:17:14.098,2026-02-20 01:30:20.437,6096120034050.0,TODDLERS_1_3,274.62,0,0,0,0,0,0,2.9,0,0,APPROVED,MATHEMATICS,ee75eea8-9f64-4076-96a2-52f5d6926c14,false,,
d7822d6b-9dfc-4600-a704-8425305968ca,"Joc de logica Cubologic 16, Djeco",joc-de-logica-cubologic-16-djeco-DJ08576,"Joc de logică Cubologic 16 Un joc de observație și răbdare. Reconstituiți perfect imaginea de pe cartea provocare folosind cele 16 cuburi! Pentru un jucător. Cadrul din lemn îi ajută pe copii să introducă corect cuburile. Soluțiile provocărilor sunt furnizate în broșură. Ilustrații în stil vintage și o lume de personaje ciudate și amuzante. Dezvoltă răbdarea și logica. Scopul jocului: Recreează imaginea de pe cartea provocare folosind cele 16 cuburi. Fratele mai mare al Cubologic 9, acest joc este compus din 30 de cărți „provocare”. Fiecare carte reprezintă o imagine de reconstituit folosind cele 16 cuburi disponibile. Imaginile sunt mereu compuse din 4 linii a 4 cuburi. Pentru fiecare provocare, este posibilă o singură soluție! +++ Nivel de dificultate progresiv Conținut: 16 cuburi de lemn, 30 de cărți provocare și suport de lemn. Reguli de joc disponibile în 10 limbi. Ilustrator: Ben Newmann Vârsta recomandată: 8-99 ani. Confecționat din lemn certificat FSC®. Conform reglementărilor EN71. AVERTISMENT! Contraindicat copiilor sub 3 ani. A se folosi sub directa supraveghere a unei persoane adulte. Producător: Djeco, Franța",116.85,,,"[""https://cdnmpro.com/708224949/p/raw/9/joc-de-logica-cubologic-16-djeco~16359.jpg"",""https://cdnmpro.com/708224949/p/raw/2/joc-de-logica-cubologic-16-djeco~8462.jpg"",""https://cdnmpro.com/708224949/p/raw/0/joc-de-logica-cubologic-16-djeco~8730.jpg"",""https://cdnmpro.com/708224949/p/raw/1/joc-de-logica-cubologic-16-djeco~8731.jpg""]",,"[""Djeco""]",,,true,false,29,0,,,,,0,0,2026-02-07 02:17:14.098,2026-02-20 01:30:19.63,3070900085763.0,ELEMENTARY_6_8,81.18,0,0,0,0,0,0,2.9,0,0,APPROVED,GENERAL,ee75eea8-9f64-4076-96a2-52f5d6926c14,false,,
dbbf6070-b864-416b-9f08-9de2f5d33b20,Alarma magnetica pentru intrusi KidzLabs,alarma-magnetica-pentru-intrusi-kidzlabs-4M-03440,"Nu lasa pe nimeni sa se strecoare in camera ta fara sa fie detectat! Construieste-ti propria alarma de intrus pentru a-i tine departe pe acei frati si surori enervanti! si, daca tot esti aici, exploreaza modul in care un magnet declanseaza aceasta alarma superba pentru a construi propria ta alarma de intrus.    Este un proiect excelent pentru a explora modul in care functioneaza un comutator magnetic intr-un circuit electric.  Este necesara o constructie simpla a cutiei de alarma.    Necesita 2 baterii AAA.    Varste de 5 ani +",92,,,"[""https://gomagcdn.ro/domains/kidstory.ro/files/product/original/alarma-magnetica-pentru-intrusi-kidzlabs-400732.png"",""https://gomagcdn.ro/domains/kidstory.ro/files/product/original/alarma-magnetica-pentru-intrusi-kidzlabs-283820.png""]",,"[""4M""]",,,true,false,1,0,,,,,0,0,2026-02-07 02:17:55.145,2026-02-20 01:30:14.622,,PRESCHOOL_3_5,69,0,0,0,0,0,0,2.9,0,0,APPROVED,SCIENCE,26f5418c-965d-4630-994c-b51947cdec04,false,,
dd63ca72-54ac-48cb-b565-ddcb565246e5,"Set cuburi din spuma cu magnet Blockaroo, Barca 10 piese",set-cuburi-din-spuma-cu-magnet-blockaroo-barca-10-piese-blockaroo_301003,"Set cuburi din spuma cu magnet Blockaroo, Barca 10 piese Cuburi pentru construit - sigure, ușoare, versatile Blocurile Blockaroo ™ sunt construite din spumă, conțin în interior magnet pentru a putea fi ușor de folosit la construcții, prin simpla apropiere. Dezvoltate de profesori pentru a fi jucăria STEM perfectă pentru învățarea timpurie, încă de la 18 luni. Sunt prietenoase cu apa, se pot spăla inclusiv în mașina pentru vase și oferă nenumărate variante de joc. Vârsta recomandată: +18 luni. AVERTISMENT! Contraindicat copiilor sub 18 luni. Contine magneti! A se folosi sub directa supraveghere a unei persoane adulte . Asigurati-va ca ati citit toate atentionarile inainte de a inmana jucaria copilului. Acest produs contine magneti. Inghitirea lor poate provoca complicatii care pot duce pana la infectii si moarte. Contactati imediat medicul in caz de inghitire. Nu se pun in foc. Se pot spala in masina de spalat vase sau rufe. Nu lasati copilul sa bage piesele in gura, risc de inghitire. A se inlatura imediat magnetul in cazul desprinderii. A nu se curata cu detergent, inalbitor sau alcool. A nu se depozita in locuri cu umiditate crescuta, in soare sau la temperaturi inalte. A nu se folosi la exterior. A nu se folosi parti dezasamblate, deteriorate, deformate. A nu se taia, dezasambla sau incalzi piesele. A nu se introduce in cuptor sau la microunde. A se pastra departe de obiecte care pot fi afectate magnetic precum TV, ceas, computer, mobil, dispozitiv portabil de stocare. Indepartati ambalajul inainte de a inmana jucaria copilului. Produs certificat international pentru siguranta. Producator: Blue Marble, USA. Import Clics toys, Belgia.",143.2,,,"[""https://cdnmpro.com/708224949/p/raw/6/set-cuburi-din-spuma-cu-magnet-blockaroo-barca-10-piese~6706.jpg"",""https://cdnmpro.com/708224949/p/raw/1/set-cuburi-din-spuma-cu-magnet-blockaroo-barca-10-piese~7211.jpg"",""https://cdnmpro.com/708224949/p/raw/2/set-cuburi-din-spuma-cu-magnet-blockaroo-barca-10-piese~7212.jpg"",""https://cdnmpro.com/708224949/p/raw/3/set-cuburi-din-spuma-cu-magnet-blockaroo-barca-10-piese~7213.jpg""]",,"[""Clicstoys""]",,,true,false,5,0,,,,,0,0,2026-02-07 02:17:14.098,2026-02-20 01:30:21.166,5425002309046.0,TODDLERS_1_3,116.1,0,0,0,0,0,0,2.9,0,0,APPROVED,ENGINEERING,ee75eea8-9f64-4076-96a2-52f5d6926c14,false,,
e0ced494-1249-4c14-847e-e463f0e76bee,"IQ Test Tangram in cutie metalica, Fridolin",iq-test-tangram-in-cutie-metalica-fridolin-Fr_17323,"Tangram din lemn în cutie metalică Tangram-ul, jocul pătratului magic este format din 7 figuri geometrice (2 triunghiuri mari, unul mediu și 2 mici, un paralelogram și un pătrat). Diferența dintre tangram și un puzzle normal este că, în timp ce la puzzle piesele sunt așezate într-un singur fel, după un anumit model, la tangram modelele sunt nenumărate – poți așeza piesele cum vrei, rezultând o varietate de figuri. Se vor folosi toate cele şapte piese care alcătuiesc pătratul iniţial (şi numai ele) la alcătuirea oricărei imagini. Piesele se vor aşeza una lângă alta, fără suprapunere, în plan. Peste 1600 de imagini reprezentând animale, oameni, litere, cifre, obiecte și multe altele pot fi create din cele 7 piese ale tangramului. Vârsta recomandată: +6 ani. Confecționate din lemn și materiale non-toxice, cu culori non-toxice, conform reglementărilor EN71 & ASTM. Certificate FSC®. AVERTISMENT: Contraindicat copiilor sub 3 ani. Conține piese mici ce pot fi inghițite. Pericol de sufocare. A se utiliza sub directa supraveghere a unei persoane adulte. Producător: Fridolin, Germania.",46,,,"[""https://cdnmpro.com/708224949/p/raw/7/iq-test-tangram-in-cutie-metalica-fridolin~1107.jpg""]",,"[""Fridolin""]",,,true,false,11,0,,,,,0,0,2026-02-07 02:17:14.098,2026-02-20 01:30:18.474,4031172173236.0,ELEMENTARY_6_8,30.36,0,0,0,0,0,0,2.9,0,0,APPROVED,MATHEMATICS,ee75eea8-9f64-4076-96a2-52f5d6926c14,false,,
e3ad5b1d-5afc-48c9-a0ed-d1c680adb1c3,"Joc de logica Impossiblo Animo, Djeco",joc-de-logica-impossiblo-animo-djeco-DJ00808,"Joc de logică Impossiblo Animo 4 puzzle-uri captivante! Asamblează imaginile pentru a finaliza fiecare dintre cele 4 provocări de puzzle pătrat, de la cele mai simple la cele mai complicate. O singură soluție posibilă pentru fiecare puzzle. Soluția se regăsește în broșură. Design mic, ușor de transportat, sau cadoul perfect! Dezvoltă răbdarea. Conținut: 4 puzzle-uri cu 9 piese și o broșură cu reguli de joc în 10 limbi. Vârsta recomandata: 6 - 99 ani. Fabricat din hârtie și carton certificate FSC®. AVERTISMENT: Contraindicat copiilor sub 3 ani. A se utiliza sub directa supraveghere a unui adult. Producător: Djeco, Franța. Manual Joc de logica Impossiblo Animo, Djeco - descarca aici fisierul",50.35,,,"[""https://cdnmpro.com/708224949/p/raw/2/joc-de-logica-impossiblo-animo-djeco~16722.jpg"",""https://cdnmpro.com/708224949/p/raw/0/joc-de-logica-impossiblo-animo-djeco~16720.jpg"",""https://cdnmpro.com/708224949/p/raw/1/joc-de-logica-impossiblo-animo-djeco~16721.jpg""]",,"[""Djeco""]",,,true,false,13,0,,,,,0,0,2026-02-07 02:17:14.098,2026-02-20 01:30:20.065,3070900008083.0,ELEMENTARY_6_8,34.98,0,0,0,0,0,0,2.9,0,0,APPROVED,GENERAL,ee75eea8-9f64-4076-96a2-52f5d6926c14,false,,
e4ae3896-f9be-4d48-8164-8a14cc64195d,"Set magnetic de construit- Magformers Animale, 40 piese",set-magnetic-de-construit-magformers-animale-40-piese-clic-702014,"Set Magfomers cu 40 de piese cu magnet, de forme si culori diferite, cu ajutorul carora copiii pot sa contruiasca animale 3D. Posibilitatile si distractia sunt nelimitate, asa ca cei mici pot sa isi lase imaginatia libera si creativitatea lor va prinde cat mai multe forme. Acest set este conceput special pentru cei mici, astfel ca stivuind piesele, maniera cea mai simpla de a utiliza Magformers, ei pot obtine forme usor de recunoscut si asociat cu niste animalute prietenoase. Proiectate și dezvoltate de specialiști de la „Magformers” - liderul global în domeniul jocului de construit cu magnet, și „Clics” - marcă de jucării cu renume în Belgia, Magformers înseamnă mai mult decât o simplă jucărie. Magformers reunește piese și accesorii pentru construit cu magneți, dezvoltând îndemânarea, creativitatea și imaginația. Magformers este o jucărie de construcție pentru fiecare copil, un mod inedit de a îmbina piesele, garantând pentru calitate și diversitate. Magformers oferă piese de bază simple, cu un nivel ridicat de aplicabilitate, dezvoltându-și îndemânarea, înțelegând spațialitatea și geometria. Siguranța este esențială, așadar piesele cu magnet sunt sigure pentru cei mici! Magneții sunt încapsulați în interiorul pieselor, pe toate laturile lor, și poziționati astfel încât polii lor să se atragă, indiferent de modul în care piesele sunt apropiate, ceea ce este un avantaj inedit! Piesele Magformers se pot apropia pentru a construi apoi prin pliere, combinarea de mai multe părți, îndoirea sau extensia unor laturi, astfel că posibilitățile sunt nelimitate. Vârsta recomandată: +18 luni. AVERTISMENT! Contraindicat copiilor sub 18 luni. A se folosi sub directa supraveghere a unei persoane adulte. Producător: Clics toys, Belgia.",200.8,,,"[""https://cdnmpro.com/708224949/p/raw/6/set-magnetic-de-construit-magformers-animale-40-piese~5226.jpg"",""https://cdnmpro.com/708224949/p/raw/7/set-magnetic-de-construit-magformers-animale-40-piese~5557.jpg"",""https://cdnmpro.com/708224949/p/raw/8/set-magnetic-de-construit-magformers-animale-40-piese~5558.jpg"",""https://cdnmpro.com/708224949/p/raw/9/set-magnetic-de-construit-magformers-animale-40-piese~5559.jpg"",""https://cdnmpro.com/708224949/p/raw/0/set-magnetic-de-construit-magformers-animale-40-piese~5560.jpg""]",,"[""Clicstoys""]",,,true,false,5,0,,,,,0,0,2026-02-07 02:17:14.098,2026-02-20 01:30:21.019,8809465530181.0,TODDLERS_1_3,163.08,0,0,0,0,0,0,2.9,0,0,APPROVED,MATHEMATICS,ee75eea8-9f64-4076-96a2-52f5d6926c14,false,,
e52513e0-6661-46e7-bcb6-b4371b492f7d,"Puzzle liber Dragon, Londji",puzzle-liber-dragon-londji-LJ_FG018U,"Creează cel mai fascinant dragon din lume! Acest joc, fără reguli sau instrucțiuni, stimulează dezvoltarea copilului prin joc liber, spontaneitate și explorare, fără a-i limita creativitatea. Un joc care: · Dezvoltă creativitatea și imaginația. · Stimulează memoria și logica. · Ajută la exersarea atenției, concentrării și orientării în spațiu. Un joc fără reguli pentru a crea, experimenta și învăța. Dă frâu liber imaginației și creează un dragon fantastic! 🔹 Vârsta recomandată: 3-6 ani 🔹 Material: Hârtie FSC și carton reciclat 🔹 Ilustrație: Queralt Armengol 🔹 Dimensiuni cutie: 17,5 x 17,5 x 7,8 cm 🔹 Fabricat în Barcelona Avertisment! Nerecomandat copiilor sub 3 ani. Conține piese mici. Produs de Londji.",154,,,"[""https://cdnmpro.com/708224949/p/raw/6/puzzle-liber-dragon-londji~20526.jpg"",""https://cdnmpro.com/708224949/p/raw/5/puzzle-liber-dragon-londji~20385.jpg"",""https://cdnmpro.com/708224949/p/raw/6/puzzle-liber-dragon-londji~20386.jpg"",""https://cdnmpro.com/708224949/p/raw/7/puzzle-liber-dragon-londji~20387.jpg""]",,"[""Londji""]",,,true,false,9,0,,,,,0,0,2026-02-07 02:17:14.098,2026-02-20 01:30:20.309,LJ_FG018U,TODDLERS_1_3,101.64,0,0,0,0,0,0,2.9,0,0,APPROVED,GENERAL,ee75eea8-9f64-4076-96a2-52f5d6926c14,false,,
e65a9160-441a-4d17-9137-703e5d900588,"Kit STEM Electricitate si forta magnetica, Thames & Kosmos",kit-stem-electricitate-si-forta-magnetica-thames-and-kosmos-K_620417,"Kit STEM Electricitate si forta magnetica Realizează peste 60 de experimente captivante cu circuite și dispozitive magnetice pentru a învăța despre electricitate și magnetism și despre modul în care aceste două proprietăți fundamentale sunt strâns legate între ele. Copiii cu vârsta de peste opt ani pot experimenta în siguranță și cu ușurință jucându-se cu curentul electric și câmpurile magnetice folosind blocurile și componentele colorate care se montează la fix în acest kit practic. Construiește circuite în serie și în paralel pentru a aprinde un bec. Experimentează cu butoane și întrerupătoare on-off. Asamblează circuite care includ un motor care se învârte, două întrerupătoare și până la trei becuri. Efectuează teste pentru a vedea ce materiale sunt magnetice. Învață despre forța magnetismului și despre polii magnetici. Magnetizează un metal. Folosește umpluturi de fier pentru a face vizibile câmpuri magnetice invizibile. Investighează forța și direcția magnetică cu ajutorul unui dispozitiv cu pendul magnetic. Învață cum funcționează o busolă și despre câmpurile magnetice ale Pământului. Efectuează o serie de experimente cu un electromagnet robust. În cele din urmă, pune în valoare tot ce ai învățat construind un difuzor, un comutator cu releu electromagnetic și o cheie de telegraf în cod Morse. Componentele sunt special concepute pentru a face învățarea distractivă și accesibilă. Blocurile electrice se potrivesc între ele cu ajutorul unor conectori simpli cu ștecher și priză. Deoarece blocurile sunt viu colorate și au forme unice, este ușor de urmărit schemele de asamblare pentru a construi dispozitive funcționale. Manualul de experimente de 64 de pagini, complet color, te va ghida prin experimente cu diagrame ușor de urmărit. Kitul conține 64 de piese, 62 de experimente, manual cu instrucțiuni. Necesita 2 baterii AA. Vârsta recomandată: 8+ ani. Premiat cu Aur de Alegerea părinților Confecționat din plastic. Conform reglementarilor EN71&ASTM. AVERTISMENT: Contraindicat copiilor sub 3 ani, conține piese mici. Se recomandă supravegherea copilului de către un adult în timpul jocului. Citiți instrucțiunile înainte de utilizare, urmați-le și păstrați-le pentru referință. Nu amestecați bateriile vechi cu cele noi. Nu amestecați baterii alcaline, standard (carbon-zinc) sau reîncărcabile (nichel-cadmiu). Niciuna dintre componentele electrice sau electronice din acest kit nu trebuie aruncată la gunoiul menajer obișnuit după ce ați terminat cu ele. În schimb, acestea trebuie să fie predate la o locație de colectare pentru reciclarea dispozitivelor electrice și electronice. Vă rugăm să contactați autoritatea locală pentru a afla care este locul de eliminare adecvat. AVERTISMENT: MAGNEȚI MICI - Acest produs conține magneți mici. Magneții înghițiți se pot lipi între ei de-a lungul intestinelor, provocând infecții grave și moartea. Solicitați imediat asistență medicală dacă magneții sunt înghițiți sau inhalați. Fabricat în China pentru Thames & Kosmos, Anglia. Manual Kit STEM Electricitate si forta magnetica, Thames & Kosmos - descarca fisier",423,,,"[""https://cdnmpro.com/708224949/p/raw/8/kit-stem-electricitate-si-forta-magnetica-thames-kosmos~12238.jpg"",""https://cdnmpro.com/708224949/p/raw/9/kit-stem-electricitate-si-forta-magnetica-thames-kosmos~12239.jpg"",""https://cdnmpro.com/708224949/p/raw/0/kit-stem-electricitate-si-forta-magnetica-thames-kosmos~12240.jpg"",""https://cdnmpro.com/708224949/p/raw/1/kit-stem-electricitate-si-forta-magnetica-thames-kosmos~12241.jpg"",""https://cdnmpro.com/708224949/p/raw/2/kit-stem-electricitate-si-forta-magnetica-thames-kosmos~12242.jpg""]",,"[""Thames & Kosmos""]",,,true,false,16,0,,,,,0,0,2026-02-07 02:17:14.098,2026-02-20 01:30:20.006,814743010451.0,ELEMENTARY_6_8,291.87,0,0,0,0,0,0,2.9,0,0,APPROVED,TECHNOLOGY,ee75eea8-9f64-4076-96a2-52f5d6926c14,false,,
e89291c3-fad1-4a14-be7c-3e9a009c3cb0,"Joc cu magneti Stick-O, Bumba",joc-cu-magneti-stick-o-bumba-clics_904001,"Drăguț și simplu, acest set cu 14 piese este introducerea perfectă în lumea distractivă a jocului magnetic Stick-O pentru copii mici. Piesele Stick-O au sistemul de magneți rotativi (RMS) super sigur, inițiat de Magformers, în care magneții disc mici, dar puternici, din neodim sunt etanșați în siguranță în interiorul pieselor principale. Deoarece se rotesc, atrag întotdeauna și nu resping niciodată - făcând construcția modelelor rapidă și ușoară. pentru mânuțele mici. Toate seturile Stick-O sunt complet compatibile. Confecționat din plastic BPA (nontoxic). Conform standardelor EN71. Vârsta recomandată + 18 luni. AVERTISMENT: Contraindicat copiilor sub 18 luni. Conține magneți! Inghitirea lor poate provoca complicatii care pot duce pana la infectii si moarte. Contactati imediat medicul in caz de inghitire. A se utiliza sub directa supraveghere a unui adult. Distribuit de Clicstoys, Belgia.",144.8,,,"[""https://cdnmpro.com/708224949/p/raw/7/joc-cu-magneti-stick-o-bumba~10057.jpg"",""https://cdnmpro.com/708224949/p/raw/5/joc-cu-magneti-stick-o-bumba~10055.jpg"",""https://cdnmpro.com/708224949/p/raw/6/joc-cu-magneti-stick-o-bumba~10056.jpg"",""https://cdnmpro.com/708224949/p/raw/4/joc-cu-magneti-stick-o-bumba~14214.jpg"",""https://cdnmpro.com/708224949/p/raw/5/joc-cu-magneti-stick-o-bumba~14215.jpg""]",,"[""Clicstoys""]",,,true,false,4,0,,,,,0,0,2026-02-07 02:17:14.098,2026-02-20 01:30:21.25,8809465537319.0,TODDLERS_1_3,124.89,0,0,0,0,0,0,2.9,0,0,APPROVED,ENGINEERING,ee75eea8-9f64-4076-96a2-52f5d6926c14,false,,
ebd73246-7623-404a-86f6-bc6381186512,Joc educativ Polyminix,joc-educativ-polyminix-CTV_407,"Un joc educativ, tactic, pentru întreaga familie. Jucătorii trebuie să potrivească piesele cu diferite forme geometrice (contururi) astfel încât să reconstruiască indicațiile de pe cartonașele de joc. Grade de dificultate ..de la ușor, la super expert- tu pe care vei reuși oare să îl completezi? Vârsta recomandată: + 6 ani AVERTISMENT: Contraindicat copiilor sub 3 ani, conține piese mici, pericol de sufocare. A se utiliza sub directa supraveghere a unui adult. Producător: CreativaMente, Italia",123.2,,,"[""https://cdnmpro.com/708224949/p/raw/4/joc-educativ-polyminix~6204.jpg"",""https://cdnmpro.com/708224949/p/raw/6/joc-educativ-polyminix~6476.jpg"",""https://cdnmpro.com/708224949/p/raw/7/joc-educativ-polyminix~6477.jpg"",""https://cdnmpro.com/708224949/p/raw/8/joc-educativ-polyminix~6478.jpg"",""https://cdnmpro.com/708224949/p/raw/9/joc-educativ-polyminix~6479.jpg""]",,"[""CreativaMente""]",,,true,false,6,0,,,,,0,0,2026-02-07 02:17:14.098,2026-02-20 01:30:19.381,8032591784078.0,ELEMENTARY_6_8,106.26,0,0,0,0,0,0,2.9,0,0,APPROVED,MATHEMATICS,ee75eea8-9f64-4076-96a2-52f5d6926c14,false,,
ec411269-411f-466e-acbc-e0543c6127b4,"Set experimente de crescut Cristale, rosu",set-experimente-de-crescut-cristale-rosu-4M-03929-EU,"Set experimente de crescut Cristale, rosu  este un kit educativ fascinant care le permite copiilor sa creasca propriul cristal spectaculos de culoare rosie. Acest set ofera o introducere practica in lumea chimiei si a formarii cristalelor, stimuland curiozitatea si intelegerea stiintifica.   Beneficii      Explorare stiintifica  ,   Demonstreaza procesele de formare a cristalelor intr-un mod captivant si vizual.    Dezvoltarea abilitatilor  ,   Imbunatateste rabdarea, atentia la detalii si intelegerea proceselor chimice.    Constientizare ecologica  ,   Incurajeaza interesul pentru stiinta si mediul inconjurator prin experimente practice.    Caracteristici      Formare rapida a cristalului  ,   Permite observarea procesului de cristalizare in decurs de cateva zile.    Continut complet  ,   Include toate materialele necesare pentru experiment: solutie de cristalizare, recipient de crestere, baza de afisare si instructiuni detaliate.    Design atractiv  ,   Baza de afisare in forma de capsula spatiala ofera o prezentare impresionanta a cristalului finalizat.    Ce spun utilizatorii?   ,œ   , žCopilul meu a fost uimit sa vada cum creste cristalul zi de zi!,   ,   Maria, Bucuresti  ,œ   , žUn mod excelent de a introduce conceptele de chimie intr-un mod distractiv.,   ,   Andrei, Cluj-Napoca  ,œ   , žInstructiunile sunt clare, iar rezultatul final este spectaculos. Recomand cu caldura!,   ,   Elena, Iasi   Detalii tehnice:     Dimensiuni ambalaj: 17 cm (latime) x 22 cm (inaltime) x 6 cm (adancime)    Varsta recomandata: 10 ani+    Timp estimat de crestere a cristalului: 7-10 zile  ðŸ mdash;  Adauga acum in cos  Set experimente de crescut Cristale, rosu  si ofera-i copilului tau o experienta educativa si distractiva!   Transforma invatarea intr-o aventura stiintifica.  Comanda acum si lasa imaginatia sa prinda viata!",69,,,"[""https://gomagcdn.ro/domains/kidstory.ro/files/product/original/set-experimente-de-crescut-cristale-rosu-278804.png"",""https://gomagcdn.ro/domains/kidstory.ro/files/product/original/set-experimente-de-crescut-cristale-rosu-880981.png"",""https://gomagcdn.ro/domains/kidstory.ro/files/product/original/set-experimente-de-crescut-cristale-rosu-574345.png""]",,"[""4M""]",,,true,false,1,0,,,,,0,0,2026-02-07 02:17:55.145,2026-02-20 01:30:15.521,,ELEMENTARY_6_8,51.75,0,0,0,0,0,0,2.9,0,0,APPROVED,TECHNOLOGY,26f5418c-965d-4630-994c-b51947cdec04,false,,
f154bf15-a4d1-439a-9f36-b8566504893c,"Joc magnetic Circuit pastel cu bile - 110 Piese, Cleverclixx",joc-magnetic-circuit-pastel-cu-bile-110-piese-cleverclixx-CC-1001,"Cleverclixx Circuit p astel cu bile Set magnetic de construcție cu 110 piese conceput pentru a inspira micii arhitecți! Acest set este introducerea perfectă în jocul magnetic, oferind posibilități nelimitate pentru structuri creative și trasee spectaculoase cu bile. De ce să alegi Cleverclixx? 🔹 Stimulează creativitatea și imaginația – Magneții au ceva magic, captivând copiii și oferindu-le libertatea de a construi forme și structuri unice. 🔹 Crește odată cu copilul tău – De la vârsta de 3 ani , cei mici pot explora conceptele de construcție 3D . Pe măsură ce cresc, vor realiza structuri din ce în ce mai complexe și vor putea folosi Cleverclixx pentru exerciții matematice la școală. 🔹 Compatibil și extensibil – Toate seturile Cleverclixx sunt complet compatibile între ele, permițând extinderea colecției și dezvoltarea continuă a creativității. 🔹 Joacă versatilă – Construiește pe podea sau du creativitatea la un alt nivel atașând construcțiile pe suprafețe magnetice, precum caloriferele . Folosește markere lavabile pentru a desena litere, numere sau forme și transformă joaca într-o experiență educativă! 🔹 Încurajează învățarea STEAM – Cleverclixx dezvoltă abilități din domeniile Știință, Tehnologie, Inginerie, Artă și Matematică (STEAM) , transformând învățarea într-un proces practic, captivant și distractiv. Educațional și sigur Seturile Cleverclixx sunt utilizate în grădinițe și școli primare din întreaga lume pentru a sprijini dezvoltarea abilităților motorii, gândirii logice și rezolvării problemelor . Misiunea Cleverclixx este de a crea jucării educaționale care inspiră curiozitatea, creativitatea și dorința de a învăța pe tot parcursul vieții. Detalii produs ✔ 110 piese magnetice în culori pastelate ✔ Recomandat pentru copii de la 3 ani ✔ Fabricat din plastic MABS de înaltă calitate ✔ Fără BPA - sigur pentru copii ✔ Certificat (CPSC, CE, EN71, ASTM) Lasă imaginația să construiască fără limite cu Cleverclixx! 🚀 Avertisment! Nu este potrivit pentru copiii sub 3 ani. Conține piese mici. Se recomandă supravegherea copilului de către un adult în timpul jocului. Produs de Cleverclixx",524,,,"[""https://cdnmpro.com/708224949/p/raw/8/joc-magnetic-circuit-pastel-cu-bile-110-piese-cleverclixx~20528.jpg"",""https://cdnmpro.com/708224949/p/raw/9/joc-magnetic-circuit-pastel-cu-bile-110-piese-cleverclixx~20529.jpg"",""https://cdnmpro.com/708224949/p/raw/0/joc-magnetic-circuit-pastel-cu-bile-110-piese-cleverclixx~20530.jpg"",""https://cdnmpro.com/708224949/p/raw/1/joc-magnetic-circuit-pastel-cu-bile-110-piese-cleverclixx~20531.jpg"",""https://cdnmpro.com/708224949/p/raw/2/joc-magnetic-circuit-pastel-cu-bile-110-piese-cleverclixx~20532.jpg""]",,"[""Cleverclixx""]",,,true,false,8,0,,,,,0,0,2026-02-07 02:17:14.098,2026-02-20 01:30:20.37,6096146023076.0,TODDLERS_1_3,361.56,0,0,0,0,0,0,2.9,0,0,APPROVED,MATHEMATICS,ee75eea8-9f64-4076-96a2-52f5d6926c14,false,,
f487d57f-fece-4cf0-911e-2385c593c6a9,Magnet gigant - KidzLabs,magnet-gigant-kidzlabs-4M-03479,"Magnet gigant - KidzLabs   este un instrument educativ captivant care le permite copiilor sa exploreze si sa inteleaga principiile magnetismului. Acest magnet in forma de potcoava, de dimensiuni generoase, este ideal pentru experimente practice, demonstrand fortele de atractie si respingere intr-un mod vizual si interactiv.   Beneficii      Invatare practica  ,   Ofera o introducere tangibila in conceptele de magnetism, stimuland curiozitatea si intelegerea stiintifica.    Dezvoltarea abilitatilor  ,   Imbunatateste coordonarea mana-ochi si abilitatile de rezolvare a problemelor prin experimente hands-on.    Versatilitate educationala  ,   Potrivit atat pentru utilizarea in clasa, cat si pentru explorari stiintifice acasa.    Caracteristici      Design robust  ,   Constructie durabila, ideala pentru mainile mici ale copiilor si pentru utilizare repetata.    Polaritate marcata  ,   Fiecare extremitate este clar etichetata cu , žN,   si , žS,   pentru a facilita invatarea despre poli magnetici.    Dimensiuni generoase  ,   Masoara aproximativ 18 cm in inaltime, oferind o experienta vizuala impresionanta.    Ce spun utilizatorii?   ,œ   , žCopilul meu a fost fascinat de puterea acestui magnet si de experimentele pe care le-am facut impreuna!,   ,   Maria, Bucuresti  ,œ   , žUn instrument excelent pentru a introduce conceptele de magnetism intr-un mod practic.,   ,   Andrei, Cluj-Napoca  ,œ   , žCalitate superioara si dimensiuni perfecte pentru activitatile educative.,   ,   Elena, Iasi   Detalii tehnice:     Dimensiuni ambalaj: 28.5 cm (inaltime) x 19.5 cm (latime) x 2 cm (adancime)    Varsta recomandata: 5 ani+    Culoare: Selectie aleatorie intre rosu si albastru  ðŸ mdash;  Adauga acum in cos  Magnet gigant - KidzLabs  si ofera-i copilului tau o experienta educativa si distractiva!   Descopera puterea invizibila a magnetismului.  Comanda acum si lasa imaginatia sa prinda viata!",69,,,"[""https://gomagcdn.ro/domains/kidstory.ro/files/product/original/kit-magnet-gigant-kidslabs-358049.png"",""https://gomagcdn.ro/domains/kidstory.ro/files/product/original/kit-magnet-gigant-kidslabs-784217.png"",""https://gomagcdn.ro/domains/kidstory.ro/files/product/original/kit-magnet-gigant-kidslabs-703400.png"",""https://gomagcdn.ro/domains/kidstory.ro/files/product/original/kit-magnet-gigant-kidslabs-655393.png"",""https://gomagcdn.ro/domains/kidstory.ro/files/product/original/kit-magnet-gigant-kidslabs-733509.png""]",,"[""4M""]",,,true,false,1,0,,,,,0,0,2026-02-07 02:17:55.145,2026-02-20 01:30:15.498,,ELEMENTARY_6_8,51.75,0,0,0,0,0,0,2.9,0,0,APPROVED,SCIENCE,26f5418c-965d-4630-994c-b51947cdec04,false,,
f6f0288e-2957-4e6e-b332-09d0bde00e4b,"Kit constructie robot - T-Rex, Kidz Robotix",kit-constructie-robot-t-rex-kidz-robotix-4M-03460,"Construieste acest robot T-Rex cu motor. Invatati despre circuite electrice si constructie.    Priviti-l cum prinde viata si cum marsaluieste pe podea cu falca lui care racneste, ochii care clipesc si antebratele care se misca!  Iubitorii de dinozauri sa fie atenti! Va veti indragosti de acest micut!  Cu totii avem o imagine diferita atunci cand ne gandim la un , žrobot,  , pentru ca robotii au atatea forme si dimensiuni cate minti exista pentru a-i imagina. KidzRobotix merge dincolo de simpla mecanica pentru a explora varietatea si creativitatea ingineriei mecanice. Copiii pot alege sa urmeze instructiunile sau sa isi creeze propriile adaptari fara limite, deoarece robotii vor functiona in alte configuratii. Unii roboti sunt pentru munca, altii pentru joaca, altii sunt ciudati, altii sunt doar infricosatori si toti sunt distractivi!  Seria KidzRobotix este plina de obiecte uimitoare pe care copiii le pot pune impreuna singuri. Este intuitiv si usor de asamblat. Credem ca inspiratiile mecanice practice vor produce noi inovatii minunate care ne vor remodela viata.  Explorati gama 4M KidzRobotix, care include jucarii mecanice motorizate, usor de asamblat, concepute pentru a preda principiile de baza ale mecanicii si roboticii. Aceasta gama este o modalitate distractiva de a dezvolta abilitatile STEM la copii - Kiturile robotizate pentru dezvoltarea conceptului STEM la nivel de incepator sunt potrivite pentru varsta de 8 ani si peste.",113,,,"[""https://gomagcdn.ro/domains/kidstory.ro/files/product/original/kit-constructie-robot-t-rex-kidz-robotix-435251.png"",""https://gomagcdn.ro/domains/kidstory.ro/files/product/original/kit-constructie-robot-t-rex-kidz-robotix-189168.png"",""https://gomagcdn.ro/domains/kidstory.ro/files/product/original/kit-constructie-robot-t-rex-kidz-robotix-150869.png""]",,"[""4M""]",,,true,false,1,0,,,,,0,0,2026-02-07 02:17:55.145,2026-02-20 01:30:14.725,,PRESCHOOL_3_5,84.75,0,0,0,0,0,0,2.9,0,0,APPROVED,TECHNOLOGY,26f5418c-965d-4630-994c-b51947cdec04,false,,
f7697146-63f7-4300-a389-f3b6285e78ae,"Kit stiintific detectiv ,   senzor de miscare paianjen KidzLabs",kit-stiintific-detectiv-senzor-de-miscare-paianjen-kidzlabs-4M-03473,"Detector de Miscare ,   Spider Spy Set pentru a construi un detector de miscare inspirat din tehnologia agentilor secreti. Stimuleaza interesul pentru stiinta si inginerie (STEM). Detecteaza miscarea si emite un semnal sonor cand este activat. Include toate componentele pentru asamblare. Functioneaza cu 2 baterii AAA (nu sunt incluse). Dimensiuni ambalaj: aprox. 17 x 22 x 6 cm. Recomandat pentru copii de la 8 ani in sus. Perfect pentru copii pasionati de tehnologie si experimente practice!",179,,,"[""https://gomagcdn.ro/domains/kidstory.ro/files/product/original/kit-stiintific-detectiv-senzor-de-miscare-paianjen-kidzlabs-209841.png"",""https://gomagcdn.ro/domains/kidstory.ro/files/product/original/kit-stiintific-detectiv-senzor-de-miscare-paianjen-kidzlabs-451621.png""]",,"[""4M""]",,,true,false,1,0,,,,,0,0,2026-02-07 02:17:55.145,2026-02-20 01:30:15.566,,ELEMENTARY_6_8,134.25,0,0,0,0,0,0,2.9,0,0,APPROVED,SCIENCE,26f5418c-965d-4630-994c-b51947cdec04,false,,
f7d2fe64-6cfa-4353-989a-adc129943d38,"Kit constructie Robot solar, Stiinta Verde - Green Science",kit-constructie-robot-solar-stiinta-verde-green-science-4M-03294,"ðŸ ndash;  Kit constructie Robot solar, Stiinta Verde - Green Science  este un kit educativ captivant care le permite copiilor sa construiasca un robot alimentat de energie solara. Acest set ofera o introducere practica in conceptele de energie regenerabila si reciclare, incurajand creativitatea si gandirea ecologica.   Beneficii      Invatare practica  ,   Introduce copiii in principiile energiei solare si ale reciclarii.    Dezvoltarea abilitatilor  ,   Imbunatateste coordonarea mana-ochi si abilitatile de rezolvare a problemelor.    Stimulare creativa  ,   Incurajeaza creativitatea prin personalizarea robotului cu materiale reciclate.    Caracteristici      Alimentare solara  ,   Functioneaza exclusiv cu energie solara, fara a necesita baterii.    Materiale reciclabile  ,   Permite utilizarea materialelor reciclate pentru personalizarea robotului.    Continut complet  ,   Include toate componentele necesare pentru asamblare si instructiuni detaliate.    Ce spun utilizatorii?   ,œ   , žCopilul meu a fost fascinat sa vada cum robotul se misca cu ajutorul soarelui!,   ,   Maria, Bucuresti  ,œ   , žUn mod excelent de a introduce conceptele de energie regenerabila intr-un mod distractiv.,   ,   Andrei, Cluj-Napoca  ,œ   , žAsamblarea a fost usoara si educativa. Recomand pentru toti micii inventatori!,   ,   Elena, Iasi   Detalii tehnice:     Dimensiuni ambalaj: 24 cm (latime) x 22 cm (inaltime) x 6 cm (adancime)    Varsta recomandata: 8 ani+    Nu necesita baterii ,   functioneaza exclusiv cu energie solara  ðŸ mdash;  Adauga acum in cos  Kit constructie Robot solar, Stiinta Verde - Green Science  si ofera-i copilului tau o experienta educativa si distractiva!   Transforma invatarea intr-o aventura ecologica.  Comanda acum si lasa imaginatia sa prinda viata!",133,,,"[""https://gomagcdn.ro/domains/kidstory.ro/files/product/original/kit-constructie-robot-solar-stiinta-verde-green-science-327354.png"",""https://gomagcdn.ro/domains/kidstory.ro/files/product/original/kit-constructie-robot-solar-stiinta-verde-green-science-959702.png"",""https://gomagcdn.ro/domains/kidstory.ro/files/product/original/kit-constructie-robot-solar-stiinta-verde-green-science-872958.png""]",,"[""4M""]",,,true,false,1,0,,,,,0,0,2026-02-07 02:17:55.145,2026-02-20 01:30:15.366,,ELEMENTARY_6_8,99.75,0,0,0,0,0,0,2.9,0,0,APPROVED,SCIENCE,26f5418c-965d-4630-994c-b51947cdec04,false,,
f82155ad-47ce-403f-863c-ef10707cf374,"Joc magnetic Caterpillar, Egmont Toys",joc-magnetic-caterpillar-egmont-toys-Egm_630676,"Joc Magnetic Caterpillar – Antrenează logica și imaginația celor mici! Jocul magnetic ""Omida"" de la Egmont Toys este o provocare captivantă pentru copiii de peste 4 ani, stimulând gândirea logică și coordonarea mână-ochi. 🧠 Caracteristici principale: Obiectivul jocului : Recompune omida astfel încât să-și arate hrana prin ferestrele rotunde, evitând în același timp pietrele. Conținut : 18 carduri magnetice care se plasează pe tablă, oferind multiple combinații și provocări. Portabilitate : Design compact și piese magnetice, ideal pentru călătorii și activități în aer liber. Beneficii educative : Dezvoltă logica, concentrarea și abilitățile motorii fine într-un mod distractiv. 📦 Specificații: Vârsta recomandată : 4+ ani Materiale : Carton și metal Potrivit pentru acasă sau în deplasare, acest joc oferă o alternativă educativă și distractivă la jocurile electronice. AVERTISMENT: Contraindicat copiilor sub 3 ani. Conține părți mici. Se recomandă supravegherea copilului de către un adult în timpul jocului. Citiți cu atenție eticheta produsului. Producător: Egmont Toys, Belgia.",98,,,"[""https://cdnmpro.com/708224949/p/raw/4/joc-magnetic-caterpillar-egmont-toys~20854.jpg"",""https://cdnmpro.com/708224949/p/raw/0/joc-magnetic-caterpillar-egmont-toys~20850.jpg"",""https://cdnmpro.com/708224949/p/raw/1/joc-magnetic-caterpillar-egmont-toys~20851.jpg"",""https://cdnmpro.com/708224949/p/raw/2/joc-magnetic-caterpillar-egmont-toys~20852.jpg"",""https://cdnmpro.com/708224949/p/raw/3/joc-magnetic-caterpillar-egmont-toys~20853.jpg""]",,"[""Egmont Toys""]",,,true,false,15,0,,,,,0,0,2026-02-07 02:17:14.098,2026-02-20 01:30:20.641,5420023044952.0,TODDLERS_1_3,64.68,0,0,0,0,0,0,2.9,0,0,APPROVED,TECHNOLOGY,ee75eea8-9f64-4076-96a2-52f5d6926c14,false,,
fb9be398-5327-4e12-b8c1-b0a43b594888,"Kit stiintific - Stiinta Pamantului, STEAM Kids",kit-stiintific-stiinta-pamantului-steam-kids-4M-05538,"Invata puterea naturala a Pamantului si experimenteaza distractia nelimitata a stiintei geologice. Creati un vulcan, mine pentru cristale minerale si cresteti-va propriile colectii unice de cristale.     Acest kit contine :  matrita vulcan (asamblare necesara), 2 amestecuri de ipsos de calitate fina, 1 banda de vopsea de sase culori, 1 pensula, 1 agitator, 2 benzi de cauciuc, 1 bloc de ipsos cu cristale ingropate in interior, 1 unealta special conceputa pentru sapat. 1 pensula, 1 lupa, 1 set vitrina cu capac si card de baza, 1 punga, 1 punga de compus de cristal alb, punga mica de amestec de seminte de culoare, baza patrata transparenta cu capac, baza hexagonala transparenta cu capac, recipient hexagonal putin adanc, baza de cristal de luna care straluceste in intuneric, bol pentru amestecare, lingura pentru amestecare, 1 set de hartie de cristal pentru copac de zapada si o brosura de 8 pagini. De asemenea, este necesar, dar nu este inclus in acest kit, carpa de lucru sau sort, otet si bicarbonat de sodiu, un borcan cu apa fierbinte aburinda, ochelari de protectie si manusi de cauciuc.      Varsta: 8+     Dimensiuni (L x A x A): 38cm x 29cm x 7cm",201,,,"[""https://gomagcdn.ro/domains/kidstory.ro/files/product/original/kit-stiintific-explorarea-magnetica-steam-kids-copie-947425.jpg"",""https://gomagcdn.ro/domains/kidstory.ro/files/product/original/kit-stiintific-explorarea-magnetica-steam-kids-copie-272707.jpg"",""https://gomagcdn.ro/domains/kidstory.ro/files/product/original/kit-stiintific-explorarea-magnetica-steam-kids-copie-211658.jpg"",""https://gomagcdn.ro/domains/kidstory.ro/files/product/original/kit-stiintific-explorarea-magnetica-steam-kids-copie-735688.jpg"",""https://gomagcdn.ro/domains/kidstory.ro/files/product/original/kit-stiintific-explorarea-magnetica-steam-kids-copie-423723.jpg"",""https://gomagcdn.ro/domains/kidstory.ro/files/product/original/kit-stiintific-explorarea-magnetica-steam-kids-copie-991340.jpg"",""https://gomagcdn.ro/domains/kidstory.ro/files/product/original/kit-stiintific-explorarea-magnetica-steam-kids-copie-640717.jpg"",""https://gomagcdn.ro/domains/kidstory.ro/files/product/original/kit-stiintific-explorarea-magnetica-steam-kids-copie-771160.jpg"",""https://gomagcdn.ro/domains/kidstory.ro/files/product/original/kit-stiintific-explorarea-magnetica-steam-kids-copie-196452.jpg""]",,"[""4M""]",,,true,false,1,0,,,,,0,0,2026-02-07 02:17:55.145,2026-02-20 01:30:14.234,,ELEMENTARY_6_8,150.75,0,0,0,0,0,0,2.9,0,0,APPROVED,SCIENCE,26f5418c-965d-4630-994c-b51947cdec04,false,,
fd30c747-3da5-4bc9-a725-028c339a2dae,"Joc de logica Animale salbatice, Djeco",joc-de-logica-animale-salbatice-djeco-DJ08521,"Joc de logică Animale sălbatice Un nou joc din colecția Sologic, ediția de buzunar. Câți tigri sunt pe coloană? Câți elefanți sunt pe rând? Folosește-ți abilitățile de Sudoku pentru a reda animalelor sălbatice teritoriile lor. Poate fi jucat singur sau în grup. Nivel de dificultate în creștere, astfel încât jucătorii pot progresa în propriul ritm. 40 de provocări, o singură soluție posibilă pentru fiecare provocare. Dezvoltă răbdarea și logica. Conținut: 7 piese din lemn, 40 de cărți și 1 set de reguli de joc în 10 limbi. Vârsta recomandata: 7 - 99 ani. Fabricat din hârtie și carton certificate FSC®. AVERTISMENT: Contraindicat copiilor sub 3 ani. A se utiliza sub directa supraveghere a unui adult. Producător: Djeco, Franța. Manual Joc de logica Animale salbatice - descarca fisier",61.75,,,"[""https://cdnmpro.com/708224949/p/raw/4/joc-de-logica-animale-salbatice-djeco~10524.jpg"",""https://cdnmpro.com/708224949/p/raw/2/joc-de-logica-animale-salbatice-djeco~10522.jpg"",""https://cdnmpro.com/708224949/p/raw/3/joc-de-logica-animale-salbatice-djeco~10523.jpg""]",,"[""Djeco""]",,,true,false,12,0,,,,,0,0,2026-02-07 02:17:14.098,2026-02-20 01:30:19.796,3070900085213.0,ELEMENTARY_6_8,42.9,0,0,0,0,0,0,2.9,0,0,APPROVED,GENERAL,ee75eea8-9f64-4076-96a2-52f5d6926c14,false,,
fe06e9fe-f395-4fa6-a7eb-5d5643061d46,Kit stiintific cu baloane de sapun KidzLabs,kit-stiintific-cu-baloane-de-sapun-kidzlabs-4M-03351,"Acest kit educational 4M ii invata pe copii totul despre bule! Copiii pot experimenta cu fabricarea bulelor, pot crea o bula gigantica de peste un metru lungime sau pot ingheta o bula care dureaza ore intregi!  Copiii vor aprecia frumusetea geometriei bulelor, invatand in acelasi timp o multime de trucuri cu bule.  Varsta: 5 ani +  Dimensiuni cutie: 21 x 17 x 6 cm",97,,,"[""https://gomagcdn.ro/domains/kidstory.ro/files/product/original/ki-stiintific-cu-baloane-de-sapun-kidzlabs-239756.png"",""https://gomagcdn.ro/domains/kidstory.ro/files/product/original/ki-stiintific-cu-baloane-de-sapun-kidzlabs-614615.png"",""https://gomagcdn.ro/domains/kidstory.ro/files/product/original/ki-stiintific-cu-baloane-de-sapun-kidzlabs-728727.png""]",,"[""4M""]",,,true,false,1,0,,,,,0,0,2026-02-07 02:17:55.145,2026-02-20 01:30:14.641,,PRESCHOOL_3_5,72.75,0,0,0,0,0,0,2.9,0,0,APPROVED,SCIENCE,26f5418c-965d-4630-994c-b51947cdec04,false,,
01f78d95-a616-4ac2-b7ec-a5f7a07c8709,"Set magnetic Magblox - 98 piese, circuit cu bile PASTEL - Magbrix Marble Run",set-magnetic-magblox-98-piese-circuit-cu-bile-pastel-magbrix-marble-run,"Setul magnetic Magblox Marble Ball Run PASTEL cu 98 de piese este perfect pentru a imbogati joaca oricarui copil, fiind setul perfect de constructie atat pentru joaca libera, open-end, cat si pentru invatarea multor notiuni educative!&#160;",511,,MBL-115,"[""https://gomagcdn.ro/domains/kidstory.ro/files/product/original/set-magnetic-magblox-98-piese-circuit-cu-bile-magbrix-marble-run-copie-203668.png"", ""https://gomagcdn.ro/domains/kidstory.ro/files/product/original/set-magnetic-magblox-98-piese-circuit-cu-bile-magbrix-marble-run-copie-478849.png"", ""https://gomagcdn.ro/domains/kidstory.ro/files/product/original/set-magnetic-magblox-98-piese-circuit-cu-bile-magbrix-marble-run-copie-250951.png"", ""https://gomagcdn.ro/domains/kidstory.ro/files/product/original/set-magnetic-magblox-98-piese-circuit-cu-bile-magbrix-marble-run-copie-212586.png"", ""https://gomagcdn.ro/domains/kidstory.ro/files/product/original/set-magnetic-magblox-98-piese-circuit-cu-bile-magbrix-marble-run-copie-539524.png"", ""https://gomagcdn.ro/domains/kidstory.ro/files/product/original/set-magnetic-magblox-98-piese-circuit-cu-bile-magbrix-marble-run-copie-997554.png"", ""https://gomagcdn.ro/domains/kidstory.ro/files/product/original/set-magnetic-magblox-98-piese-circuit-cu-bile-magbrix-marble-run-copie-261584.png"", ""https://gomagcdn.ro/domains/kidstory.ro/files/product/original/set-magnetic-magblox-98-piese-circuit-cu-bile-magbrix-marble-run-copie-274131.png""]",,"[""Magblox"", ""kidstory_supplier"", ""shortlist-import"", ""hero"", ""Jucarii Magnetice""]",,,false,false,0,0,,,,,,,,,9357280000260,ELEMENTARY_6_8,,,,,,,,,,,IN_PENDING,ENGINEERING,26f5418c-965d-4630-994c-b51947cdec04,,,
d6e7b5d3-b9ff-468b-a174-25b9a67a0b6f,Set magnetic Magbrix 66 piese translucide,set-magnetic-magbrix-66-piese-translucide,"Bine ati venit la fuziunea celor mai bune doua jucarii de constructie iubite din lume! MAGBRIX reg; deschide usile catre creatii nelimitate si posibilitatea de a combina placi magnetice si Lego reg;   Duplo reg; sau orice alte marci de construit tip Lego. Este completarea perfecta pentru setul dvs. de joc cu placi magnetice, incurajand creativitatea, in acelasi timp experimentand si progresand abilitatile STEM.     Caracteristici:      Setul include 66 de placi magnetice MAGBRIX, translucide:                                 - 6 patrate mari                              - 24 de patrate mici                              - 12 triunghiuri isoscele (pentru a face un dodecagon)                              - 12 triunghiuri cu unghi drept                              - 12 triunghiuri echilaterale      Placile magnetice MAGBRIX sunt fabricate din plastic ABS 100% sigur, material non-toxic de calitate alimentara, fara BPA si ftalati.    Piesele magnetice  MAGBRIX  sunt cu adevarat speciale, permitand micilor arhitecti sa dea frau liber imaginatiei prin interconectare fara limite.   Pl a cile sunt interconectabile prin magnetii puternici   pe care ii au, cat si datorita designului inovator - interconectarea acestora fiind posibila si de sine statatoare.    Placile MAGBRIX sunt compatibile cu alte marci de placi magnetice      Placile MAGBRIX pot fi utilizate cu Lego Classic si Lego Duplo precum si cu alte blocuri de constructii. Interconectarea cu caramizile mici este posibila pe ambele fete ale placilor magnetice, iar cu caramizile mari tip Duplo pe o singura fata.    Acest set contine cinci forme, cu un total combinat de 66 de piese! Formele magnetice au un sistem de interblocare care functioneaza pe ambele fete, ceea ce inseamna ca copiii se pot juca in diverse moduri cu aceste piese unice si pot crea idei nelimitate. Acesta promoveaza creativitatea si ii ajuta pe copii sa isi dezvolte abilitatile cognitive.       Magnetii Magbrix sunt incapsulati intr-o carcasa intarita, asigurata cu o tehnologie de sudare cu ultrasunete pentru a preveni slabirea magnetilor.     Magbrix foloseste magneti mai grosi pentru a permite o conexiune mai puternica la contact si sunt compatibile cu toate marcile majore de placi magnetice si caramizi de constructie.   Linia Magbrix ofera un nou produs unic cu o gama multipla de culori   si forme in placi translucide, clare si solide, cu un finisaj durabil.       Beneficiile Magbrix       Placile magnetice Magbrix sunt concepute pentru a oferi un spectru complet de beneficii pentru mintile creative ale copiilor, atragand deopotriva tinerii si batranii, permitandu-le sa-si exploreze creativitatea, curiozitatea pentru constructie si inovarea noilor design-uri.   Magbrix a devenit un instrument educational plin de resurse pentru scoli si familii. Parintii si copiii au explorat diverse avantaje ale jocului cu Magbrix datorita oportunitatii de a incorpora Lego Duplo sau orice brand major de caramizi de constructie cunoscut pe piata.    Designul MAGBRIX reg; este o idee originala a lui JC Ingenium reg;   Disclaimer: , žLEGO reg; este o marca comerciala a grupului de companii LEGO care nu sponsorizeaza, autorizeaza sau aproba acest produs,        AVERTISMENT!    Nerecomandat copiilor mai mici de 3 ani. Produsul poate contine piese mici care se pot inghiti sau inhala, existand pericolul de sufocare. Nu lasati ambalajele produselor la indemana copiilor, indepartati toate ambalajele inainte de a oferi jucaria copilului.    Jucaria contine magneti sau componente magnetice. Magnetii care se lipesc unul de celalalt sau se ataseaza de un obiect metalic in interiorul corpului uman pot provoca accidente grave. Cereti imediat asistenta medicala in cazul in care magnetii sunt inghititi sau inhalati.",512,,MBRX66,"[""https://gomagcdn.ro/domains/kidstory.ro/files/product/original/set-magnetic-magbrix-24-piese-patrate-compatibil-cu-caramizi-de-constructie-tip-lego-copie-502146.png"", ""https://gomagcdn.ro/domains/kidstory.ro/files/product/original/set-magnetic-magbrix-24-piese-patrate-compatibil-cu-caramizi-de-constructie-tip-lego-copie-193951.png"", ""https://gomagcdn.ro/domains/kidstory.ro/files/product/original/set-magnetic-magbrix-24-piese-patrate-compatibil-cu-caramizi-de-constructie-tip-lego-copie-390475.png"", ""https://gomagcdn.ro/domains/kidstory.ro/files/product/original/set-magnetic-magbrix-24-piese-patrate-compatibil-cu-caramizi-de-constructie-tip-lego-copie-565109.png"", ""https://gomagcdn.ro/domains/kidstory.ro/files/product/original/set-magnetic-magbrix-24-piese-patrate-compatibil-cu-caramizi-de-constructie-tip-lego-copie-521741.png"", ""https://gomagcdn.ro/domains/kidstory.ro/files/product/original/set-magnetic-magbrix-24-piese-patrate-compatibil-cu-caramizi-de-constructie-tip-lego-copie-763490.png"", ""https://gomagcdn.ro/domains/kidstory.ro/files/product/original/set-magnetic-magbrix-24-piese-patrate-compatibil-cu-caramizi-de-constructie-tip-lego-copie-679402.png"", ""https://gomagcdn.ro/domains/kidstory.ro/files/product/original/set-magnetic-magbrix-24-piese-patrate-compatibil-cu-caramizi-de-constructie-tip-lego-copie-410511.png"", ""https://gomagcdn.ro/domains/kidstory.ro/files/product/original/set-magnetic-magbrix-24-piese-patrate-compatibil-cu-caramizi-de-constructie-tip-lego-copie-154515.png""]",,"[""Magblox"", ""kidstory_supplier"", ""shortlist-import"", ""hero"", ""Jucarii Magnetice""]",,,false,false,0,0,,,,,,,,,9357280000314,TODDLERS_1_3,,,,,,,,,,,IN_PENDING,ENGINEERING,26f5418c-965d-4630-994c-b51947cdec04,,,
297532d1-969f-489c-86c0-da0554dfea99,Set magnetic Magbrix Junior 24 piese patrate - compatibil cu caramizi de constructie tip Lego Duplo,set-magnetic-magbrix-junior-24-piese-patrate-compatibil-cu-caramizi-de-construct,"Bine ati venit la fuziunea celor mai bune doua jucarii de constructie iubite din lume! MAGBRIX reg; deschide usile catre creatii nelimitate si posibilitatea de a combina placi magnetice si Lego Duplo reg; sau orice alte marci de construit tip Lego cu caramizi mari. Este completarea perfecta pentru setul dvs. de joc cu placi magnetice, incurajand creativitatea, in acelasi timp experimentand si progresand abilitatile STEM.   Caracteristici   Setul include 24 de placi magnetice MAGBRIX si o brosura cu idei creative   Placile magnetice MAGBRIX sunt fabricate din plastic ABS 100% sigur, material non-toxic de calitate alimentara, fara BPA si ftalati.   Piesele magnetice MAGBRIX sunt cu adeverat speciale, permitand micilor arhitecti sa dea frau liber imaginatiei prin interconectare fara limite.   Placile sunt interconectabile prin magnetii puternici   pe care ii au, cat si datorita designului inovator - interconectarea acestora fiind posibila si de sine statatoare.   Placile MAGBRIX sunt compatibile cu alte marci de placi magnetice   Placile MAGBRIX pot fi utilizate cu Lego Duplo precum si cu alte caramizi mari de constructii. Interconectarea cu caramizile mari este posibila pe ambele fete ale placilor magnetice.      Magnetii Magbrix sunt incapsulati intr-o carcasa intarita, asigurata cu o tehnologie de sudare cu ultrasunete pentru a preveni slabirea magnetilor.     Magbrix foloseste magneti mai grosi pentru a permite o conexiune mai puternica la contact si sunt compatibile cu toate marcile majore de placi magnetice si caramizi de constructie.   Linia Magbrix ofera un nou produs unic cu o gama multipla de culori   si forme in placi translucide, clare si solide, cu un finisaj durabil.       Beneficiile Magbrix       Placile magnetice Magbrix sunt concepute pentru a oferi un spectru complet de beneficii pentru mintile creative ale copiilor, atragand deopotriva tinerii si batranii, permitandu-le sa-si exploreze creativitatea, curiozitatea pentru constructie si inovarea noilor design-uri.   Magbrix a devenit un instrument educational plin de resurse pentru scoli si familii. Parintii si copiii au explorat diverse avantaje ale jocului cu Magbrix datorita oportunitatii de a incorpora Lego Duplo sau orice brand major de caramizi de constructie cunoscut pe piata.     Designul MAGBRIX reg; este o idee originala a lui JC Ingenium reg;   Disclaimer: , žLEGO reg; este o marca comerciala a grupului de companii LEGO care nu sponsorizeaza, autorizeaza sau aproba acest produs,",233,,MBRXJR24,"[""https://gomagcdn.ro/domains/kidstory.ro/files/product/original/set-magnetic-magbrix-junior-24-piese-patrate-compatibil-cu-caramizi-de-constructie-tip-lego-duplo-12240-422910.jpg"", ""https://gomagcdn.ro/domains/kidstory.ro/files/product/original/set-magnetic-magbrix-junior-24-piese-patrate-compatibil-cu-caramizi-de-constructie-tip-lego-duplo-281786.png"", ""https://gomagcdn.ro/domains/kidstory.ro/files/product/original/set-magnetic-magbrix-junior-24-piese-patrate-compatibil-cu-caramizi-de-constructie-tip-lego-duplo-12240-471192.jpg"", ""https://gomagcdn.ro/domains/kidstory.ro/files/product/original/set-magnetic-magbrix-junior-24-piese-patrate-compatibil-cu-caramizi-de-constructie-tip-lego-duplo-12240-442878.jpg"", ""https://gomagcdn.ro/domains/kidstory.ro/files/product/original/set-magnetic-magbrix-junior-24-piese-patrate-compatibil-cu-caramizi-de-constructie-tip-lego-duplo-124689.png"", ""https://gomagcdn.ro/domains/kidstory.ro/files/product/original/set-magnetic-magbrix-junior-24-piese-patrate-compatibil-cu-caramizi-de-constructie-tip-lego-duplo-712775.png"", ""https://gomagcdn.ro/domains/kidstory.ro/files/product/original/set-magnetic-magbrix-junior-24-piese-patrate-compatibil-cu-caramizi-de-constructie-tip-lego-duplo-571498.png"", ""https://gomagcdn.ro/domains/kidstory.ro/files/product/original/set-magnetic-magbrix-junior-24-piese-patrate-compatibil-cu-caramizi-de-constructie-tip-lego-duplo-681378.png""]",,"[""Magblox"", ""kidstory_supplier"", ""shortlist-import"", ""hero"", ""Jucarii Magnetice""]",,,false,false,0,0,,,,,,,,,9357280000130,TODDLERS_1_3,,,,,,,,,,,IN_PENDING,ENGINEERING,26f5418c-965d-4630-994c-b51947cdec04,,,
ebb68ce2-e565-466b-98d5-aa890d55a4dc,Joc magnetic educativ - Sistemul solar,joc-magnetic-educativ-sistemul-solar,"O modalitate excelenta pentru incepatori de a invata elementele de baza ale sistemului solar, inclusiv cunoasterea planetelor, pozitia planetelor in sistemul solar, anatomia Pamantului si explorarea umana a spatiului.  M-Pad-ul nostru magnetic poate inlocui iPad-ul si ii poate tine pe copii departe de ecran.  De asemenea, poate fi usor de agatat sau de asezat pe un suport, astfel incat este ideal pentru copii sa se joace peste tot.  Varsta: 3+.  Dimensiune: 35cm 1cm 24,5cm  Contine: tabla magnetica, 30 piese de carton magnetic, 1 card, 1 suport",81,,ME0541,"[""https://gomagcdn.ro/domains/kidstory.ro/files/product/original/joc-magnetic-educativ-sistemul-solar-804060.jpg"", ""https://gomagcdn.ro/domains/kidstory.ro/files/product/original/joc-magnetic-educativ-sistemul-solar-588576.jpg"", ""https://gomagcdn.ro/domains/kidstory.ro/files/product/original/joc-magnetic-educativ-sistemul-solar-307356.jpg"", ""https://gomagcdn.ro/domains/kidstory.ro/files/product/original/joc-magnetic-educativ-sistemul-solar-938333.jpg"", ""https://gomagcdn.ro/domains/kidstory.ro/files/product/original/joc-magnetic-educativ-sistemul-solar-104768.jpg"", ""https://gomagcdn.ro/domains/kidstory.ro/files/product/original/joc-magnetic-educativ-sistemul-solar-665618.jpg"", ""https://gomagcdn.ro/domains/kidstory.ro/files/product/original/joc-magnetic-educativ-sistemul-solar-389690.jpg"", ""https://gomagcdn.ro/domains/kidstory.ro/files/product/original/joc-magnetic-educativ-sistemul-solar-048130.jpg"", ""https://gomagcdn.ro/domains/kidstory.ro/files/product/original/joc-magnetic-educativ-sistemul-solar-008996.jpg"", ""https://gomagcdn.ro/domains/kidstory.ro/files/product/original/joc-magnetic-educativ-sistemul-solar-588693.jpg""]",,"[""mierEdu"", ""kidstory_supplier"", ""shortlist-import"", ""core"", ""Stiinta si geografie""]",,,false,false,0,0,,,,,,,,,9352801004321,PRESCHOOL_3_5,,,,,,,,,,,IN_PENDING,ENGINEERING,26f5418c-965d-4630-994c-b51947cdec04,,,
08cac2f2-7d8b-4879-a9d3-710b6e92f591,Joc magnetic educativ - Anatomia Umana,joc-magnetic-educativ-anatomia-umana,"Conceput pentru ca incepatorii sa invete elementele de baza ale anatomiei umane, partile corpului, oasele si organele.  M-Pad-ul nostru magnetic poate inlocui iPad-ul si ii tine pe copii departe de ecran si este ideal pentru a se juca peste tot, deoarece poate fi atarnat sau plasat pe un stand cu usurinta!  Produsele noastre sunt educative, distractive si ecologice!  Varsta: 3+.  Dimensiune: 35cm 1cm 24,5cm  Contine: Tabla magnetica, 44 piese carton magnetic , 1 card, 1 suport",81,,ME0511,"[""https://gomagcdn.ro/domains/kidstory.ro/files/product/original/joc-magnetic-educativ-anatomia-umana-776727.jpg"", ""https://gomagcdn.ro/domains/kidstory.ro/files/product/original/joc-magnetic-educativ-anatomia-umana-183799.jpg"", ""https://gomagcdn.ro/domains/kidstory.ro/files/product/original/joc-magnetic-educativ-anatomia-umana-099851.jpg"", ""https://gomagcdn.ro/domains/kidstory.ro/files/product/original/joc-magnetic-educativ-anatomia-umana-706187.jpg"", ""https://gomagcdn.ro/domains/kidstory.ro/files/product/original/joc-magnetic-educativ-anatomia-umana-294314.jpg"", ""https://gomagcdn.ro/domains/kidstory.ro/files/product/original/joc-magnetic-educativ-anatomia-umana-298977.jpg"", ""https://gomagcdn.ro/domains/kidstory.ro/files/product/original/joc-magnetic-educativ-anatomia-umana-099284.jpg"", ""https://gomagcdn.ro/domains/kidstory.ro/files/product/original/joc-magnetic-educativ-anatomia-umana-456195.jpg"", ""https://gomagcdn.ro/domains/kidstory.ro/files/product/original/joc-magnetic-educativ-anatomia-umana-800442.jpg"", ""https://gomagcdn.ro/domains/kidstory.ro/files/product/original/joc-magnetic-educativ-anatomia-umana-518337.jpg""]",,"[""mierEdu"", ""kidstory_supplier"", ""shortlist-import"", ""core"", ""Stiinta si geografie""]",,,false,false,0,0,,,,,,,,,9352801004291,PRESCHOOL_3_5,,,,,,,,,,,IN_PENDING,ENGINEERING,26f5418c-965d-4630-994c-b51947cdec04,,,
59d6492b-9bd8-407c-a830-aea6c063e95f,"Joc magnetic de construit cu set de roti 25 piese, Cleverclixx",joc-magnetic-de-construit-cu-set-de-roti-25-piese-cleverclixx,"Cleverclixx Wheels Pack 25 piese – Creează, construiește și pornește la drum! Descoperă setul perfect pentru micii pasionați de construcții și mașini! Cu 25 de piese magnetice colorate, copilul poate explora diferite forme și își poate construi propria mașină de curse. 🚗 Distracție fără sfârșit & posibilități nelimitate Pentru construirea de mașini și vehicule personalizate. Explorarea formelor și culorilor printr-un mod de joacă interactiv. Compatibil cu toate seturile Cleverclixx pentru construcții și mai impresionante. 🎨 Creativitate fără limite Construirea pe verticală! Piesele se pot atașa pe suprafețe magnetice, precum un calorifer. Desenează și scrie! Folosește markere lavabile pentru a adăuga numere, litere și detalii personalizate. 🎓 Educație prin joacă – metoda STEAM Cleverclixx sprijină dezvoltarea abilităților motorii, cognitive și creative, ajutând copiii să învețe prin joacă. De la forme simple la construcții complexe, setul este ideal pentru explorarea conceptelor 3D și a matematicii. 🏆 Siguranță & durabilitate ✔ Potrivit pentru copii de la 3 ani✔ 25 de piese magnetice rezistente✔ Fără BPA, realizat din plastic MABS de calitate superioară✔ Certificări: CPSC, CE, EN71, ASTM 📢 Construiește și pregătește-te de curse aventuroase! 🏎️🚀",210,,6096130539552,"[""https://cdnmpro.com/708224949/p/raw/2/joc-magnetic-de-construit-cu-set-de-roti-25-piese-cleverclixx~100018402.jpg"", ""https://cdnmpro.com/708224949/p/raw/8/joc-magnetic-de-construit-cu-set-de-roti-25-piese-cleverclixx~20588.jpg"", ""https://cdnmpro.com/708224949/p/raw/9/joc-magnetic-de-construit-cu-set-de-roti-25-piese-cleverclixx~20589.jpg"", ""https://cdnmpro.com/708224949/p/raw/0/joc-magnetic-de-construit-cu-set-de-roti-25-piese-cleverclixx~20590.jpg"", ""https://cdnmpro.com/708224949/p/raw/1/joc-magnetic-de-construit-cu-set-de-roti-25-piese-cleverclixx~20591.jpg""]",,"[""Cleverclixx"", ""Jocuri"", ""boribon_supplier"", ""hero""]",,,false,false,17,0,,1,,,,,,,6096130539552,PRESCHOOL_3_5,,,,,,,,,,,IN_PENDING,MATHEMATICS,ee75eea8-9f64-4076-96a2-52f5d6926c14,,,
70a52d8a-ad04-4d8f-b410-97a67f00aae0,"Set magnetic de construit cu placi stralucitoare, Cleverclixx",set-magnetic-de-construit-cu-placi-stralucitoare-cleverclixx,"Set magnetic de construit cu placi stralucitoare - Cleverclixx Adaugă un strălucitor accent construcțiilor tale! Acest set uimitor de 16 piese combină plăci transparente roz cu un finisaj subtil de sclipici, oferind un efect magic care va transforma orice structură. Acest set nu este doar despre frumusețe, ci și despre învățare activă. Stimulează abilități esențiale STEAM (Știință, Tehnologie, Inginerie, Artă și Matematică), oferind copiilor oportunitatea de a explora culorile, formele și gândirea spațială. Compatibilitate completă cu toate seturile Cleverclixx. Un set perfect pentru orice mic constructor cu dorința de a crea lumi strălucitoare și pline de imaginație! Materiale sigure și durabile: fabricat din plastic MABS de înaltă calitate, fără BPA. Vârsta recomandată: 3+ ani Producător: Cleverclixx, Belgia 🇧🇪 AVERTISMENT: Contraindicat copiilor sub 3 ani. Se recomandă supravegherea copilului de către un adult în timpul jocului.",156,,6152121374356,"[""https://cdnmpro.com/708224949/p/raw/6/set-magnetic-de-construit-cu-placi-stralucitoare-cleverclixx~100107466.jpg"", ""https://cdnmpro.com/708224949/p/raw/9/set-magnetic-de-construit-cu-placi-stralucitoare-cleverclixx~100107469.jpg"", ""https://cdnmpro.com/708224949/p/raw/2/set-magnetic-de-construit-cu-placi-stralucitoare-cleverclixx~100107472.jpg"", ""https://cdnmpro.com/708224949/p/raw/5/set-magnetic-de-construit-cu-placi-stralucitoare-cleverclixx~100107475.jpg"", ""https://cdnmpro.com/708224949/p/raw/8/set-magnetic-de-construit-cu-placi-stralucitoare-cleverclixx~100107478.jpg""]",,"[""Cleverclixx"", ""Jocuri"", ""boribon_supplier"", ""hero""]",,,false,false,16,0,,0.53,,,,,,,6152121374356,PRESCHOOL_3_5,,,,,,,,,,,IN_PENDING,MATHEMATICS,ee75eea8-9f64-4076-96a2-52f5d6926c14,,,
dfd9101a-b690-47c4-87ff-96116497918b,"Set magnetic de construit cu placute mici, Cleverclixx",set-magnetic-de-construit-cu-placute-mici-cleverclixx,"Set magnetic de construit cu mini placute, Cleverclixx - Creativitate mare într-un pachet mic! Perfect pentru dezvoltarea abilităților STEAM (Știință, Tehnologie, Inginerie, Artă și Matematică), acest set îi ajută pe copii să învețe prin joacă – descoperind forme, modele, echilibru și gândire logică. Acest set oferă posibilități uriașe de construcție și este complet compatibil cu toate celelalte seturi Cleverclixx. O mini-placă are ¼ din dimensiunea unei plăci obișnuite. Aceste plăci magnetice miniaturale, în nuanțe pastelate plăcute, sunt ideale pentru joacă acasă sau în deplasare — în vacanță, în mașină, la restaurant sau în vizită la familie. Fie că construiesc arcuri, domuri, poduri sau alte structuri creative, micii arhitecți își pot lăsa imaginația liberă oriunde s-ar afla. Material: plastic MABS de înaltă calitate, fără BPA. Siguranță garantată: CPSC, CE, EN71, ASTM Vârsta recomandată: 3+ ani Producător: Cleverclixx, Belgia 🇧🇪 AVERTISMENT: Contraindicat copiilor sub 3 ani. Se recomandă supravegherea copilului de către un adult în timpul jocului.",120,,6152121148100,"[""https://cdnmpro.com/708224949/p/raw/4/set-magnetic-de-construit-cu-placute-mici-cleverclixx~100107574.jpg"", ""https://cdnmpro.com/708224949/p/raw/7/set-magnetic-de-construit-cu-placute-mici-cleverclixx~100107577.jpg"", ""https://cdnmpro.com/708224949/p/raw/0/set-magnetic-de-construit-cu-placute-mici-cleverclixx~100107580.jpg"", ""https://cdnmpro.com/708224949/p/raw/3/set-magnetic-de-construit-cu-placute-mici-cleverclixx~100107583.jpg"", ""https://cdnmpro.com/708224949/p/raw/6/set-magnetic-de-construit-cu-placute-mici-cleverclixx~100107586.jpg""]",,"[""Cleverclixx"", ""Jocuri"", ""boribon_supplier"", ""hero""]",,,false,false,44,0,,0.25,,,,,,,6152121148100,PRESCHOOL_3_5,,,,,,,,,,,IN_PENDING,MATHEMATICS,ee75eea8-9f64-4076-96a2-52f5d6926c14,,,
32ebc7f2-86bc-4adb-bc4e-ff6274af9222,"Blocuri magnetice Cubixx, 85 piese",blocuri-magnetice-cubixx-85-piese,"Blocuri magnetice pentru construcții nelimitate și învățare prin joacă Cu un număr impresionant de 85 de piese, acest set STEM deschide ușa către un univers de construcții complexe și figuri spectaculoase – de la bărci și viori, până la castele, animale, macarale sau creații fantastice imaginare. Construcțiile sunt rapide și sigure datorită magneților încorporați în fiecare piesă, iar dimensiunea lor este perfect adaptată mâinilor mici. Acest set Cubixx este nu doar o jucărie, ci un instrument educațional STEM, inspirat de principiile pedagogiei Montessori, care ajută copiii să învețe prin joacă activă, explorare și rezolvare de probleme. Piesele sunt realizate din plastic rezistent, durabil și netoxic, cu margini rotunjite pentru siguranța copiilor. Curățarea se face simplu, cu o lavetă umedă – fără griji pentru părinți. Ideal pentru cadouri de Crăciun, zile de naștere sau orice altă ocazie specială!Vârsta recomandată: +3 ani.AVERTISMENT! Contraindicat copiilor sub 3 ani. Conține magneți! A se folosi sub directa supraveghere a unei persoane adulte.Producător: Clics Toys, Belgia.",316,,clics_501003,"[""https://cdnmpro.com/708224949/p/raw/9/blocuri-magnetice-cubixx-85-piese~100099939.jpg"", ""https://cdnmpro.com/708224949/p/raw/2/blocuri-magnetice-cubixx-85-piese~100099942.jpg"", ""https://cdnmpro.com/708224949/p/raw/5/blocuri-magnetice-cubixx-85-piese~100099945.jpg"", ""https://cdnmpro.com/708224949/p/raw/8/blocuri-magnetice-cubixx-85-piese~100099948.jpg""]",,"[""Clicstoys"", ""Jocuri"", ""boribon_supplier"", ""hero""]",,,false,false,20,0,,1.5,,,,,,,5414699000398,PRESCHOOL_3_5,,,,,,,,,,,IN_PENDING,ENGINEERING,ee75eea8-9f64-4076-96a2-52f5d6926c14,,,
25eb360f-4bb1-46f9-965e-a28bcf126221,Joc cu magneti Magimals Ferma,joc-cu-magneti-magimals-ferma,"Magimals Ferma Porc, pui sau o combinație din cele 2, după bunul plac al copilului. Animale magnetice care pot fi complet transformate! 2 animăluțe Mix&Match compuse din 3 părți: picioare, corp și cap, sunt pregătite să se alăture micuțului tău chiar și în cadă pentru o aventură distractivă! Confecționate din material moale, sigur, non-toxic, lavabil, rezistent la dentiția bebelușului. Animalele se asamblează ușor datorită magneților puternici și siguri (încapsulați), pot fi strânse și mușcate. Fără orificii mici, nu există riscul acumulării bacteriilor. Fără mirosuri de mucegai! Se curăță ușor cu apă caldă. Magimals stimulează imaginația și susțin dezvoltarea cognitivă a copiilor, oferind o oportunitate excelentă pentru a exersa atingerea, prinderea, mobilitatea degetelor și a încheieturii mâinii, dezvoltarea gândirii logice. Vârstă recomandată: 1-5 ani. AVERTISMENT: Conține magneți! A se utiliza sub directa supraveghere a unui adult. Fabricat în Belgia de Clicstoys.",129,,clics_401001,"[""https://cdnmpro.com/708224949/p/raw/0/joc-cu-magneti-magimals-ferma~11120.jpg"", ""https://cdnmpro.com/708224949/p/raw/5/joc-cu-magneti-magimals-ferma~11115.jpg"", ""https://cdnmpro.com/708224949/p/raw/6/joc-cu-magneti-magimals-ferma~11116.jpg"", ""https://cdnmpro.com/708224949/p/raw/7/joc-cu-magneti-magimals-ferma~11117.jpg"", ""https://cdnmpro.com/708224949/p/raw/8/joc-cu-magneti-magimals-ferma~11118.jpg""]",,"[""Clicstoys"", ""Jocuri"", ""boribon_supplier"", ""hero""]",,,false,false,9,0,,0.3,,,,,,,5425002306243,TODDLERS_1_3,,,,,,,,,,,IN_PENDING,ENGINEERING,ee75eea8-9f64-4076-96a2-52f5d6926c14,,,
62c6a8a7-1200-4daf-aefd-d6e92b057369,Joc cu magneti Magimals Pinguin si caracatita,joc-cu-magneti-magimals-pinguin-si-caracatita,"Magimals Pinguin si Caracatita Pinguin, caracatiță sau o combinație din cele 2, după bunul plac al copilului. Animale magnetice care pot fi complet transformate! 2 animăluțe Mix&Match compuse din 3 părți: picioare, corp și cap, sunt pregătite să se alăture micuțului tău chiar și în cadă pentru o aventură distractivă! Confecționate din material moale, sigur, non-toxic, lavabil, rezistent la dentiția bebelușului. Animalele se asamblează ușor datorită magneților puternici și siguri (încapsulați), pot fi strânse și mușcate. Fără orificii mici, nu există riscul acumulării bacteriilor. Fără mirosuri de mucegai! Se curăță ușor cu apă caldă. Magimals stimulează imaginația și susțin dezvoltarea cognitivă a copiilor, oferind o oportunitate excelentă pentru a exersa atingerea, prinderea, mobilitatea degetelor și a încheieturii mâinii, dezvoltarea gândirii logice. Vârstă recomandată: 1-5 ani. AVERTISMENT: Conține magneți! A se utiliza sub directa supraveghere a unui adult. Fabricat în Belgia de Clicstoys.",129,,clics_401003,"[""https://cdnmpro.com/708224949/p/raw/2/joc-cu-magneti-magimals-pinguin-si-caracatita~11132.jpg"", ""https://cdnmpro.com/708224949/p/raw/4/joc-cu-magneti-magimals-pinguin-si-caracatita~11124.jpg"", ""https://cdnmpro.com/708224949/p/raw/5/joc-cu-magneti-magimals-pinguin-si-caracatita~11125.jpg"", ""https://cdnmpro.com/708224949/p/raw/6/joc-cu-magneti-magimals-pinguin-si-caracatita~11126.jpg"", ""https://cdnmpro.com/708224949/p/raw/7/joc-cu-magneti-magimals-pinguin-si-caracatita~11127.jpg""]",,"[""Clicstoys"", ""Jocuri"", ""boribon_supplier"", ""hero""]",,,false,false,9,0,,0.3,,,,,,,5425002306281,TODDLERS_1_3,,,,,,,,,,,IN_PENDING,ENGINEERING,ee75eea8-9f64-4076-96a2-52f5d6926c14,,,
9ca08687-03da-4747-a03c-95c911e3b582,"Joc cu magneti Stick-O, Prieteni pop",joc-cu-magneti-stick-o-prieteni-pop,"Drăguț și simplu, acest set cu 10 piese este introducerea perfectă în lumea distractivă a jocului magnetic Stick-O pentru copii mici. Două piese zornăitoare (o bilă și o formă de litera D, ambele conținând mărgele minuscule) adaugă componentă senzorială audio la distracția construcției magnetice. Piesele Stick-O au sistemul de magneți rotativi (RMS) supersigur, inițiat de Magformers, în care magneții disc mici, dar puternici, din neodim sunt etanșați în siguranță în interiorul pieselor principale. Deoarece se rotesc, atrag întotdeauna și nu resping niciodată - făcând construcția modelelor rapidă și ușoară. pentru mânuțele mici. Toate seturile Stick-O sunt complet compatibile. Confecționat din plastic BPA (nontoxic). Conform standardelor EN71. Vârsta recomandată + 18 luni. AVERTISMENT: Contraindicat copiilor sub 18 luni. Conține magneți! Inghitirea lor poate provoca complicatii care pot duce pana la infectii si moarte. Contactati imediat medicul in caz de inghitire. A se utiliza sub directa supraveghere a unui adult. Distribuit de Clicstoys, Belgia.",181,,clics_902008,"[""https://cdnmpro.com/708224949/p/raw/4/joc-cu-magneti-stick-o-prieteni-pop~9034.jpg"", ""https://cdnmpro.com/708224949/p/raw/5/joc-cu-magneti-stick-o-prieteni-pop~9035.jpg"", ""https://cdnmpro.com/708224949/p/raw/6/joc-cu-magneti-stick-o-prieteni-pop~9036.jpg"", ""https://cdnmpro.com/708224949/p/raw/1/joc-cu-magneti-stick-o-prieteni-pop~13501.jpg"", ""https://cdnmpro.com/708224949/p/raw/3/joc-cu-magneti-stick-o-prieteni-pop~13503.jpg""]",,"[""Clicstoys"", ""Jocuri"", ""boribon_supplier"", ""hero""]",,,false,false,3,0,,0.3,,,,,,,8809465537524,TODDLERS_1_3,,,,,,,,,,,IN_PENDING,ENGINEERING,ee75eea8-9f64-4076-96a2-52f5d6926c14,,,
2a6577c9-0e82-47a8-8691-873ec049e1d4,"Nano Clics Pentru constructii fantastice, Clicformers",nano-clics-pentru-constructii-fantastice-clicformers,"Nano Clics Pentru constructii fantastice Mai multă creativitate într-un pachet mai mic! Cu aceast set de construcție inovator și premiat, Clics invita o nouă generație de constructori să experimenteze lumea imaginativă a jocului de construcție. Seturile versatile au un sistem unic de clicuri, permițând construirea rapidă și ușoară, garantând ore întregi de distracție. Toate piesele se potrivesc perfect, pentru posibilități nelimitate. Ai chef de o nouă construcție? Nicio problemă, dezasamblezi construcția și o iei de la început. Amuzant, creativ și educativ. Nano Clics este conceput pentru a stimula în aceeași măsură imaginația copiilor dar și a adulților. Cadoul ideal pentru Crăciun sau zile de naștere. Diferitele seturi Nano Clics pot fi combinate între ele și extinse după dorință, astfel încât nu există limite pentru jocul creativ.Conține 125 de piese. Fabricat în Belgia din plastic și carton reciclat. Conform standardelor EN71. Vârsta recomandată + 8 ani. AVERTISMENT: Contraindicat copiilor sub 3 ani. Conține piese mici. A se utiliza sub directa supraveghere a unui adult.",72,,clics_NC004,"[""https://cdnmpro.com/708224949/p/raw/8/nano-clics-pentru-constructii-fantastice-clicformers~19668.jpg"", ""https://cdnmpro.com/708224949/p/raw/5/nano-clics-pentru-constructii-fantastice-clicformers~19665.jpg"", ""https://cdnmpro.com/708224949/p/raw/6/nano-clics-pentru-constructii-fantastice-clicformers~19666.jpg"", ""https://cdnmpro.com/708224949/p/raw/7/nano-clics-pentru-constructii-fantastice-clicformers~19667.jpg"", ""https://cdnmpro.com/708224949/p/raw/9/nano-clics-pentru-constructii-fantastice-clicformers~19669.jpg""]",,"[""Clicstoys"", ""Jocuri"", ""boribon_supplier"", ""hero""]",,,false,false,12,0,,0.3,,,,,,,5425002307868,ELEMENTARY_6_8,,,,,,,,,,,IN_PENDING,ENGINEERING,ee75eea8-9f64-4076-96a2-52f5d6926c14,,,
c9811a05-0dca-49a5-b737-17d259e8c8b6,"Nano Clics Pentru construit animale salbatice 250 piese, Clicformers",nano-clics-pentru-construit-animale-salbatice-250-piese-clicformers,"Nano Clics Pentru construit animale salbatice 250 piese Mai multă creativitate într-un pachet mai mic! Cu aceast set de construcție inovator și premiat, Clics invita o nouă generație de constructori să experimenteze lumea imaginativă a jocului de construcție. Seturile versatile au un sistem unic de clicuri, permițând construirea rapidă și ușoară, garantând ore întregi de distracție. Toate piesele se potrivesc perfect, pentru posibilități nelimitate. Ai chef de o nouă construcție? Nicio problemă, dezasamblezi construcția și o iei de la început. Amuzant, creativ și educativ. Nano Clics este conceput pentru a stimula în aceeași măsură imaginația copiilor dar și a adulților. Cadoul ideal pentru Crăciun sau zile de naștere. Diferitele seturi Nano Clics pot fi combinate între ele și extinse după dorință, astfel încât nu există limite pentru jocul creativ.Conține 250 de piese. Fabricat în Belgia din plastic și carton reciclat. Conform standardelor EN71. Vârsta recomandată + 8 ani. AVERTISMENT: Contraindicat copiilor sub 3 ani. Conține piese mici. A se utiliza sub directa supraveghere a unui adult.",113,,clics_NC006,"[""https://cdnmpro.com/708224949/p/raw/3/nano-clics-pentru-construit-animale-salbatice-250-piese-clicformers~19683.jpg"", ""https://cdnmpro.com/708224949/p/raw/0/nano-clics-pentru-construit-animale-salbatice-250-piese-clicformers~19680.jpg"", ""https://cdnmpro.com/708224949/p/raw/1/nano-clics-pentru-construit-animale-salbatice-250-piese-clicformers~19681.jpg"", ""https://cdnmpro.com/708224949/p/raw/2/nano-clics-pentru-construit-animale-salbatice-250-piese-clicformers~19682.jpg"", ""https://cdnmpro.com/708224949/p/raw/4/nano-clics-pentru-construit-animale-salbatice-250-piese-clicformers~19684.jpg""]",,"[""Clicstoys"", ""Jocuri"", ""boribon_supplier"", ""hero""]",,,false,false,6,0,,0.4,,,,,,,5425002309176,ELEMENTARY_6_8,,,,,,,,,,,IN_PENDING,ENGINEERING,ee75eea8-9f64-4076-96a2-52f5d6926c14,,,
63d1fb1f-1a11-484e-afcd-9a9877c265a6,"Set STEM magnetic de construit Cubixx, 64 piese",set-stem-magnetic-de-construit-cubixx-64-piese,"Set STEM Cuburi magnetice de construit Cubixx, 64 piese Cu fiecare tren, morișcă sau lebădă pe care o construiesc, copiii învață să gândească, să creeze și să viseze – totul prin joacă. Setul include 64 de piese magnetice durabile, fabricate din plastic netoxic, ușor de curățat și complet sigure pentru joacă. Instrucțiunile incluse îi ajută pe copii să construiască modele diverse, dar pot crea și propriile lor structuri unice. Este o jucărie perfectă pentru educație STEM, fiind compatibilă cu alte seturi Cubixx, pentru joacă nelimitată! Ideal pentru cadouri de Crăciun, zile de naștere sau orice altă ocazie specială!Vârsta recomandată: +3 ani.AVERTISMENT! Contraindicat copiilor sub 3 ani. Conține magneți! A se folosi sub directa supraveghere a unei persoane adulte.Producător: Clics Toys, Belgia.",229,,clics_501002,"[""https://cdnmpro.com/708224949/p/raw/2/set-stem-magnetic-de-construit-cubixx-64-piese~100099912.jpg"", ""https://cdnmpro.com/708224949/p/raw/5/set-stem-magnetic-de-construit-cubixx-64-piese~100099915.jpg"", ""https://cdnmpro.com/708224949/p/raw/8/set-stem-magnetic-de-construit-cubixx-64-piese~100099918.jpg"", ""https://cdnmpro.com/708224949/p/raw/1/set-stem-magnetic-de-construit-cubixx-64-piese~100099921.jpg""]",,"[""Clicstoys"", ""Jocuri"", ""boribon_supplier"", ""hero""]",,,false,false,13,0,,1,,,,,,,5414699000374,PRESCHOOL_3_5,,,,,,,,,,,IN_PENDING,ENGINEERING,ee75eea8-9f64-4076-96a2-52f5d6926c14,,,
82dbcdc8-85e8-41b1-985b-a5912fdbaa63,"Set de construit Magformers- Bucatarie, 33 piese",set-de-construit-magformers-bucatarie-33-piese,"Set Magformers cu 33 de piese cu magnet cu ajutorul cărora copiii pot să contruiască. Posibilitățile și distracția sunt nelimitate, așa că cei mici pot să își lase imaginația liberă și creativitatea lor va prinde cât mai multe forme. Conține piesele geometrice colorate- cu magnet și cartonașe model, după care se pot face construcții 3D- un set pentru cei care acum încep să descopere jucăriile stem cu magnet. Proiectate și dezvoltate de specialiști de la „Magformers” - liderul global în domeniul jocului de construit cu magnet, și „Clics” - marcă de jucării cu renume în Belgia, Magformers înseamnă mai mult decât o simplă jucărie. Magformers reunește piese și accesorii pentru construit cu magneți, dezvoltând îndemânarea, creativitatea și imaginația. Magformers este o jucărie de construcție pentru fiecare copil, un mod inedit de a îmbina piesele, garantând pentru calitate și diversitate. Magformers oferă piese de bază simple, cu un nivel ridicat de aplicabilitate, dezvoltându-și îndemânarea, înțelegând spațialitatea și geometria. Siguranța este esențială, așadar piesele cu magnet sunt sigure pentru cei mici! Magneții sunt încapsulați în interiorul pieselor, pe toate laturile lor, și poziționati astfel încât polii lor să se atragă, indiferent de modul în care piesele sunt apropiate, ceea ce este un avantaj inedit! Piesele Magformers se pot apropia pentru a construi apoi prin pliere, combinarea de mai multe părți, îndoirea sau extensia unor laturi, astfel că posibilitățile sunt nelimitate. Vârsta recomandată: +3 ani. AVERTISMENT! Contraindicat copiilor sub 3 ani. A se folosi sub directa supraveghere a unei persoane adulte. Producător: Clics toys, Belgia.",300,,clic-705010,"[""https://cdnmpro.com/708224949/p/raw/4/set-de-construit-magformers-bucatarie-33-piese~7004.jpg"", ""https://cdnmpro.com/708224949/p/raw/7/set-de-construit-magformers-bucatarie-33-piese~7997.jpg"", ""https://cdnmpro.com/708224949/p/raw/9/set-de-construit-magformers-bucatarie-33-piese~7999.jpg"", ""https://cdnmpro.com/708224949/p/raw/0/set-de-construit-magformers-bucatarie-33-piese~8000.jpg""]",,"[""Clicstoys"", ""De construit"", ""boribon_supplier"", ""hero""]",,,false,false,3,0,,2,,,,,,,8809465535810,PRESCHOOL_3_5,,,,,,,,,,,IN_PENDING,ENGINEERING,ee75eea8-9f64-4076-96a2-52f5d6926c14,,,
b2b4385f-f03f-46c1-8546-14f350ae69e7,"Set de construit Magformers- Casa Milo, 33 piese",set-de-construit-magformers-casa-milo-33-piese,"Set Magformers cu 33 de piese cu magnet cu ajutorul cărora copiii pot să contruiască. Posibilitățile și distracția sunt nelimitate, așa că cei mici pot să își lase imaginația liberă și creativitatea lor va prinde cât mai multe forme. Conține piesele geometrice colorate- cu magnet și cartonașe model, după care se pot face construcții 3D. Proiectate și dezvoltate de specialiști de la „Magformers” - liderul global în domeniul jocului de construit cu magnet, și „Clics” - marcă de jucării cu renume în Belgia, Magformers înseamnă mai mult decât o simplă jucărie. Magformers reunește piese și accesorii pentru construit cu magneți, dezvoltând îndemânarea, creativitatea și imaginația. Magformers este o jucărie de construcție pentru fiecare copil, un mod inedit de a îmbina piesele, garantând pentru calitate și diversitate. Magformers oferă piese de bază simple, cu un nivel ridicat de aplicabilitate, dezvoltându-și îndemânarea, înțelegând spațialitatea și geometria. Siguranța este esențială, așadar piesele cu magnet sunt sigure pentru cei mici! Magneții sunt încapsulați în interiorul pieselor, pe toate laturile lor, și poziționati astfel încât polii lor să se atragă, indiferent de modul în care piesele sunt apropiate, ceea ce este un avantaj inedit! Piesele Magformers se pot apropia pentru a construi apoi prin pliere, combinarea de mai multe părți, îndoirea sau extensia unor laturi, astfel că posibilitățile sunt nelimitate. Vârsta recomandată: +3 ani. AVERTISMENT! Contraindicat copiilor sub 3 ani. A se folosi sub directa supraveghere a unei persoane adulte. Producător: Clics toys, Belgia.",300,,clic-705011,"[""https://cdnmpro.com/708224949/p/raw/8/set-de-construit-magformers-casa-milo-33-piese~6998.jpg"", ""https://cdnmpro.com/708224949/p/raw/6/set-de-construit-magformers-casa-milo-33-piese~7986.jpg"", ""https://cdnmpro.com/708224949/p/raw/8/set-de-construit-magformers-casa-milo-33-piese~7988.jpg""]",,"[""Clicstoys"", ""De construit"", ""boribon_supplier"", ""hero""]",,,false,false,4,0,,2,,,,,,,8809465535827,PRESCHOOL_3_5,,,,,,,,,,,IN_PENDING,ENGINEERING,ee75eea8-9f64-4076-96a2-52f5d6926c14,,,
e9986536-c41b-4c72-a7eb-ab692e3830eb,"Set magnetic Magformers, Uimitorul set cu vehicule de interventie",set-magnetic-magformers-uimitorul-set-cu-vehicule-de-interventie,"Set Magformers cu piese cu magnet, de formă pătrată și triunghiulară, cu ajutorul cărora copiii pot să contruiască orice modele doresc, vehicule de pe șantier, construcții, sau orice îți imaginează. Posibilitățile și distracția sunt nelimitate, așa că cei mici pot să își lase imaginația liberă și creativitatea lor va prinde cât mai multe forme. Proiectate și dezvoltate de specialiști de la „Magformers” - liderul global în domeniul jocului de construit cu magnet, și „Clics” - marcă de jucării cu renume în Belgia, Magformers înseamnă mai mult decât o simplă jucărie. Magformers reunește piese și accesorii pentru construit cu magneți, dezvoltând îndemânarea, creativitatea și imaginația. Magformers este o jucărie de construcție pentru fiecare copil, un mod inedit de a îmbina piesele, garantând pentru calitate și diversitate. Magformers oferă piese de bază simple, cu un nivel ridicat de aplicabilitate, dezvoltându-și îndemânarea, înțelegând spațialitatea și geometria. Siguranța este esențială, așadar piesele cu magnet sunt sigure pentru cei mici! Magneții sunt încapsulați în interiorul pieselor, pe toate laturile lor, și poziționati astfel încât polii lor să se atragă, indiferent de modul în care piesele sunt apropiate, ceea ce este un avantaj inedit! Piesele Magformers se pot apropia pentru a construi apoi prin pliere, combinarea de mai multe părți, îndoirea sau extensia unor laturi, astfel că posibilitățile sunt nelimitate. Vârsta recomandată: +3 ani. AVERTISMENT! Contraindicat copiilor sub 3 ani. A se folosi sub directa supraveghere a unei persoane adulte. Producător: Clics toys, Belgia.",418,,clic_717003,"[""https://cdnmpro.com/708224949/p/raw/3/set-magnetic-magformers-uimitorul-set-cu-vehicule-de-interventie~6223.jpg"", ""https://cdnmpro.com/708224949/p/raw/5/set-magnetic-magformers-uimitorul-set-cu-vehicule-de-interventie~6525.jpg"", ""https://cdnmpro.com/708224949/p/raw/6/set-magnetic-magformers-uimitorul-set-cu-vehicule-de-interventie~6526.jpg"", ""https://cdnmpro.com/708224949/p/raw/7/set-magnetic-magformers-uimitorul-set-cu-vehicule-de-interventie~6527.jpg"", ""https://cdnmpro.com/708224949/p/raw/8/set-magnetic-magformers-uimitorul-set-cu-vehicule-de-interventie~6528.jpg""]",,"[""Clicstoys"", ""De construit"", ""boribon_supplier"", ""hero""]",,,false,false,6,0,,1.2,,,,,,,8809465535711,PRESCHOOL_3_5,,,,,,,,,,,IN_PENDING,ENGINEERING,ee75eea8-9f64-4076-96a2-52f5d6926c14,,,
2c5d5ab6-a0ba-46ed-be9d-49b479ef65ca,"Set magnetic Magformers, Uimitorul set de construit pe santier",set-magnetic-magformers-uimitorul-set-de-construit-pe-santier,"Set Magformers cu piese cu magnet, de formă pătrată și triunghiulară, cu ajutorul cărora copiii pot să contruiască orice modele doresc, vehicule de pe șantier, construcții, sau orice îți imaginează. Posibilitățile și distracția sunt nelimitate, așa că cei mici pot să își lase imaginația liberă și creativitatea lor va prinde cât mai multe forme. Proiectate și dezvoltate de specialiști de la „Magformers” - liderul global în domeniul jocului de construit cu magnet, și „Clics” - marcă de jucării cu renume în Belgia, Magformers înseamnă mai mult decât o simplă jucărie. Magformers reunește piese și accesorii pentru construit cu magneți, dezvoltând îndemânarea, creativitatea și imaginația. Magformers este o jucărie de construcție pentru fiecare copil, un mod inedit de a îmbina piesele, garantând pentru calitate și diversitate. Magformers oferă piese de bază simple, cu un nivel ridicat de aplicabilitate, dezvoltându-și îndemânarea, înțelegând spațialitatea și geometria. Siguranța este esențială, așadar piesele cu magnet sunt sigure pentru cei mici! Magneții sunt încapsulați în interiorul pieselor, pe toate laturile lor, și poziționati astfel încât polii lor să se atragă, indiferent de modul în care piesele sunt apropiate, ceea ce este un avantaj inedit! Piesele Magformers se pot apropia pentru a construi apoi prin pliere, combinarea de mai multe părți, îndoirea sau extensia unor laturi, astfel că posibilitățile sunt nelimitate. Vârsta recomandată: +3 ani. AVERTISMENT! Contraindicat copiilor sub 3 ani. A se folosi sub directa supraveghere a unei persoane adulte. Producător: Clics toys, Belgia.",418,,clic_717004,"[""https://cdnmpro.com/708224949/p/raw/0/set-magnetic-magformers-uimitorul-set-de-construit-pe-santier~6220.jpg"", ""https://cdnmpro.com/708224949/p/raw/8/set-magnetic-magformers-uimitorul-set-de-construit-pe-santier~6518.jpg"", ""https://cdnmpro.com/708224949/p/raw/9/set-magnetic-magformers-uimitorul-set-de-construit-pe-santier~6519.jpg"", ""https://cdnmpro.com/708224949/p/raw/0/set-magnetic-magformers-uimitorul-set-de-construit-pe-santier~6520.jpg"", ""https://cdnmpro.com/708224949/p/raw/1/set-magnetic-magformers-uimitorul-set-de-construit-pe-santier~6521.jpg""]",,"[""Clicstoys"", ""De construit"", ""boribon_supplier"", ""hero""]",,,false,false,12,0,,1.5,,,,,,,8809465535728,PRESCHOOL_3_5,,,,,,,,,,,IN_PENDING,ENGINEERING,ee75eea8-9f64-4076-96a2-52f5d6926c14,,,
6ac5d9b0-70ef-4ca0-8ea5-58bc30d64956,"Set magnetic Magformers, Uimitorul set de politie",set-magnetic-magformers-uimitorul-set-de-politie,"Set Magformers cu piese cu magnet, de formă pătrată și triunghiulară, cu ajutorul cărora copiii pot să contruiască orice modele doresc, vehicule de pe șantier, construcții, sau orice îți imaginează. Posibilitățile și distracția sunt nelimitate, așa că cei mici pot să își lase imaginația liberă și creativitatea lor va prinde cât mai multe forme. Proiectate și dezvoltate de specialiști de la „Magformers” - liderul global în domeniul jocului de construit cu magnet, și „Clics” - marcă de jucării cu renume în Belgia, Magformers înseamnă mai mult decât o simplă jucărie. Magformers reunește piese și accesorii pentru construit cu magneți, dezvoltând îndemânarea, creativitatea și imaginația. Magformers este o jucărie de construcție pentru fiecare copil, un mod inedit de a îmbina piesele, garantând pentru calitate și diversitate. Magformers oferă piese de bază simple, cu un nivel ridicat de aplicabilitate, dezvoltându-și îndemânarea, înțelegând spațialitatea și geometria. Siguranța este esențială, așadar piesele cu magnet sunt sigure pentru cei mici! Magneții sunt încapsulați în interiorul pieselor, pe toate laturile lor, și poziționati astfel încât polii lor să se atragă, indiferent de modul în care piesele sunt apropiate, ceea ce este un avantaj inedit! Piesele Magformers se pot apropia pentru a construi apoi prin pliere, combinarea de mai multe părți, îndoirea sau extensia unor laturi, astfel că posibilitățile sunt nelimitate. Vârsta recomandată: +3 ani. AVERTISMENT! Contraindicat copiilor sub 3 ani. A se folosi sub directa supraveghere a unei persoane adulte. Producător: Clics toys, Belgia.",418,,clic_717002,"[""https://cdnmpro.com/708224949/p/raw/7/set-magnetic-magformers-uimitorul-set-de-politie~6227.jpg"", ""https://cdnmpro.com/708224949/p/raw/2/set-magnetic-magformers-uimitorul-set-de-politie~6532.jpg"", ""https://cdnmpro.com/708224949/p/raw/3/set-magnetic-magformers-uimitorul-set-de-politie~6533.jpg"", ""https://cdnmpro.com/708224949/p/raw/4/set-magnetic-magformers-uimitorul-set-de-politie~6534.jpg"", ""https://cdnmpro.com/708224949/p/raw/5/set-magnetic-magformers-uimitorul-set-de-politie~6535.jpg""]",,"[""Clicstoys"", ""De construit"", ""boribon_supplier"", ""hero""]",,,false,false,5,0,,1.2,,,,,,,8809465535704,PRESCHOOL_3_5,,,,,,,,,,,IN_PENDING,ENGINEERING,ee75eea8-9f64-4076-96a2-52f5d6926c14,,,
b40b0afc-7b88-42b0-8a05-71d3661b0e2f,"Set magnetic de construit Cubixx, 22 piese",set-magnetic-de-construit-cubixx-22-piese,"Set de cuburi magnetice Cubixx, 22 piese Descoperă universul creativității cu setul Cubixx magnetic - 22 piese! Acest set de blocuri magnetice pentru copii, oferă ore întregi de joacă educativă și creativă. Fie că ridică un castel, modelează o pasăre sau inventează ceva nou, copiii se vor bucura din plin să-și folosească imaginația. Cubixx stimulează creativitatea, dezvoltarea motorie fină, dar și gândirea logică, fiind un joc perfect pentru fetele și băieții pasionați de construcții. Fabricate din plastic durabil și non-toxic, piesele sunt sigure, ușor de curățat și compatibile cu alte seturi Cubixx – pentru distracție nelimitată! Este cadoul ideal pentru Crăciun, zile de naștere sau orice ocazie specială! Extensibil – compatibil cu alte seturi Cubixx pentru contrsucții din ce în ce mai complexe, pe măsură ce copilul crește. 🔐 Materiale durabile și non-toxice – plastic de înaltă calitate, fără BPAVârsta recomandată: +3 ani.AVERTISMENT! Contraindicat copiilor sub 3 ani. Conține magneți! A se folosi sub directa supraveghere a unei persoane adulte.Producător: Clics Toys, Belgia.",115,,clics_501001,"[""https://cdnmpro.com/708224949/p/raw/8/set-magnetic-de-construit-cubixx-22-piese~100099768.jpg"", ""https://cdnmpro.com/708224949/p/raw/1/set-magnetic-de-construit-cubixx-22-piese~100099771.jpg"", ""https://cdnmpro.com/708224949/p/raw/4/set-magnetic-de-construit-cubixx-22-piese~100099774.jpg"", ""https://cdnmpro.com/708224949/p/raw/7/set-magnetic-de-construit-cubixx-22-piese~100099777.jpg"", ""https://cdnmpro.com/708224949/p/raw/0/set-magnetic-de-construit-cubixx-22-piese~100099780.jpg""]",,"[""Clicstoys"", ""Jocuri"", ""boribon_supplier"", ""hero""]",,,false,false,1,0,,0.5,,,,,,,5414699000350,PRESCHOOL_3_5,,,,,,,,,,,IN_PENDING,ENGINEERING,ee75eea8-9f64-4076-96a2-52f5d6926c14,,,
d5c7ee12-acda-4b49-a75e-84eef514a432,"Set magnetic de construit- Magformers, masini de interventie",set-magnetic-de-construit-magformers-masini-de-interventie,"Set Magformers cu 26 de piese cu magnet, de formă pătrată și triunghiulară, cu ajutorul cărora copiii pot să contruiască orice vehicule doresc; setul conține și roți pentru vehicule și o figurină polițist. Posibilitățile și distracția sunt nelimitate, așa că cei mici pot să își lase imaginația liberă și creativitatea lor va prinde cât mai multe forme. Proiectate și dezvoltate de specialiști de la „Magformers” - liderul global în domeniul jocului de construit cu magnet, și „Clics” - marcă de jucării cu renume în Belgia, Magformers înseamnă mai mult decât o simplă jucărie. Magformers reunește piese și accesorii pentru construit cu magneți, dezvoltând îndemânarea, creativitatea și imaginația. Magformers este o jucărie de construcție pentru fiecare copil, un mod inedit de a îmbina piesele, garantând pentru calitate și diversitate. Magformers oferă piese de bază simple, cu un nivel ridicat de aplicabilitate, dezvoltându-și îndemânarea, înțelegând spațialitatea și geometria. Siguranța este esențială, așadar piesele cu magnet sunt sigure pentru cei mici! Magneții sunt încapsulați în interiorul pieselor, pe toate laturile lor, și poziționati astfel încât polii lor să se atragă, indiferent de modul în care piesele sunt apropiate, ceea ce este un avantaj inedit! Piesele Magformers se pot apropia pentru a construi apoi prin pliere, combinarea de mai multe părți, îndoirea sau extensia unor laturi, astfel că posibilitățile sunt nelimitate. Vârsta recomandată: +3 ani. AVERTISMENT! Contraindicat copiilor sub 3 ani. A se folosi sub directa supraveghere a unei persoane adulte. Producător: Clics toys, Belgia.",286,,clic-717001,"[""https://cdnmpro.com/708224949/p/raw/6/set-magnetic-de-construit-magformers-masini-de-interventie~5706.jpg"", ""https://cdnmpro.com/708224949/p/raw/2/set-magnetic-de-construit-magformers-masini-de-interventie~6072.jpg"", ""https://cdnmpro.com/708224949/p/raw/3/set-magnetic-de-construit-magformers-masini-de-interventie~6073.jpg"", ""https://cdnmpro.com/708224949/p/raw/4/set-magnetic-de-construit-magformers-masini-de-interventie~6074.jpg"", ""https://cdnmpro.com/708224949/p/raw/5/set-magnetic-de-construit-magformers-masini-de-interventie~6075.jpg""]",,"[""Clicstoys"", ""De construit"", ""boribon_supplier"", ""hero""]",,,false,false,3,0,,0.3,,,,,,,8809465530211,PRESCHOOL_3_5,,,,,,,,,,,IN_PENDING,ENGINEERING,ee75eea8-9f64-4076-96a2-52f5d6926c14,,,
f2ab5f8e-66cd-4054-8a73-79218bfc5a76,Kit STEM Flexible Elicopter,kit-stem-flexible-elicopter,"Kit STEM de construit Elicopter Construct it Flexibles este o inovație în domeniul jucăriilor de construcție. Noua gamă se adresează copiilor mai mici care sunt interesați să construiască vehiculele și alte lucruri distractive și interesante. Copiii vor fi încurajați să gândească în mod creativ pe măsură ce încep să descopere modul în care sunt create lucrurile din mediul lor înconjurător. Piesele mari de culori diferite (până la 8 culori) facilitează asamblarea modelelor. Aceast set STEM cu 79 de piese, oferă o modalitate atractivă de a preda concepte simple de inginerie copiilor de vârstă preșcolară. Puneți bazele unor aptitudini și înțelegeri solide legate de STEM ajutând la dezvoltarea abilităților de motricitate fină, a abilităților de știință și matematică, a abilităților vizuale-spațiale și a abilităților de raționament și de dezvoltare a conceptelor. Sunt incluse ustensile sigure pentru copii, potrivite pentru mâini mici, necesare asamblarii pieselor. Dimensiune elicopter asamblat 15 x 15 x 36 cm. Conține 79 piese cu margini rotunjite, manual cu instrucțiuni în imagini. Vârsta recomandată: + 5 ani.Confecționat din plastic. Conform reglementarilor EN71&ASTM.AVERTISMENT: Contraindicat copiilor sub 3 ani, conține piese mici, pericol de înghițire. Se recomandă supravegherea copilului de către un adult în timpul jocului. Citiți instrucțiunile înainte de utilizare, urmați-le și păstrați-le pentru referință.Produs in China pentru Construct It, Anglia.",112,,9350375010038,"[""https://cdnmpro.com/708224949/p/raw/6/kit-stem-flexible-elicopter~9496.jpg"", ""https://cdnmpro.com/708224949/p/raw/7/kit-stem-flexible-elicopter~9497.jpg"", ""https://cdnmpro.com/708224949/p/raw/8/kit-stem-flexible-elicopter~9498.jpg"", ""https://cdnmpro.com/708224949/p/raw/9/kit-stem-flexible-elicopter~9499.jpg"", ""https://cdnmpro.com/708224949/p/raw/8/kit-stem-flexible-elicopter~13758.jpg""]",,"[""Construct It"", ""Jocuri"", ""boribon_supplier"", ""hero""]",,,false,false,6,0,,0.6,,,,,,,9350375010038,PRESCHOOL_3_5,,,,,,,,,,,IN_PENDING,MATHEMATICS,ee75eea8-9f64-4076-96a2-52f5d6926c14,,,
42735da6-cadf-4708-a15a-e13e7416b4d5,Kit STEM Flexible Macara,kit-stem-flexible-macara,"Kit STEM de construit Macara Construct it Flexibles este o inovație în domeniul jucăriilor de construcție. Noua gamă se adresează copiilor mai mici care sunt interesați să construiască vehiculele și alte lucruri distractive și interesante. Copiii vor fi încurajați să gândească în mod creativ pe măsură ce încep să descopere modul în care sunt create lucrurile din mediul lor înconjurător. Piesele mari de culori diferite (până la 8 culori) facilitează asamblarea modelelor. Aceast set STEM cu 98 de piese, oferă o modalitate atractivă de a preda concepte simple de inginerie copiilor de vârstă preșcolară. Puneți bazele unor aptitudini și înțelegeri solide legate de STEM ajutând la dezvoltarea abilităților de motricitate fină, a abilităților de știință și matematică, a abilităților vizuale-spațiale și a abilităților de raționament și de dezvoltare a conceptelor. Sunt incluse ustensile sigure pentru copii, potrivite pentru mâini mici, necesare asamblarii pieselor. Dimensiune macara asamblată 15 x 25 x 27 cm. Roțile sunt din cauciuc. Conține 98 piese cu margini rotunjite, manual cu instrucțiuni în imagini. Vârsta recomandată: + 5 ani.Confecționat din plastic. Conform reglementarilor EN71&ASTM.AVERTISMENT: Contraindicat copiilor sub 3 ani, conține piese mici, pericol de înghițire. Se recomandă supravegherea copilului de către un adult în timpul jocului. Citiți instrucțiunile înainte de utilizare, urmați-le și păstrați-le pentru referință.Produs in China pentru Construct It, Anglia.",127,,9350375001203,"[""https://cdnmpro.com/708224949/p/raw/2/kit-stem-flexible-macara~9492.jpg"", ""https://cdnmpro.com/708224949/p/raw/3/kit-stem-flexible-macara~9493.jpg"", ""https://cdnmpro.com/708224949/p/raw/4/kit-stem-flexible-macara~9494.jpg"", ""https://cdnmpro.com/708224949/p/raw/5/kit-stem-flexible-macara~9495.jpg"", ""https://cdnmpro.com/708224949/p/raw/3/kit-stem-flexible-macara~13753.jpg""]",,"[""Construct It"", ""Jocuri"", ""boribon_supplier"", ""hero""]",,,false,false,19,0,,0.6,,,,,,,9350375001203,PRESCHOOL_3_5,,,,,,,,,,,IN_PENDING,MATHEMATICS,ee75eea8-9f64-4076-96a2-52f5d6926c14,,,
f671782a-4745-413e-8dad-5e6f6ce71f28,Puzzle lemn Porc,puzzle-lemn-porc,"Puzzle lemn Porc Pasionații de puzzle-uri se vor bucura să pună cap la cap acest puzzle din lemn foarte colorat.Piesele sunt tăiate cu laser, fiecare având o formă unică care se împletește cu precizie pentru a crea designul general. Numar de piese: 121. Promovează rezolvarea problemelor și abilitățile de gândireEste inclus un suport de prezentare pentru a expune puzzle-ul terminatFabricat din placaj de calitate, ecologic, cu cerneluri de înaltă calitate, pentru a crea grafica uimitoare.Dimensiune puzzle 29.5 x 22 cm (format A4)Satisfacție garantată! Vârsta recomandată: + 8 ani. Conform reglementarilor EN71&ASTM.AVERTISMENT: Contraindicat copiilor sub 3 ani, conține piese mici, pericol de înghițire. Se recomandă supravegherea copilului de către un adult în timpul jocului. Citiți instrucțiunile înainte de utilizare, urmați-le și păstrați-le pentru referință.Produs in China pentru Construct It, Anglia.",102,,9350375000121,"[""https://cdnmpro.com/708224949/p/raw/7/puzzle-lemn-porc~9667.jpg"", ""https://cdnmpro.com/708224949/p/raw/8/puzzle-lemn-porc~9668.jpg"", ""https://cdnmpro.com/708224949/p/raw/9/puzzle-lemn-porc~9669.jpg"", ""https://cdnmpro.com/708224949/p/raw/2/puzzle-lemn-porc~13862.jpg"", ""https://cdnmpro.com/708224949/p/raw/4/puzzle-lemn-porc~13864.jpg""]",,"[""Construct It"", ""Jocuri"", ""boribon_supplier"", ""hero""]",,,false,false,6,0,,0.5,,,,,,,9350375000121,ELEMENTARY_6_8,,,,,,,,,,,IN_PENDING,ENGINEERING,ee75eea8-9f64-4076-96a2-52f5d6926c14,,,
725a98cc-1cb3-443f-9679-d236dadcbc5e,"Domino animo puzzle, Djeco",domino-animo-puzzle-djeco,"Jucarii Educative Domino animo puzzle Djeco Domino - Animopuzzle este un joc de recunoaștere a imaginilor și cifrelor. Un joc educativ de observatie si asociere, ce poate fi jucat in familie sau individual. Ce conține: 28 de piese mari din carton gros, ilustrate frumos cu imagini de animale Instrucțiuni ilustrate Cum se joacă: Copiii trebuie să potrivească piesele fie: după imagine, formând animale complete (de exemplu, două jumătăți de leu), fie după culoare sau formă, în funcție de regulile alese. Beneficiile jocului: Recunoaștere vizuală Gândire logică și asociativă Dezvoltarea motricității fine Rabdarea și concentrarea Cunoașterea animalelor și a culorilor Îmbogățirea vocabularului Vârsta recomandată: +3 ani. Confectionat din hârtie și carton certificate FSC®. AVERTISMENT: Contraindicat copiilor sub 3 ani. Producător: Djeco , Franța",50.35,,3070900081659,"[""https://cdnmpro.com/708224949/p/raw/9/domino-animo-puzzle-djeco~12779.jpg"", ""https://cdnmpro.com/708224949/p/raw/9/domino-animo-puzzle-djeco~1149.jpg"", ""https://cdnmpro.com/708224949/p/raw/6/domino-animo-puzzle-djeco~1646.jpg""]",,"[""Djeco"", ""De societate"", ""boribon_supplier"", ""hero""]",,,false,false,23,0,,0.2,,,,,,,3070900081659,PRESCHOOL_3_5,,,,,,,,,,,IN_PENDING,TECHNOLOGY,ee75eea8-9f64-4076-96a2-52f5d6926c14,,,
f84ea73a-b99e-4213-85fc-2d8a3d2c6cd6,"Joc 2 în 1 puzzle si pescuit magnetic, Djeco",joc-2-n-1-puzzle-si-pescuit-magnetic-djeco,"Joc 2 în 1 puzzle și pescuit magnetic Acest joc combină distracția unui puzzle din lemn cu bucuria unui joc de pescuit magnetic. Copilul folosește undița magnetică ținută de o pisicuță pentru a prinde peștii, apoi îi potrivește corect pe suprafața puzzle-ului. Peștii sunt subțiri și integrați perfect în bază, astfel încât nu pot fi scoși cu mâna – singura soluție este pescuitul, ceea ce dezvoltă coordonarea și răbdarea. Piesa de pescuit este mare și ușor de apucat, potrivită pentru mâinile mici. Conține: bază puzzle din lemn 9 piese puzzle (pești) undiță magnetică (pisică) Dimensiuni produs: 21 x 21 x 2 cmVârstă recomandată: +18 luniMaterial: lemn certificat FSC®AVERTISMENT: Acest joc conține magneți. Magneții se lipesc unul de altul sau de un obiect metalic; în interiorul corpului uman pot provoca accidente. Cereți imediat asistența medicului în caz de înghițire. Contraindicat copiilor mai mici de 18 luni. A se folosi sub directa supraveghere a unei persoane adulte. Producător: Djeco, Franţa.",118.75,,3070900010802,"[""https://cdnmpro.com/708224949/p/raw/8/joc-2-in-1-puzzle-si-pescuit-magnetic-djeco~100158048.jpg"", ""https://cdnmpro.com/708224949/p/raw/1/joc-2-in-1-puzzle-si-pescuit-magnetic-djeco~100158051.jpg"", ""https://cdnmpro.com/708224949/p/raw/4/joc-2-in-1-puzzle-si-pescuit-magnetic-djeco~100158054.jpg"", ""https://cdnmpro.com/708224949/p/raw/7/joc-2-in-1-puzzle-si-pescuit-magnetic-djeco~100158057.jpg""]",,"[""Djeco"", ""De Bebe"", ""boribon_supplier"", ""hero""]",,,false,false,16,0,,0.45,,,,,,,3070900010802,TODDLERS_1_3,,,,,,,,,,,IN_PENDING,ENGINEERING,ee75eea8-9f64-4076-96a2-52f5d6926c14,,,
56b657fd-9150-4bc2-ba52-f8b048678804,"Joc Eduludo Deseneaza pas cu pas printese, Djeco",joc-eduludo-deseneaza-pas-cu-pas-printese-djeco,"Deseneaza pas cu pas, pentru fete Învață să desenezi prințese și prietenii lor cu această activitate pas cu pas! Cartonașe model îi ghidează pe copii prin fiecare etapă de desen. Markerul Drywipe înseamnă că pot să o ia de la capăt de câte ori doresc. O activitate distractivă pentru a învăța să desenezi.Învață să desenezi logic, pe etape care te ajută să vezi componente ușor de reprodus ale fiecărui obiect. 2 cercuri, câteva linii bine trasate, și gata trăsura! Mai avem nevoie doar de prințesă, pe care o desenăm ușor: facem întâi capul, apoi corpul și rochia. Conținut: tablă albă, marker cu ștergere uscată, cârpă, 24 de modele (12 cartonașe cu două fețe).Vârsta recomandată: +4 ani.Confecționate din materiale non toxice certificate FSC®.AVERTISMENT: Contraindicat copiilor mai mici de 3 ani, conține piese mici. A se folosi sub stricta supraveghere a unei persoane adulte. Producător: Djeco, Franța",68.4,,3070900083202,"[""https://cdnmpro.com/708224949/p/raw/8/joc-eduludo-deseneaza-pas-cu-pas-printese-djeco~2448.jpg"", ""https://cdnmpro.com/708224949/p/raw/9/joc-eduludo-deseneaza-pas-cu-pas-printese-djeco~2119.jpg"", ""https://cdnmpro.com/708224949/p/raw/4/joc-eduludo-deseneaza-pas-cu-pas-printese-djeco~2444.jpg"", ""https://cdnmpro.com/708224949/p/raw/6/joc-eduludo-deseneaza-pas-cu-pas-printese-djeco~2446.jpg""]",,"[""Djeco"", ""Educative"", ""boribon_supplier"", ""hero""]",,,false,false,13,0,,1,,,,,,,3070900083202,PRESCHOOL_3_5,,,,,,,,,,,IN_PENDING,TECHNOLOGY,ee75eea8-9f64-4076-96a2-52f5d6926c14,,,
8a050033-7b9e-49de-88b6-55c58bf27c82,"Joc Eduludo Primo Tri, Djeco",joc-eduludo-primo-tri-djeco,"Joc educativ din lemn – Sortare și clasificare prin joacă Un joc captivant care îmbină învățarea cu distracția! Joc educativ din lemn conceput pentru a-i ajuta pe cei mici să-și exerseze abilități esențiale precum observarea, logica și sortarea. Cu piese din lemn ușor de manipulat și carduri intuitive cu criterii, copiii învață să clasifice obiecte în mod independent și structurat. Fiecare sesiune de joc este o mică aventură, unde învățarea devine naturală și plăcută. O introducere distractivă și originală în elementele de bază ale sortării și observarii. Fiecare kit Eduludo extrem de educativ, se concentrează pe un proces de învățare specific pentru a-i ajuta pe copii să-și dezvolte abilitățile. Conținut: tablă din lemn cu 9 prisme triunghiulare, 10 carduri cu criterii și set de instrucțiuni.Vârsta recomandată: 3 - 6 ani.Joc confecționat din lemn certificat FSC®. Conform reglementărilor EN71&ASTM. AVERTISMENT: Contraindicat copiilor mai mici de 3 ani, conține piese mici, pericol de sufocare. A se folosi sub directa supraveghere a unei persoane adulte. Producător: Djeco, Franța",101.65,,3070900082106,"[""https://cdnmpro.com/708224949/p/raw/3/joc-eduludo-primo-tri-djeco~21523.jpg"", ""https://cdnmpro.com/708224949/p/raw/4/joc-eduludo-primo-tri-djeco~21524.jpg"", ""https://cdnmpro.com/708224949/p/raw/5/joc-eduludo-primo-tri-djeco~21525.jpg""]",,"[""Djeco"", ""Jocuri"", ""boribon_supplier"", ""hero""]",,,false,false,9,0,,0.56,,,,,,,3070900082106,PRESCHOOL_3_5,,,,,,,,,,,IN_PENDING,TECHNOLOGY,ee75eea8-9f64-4076-96a2-52f5d6926c14,,,
0d1de254-877c-4dc3-9c59-02ac5f2c9ce0,"Joc clasic Yams, Djeco",joc-clasic-yams-djeco,"Joc de strategie Yams Celebrul joc Yahtzee (Yams) actualizat pentru cei mici. Este jocul ideal pentru a-i învăța pe cei mici bazele probabilităților și ale calculului matematic rapid, totul sub forma unei competiții vesele. Zarurile prezintă animale care trebuie puse în grupuri din 3 aruncări pentru a forma trei familii, pătrate, și mai ales, Yahtzei ca niște adulți! Ce contine: 5 zaruri de lemn cu animale 4 planse 28 de jetoane de carton Reguli de joc disponibile în 10 limbi Beneficiile jocului: Dezvoltarea gândirii logice și strategice Exersarea calculului matematic de bază Îmbunătățirea concentrării și atenției Învățarea luării deciziilor Stimularea interacțiunii sociale și a spiritului competitiv sănătos Vârsta recomandată: 4-8 ani. Confecționat din hârtie și carton certificate FSC®. AVERTISMENT: Contraindicat copiilor sub 3 ani. A se utiliza sub directa supraveghere a unui adult. Producător: Djeco, Franța. Yams - descarca aici regulile jocului",87.4,,3070900052093,"[""https://cdnmpro.com/708224949/p/raw/4/joc-clasic-yams-djeco~12794.jpg"", ""https://cdnmpro.com/708224949/p/raw/9/joc-clasic-yams-djeco~1259.jpg"", ""https://cdnmpro.com/708224949/p/raw/1/joc-clasic-yams-djeco~1551.jpg"", ""https://cdnmpro.com/708224949/p/raw/2/joc-clasic-yams-djeco~1552.jpg""]",,"[""Djeco"", ""De societate"", ""boribon_supplier"", ""hero""]",,,false,false,32,0,,0.5,,,,,,,3070900052093,PRESCHOOL_3_5,,,,,,,,,,,IN_PENDING,MATHEMATICS,ee75eea8-9f64-4076-96a2-52f5d6926c14,,,
d58291cc-0c2c-4531-8ccc-48c3066f8d1a,Joc cooperativ de logica Qui-à-quoi? Djeco,joc-cooperativ-de-logica-qui-quoi-djeco,"Ești pregătit pentru o după-amiază de antrenament mental și râsete în familie? Povestea Jocului Qui a Quoi? este un joc de logică și comunicare în care jucătorii trebuie să rezolve o situație aparent banală: cine stă unde, cu ce obiect și ce gustare. Un joc cooperativ de deducție, organizare și comunicare clară între jucători, pentru familie și prieteni. Ce conține: • Măsuță de joc din lemn (suport pentru cartea-provocare)• 30 de cărți-provocare• 18 jetoane (personaje, obiecte și gustări)• 3 tipuri de table de joc (nivel ușor, mediu, dificil)• Regulament de joc Cum se joacă: Alegeți o carte-provocare și introduceți-o sub masa de joc. Fiecare jucător vede doar o parte din informație. Jucătorii comunică între ei și plasează jetoanele pe masă, respectând indiciile logice de pe carte. Jocul se oprește când echipa crede că a găsit soluția. Se întoarce cartea pentru verificare. Există o singură soluție corectă. Beneficiile jocului: • Dezvoltă logica, atenția și gândirea deductivă• Încurajează comunicarea și lucrul în echipă• Scalare clară a dificultății (1–3 stele)• Potrivit pentru 2–4 jucători. Un joc de masă inteligent, cooperativ, în care câștigă echipa care gândește și comunică cel mai eficient. Vârsta recomandată: 7-99 ani. Fabricat din lemn FSC® certificat. AVERTISMENT! Contraindicat copiilor sub 3 ani. A se folosi sub directa supraveghere a unei persoane adulte. Producător: Djeco, Franța Manual Joc cooperativ de logica Qui-à-quoi? Djeco - descarca aici fisierul",153.9,,3070900008298,"[""https://cdnmpro.com/708224949/p/raw/3/joc-cooperativ-de-logica-qui-a-quoi-djeco~100158033.jpg"", ""https://cdnmpro.com/708224949/p/raw/6/joc-cooperativ-de-logica-qui-a-quoi-djeco~100158036.jpg"", ""https://cdnmpro.com/708224949/p/raw/9/joc-cooperativ-de-logica-qui-a-quoi-djeco~100158039.jpg"", ""https://cdnmpro.com/708224949/p/raw/2/joc-cooperativ-de-logica-qui-a-quoi-djeco~100158042.jpg"", ""https://cdnmpro.com/708224949/p/raw/5/joc-cooperativ-de-logica-qui-a-quoi-djeco~100158045.jpg""]",,"[""Djeco"", ""Jocuri"", ""boribon_supplier"", ""hero""]",,,false,false,23,0,,1.16,,,,,,,3070900008298,ELEMENTARY_6_8,,,,,,,,,,,IN_PENDING,TECHNOLOGY,ee75eea8-9f64-4076-96a2-52f5d6926c14,,,
2cc0dae9-59f8-4816-818f-551c7a9399ad,"Joc creativ cu oglinzi Ze mirror Faces, Djeco",joc-creativ-cu-oglinzi-ze-mirror-faces-djeco,"Set creativ cu oglinzi, Ze mirror Faces Set creativ cu oglinzi. Așezând cartonașele geometrice sub oglindă, se pot recrea diferite portrete, cu ajutorul reflexiei din oglindă. Creativitate maximă cu cele mai simple forme. Descoperiți nenumărate posibilități! Când este introdus sub oglindă, o formă de băț se poate transforma într-un punct mic: până la urmă este o oglindă magică! Copilul experimentează reflexiile într-un mod nou prin deplasarea formelor sub oglindă. Totul se transformă și chipurile prind viață! Conține suportul bază din lemn, oglindă (din plastic, pentru siguranța celor mici), 2 x 25 piese individuale, 20 modele de portrete (cu piesele necesare pentru a le compune indicate pe fiecare în parte). Varsta recomandata: +5 ani. Confecționat din lemn și carton, cu vopsele non-toxice, conform reglementărilor EN71 & ASTM. AVERTISMENT: Contraindicat copiilor sub 3 ani. Conţine piese mici care pot fi înghițite. A se supraveghea copilul cu atenție în timpul jocului. Producător: Djeco, Franța",77.9,,3070900064829,"[""https://cdnmpro.com/708224949/p/raw/8/joc-creativ-cu-oglinzi-ze-mirror-faces-djeco~7708.jpg"", ""https://cdnmpro.com/708224949/p/raw/8/joc-creativ-cu-oglinzi-ze-mirror-faces-djeco~7258.jpg"", ""https://cdnmpro.com/708224949/p/raw/4/joc-creativ-cu-oglinzi-ze-mirror-faces-djeco~7704.jpg"", ""https://cdnmpro.com/708224949/p/raw/6/joc-creativ-cu-oglinzi-ze-mirror-faces-djeco~7706.jpg""]",,"[""Djeco"", ""Creative"", ""boribon_supplier"", ""hero""]",,,false,false,10,0,,1.3,,,,,,,3070900064829,PRESCHOOL_3_5,,,,,,,,,,,IN_PENDING,SCIENCE,ee75eea8-9f64-4076-96a2-52f5d6926c14,,,
20e0fcfe-9ddc-4da3-b7ff-304f3bf66192,"Joc creativ cu oglinzi Ze mirror Images, Djeco",joc-creativ-cu-oglinzi-ze-mirror-images-djeco,"Set creativ cu oglinzi Ze mirror Cu Ze Mirror Images copiii vor învăța să se joace cu reflexia. Copilul pune imaginea sub oglindă și o rotește până când găsește una dintre imaginile de pe cartonașe. Experimentează astfel reflexiile într-un mod nou, prin deplasarea formelor sub oglindă. Totul se transformă și imaginile apar ca prin magie.Conținut: bază de lemn, oglindă de plastic, 20 de cartonașe rotunde și 4 cartonașe mari. Varsta recomandata: +4 ani. Confecționat din lemn și carton, cu vopsele non-toxice, conform reglementărilor EN71 & ASTM. AVERTISMENT: Contraindicat copiilor sub 3 ani. Conţine piese mici care pot fi înghițite. A se supraveghea copilul cu atenție în timpul jocului. Producător: Djeco, Franța",74.1,,3070900064812,"[""https://cdnmpro.com/708224949/p/raw/2/joc-creativ-cu-oglinzi-ze-mirror-images-djeco~7702.jpg"", ""https://cdnmpro.com/708224949/p/raw/6/joc-creativ-cu-oglinzi-ze-mirror-images-djeco~7256.jpg"", ""https://cdnmpro.com/708224949/p/raw/8/joc-creativ-cu-oglinzi-ze-mirror-images-djeco~7698.jpg"", ""https://cdnmpro.com/708224949/p/raw/0/joc-creativ-cu-oglinzi-ze-mirror-images-djeco~7700.jpg""]",,"[""Djeco"", ""Creative"", ""boribon_supplier"", ""hero""]",,,false,false,10,0,,0.8,,,,,,,3070900064812,PRESCHOOL_3_5,,,,,,,,,,,IN_PENDING,SCIENCE,ee75eea8-9f64-4076-96a2-52f5d6926c14,,,
fcfbb8ff-0aea-41d3-9e81-063651fbc3c8,"Joc cu magneti 83 Litere colorate, Djeco",joc-cu-magneti-83-litere-colorate-djeco,"Litere magnetice pentru copii Un set de 83 de litere magnetice din lemn de tip litera mare de tipar, de diferite culori, pentru a scrie99 cuvinte într-un mod distractiv. Perfect pentru învățarea alfabetului, a consoanelor și vocalelor. Literele se pot utiliza pe o tablă magnetică sau pe frigider. Pentru joaca singur sau cu alții. Cu ajutorul literelor magnetice copiii încep familiarizarea cu alfabetul şi formarea cuvintelor într-un mod distractiv şi uşor. Literele magnetice pentru copii pot fi utilizate atât acasă cât şi de către educatori și profesori în şcoli şi grădiniţe. Cutia facilitează depozitarea. Dimensiune unei litere: 3 cm. Vârsta recomandată: +4 ani. Confecționat din lemn certificat FSC® și vopsele non toxice conform reglementărilor EN71&ASTM. AVERTISMENT! Acest joc conține magneți! Magneții se lipesc unul de altul sau de un obiect metalic; în interiorul corpului uman pot provoca accidente. Cereți imediat asistența medicului în caz de inghițire. Contraindicat copiilor sub 3 ani. A se folosi sub directa supraveghere a unei persoane adulte. Producător: Djeco, Franţa.",100.7,,3070900031012,"[""https://cdnmpro.com/708224949/p/raw/8/joc-cu-magneti-83-litere-colorate-djeco~2148.jpg"", ""https://cdnmpro.com/708224949/p/raw/1/joc-cu-magneti-83-litere-colorate-djeco~1361.jpg"", ""https://cdnmpro.com/708224949/p/raw/7/joc-cu-magneti-83-litere-colorate-djeco~2147.jpg""]",,"[""Djeco"", ""Educative"", ""boribon_supplier"", ""hero""]",,,false,false,5,0,,0.8,,,,,,,3070900031012,PRESCHOOL_3_5,,,,,,,,,,,IN_PENDING,ENGINEERING,ee75eea8-9f64-4076-96a2-52f5d6926c14,,,
af6a244e-55d3-4d9a-9f3b-cccbc8e55059,"Joc cu magneti Animale amuzante, Djeco",joc-cu-magneti-animale-amuzante-djeco,"Joc cu magneti Animale amuzante Un set de 24 de piese magnetice din lemn pentru a construi animale convenționale sau a inventa altele mai ciudate. Ajutați crocodilul să-și găsească corpul și picioarele. Creează 8 animale, fiecare cu 3 piese. Potriviți părțile corpului: cap, corp și picioare. Ilustrații fermecătoare pe care cei mici le vor îndrăgi. Piesele se pot utiliza pe o tablă magnetică sau pe frigider. Joacă-te singur sau cu alții, inventând povești. Cutia facilitează depozitarea. Vârsta recomandată: +2 ani. Confecționat din lemn certificat FSC® și vopsele non toxice conform reglementărilor EN71&ASTM. AVERTISMENT! Acest joc conține magneți! Magneții se lipesc unul de altul sau de un obiect metalic; în interiorul corpului uman pot provoca accidente. Cereți imediat asistența medicului în caz de inghițire. Contraindicat copiilor sub 2 ani. A se folosi sub directa supraveghere a unei persoane adulte. Producător: Djeco, Franţa.",100.7,,3070900031111,"[""https://cdnmpro.com/708224949/p/raw/3/joc-cu-magneti-animale-amuzante-djeco~2113.jpg"", ""https://cdnmpro.com/708224949/p/raw/1/joc-cu-magneti-animale-amuzante-djeco~1351.jpg"", ""https://cdnmpro.com/708224949/p/raw/0/joc-cu-magneti-animale-amuzante-djeco~2110.jpg"", ""https://cdnmpro.com/708224949/p/raw/6/joc-cu-magneti-animale-amuzante-djeco~2116.jpg""]",,"[""Djeco"", ""Educative"", ""boribon_supplier"", ""hero""]",,,false,false,15,0,,1,,,,,,,3070900031111,TODDLERS_1_3,,,,,,,,,,,IN_PENDING,ENGINEERING,ee75eea8-9f64-4076-96a2-52f5d6926c14,,,
a59b220c-0b90-46f2-86e2-6855c855ece7,"Joc cu magneti Animale costumate, Djeco",joc-cu-magneti-animale-costumate-djeco,"Joc cu magneti Animale costumate Un set cu 24 de piese magnetice din lemn pentru copii, cu care să creeze costume obișnuite, sau combinații neobișnuite. Ajută-l pe astronaut să-și găsească corpul și picioarele! Creează 8 copii în costume, fiecare compus din 3 piese. Potriviți părțile corpului: cap, corp și picioare. Ilustrații fermecătoare pe care cei mici le vor adora, se vor juca și vor inventa povești. Cutia facilitează depozitarea. Continut: 24 piese magnetice din lemn. Vârsta recomandată: +2 ani Confecționat din lemn certificat FSC®. Conform reglementărilor EN71&ASTM. AVERTISMENT! Acest joc conține magneți! Magneții se lipesc unul de altul sau de un obiect metalic; în interiorul corpului uman pot provoca accidente. Cereți imediat asistența medicului în caz de inghițire. Contraindicat copiilor sub 2 ani. A se folosi sub directa supraveghere a unei persoane adulte. Producător: Djeco, Franţa.",112.1,,3070900031289,"[""https://cdnmpro.com/708224949/p/raw/9/joc-cu-magneti-animale-costumate-djeco~8469.jpg"", ""https://cdnmpro.com/708224949/p/raw/5/joc-cu-magneti-animale-costumate-djeco~8745.jpg"", ""https://cdnmpro.com/708224949/p/raw/6/joc-cu-magneti-animale-costumate-djeco~8746.jpg""]",,"[""Djeco"", ""Jocuri"", ""boribon_supplier"", ""hero""]",,,false,false,18,0,,0.6,,,,,,,3070900031289,TODDLERS_1_3,,,,,,,,,,,IN_PENDING,ENGINEERING,ee75eea8-9f64-4076-96a2-52f5d6926c14,,,
dcd90447-238e-4a24-828a-e85295cdee90,"Joc cu magneti Animale din intreaga lume, Djeco",joc-cu-magneti-animale-din-intreaga-lume-djeco,"Joc magnetic cu animale Magnnimo este un set magnetic cu animale din întreaga lume, care îi duce pe copii într-o călătorie în jurul globului. Descoperă și învață să recunoști animalele. Încurajează copiii să se joace și să inventeze povești. Cutia facilitează depozitarea. Pentru joaca singur sau cu alții. Piesele se utilizează pe o tablă magnetică sau pe frigider. Conținut: 36 animale magnetice din lemn.Vârsta recomandată: +2 ani. Confecționat din lemn cu vopsele non toxice certificate FSC®.AVERTISMENT! Acest joc conține magneți! Magneții se lipesc unul de altul sau de un obiect metalic. Cereți imediat asistența medicului în caz de inghițire. Contraindicat copiilor sub 2 ani. A se folosi sub directa supraveghere a unei persoane adulte. Producător: Djeco, Franţa.",112.1,,3070900031241,"[""https://cdnmpro.com/708224949/p/raw/2/joc-cu-magneti-animale-din-intreaga-lume-djeco~2722.jpg"", ""https://cdnmpro.com/708224949/p/raw/7/joc-cu-magneti-animale-din-intreaga-lume-djeco~2447.jpg"", ""https://cdnmpro.com/708224949/p/raw/8/joc-cu-magneti-animale-din-intreaga-lume-djeco~2718.jpg"", ""https://cdnmpro.com/708224949/p/raw/0/joc-cu-magneti-animale-din-intreaga-lume-djeco~2720.jpg"", ""https://cdnmpro.com/708224949/p/raw/5/joc-cu-magneti-animale-din-intreaga-lume-djeco~2725.jpg""]",,"[""Djeco"", ""Educative"", ""boribon_supplier"", ""hero""]",,,false,false,17,0,,1,,,,,,,3070900031241,TODDLERS_1_3,,,,,,,,,,,IN_PENDING,ENGINEERING,ee75eea8-9f64-4076-96a2-52f5d6926c14,,,
02387155-48cd-4cb3-86d8-d5b00c7fc36d,"Joc cu magneti Animale prietenoase, Djeco",joc-cu-magneti-animale-prietenoase-djeco,"Joc cu magneti Animale prietenoase Un set de 24 de piese magnetice din lemn pentru copii pentru a construi animale convenționale sau a inventa altele noi, fantastice. Ajută girafa să-și găsească picioarele și leul să-și găsească capul. Creează 12 animale, fiecare din două piese, potrivind corpul cu picioarele. Ilustrații fermecătoare pe care cei mici le vor îndrăgi. Joacă-te singur sau cu alții, inventând povești. Piesele pot fi utilizate pe o tablă magnetică sau pe frigider. Cutia facilitează depozitarea. Vârsta recomandată: +2 ani Confecționat din lemn certificate FSC® și vopsele non toxice conform reglementărilor EN71&ASTM. AVERTISMENT! Acest joc conține magneți! Magneții se lipesc unul de altul sau de un obiect metalic; în interiorul corpului uman pot provoca accidente. Cereți imediat asistența medicului în caz de inghițire. Contraindicat copiilor sub 2 ani. A se folosi sub directa supraveghere a unei persoane adulte. Producător: Djeco, Franţa.",112.1,,3070900031180,"[""https://cdnmpro.com/708224949/p/raw/8/joc-cu-magneti-animale-prietenoase-djeco~2108.jpg"", ""https://cdnmpro.com/708224949/p/raw/6/joc-cu-magneti-animale-prietenoase-djeco~1346.jpg"", ""https://cdnmpro.com/708224949/p/raw/0/joc-cu-magneti-animale-prietenoase-djeco~2100.jpg"", ""https://cdnmpro.com/708224949/p/raw/3/joc-cu-magneti-animale-prietenoase-djeco~2103.jpg""]",,"[""Djeco"", ""Educative"", ""boribon_supplier"", ""hero""]",,,false,false,14,0,,1,,,,,,,3070900031180,TODDLERS_1_3,,,,,,,,,,,IN_PENDING,ENGINEERING,ee75eea8-9f64-4076-96a2-52f5d6926c14,,,
e9ff2178-9d7e-49d9-943e-1914a452f7dc,"Joc cu magneti Animo, Djeco",joc-cu-magneti-animo-djeco,"Joc cu magneti Animo Inzebox aduce o nouă modalitate distractivă de a te juca cu magneți! Copiii pot crea personaje simpatice – iepurași, pisici, bufnițe, castori și multe altele – lipind piesele magnetice din lemn pe cutia metalică în formă de animal. Fiecare față a cutiei are o culoare diferită, oferind dublă distracție și creativitate. Piesele sunt special concepute pentru mânuțele copiilor mici, iar la finalul jocului, totul se depozitează ușor în cutie. Pentru joaca de acasă sau în călătorii!Dezvoltă imaginația copiilor. Conținut: cutie metalică în formă de animal și 41 piese magnetice din lemn. Dimensiune cutie metalică siluetă: 16.2 x 21.5 x 6 cm.Vârsta recomandată: +2 ani. Confecționat din lemn certificat FSC®. Conform reglementărilor EN71&ASTM.AVERTISMENT! Acest joc conține magneți! Magneții se lipesc unul de altul sau de un obiect metalic; în interiorul corpului uman pot provoca accidente. Cereți imediat asistența medicului în caz de înghițire. Contraindicat copiilor sub 2 ani. A se folosi sub directa supraveghere a unei persoane adulte. Producător: Djeco, Franța",121.6,,3070900030855,"[""https://cdnmpro.com/708224949/p/raw/5/joc-cu-magneti-animo-djeco~21765.jpg"", ""https://cdnmpro.com/708224949/p/raw/6/joc-cu-magneti-animo-djeco~21766.jpg"", ""https://cdnmpro.com/708224949/p/raw/7/joc-cu-magneti-animo-djeco~21767.jpg"", ""https://cdnmpro.com/708224949/p/raw/8/joc-cu-magneti-animo-djeco~21768.jpg"", ""https://cdnmpro.com/708224949/p/raw/9/joc-cu-magneti-animo-djeco~21769.jpg""]",,"[""Djeco"", ""Educative"", ""boribon_supplier"", ""hero""]",,,false,false,13,0,,0.45,,,,,,,3070900030855,PRESCHOOL_3_5,,,,,,,,,,,IN_PENDING,ENGINEERING,ee75eea8-9f64-4076-96a2-52f5d6926c14,,,
0dccd489-dd1c-483a-b369-0635d2d9a32e,"Joc cu magneti Belissimo, Djeco",joc-cu-magneti-belissimo-djeco,"Joc cu magneti Belissimo Inzebox: un nou mod de a te juca cu magneți! Copiii se distrează îmbrăcând zâne și prințese drăguțe prin lipirea pieselor magnetice din lemn pe cutia metalică cu silueta de zână. Inzebox este un joc distractiv de amestecare și potrivire. Ambele părți ale cutiei sunt ilustrate, ceea ce înseamnă că ambele pot fi jucate. Piesele pot fi depozitate cu ușurință în cutia metalică la sfârșitul unei sesiuni de joc. Perfect și pentru călătorii! Dezvoltă imaginația copiilor. Conținut: cutie metalică în formă de prințesă și 24 de piese magnetice din lemn.Dimensiune cutie metalică siluetă: 15,5 x 20,4 x 5,5 cm.Vârsta recomandată: +3 ani. Confecționat din lemn certificat FSC®. Conform reglementărilor EN71&ASTM.AVERTISMENT! Acest joc conține magneți! Magneții se lipesc unul de altul sau de un obiect metalic; în interiorul corpului uman pot provoca accidente. Cereți imediat asistența medicului în caz de înghițire. Contraindicat copiilor sub 3 ani. A se folosi sub directa supraveghere a unei persoane adulte. Producător: Djeco, Franța",121.6,,3070900030848,"[""https://cdnmpro.com/708224949/p/raw/7/joc-cu-magneti-belissimo-djeco~3387.jpg"", ""https://cdnmpro.com/708224949/p/raw/9/joc-cu-magneti-belissimo-djeco~3129.jpg"", ""https://cdnmpro.com/708224949/p/raw/1/joc-cu-magneti-belissimo-djeco~3381.jpg"", ""https://cdnmpro.com/708224949/p/raw/3/joc-cu-magneti-belissimo-djeco~3383.jpg"", ""https://cdnmpro.com/708224949/p/raw/4/joc-cu-magneti-belissimo-djeco~3384.jpg""]",,"[""Djeco"", ""Educative"", ""boribon_supplier"", ""hero""]",,,false,false,13,0,,0.7,,,,,,,3070900030848,PRESCHOOL_3_5,,,,,,,,,,,IN_PENDING,ENGINEERING,ee75eea8-9f64-4076-96a2-52f5d6926c14,,,
55017b39-3f6f-4f9a-8d0b-6fb07e9a571e,"Joc cu magneti Ferma, Djeco",joc-cu-magneti-ferma-djeco,"Fermix, joc magnetic ferma Joc magnetic cu animale, personaje și obiecte pe care le găsești la o fermă Set magnetic cu animale, personaje, clădiri și obiecte specifice casei bunicilor de la țară, pe care le îndrăgim cu toții. Descoperă și învață să recunoști animalele. Încurajează copiii să se joace și să inventeze povești. Cutia facilitează depozitarea. Pentru joacă individuală sau cu alții! Piesele se utilizează pe o tablă magnetică sau pe frigider (tabla nu este inclusă). Conținut: 24 piese din lemn magnetice cu animale. Vârsta recomandată: +2 ani. Confecționat din lemn cu vopsele non toxice, cu certificare FSC®AVERTISMENT! Acest joc conține magneți! Magneții se lipesc unul de altul sau de un obiect metalic. Cereți imediat asistența medicului în caz de inghițire. Contraindicat copiilor sub 2 ani. A se folosi sub directa supraveghere a unei persoane adulte. Producător: Djeco, Franţa.",112.1,,3070900031272,"[""https://cdnmpro.com/708224949/p/raw/6/joc-cu-magneti-ferma-djeco~12846.jpg"", ""https://cdnmpro.com/708224949/p/raw/7/joc-cu-magneti-ferma-djeco~7647.jpg"", ""https://cdnmpro.com/708224949/p/raw/1/joc-cu-magneti-ferma-djeco~8321.jpg""]",,"[""Djeco"", ""Educative"", ""boribon_supplier"", ""hero""]",,,false,false,14,0,,0.6,,,,,,,3070900031272,TODDLERS_1_3,,,,,,,,,,,IN_PENDING,ENGINEERING,ee75eea8-9f64-4076-96a2-52f5d6926c14,,,
b7cb4b8b-ab57-46ab-9333-db31e3e79960,"Joc cu magneti Geobonhomme, Djeco",joc-cu-magneti-geobonhomme-djeco,"Geobonhomme joc cu magneti Joc sub forma unei serviete din lemn, cu mâner și închizătoare, potrivită pentru transport, cu 35 de piese magnetice din lemn și 20 de carduri cu modele, pentru a recrea tot felul de personaje fantastice.Deschide servieta și așează piesele pe suprafețele magnetice interioare pentru a crea personaje. Copiii folosesc formele geometrice colorate simple pentru a învăța să recreeze și să pună împreună imagini.Dă liber imaginației pentru nenumătate creații. Dezvoltă creativitatea și abilitățile motorii. Perfect pentru călătorii. Conținut: 1 servietă din lemn 35 de piese groase din lemn, magnetice 20 de carduri model. Vârsta recomandată: + 4 ani. Confecționat din lemn certificat FSC® și vopsele non toxice conform reglementărilor EN71&ASTM. AVERTISMENT! Acest joc conține magneți! Magneții se lipesc unul de altul sau de un obiect metalic; în interiorul corpului uman pot provoca accidente. Cereți imediat asistența medicului în caz de inghițire. Contraindicat copiilor sub 3 ani. Conține piese mici. A se folosi sub directa supraveghere a unei persoane adulte. Producător: Djeco, Franţa.",190.95,,3070900031364,"[""https://cdnmpro.com/708224949/p/raw/3/joc-cu-magneti-geobonhomme-djeco~2093.jpg"", ""https://cdnmpro.com/708224949/p/raw/3/joc-cu-magneti-geobonhomme-djeco~1343.jpg"", ""https://cdnmpro.com/708224949/p/raw/5/joc-cu-magneti-geobonhomme-djeco~2075.jpg"", ""https://cdnmpro.com/708224949/p/raw/0/joc-cu-magneti-geobonhomme-djeco~2080.jpg"", ""https://cdnmpro.com/708224949/p/raw/4/joc-cu-magneti-geobonhomme-djeco~2084.jpg""]",,"[""Djeco"", ""De construit"", ""boribon_supplier"", ""hero""]",,,false,false,11,0,,1,,,,,,,3070900031364,PRESCHOOL_3_5,,,,,,,,,,,IN_PENDING,ENGINEERING,ee75eea8-9f64-4076-96a2-52f5d6926c14,,,
fb678e40-0088-447a-90be-538f25978334,"Joc cu magneti Geoforme, Djeco",joc-cu-magneti-geoforme-djeco,"Joc cu magneti Geoforme O servietă din lemn cu 42 de piese magnetice din lemn și 24 de modele pentru a crea si recrea tot felul de lucruri: personaje, animale, vehicule. Copiii folosesc formele geometrice colorate simple pentru a învăța să recreeze și să pună împreună imagini. Piese magnetice din lemn gros. Dezvoltă creativitatea și abilitățile motorii. Închizătoarea și mânerul îl fac ușor de transportat. Perfect pentru călătorii. Conținut: 1 cutie de lemn (30 cm x 30 cm), 42 de piese magnetice din lemn și 24 de carduri model. Vârsta recomandată: +4 ani. Confecționate din lemn cu certificare FSC® . AVERTISMENT: Contraindicat copiilor sub 3 ani . Conține piese mici ce pot fi inghițite. Conține magneți! A se utiliza sub directa supraveghere a unei persoane adulte. Producător: Djeco, Franţa.",190.95,,3070900031302,"[""https://cdnmpro.com/708224949/p/raw/9/joc-cu-magneti-geoforme-djeco~1619.jpg"", ""https://cdnmpro.com/708224949/p/raw/2/joc-cu-magneti-geoforme-djeco~1142.jpg"", ""https://cdnmpro.com/708224949/p/raw/4/joc-cu-magneti-geoforme-djeco~1614.jpg"", ""https://cdnmpro.com/708224949/p/raw/6/joc-cu-magneti-geoforme-djeco~1616.jpg""]",,"[""Djeco"", ""Educative"", ""boribon_supplier"", ""hero""]",,,false,false,9,0,,1,,,,,,,3070900031302,PRESCHOOL_3_5,,,,,,,,,,,IN_PENDING,ENGINEERING,ee75eea8-9f64-4076-96a2-52f5d6926c14,,,
fec6caa2-0f27-44c0-a9c2-9a68b8d1a6eb,"Joc cu magneti Jobissimo, Djeco",joc-cu-magneti-jobissimo-djeco,"Joc cu magneti Jobissimo Un nou mod de a te juca cu magneți! Setul include o cutie metalică siluetă de care copiii pot lipi piesele magnetice din lemn. Jobissimo este un joc distractiv în care copiii pot crea pompieri, medici, profesori, bucătari și multe altele! O parte a cutiei arată un băiat, iar cealaltă o fată, astfel încât copiii să le îmbrace pe amândouă. Inzebox este un joc distractiv de amestecare și potrivire cu magnet.Piesele pot fi depozitate cu ușurință în cutia metalică la sfârșitul sesiunii de joacă. Perfect și pentru călătorii.Poate fi jucat singur sau cu alții.Dezvoltă imaginația copiilor. Conținut: cutie metalică în formă de persoană și 20 de piese magnetice din lemn.Dimensiune: 16 x 21 x 6 cm.Vârsta recomandată: +3 ani.Confecționat din lemn certificat FSC®. Conform reglementărilor EN71&ASTM.AVERTISMENT! Acest joc conține magneți! Magneții se lipesc unul de altul sau de un obiect metalic; în interiorul corpului uman pot provoca accidente. Cereți imediat asistența medicului în caz de înghițire. Contraindicat copiilor sub 3 ani. A se folosi sub directa supraveghere a unei persoane adulte. Producător: Djeco, Franța",121.6,,3070900030862,"[""https://cdnmpro.com/708224949/p/raw/4/joc-cu-magneti-jobissimo-djeco~5914.jpg"", ""https://cdnmpro.com/708224949/p/raw/6/joc-cu-magneti-jobissimo-djeco~5596.jpg"", ""https://cdnmpro.com/708224949/p/raw/1/joc-cu-magneti-jobissimo-djeco~5911.jpg"", ""https://cdnmpro.com/708224949/p/raw/2/joc-cu-magneti-jobissimo-djeco~5912.jpg"", ""https://cdnmpro.com/708224949/p/raw/3/joc-cu-magneti-jobissimo-djeco~5913.jpg""]",,"[""Djeco"", ""Educative"", ""boribon_supplier"", ""hero""]",,,false,false,15,0,,0.7,,,,,,,3070900030862,PRESCHOOL_3_5,,,,,,,,,,,IN_PENDING,ENGINEERING,ee75eea8-9f64-4076-96a2-52f5d6926c14,,,
56d64c00-e2d7-4db2-b889-cba50c281d49,"Joc cu magneti Mix'n'match, Djeco",joc-cu-magneti-mix-n-match-djeco,"Joc cu magneti Mix'n'match Un joc creativ și distractiv pentru cei mici! Copiii se joacă cu magneții din lemn pe o cutie metalică subțire, ilustrată pe ambele părți. Ei pot recrea cele 8 animale de pe cardurile-model sau pot inventa combinații amuzante, mixând corpuri, capete și detalii pentru a crea personaje haioase. Magneții sunt realizați din lemn de înaltă calitate, iar cutia are dublu rol: suprafață de joc și spațiu de depozitare. Compact și ușor de transportat, jocul este pentru acasă, călătorii, vizite sau grădiniță. Conține: cutie metalică ilustrată (față-verso) 24 piese magnetice din lemn 6 carduri duble cu modele (12 imagini) Dimensiuni produs : 22 x 18 x 2.5 cm Vârsta recomandată: +2 ani. Fabricat din lemn certificat FSC®.AVERTISMENT: A se utiliza sub directa supraveghere a unui adult. Producător: Djeco, Franța",92.15,,3070900030701,"[""https://cdnmpro.com/708224949/p/raw/2/joc-cu-magneti-mix-n-match-djeco~100129092.jpg"", ""https://cdnmpro.com/708224949/p/raw/5/joc-cu-magneti-mix-n-match-djeco~100129095.jpg"", ""https://cdnmpro.com/708224949/p/raw/8/joc-cu-magneti-mix-n-match-djeco~100129098.jpg"", ""https://cdnmpro.com/708224949/p/raw/1/joc-cu-magneti-mix-n-match-djeco~100129101.jpg"", ""https://cdnmpro.com/708224949/p/raw/4/joc-cu-magneti-mix-n-match-djeco~100129104.jpg""]",,"[""Djeco"", ""Jocuri"", ""boribon_supplier"", ""hero""]",,,false,false,22,0,,0.55,,,,,,,3070900030701,TODDLERS_1_3,,,,,,,,,,,IN_PENDING,ENGINEERING,ee75eea8-9f64-4076-96a2-52f5d6926c14,,,
1cf244eb-6296-4e05-8e8d-10695e489ced,"Joc de carti Teki Tekoi, Djeco",joc-de-carti-teki-tekoi-djeco,"❓ Cine sunt eu? – Joc de ghicire amuzant pentru copii și familie Ești un animal? Sau poate un vehicul cu roți? Află rapid înaintea celorlalți și câștigă runda! „Cine sunt eu?” este un joc de ghicire distractiv, pentru momentele petrecute în familie sau cu prietenii. Fiecare jucător trebuie să pună întrebările potrivite pentru a descoperi ce carte are. Jocul încurajează logica, abilitățile de deducție și comunicarea, totul într-un format simplu, interactiv și plin de haz. Pentru petreceri, seri în familie sau tabere – distracția e garantată! Jocul conţine 119 cărți ilustrate, 4 suporturi din lemn pentru cărți, reguli de joc Vârsta recomandată: +6 ani. Fabricat hârtie și carton certificate FSC®, suporturi din lemn. Conform reglementărilor EN71&ASTM. AVERTISMENT: Contraindicat copiilor sub 3 ani. Se recomandă supravegherea copilului de către un adult în timpul jocului. Citiți cu atenție eticheta produsului înainte de a înmâna jocul copilului. Producător: Djeco, Franța Manual Joc de carti Teki Tekoi, Djeco - descarca aici fisierul",68.4,,3070900050730,"[""https://cdnmpro.com/708224949/p/raw/4/joc-de-carti-teki-tekoi-djeco~21774.jpg"", ""https://cdnmpro.com/708224949/p/raw/5/joc-de-carti-teki-tekoi-djeco~21775.jpg"", ""https://cdnmpro.com/708224949/p/raw/6/joc-de-carti-teki-tekoi-djeco~21776.jpg""]",,"[""Djeco"", ""Jocuri"", ""boribon_supplier"", ""hero""]",,,false,false,26,0,,0.210,,,,,,,3070900050730,ELEMENTARY_6_8,,,,,,,,,,,IN_PENDING,TECHNOLOGY,ee75eea8-9f64-4076-96a2-52f5d6926c14,,,
420c0216-45fd-4e78-b9a5-4b8955bdb352,"Joc de logica Bloc Inca, Djeco",joc-de-logica-bloc-inca-djeco,"Joc logic Bloc Inca Zeul Quetzal își cere templul. Folosește cele 16 blocuri de lemn pentru a construi o clădire Inca, respectând amplasarea simbolurilor sacre... sau înfruntă mânia zeilor. 3 niveluri de dificultate. 60 de provocări. Dezvoltă răbdarea și logica.Doar o soluție va funcționa - vezi broșura.Un joc excelent realizat care captivează atenția. Conținut: 16 blocuri din lemn, 30 de cartonașe ilustrate față-verso. Reguli de joc disponibile în 10 limbi. Vârsta recomandată: 7-99 ani. Pentru un jucător. Confecționat din lemn certificat FSC®. Producător: Djeco. Manual Joc de logica Bloc Inca, Djeco - descarca aici fisierul",142.5,,3070900008182,"[""https://cdnmpro.com/708224949/p/raw/4/joc-de-logica-bloc-inca-djeco~18314.jpg"", ""https://cdnmpro.com/708224949/p/raw/2/joc-de-logica-bloc-inca-djeco~18312.jpg"", ""https://cdnmpro.com/708224949/p/raw/3/joc-de-logica-bloc-inca-djeco~18313.jpg""]",,"[""Djeco"", ""Jocuri"", ""boribon_supplier"", ""hero""]",,,false,false,12,0,,0.8,,,,,,,3070900008182,ELEMENTARY_6_8,,,,,,,,,,,IN_PENDING,TECHNOLOGY,ee75eea8-9f64-4076-96a2-52f5d6926c14,,,
1dab40b7-8ddf-4ddf-89be-f20dd15a0e26,"Joc de logica Crazix 6 jocuri metalice, Djeco",joc-de-logica-crazix-6-jocuri-metalice-djeco,"Crazix 6 jocuri de logică Un joc de răbdare, pentru un singur jucător, cu 6 puzzle-uri metalice pentru a-ți pune neuronii la încercare! Dezvoltă răbdarea și abilitățile de gândire și concentrare. Soluțiile incluse sunt explicate și prin imagini. Scopul jocului: separarea celor 2 piese metalice fără a folosi forța... Vârsta recomandată: 7-99 ani. Confecționat din materiale non toxice conform reglementărilor FSC®.AVERTISMENT! Contraindicat copiilor sub 3 ani. Contine piese mici. A se folosi sub directa supraveghere a unei persoane adulte. Producător: Djeco, Franţa.",93.1,,3070900084636,"[""https://cdnmpro.com/708224949/p/raw/5/joc-de-logica-crazix-6-jocuri-metalice-djeco~100159095.jpg"", ""https://cdnmpro.com/708224949/p/raw/8/joc-de-logica-crazix-6-jocuri-metalice-djeco~100159098.jpg"", ""https://cdnmpro.com/708224949/p/raw/1/joc-de-logica-crazix-6-jocuri-metalice-djeco~100159101.jpg"", ""https://cdnmpro.com/708224949/p/raw/4/joc-de-logica-crazix-6-jocuri-metalice-djeco~100159104.jpg""]",,"[""Djeco"", ""De logica"", ""boribon_supplier"", ""hero""]",,,false,false,9,0,,0.7,,,,,,,3070900084636,ELEMENTARY_6_8,,,,,,,,,,,IN_PENDING,TECHNOLOGY,ee75eea8-9f64-4076-96a2-52f5d6926c14,,,
