"id","name","slug","description","price","compareAtPrice","sku","images","categoryId","tags","attributes","metadata","isActive","featured","stockQuantity","reservedQuantity","reorderPoint","weight","dimensions","averageRating","reviewCount","totalSold","createdAt","updatedAt","barcode","ageGroup","costPrice","importDuties","shippingCost","storageCost","packagingCost","laborCost","qualityControlCost","paymentProcessingFee","customerServiceCost","operationalOverhead","status","stemDiscipline","supplierId","isBundle","bundleItems","bundleDiscount"
"af680edf-58a7-433d-a236-711747edf53c","Creagami Titirezi - Origami 3D Educațional","creagami-titirezi-origami-3d-educational-CTV-842","Origami 3D. Creează o adevărată sculptură în relief, cu ajutorul bucățelelor de hârtie pe care le îndoi precum la origami, și apoi le asamblezi modular pentru a realiza titirezi inediți. Dezvoltă manualitatea, concentrarea și relaxează în același timp. Vârsta recomandată: +3 ani. Fiecare produs are QR code, care vă încarcă video cu instrucțiuni și moduri de îmbinare a pieselor. AVERTISMENT: Contraindicat copiilor sub 3 ani, conține piese mici, pericol de sufocare. A se utiliza sub directa supraveghere a unui adult. Producător: CreativaMente, Italia","71.0","84.99","CTV-842","[""https://cdnmpro.com/708224949/p/raw/5/creagami-titirezi~5655.jpg"", ""https://cdnmpro.com/708224949/p/raw/4/creagami-titirezi~5994.jpg"", ""https://cdnmpro.com/708224949/p/raw/5/creagami-titirezi~5995.jpg"", ""https://cdnmpro.com/708224949/p/raw/6/creagami-titirezi~5996.jpg""]","cmltqoqsf0004jjujibh2j3vx","[""CreativaMente""]","{}","{""shortTitleRo"": ""Creagami Titirezi - Origami 3D Educațional"", ""metaDescriptionRo"": ""Crează sculpturi 3D unice cu piese de origami modular! Dezvoltă manualitatea, concentrarea și imaginația copiilor +3 ani. Include QR code cu video tutorial. Jucărie STEM virală perfectă pentru Reels!"", ""learningOutcomes"": [], ""specialCategories"": []}","true","false","5","0","","300.0","{""length"": ""20 cm""}","0","0","0","2026-03-22 23:59:49.000","2026-03-22 23:59:49.000","","ELEMENTARY_6_8","","0","0","0","0","0","0","2.9","0","0","APPROVED","ART_STEAM","ee75eea8-9f64-4076-96a2-52f5d6926c14","false","",""
"e8d4e002-0ea8-4199-872e-9b496e71236f","Creagami Șarpe - Origami 3D Educațional","creagami-sarpe-origami-3d-educational-CTV-711","Origami 3D. Creează o adevărată sculptură în relief, cu ajutorul bucățelelor de hârtie pe care le îndoi precum la origami, și apoi le asamblezi modular pentru a realiza forme inedite. Dezvoltă manualitatea, concentrarea și relaxează în același timp. Vârsta recomandată: +7 ani. Fiecare produs are QR code, care vă încarcă video cu instrucțiuni și moduri de îmbinare a pieselor. AVERTISMENT: Contraindicat copiilor sub 3 ani, conține piese mici, pericol de sufocare. A se utiliza sub directa supraveghere a unui adult. Producător: CreativaMente, Italia","71.0","84.99","CTV-711","[""https://cdnmpro.com/708224949/p/raw/8/creagami-sarpe~6358.jpg"", ""https://cdnmpro.com/708224949/p/raw/5/creagami-sarpe~6775.jpg"", ""https://cdnmpro.com/708224949/p/raw/6/creagami-sarpe~6776.jpg"", ""https://cdnmpro.com/708224949/p/raw/8/creagami-sarpe~6778.jpg""]","cmltqoqsf0004jjujibh2j3vx","[""CreativaMente""]","{}","{""shortTitleRo"": ""Creagami Șarpe - Origami 3D Educațional"", ""metaDescriptionRo"": ""Construiește un șarpe origami 3D spectaculos! Set modular care dezvoltă dexteritatea și relaxarea. Recomandat 7+ ani. Include instrucțiuni video – ideal pentru conținut TikTok și cadouri educative."", ""learningOutcomes"": [], ""specialCategories"": []}","true","false","5","0","","300.0","{""length"": ""20 cm""}","0","0","0","2026-03-22 23:59:49.000","2026-03-22 23:59:49.000","","ELEMENTARY_6_8","","0","0","0","0","0","0","2.9","0","0","APPROVED","ART_STEAM","ee75eea8-9f64-4076-96a2-52f5d6926c14","false","",""
"99d169c3-ff9f-414a-b4c1-9f5c2e10b796","Creagami Panda - Origami 3D Educațional","creagami-panda-origami-3d-educational-CTV-734","Origami 3D. Creează o adevărată sculptură în relief, cu ajutorul bucățelelor de hârtie pe care le îndoi precum la origami, și apoi le asamblezi modular pentru a realiza forme inedite. Dezvoltă manualitatea, concentrarea și relaxează în același timp. Vârsta recomandată: +7 ani. Fiecare produs are QR code, care vă încarcă video cu instrucțiuni și moduri de îmbinare a pieselor. AVERTISMENT: Contraindicat copiilor sub 3 ani, conține piese mici, pericol de sufocare. A se utiliza sub directa supraveghere a unui adult. Producător: CreativaMente, Italia","141.0","168.99","CTV-734","[""https://cdnmpro.com/708224949/p/raw/7/creagami-panda~6357.jpg"", ""https://cdnmpro.com/708224949/p/raw/1/creagami-panda~6771.jpg"", ""https://cdnmpro.com/708224949/p/raw/2/creagami-panda~6772.jpg"", ""https://cdnmpro.com/708224949/p/raw/3/creagami-panda~6773.jpg""]","cmltqoqsf0004jjujibh2j3vx","[""CreativaMente""]","{}","{""shortTitleRo"": ""Creagami Panda - Origami 3D Educațional"", ""metaDescriptionRo"": ""Creează un panda origami 3D adorabil cu piese modulare! Dezvoltă creativitatea și fine motor skills. Vârsta 7+. QR code cu tutorial – jucărie STEM perfectă pentru părinți și conținut viral."", ""learningOutcomes"": [], ""specialCategories"": []}","true","false","9","0","","300.0","{""length"": ""20 cm""}","0","0","0","2026-03-22 23:59:49.000","2026-03-22 23:59:49.000","","ELEMENTARY_6_8","","0","0","0","0","0","0","2.9","0","0","APPROVED","ART_STEAM","ee75eea8-9f64-4076-96a2-52f5d6926c14","false","",""
"7a73441d-5b13-4d65-b97a-a4a3558f5255","Smarty Puzzle Star Words - Joc Educativ Engleză","smarty-puzzle-star-words-joc-educativ-engleza-CTV_012","Smarty Puzzle- Star Words Joc educativ, perfect pentru distracție în familie și pentru învățarea limbii engleze. Piesele se potrivesc asemenea pieselor de la puzzle, astfel încât jucătorii să formeze propoziții din diferitele cuvinte în engleză. Conține 2 zaruri, 1 săculeț textil, 252 piese de tip puzzle cu cuvinte în engleză Vârsta recomandată: + 6 ani AVERTISMENT: Contraindicat copiilor sub 3 ani, conține piese mici, pericol de sufocare. A se utiliza sub directa supraveghere a unui adult. Producător: CreativaMente, Italia Manual Joc educativ Smarty Puzzle - Star Words - descarca fisier","124.0","148.99","CTV_012","[""https://cdnmpro.com/708224949/p/raw/6/joc-educativ-smarty-puzzle-star-words~6206.jpg"", ""https://cdnmpro.com/708224949/p/raw/0/joc-educativ-smarty-puzzle-star-words~6480.jpg"", ""https://cdnmpro.com/708224949/p/raw/1/joc-educativ-smarty-puzzle-star-words~6481.jpg""]","cmltqoqov0003jjujnu1ppk5u","[""CreativaMente""]","{}","{""shortTitleRo"": ""Smarty Puzzle Star Words - Joc Educativ Engleză"", ""metaDescriptionRo"": ""Puzzle educativ cu cuvinte în engleză – distracție în familie și învățare ușoară! Potrivește piesele și învață vocabular. Perfect pentru 6+ ani și dezvoltare lingvistică STEM."", ""learningOutcomes"": [], ""specialCategories"": []}","true","false","6","0","","1000.0","{""length"": ""25 cm""}","0","0","0","2026-03-22 23:59:49.000","2026-03-22 23:59:49.000","","ELEMENTARY_6_8","","0","0","0","0","0","0","2.9","0","0","APPROVED","MATH","ee75eea8-9f64-4076-96a2-52f5d6926c14","false","",""
"b422eaa4-57cc-4e22-a798-9a2c1c2fab32","Kinoptik Rigolomonsters - Joc Optic Magic","kinoptik-rigolomonsters-joc-optic-magic-DJ05603","Kinoptik Rigolomonsters Un joc distractiv de imaginație, construcție și animație! Copiii proiectează și creează monstruleși amuzanți alăturând părțile magnetice pe tablă - există mii de combinații din care să aleagă! Prin suprapunerea și mișcarea filtrului cu dungi, ei pot face monștrii să prindă viață și să se miște în moduri magice și neașteptate. Broșură de instrucțiuni inclusă oferă îndrumare pas cu pas. Joc de imaginație: inventează monștri găsind noi modalități de a alătura piesele. Joc de construcție: creați modele pe tabla hașurată. Joc de animație: folosește cele 2 filtre pentru a descoperi mișcări magice și surprinzătoare.Tabla hașurată ajută la poziționarea pieselor rapid și ușor.Un exercițiu de creativitate și logică.Conținut: tablă magnetică (21,5 x 21,5 cm), 2 foi de plastic (15,5 x 15,5 cm și 12 x 12 cm), 27 piese magnetice, set de instrucțiuni.Vârsta recomandată: 5-8 ani.Confecționat din hârtie și carton certificate FSC®. Conform reglementărilor EN71&ASTM. AVERTISMENT: Conține magneți! Contraindicat copiilor sub 3 ani, conține piese mici, pericol de sufocare. A se utiliza sub directa supraveghere a unui adult. Producător: Djeco, Franța Video: https://www.youtube.com/watch?v=sc1G4PJc_yk","87.4","104.99","DJ05603","[""https://cdnmpro.com/708224949/p/raw/4/kinoptik-rigolomonsters-djeco~8374.jpg"", ""https://cdnmpro.com/708224949/p/raw/2/kinoptik-rigolomonsters-djeco~8642.jpg"", ""https://cdnmpro.com/708224949/p/raw/3/kinoptik-rigolomonsters-djeco~8643.jpg""]","cmltqoqsf0004jjujibh2j3vx","[""Djeco""]","{}","{""shortTitleRo"": ""Kinoptik Rigolomonsters - Joc Optic Magic"", ""metaDescriptionRo"": ""Creează monștri haioși și dă-le viață cu efectul optic magic! Joc Djeco de imaginație și animație. Vârsta 3-9 ani – viral pe TikTok, dezvoltă creativitate și logică spațială."", ""learningOutcomes"": [], ""specialCategories"": []}","true","false","13","0","","900.0","{""length"": ""23 cm"", ""width"": ""23 cm""}","0","0","0","2026-03-22 23:59:49.000","2026-03-22 23:59:49.000","","ELEMENTARY_6_8","","0","0","0","0","0","0","2.9","0","0","APPROVED","MATH","ee75eea8-9f64-4076-96a2-52f5d6926c14","false","",""
"2079eb98-1fb8-4ecd-840c-dfd9df014967","Kinoptik Roboți - Joc Optic Magic","kinoptik-roboti-joc-optic-magic-DJ05611","Kinoptik Roboți Un joc distractiv de imaginație, construcție și animație. Copiii proiectează și creează roboți aiuriți combinând părțile magnetice de pe tablă - există mii de combinații din care pot să aleagă. Prin mișcarea filtrului optic, ei pot face roboții să prindă viață și să se miște în moduri magice și neașteptate. Broșura de instrucțiuni este inclusă. Joc care stimulează imaginația: copilul construiește forme noi și le adaptează după funcționalitate; set de îndemânare: copilul asamblează pe planșa de lucru formele după model sau liber; joc de animație: cu ajutorul filtrelor se creează efecte optice dinamice. Un exercițiu de creativitate și logică. O mulțime de piese pentru ore de joacă.Conținut: tablă magnetică (30 x 30 cm), 2 filtre optice (24 x 24 cm și 19 x 19 cm), 60 piese de magnetice, broșură cu instrucțiuni.Vârsta recomandată: 6-10 ani.Confecționat din materiale non-toxice, conform reglementărilor EN71&ASTM, cu certificare FSC®.AVERTISMENT: Conține magneți! Contraindicat copiilor sub 3 ani, conține piese mici, pericol de sufocare. A se utiliza sub directa supraveghere a unui adult. Producător: Djeco, Franța","120.65","144.99","DJ05611","[""https://cdnmpro.com/708224949/p/raw/3/kinoptik-roboti-djeco~16373.jpg"", ""https://cdnmpro.com/708224949/p/raw/3/kinoptik-roboti-djeco~3213.jpg"", ""https://cdnmpro.com/708224949/p/raw/9/kinoptik-roboti-djeco~3599.jpg"", ""https://cdnmpro.com/708224949/p/raw/4/kinoptik-roboti-djeco~16374.jpg""]","cmltqoqsf0004jjujibh2j3vx","[""Djeco""]","{}","{""shortTitleRo"": ""Kinoptik Roboți - Joc Optic Magic"", ""metaDescriptionRo"": ""Construiește roboți și animează-i cu filtrul optic! Set Djeco STEM cu efect wow. Recomandat 3-9 ani – perfect pentru Reels și dezvoltare imaginație + abilități motorii."", ""learningOutcomes"": [], ""specialCategories"": []}","true","false","12","0","","200.0","{""length"": ""32 cm"", ""width"": ""32 cm""}","0","0","0","2026-03-22 23:59:49.000","2026-03-22 23:59:49.000","","ELEMENTARY_6_8","","0","0","0","0","0","0","2.9","0","0","APPROVED","ART_STEAM","ee75eea8-9f64-4076-96a2-52f5d6926c14","false","",""
"24a7653f-cfea-44e3-accd-d42a47c60389","Kinoptik Animonsters - Joc Optic Magic","kinoptik-animonsters-joc-optic-magic-DJ05600","Kinoptik Animonsters Un joc distractiv de imaginație, construcție și animație! Copiii creează monstruleți haioși combinând părțile magnetice de pe tablă - există mii de combinații din care să aleagă! Prin mișcarea filtrului optic, ei pot face ca monstruleții să prindă viață și să se miște în moduri magice și neașteptate. Conținut: tablă magnetică, 2 filtre optice, 25 piese magnetice și broșură cu instrucțiuni și modele.Vârsta recomandată: 5-8 ani. Confecționat din carton. Conform reglementărilor EN71&ASTM. AVERTISMENT: Conține magneți! Contraindicat copiilor sub 3 ani, conține piese mici, pericol de sufocare. A se utiliza sub directa supraveghere a unui adult.Producător: Djeco, Franța Video: https://www.youtube.com/watch?v=PxY21nBqIoE","94.05","112.99","DJ05600","[""https://cdnmpro.com/708224949/p/raw/3/kinoptik-animonsters-djeco~3203.jpg"", ""https://cdnmpro.com/708224949/p/raw/7/kinoptik-animonsters-djeco~3557.jpg"", ""https://cdnmpro.com/708224949/p/raw/8/kinoptik-animonsters-djeco~3558.jpg""]","cmltqoqsf0004jjujibh2j3vx","[""Djeco""]","{}","{""shortTitleRo"": ""Kinoptik Animonsters - Joc Optic Magic"", ""metaDescriptionRo"": ""Creează monștri și fă-i să se miște cu filtrul optic! Joc Djeco viral. Vârsta 3-9 ani – dezvoltă creativitate, logică și coordonare. Ideal pentru conținut social media."", ""learningOutcomes"": [], ""specialCategories"": []}","true","false","0","0","","200.0","{""length"": ""23 cm"", ""width"": ""23 cm""}","0","0","0","2026-03-22 23:59:49.000","2026-03-22 23:59:49.000","","ELEMENTARY_6_8","","0","0","0","0","0","0","2.9","0","0","APPROVED","MATH","ee75eea8-9f64-4076-96a2-52f5d6926c14","false","",""
"f7015771-9742-43df-8c79-643aefddad4a","Zig & Go Muzica 52 piese - Traseu Reacție în Lanț","zig-go-muzica-52-piese-traseu-reactie-in-lant-DJ05645","Zig and Go set de construcție trasee, Muzica O colecție de seturi pentru construit fascinante trasee cu reacție în lanț și sunete sau chiar un ritm specific cu acest set complex. Mișcarea, la început lentă, dar apoi tot mai alertă, conduce la parcurgerea traseului cu schimbări de direcții și sunete muzicale. Joc de construcție: copiii vor trebui să folosească îndemânarea pentru poziționa pieselor și creaurea unui parcurs. Joc de reacție în lanț: copiii învață despre cauzalitatea mișcărilor, ingeniozitatea și magia reacțiilor în lanț, cauză-efect! Joc de gândire: copiii trebuie să se gândească la cât de repede se vor mișca piesele - care depinde de greutate - și să aproximeze distanțele dintre ele. Sunt furnizate instrucțiuni pas cu pas pentru 3 modele. Video accesibil printr-un cod QR. Inventează parcursuri nesfârșite pentru ore întregi de distracție, singur sau cu alții. Conține 52 de piese din lemn și metal, premium, colorate. Toate kiturile din colecție sunt compatibile, pentru parcursuri acțiune-reacțiune din ce în ce mai inventive. Set premiat în anul 2021. Vârsta recomandată: +8 ani. Confecționat din lemn și metal. Conform reglementărilor EN71&ASTM. Certificare FSC AVERTISMENT: Contraindicat copiilor sub 3 ani, conține piese mici, pericol de sufocare. A se utiliza sub directa supraveghere a unui adult. Producător: Djeco, Franța","342.0","410.50","DJ05645","[""https://cdnmpro.com/708224949/p/raw/2/set-de-constructie-trasee-zig-go-muzica-52-piese-djeco~16292.jpg"", ""https://cdnmpro.com/708224949/p/raw/3/set-de-constructie-trasee-zig-go-muzica-52-piese-djeco~7313.jpg"", ""https://cdnmpro.com/708224949/p/raw/7/set-de-constructie-trasee-zig-go-muzica-52-piese-djeco~7837.jpg"", ""https://cdnmpro.com/708224949/p/raw/1/set-de-constructie-trasee-zig-go-muzica-52-piese-djeco~7841.jpg"", ""https://cdnmpro.com/708224949/p/raw/2/set-de-constructie-trasee-zig-go-muzica-52-piese-djeco~7842.jpg""]","cmltqoq940001jjujkuq676do","[""Djeco""]","{}","{""shortTitleRo"": ""Zig & Go Muzica 52 piese - Traseu Reacție în Lanț"", ""metaDescriptionRo"": ""Traseu Zig & Go cu muzică – reacție în lanț spectaculoasă! 52 piese Djeco. Vârsta 6+ – cel mai viral joc STEM pentru Reels și TikTok."", ""learningOutcomes"": [], ""specialCategories"": []}","true","false","10","0","","3000.0","{""length"": ""32.5 cm""}","0","0","0","2026-03-22 23:59:49.000","2026-03-22 23:59:49.000","","ELEMENTARY_6_8","","0","0","0","0","0","0","2.9","0","0","APPROVED","ENGINEERING","ee75eea8-9f64-4076-96a2-52f5d6926c14","false","",""
"d9007b37-ddeb-4b16-93f2-8e01126265b2","Zig & Go Bila Cea Mai Mare - Traseu Reacție în Lanț","zig-go-bila-cea-mai-mare-traseu-reactie-in-lant-DJ05641","Zig and Go, set de construit trasee O colecție de seturi pentru construit fascinante trasee cu reacție în lanț. Mișcarea, la început lentă, dar apoi tot mai alertă, conduce la parcurgerea traseului cu schimbări de direcții, curbe și surprize dinamice. Joc de construcție: copiii vor trebui să folosească îndemânarea pentru poziționa pieselor și crearea unui parcurs. Joc de reacție în lanț: copiii învață despre cauzalitatea mișcărilor, ingeniozitatea și magia reacțiilor în lanț, legătura cauză-efect! Joc de gândire: copiii trebuie să se gândească la cât de repede se vor mișca piesele - care depinde de greutate - și să aproximeze distanțele dintre ele. Sunt furnizate instrucțiuni pas cu pas pentru 3 trasee. Video accesibil printr-un cod QR. Inventează parcursuri nesfârșite pentru ore întregi de distracție, singur sau cu alții. Conține 27 de piese din lemn și 2 bile de sticlă. Toate kiturile din colecție sunt compatibile între ele, pentru parcursuri acțiune-reacțiune din ce în ce mai inventive. Vârsta recomandată: +7 ani. Confecționat din lemn și metal. Conform reglementărilor EN71&ASTM. AVERTISMENT: Contraindicat copiilor sub 3 ani, conține piese mici, pericol de sufocare. A se utiliza sub directa supraveghere a unui adult. Producător: Djeco, Franța","190.95","228.99","DJ05641","[""https://cdnmpro.com/708224949/p/raw/3/set-de-constructie-trasee-zig-go-bila-cea-mai-mare-27-piese-djeco~8503.jpg"", ""https://cdnmpro.com/708224949/p/raw/8/set-de-constructie-trasee-zig-go-bila-cea-mai-mare-27-piese-djeco~8338.jpg"", ""https://cdnmpro.com/708224949/p/raw/0/set-de-constructie-trasee-zig-go-bila-cea-mai-mare-27-piese-djeco~8500.jpg"", ""https://cdnmpro.com/708224949/p/raw/1/set-de-constructie-trasee-zig-go-bila-cea-mai-mare-27-piese-djeco~8501.jpg"", ""https://cdnmpro.com/708224949/p/raw/2/set-de-constructie-trasee-zig-go-bila-cea-mai-mare-27-piese-djeco~8502.jpg""]","cmltqoq940001jjujkuq676do","[""Djeco""]","{}","{""shortTitleRo"": ""Zig & Go Bila Cea Mai Mare - Traseu Reacție în Lanț"", ""metaDescriptionRo"": ""Zig & Go cu bila gigantică – traseu de construcție wow! 27 piese. Dezvoltă logică și răbdare. Recomandat 6+ ani – conținut viral garantat."", ""learningOutcomes"": [], ""specialCategories"": []}","true","false","7","0","","1000.0","{""length"": ""24.5 cm""}","0","0","0","2026-03-22 23:59:49.000","2026-03-22 23:59:49.000","","ELEMENTARY_6_8","","0","0","0","0","0","0","2.9","0","0","APPROVED","MATH","ee75eea8-9f64-4076-96a2-52f5d6926c14","false","",""
"b533d72a-6996-46fb-8cb4-5260874953e2","Zig & Go Dring - Traseu Reacție în Lanț","zig-go-dring-traseu-reactie-in-lant-DJ05642","Zig & Go, set de constructie trasee, 25 piese O colecție de seturi pentru construit fascinante trasee cu reacție în lanț. Un joc de construcție din lemn de reacții în lanț care necesită îndemânare și gândire atentă. Copiii copiază cele 3 modele din broșura de instrucțiuni pentru a construi trasee sau își alcătuiesc propriile variante - posibilitățile sunt nelimitate! Toate kiturile din colecție sunt compatibile, pentru trasee acțiune-reacțiune din ce în ce mai inventive. Joc de construcție: copiii vor trebui să folosească îndemânarea pentru a poziționa piesele pentru a construi un traseu. Joc cu reacție în lanț: copiii învață despre ingeniozitatea și magia lanțurilor de mișcare! Joc de gândire: copiii trebuie să se gândească la cât de repede se vor mișca piesele - care depinde de greutate - și să măsoare distanțele dintre ele. Video accesibil printr-un cod QR. Conținut: joc de construcție cu 22 de piese din lemn, 2 bile metalice și un clopoțel metalic, broșură cu instrucțiuni de 16 pagini. Vârsta recomandată: 7 - 99 ani. Confecționat din lemn și metal. Conform reglementărilor EN71&ASTM. Certificare FSC. AVERTISMENT: Contraindicat copiilor sub 3 ani, conține piese mici, pericol de sufocare. A se utiliza sub directa supraveghere a unui adult. Producător: Djeco, Franța","166.25","199.50","DJ05642","[""https://cdnmpro.com/708224949/p/raw/6/set-de-constructie-trasee-zig-go-dring-25-piese-djeco~16306.jpg"", ""https://cdnmpro.com/708224949/p/raw/0/set-de-constructie-trasee-zig-go-dring-25-piese-djeco~5170.jpg"", ""https://cdnmpro.com/708224949/p/raw/2/set-de-constructie-trasee-zig-go-dring-25-piese-djeco~5392.jpg"", ""https://cdnmpro.com/708224949/p/raw/3/set-de-constructie-trasee-zig-go-dring-25-piese-djeco~5393.jpg"", ""https://cdnmpro.com/708224949/p/raw/4/set-de-constructie-trasee-zig-go-dring-25-piese-djeco~5394.jpg""]","cmltqoq940001jjujkuq676do","[""Djeco""]","{}","{""shortTitleRo"": ""Zig & Go Dring - Traseu Reacție în Lanț"", ""metaDescriptionRo"": ""Zig & Go Dring cu clopoțel – final spectaculos! 25 piese Djeco. Joc STEM perfect pentru 3-9 ani și video-uri satisfăcătoare pe social media."", ""learningOutcomes"": [], ""specialCategories"": []}","true","false","5","0","","2000.0","{""length"": ""25 cm""}","0","0","0","2026-03-22 23:59:49.000","2026-03-22 23:59:49.000","","ELEMENTARY_6_8","","0","0","0","0","0","0","2.9","0","0","APPROVED","ENGINEERING","ee75eea8-9f64-4076-96a2-52f5d6926c14","false","",""
"173d548e-ce95-44e2-8509-eda36f1044a4","Zig & Go Roll - Traseu Reacție în Lanț","zig-go-roll-traseu-reactie-in-lant-DJ05640","Zig & Go set de constructie trasee, 28 piese Un joc de construcție din lemn de reacții în lanț care necesită îndemânare și gândire atentă. Copiii copiază cele 3 modele din broșura de instrucțiuni pentru a construi trasee sau își alcătuiesc propriile variante - posibilitățile sunt nelimitate! Toate kiturile din colecție sunt compatibile, pentru trasee acțiune-reacțiune din ce în ce mai inventive. Joc de construcție: copiii vor trebui să folosească îndemânarea pentru a poziționa piesele pentru a construi un traseu. Joc cu reacție în lanț: copiii învață despre ingeniozitatea și magia lanțurilor de mișcare! Joc de gândire: copiii trebuie să se gândească la cât de repede se vor mișca piesele - care depinde de greutate - și să măsoare distanțele dintre ele. Video accesibil printr-un cod QR. Conținut: joc de construcție cu 28 de piese din lemn și 2 bile metalice, broșură cu instrucțiuni de 16 pagini. Vârsta recomandată: 7 - 99 ani. Confecționat din lemn și metal. Conform reglementărilor EN71&ASTM. AVERTISMENT: Contraindicat copiilor sub 3 ani, conține piese mici, pericol de sufocare. A se utiliza sub directa supraveghere a unui adult. Producător: Djeco, Franța","190.95","228.99","DJ05640","[""https://cdnmpro.com/708224949/p/raw/7/set-de-constructie-trasee-zig-go-roll-28-piese-djeco~16307.jpg"", ""https://cdnmpro.com/708224949/p/raw/9/set-de-constructie-trasee-zig-go-roll-28-piese-djeco~5169.jpg"", ""https://cdnmpro.com/708224949/p/raw/7/set-de-constructie-trasee-zig-go-roll-28-piese-djeco~5387.jpg"", ""https://cdnmpro.com/708224949/p/raw/8/set-de-constructie-trasee-zig-go-roll-28-piese-djeco~5388.jpg"", ""https://cdnmpro.com/708224949/p/raw/9/set-de-constructie-trasee-zig-go-roll-28-piese-djeco~5389.jpg""]","cmltqoq940001jjujkuq676do","[""Djeco""]","{}","{""shortTitleRo"": ""Zig & Go Roll - Traseu Reacție în Lanț"", ""metaDescriptionRo"": ""Zig & Go Roll clasic cu bile – traseu de construcție viral! 28 piese. Dezvoltă logică spațială. Cel mai iubit joc Djeco pentru Reels."", ""learningOutcomes"": [], ""specialCategories"": []}","true","false","15","0","","2000.0","{""length"": ""25 cm""}","0","0","0","2026-03-22 23:59:49.000","2026-03-22 23:59:49.000","","ELEMENTARY_6_8","","0","0","0","0","0","0","2.9","0","0","APPROVED","MATH","ee75eea8-9f64-4076-96a2-52f5d6926c14","false","",""
"c10dc947-ccf1-4fd6-bc88-ce2382e0a5c7","Cubologic 16 - Joc de Logică","cubologic-16-joc-de-logica-DJ08576","Joc de logică Cubologic 16 Un joc de observație și răbdare. Reconstituiți perfect imaginea de pe cartea provocare folosind cele 16 cuburi! Pentru un jucător. Cadrul din lemn îi ajută pe copii să introducă corect cuburile. Soluțiile provocărilor sunt furnizate în broșură. Ilustrații în stil vintage și o lume de personaje ciudate și amuzante. Dezvoltă răbdarea și logica. Scopul jocului: Recreează imaginea de pe cartea provocare folosind cele 16 cuburi. Fratele mai mare al Cubologic 9, acest joc este compus din 30 de cărți „provocare”. Fiecare carte reprezintă o imagine de reconstituit folosind cele 16 cuburi disponibile. Imaginile sunt mereu compuse din 4 linii a 4 cuburi. Pentru fiecare provocare, este posibilă o singură soluție! +++ Nivel de dificultate progresiv Conținut: 16 cuburi de lemn, 30 de cărți provocare și suport de lemn. Reguli de joc disponibile în 10 limbi. Ilustrator: Ben NewmannVârsta recomandată: 8-99 ani.Confecționat din lemn certificat FSC®. Conform reglementărilor EN71.AVERTISMENT! Contraindicat copiilor sub 3 ani. A se folosi sub directa supraveghere a unei persoane adulte. Producător: Djeco, Franța","116.85","139.99","DJ08576","[""https://cdnmpro.com/708224949/p/raw/9/joc-de-logica-cubologic-16-djeco~16359.jpg"", ""https://cdnmpro.com/708224949/p/raw/2/joc-de-logica-cubologic-16-djeco~8462.jpg"", ""https://cdnmpro.com/708224949/p/raw/0/joc-de-logica-cubologic-16-djeco~8730.jpg"", ""https://cdnmpro.com/708224949/p/raw/1/joc-de-logica-cubologic-16-djeco~8731.jpg""]","cmltqoqov0003jjujnu1ppk5u","[""Djeco""]","{}","{""shortTitleRo"": ""Cubologic 16 - Joc de Logică"", ""metaDescriptionRo"": ""Cubologic 16 – reconstituie imaginile cu 16 cuburi! Joc Djeco de logică. Vârsta 6+ – dezvoltă gândirea vizuală și răbdarea."", ""learningOutcomes"": [], ""specialCategories"": []}","true","false","33","0","","500.0","{""length"": ""22 cm""}","0","0","0","2026-03-22 23:59:49.000","2026-03-22 23:59:49.000","","ELEMENTARY_6_8","","0","0","0","0","0","0","2.9","0","0","APPROVED","MATH","ee75eea8-9f64-4076-96a2-52f5d6926c14","false","",""
"6469e739-2b41-49f5-9699-4638e17b8f4e","Cubologic 9 - Joc de Logică","cubologic-9-joc-de-logica-DJ08581","Joc de logică Cubologic 9 Un joc de observație și răbdare. Reconstituiți perfect imaginea de pe cartea provocare folosind cele 9 cuburi.Pentru un jucător. Cadrul din lemn îi ajută pe copii să introducă corect cuburile. Soluțiile provocărilor sunt furnizate în broșură. Ilustrații în stil vintage și o lume de personaje ciudate și amuzante. Dezvoltă răbdarea și logica. Scopul jocului: Recreează imaginea de pe cartea provocare folosind cele 9 cuburi.Fratele mai mic al Cubologic 16, acest joc este compus din 30 de cărți „provocare”. Fiecare carte reprezintă o imagine de reconstituit folosind cele 9 cuburi disponibile. Imaginile sunt mereu compuse din 3 linii a 3 cuburi. Pentru fiecare provocare, este posibilă o singură soluție! +++ Nivel de dificultate progresiv Conținut: 9 cuburi de lemn, 30 de cărți provocare și suport de lemn. Reguli de joc disponibile în 10 limbi. Ilustrator: Ben Newmann Vârsta recomandată: 8-99 ani. Confecționat din lemn certificat FSC®. Conform reglementărilor EN71. AVERTISMENT! Contraindicat copiilor sub 3 ani. A se folosi sub directa supraveghere a unei persoane adulte. Producător: Djeco, Franța.","123.5","147.99","DJ08581","[""https://cdnmpro.com/708224949/p/raw/8/joc-de-logica-cubologic-9-djeco~16358.jpg"", ""https://cdnmpro.com/708224949/p/raw/3/joc-de-logica-cubologic-9-djeco~8463.jpg"", ""https://cdnmpro.com/708224949/p/raw/2/joc-de-logica-cubologic-9-djeco~8732.jpg""]","cmltqoqov0003jjujnu1ppk5u","[""Djeco""]","{}","{""shortTitleRo"": ""Cubologic 9 - Joc de Logică"", ""metaDescriptionRo"": ""Cubologic 9 – versiune ușoară cu 9 cuburi! Joc Djeco logic. Perfect pentru 6+ ani și începători – dezvoltă concentrarea și rezolvarea problemelor."", ""learningOutcomes"": [], ""specialCategories"": []}","true","false","10","0","","500.0","{""length"": ""22 cm""}","0","0","0","2026-03-22 23:59:49.000","2026-03-22 23:59:49.000","","ELEMENTARY_6_8","","0","0","0","0","0","0","2.9","0","0","APPROVED","MATH","ee75eea8-9f64-4076-96a2-52f5d6926c14","false","",""
"b5bf6bb1-7cc8-4f15-878f-f1a73c3989be","Orbita Spațială - Joc de Logică","orbita-spatiala-joc-de-logica-DJ00817","Joc logic Orbita spatiala O temă pe care copiii o adoră: spațiul. Fixați fiecare astronaut la stația sa spațială pentru a-i opri să plutească în derivă în spațiul infinit. Depinde de tine să găsești singura soluție posibilă pentru fiecare dintre cele 60 de provocări. Patru niveluri de dificultate crescătoare. Un joc original cu adaptare 3D. Dezvoltă răbdarea, logica și abilitățile de deducție.O singură soluție posibilă pentru fiecare provocare.Găsiți soluțiile la sfârșitul broșurii.Conținut: o tablă spațială din lemn cu o grilă din lemn, 7 piese personaj din lemn, 13 piese din plastic, 30 de cărți de provocare ilustrate pe ambele părți și o broșură cu reguli de joc în 10 limbi. Vârsta recomandată: 6-99 ani. Pentru un jucător. Confecționat din lemn certificat FSC®. Producător: Djeco. Manual Joc de logica Orbita spatiala, Djeco - descarca aici fisierul","142.5","170.99","DJ00817","[""https://cdnmpro.com/708224949/p/raw/1/joc-de-logica-orbita-spatiala-djeco~18311.jpg"", ""https://cdnmpro.com/708224949/p/raw/9/joc-de-logica-orbita-spatiala-djeco~18309.jpg"", ""https://cdnmpro.com/708224949/p/raw/0/joc-de-logica-orbita-spatiala-djeco~18310.jpg""]","cmltqoqov0003jjujnu1ppk5u","[""Djeco""]","{}","{""shortTitleRo"": ""Orbita Spațială - Joc de Logică"", ""metaDescriptionRo"": ""Joc logic Orbita Spațială – temă spațială captivantă! Djeco. Dezvoltă logică și imaginație la copii 6+ ani."", ""learningOutcomes"": [], ""specialCategories"": []}","true","false","22","0","","700.0","{""length"": ""20 cm""}","0","0","0","2026-03-22 23:59:49.000","2026-03-22 23:59:49.000","","ELEMENTARY_6_8","","0","0","0","0","0","0","2.9","0","0","APPROVED","MATH","ee75eea8-9f64-4076-96a2-52f5d6926c14","false","",""
"7f922adf-3e3e-4610-b66a-01fa9bf63b18","Geobonhomme - Joc cu Magneți","geobonhomme-joc-cu-magneti-DJ03136","Geobonhomme joc cu magneti Joc sub forma unei serviete din lemn, cu mâner și închizătoare, potrivită pentru transport, cu 35 de piese magnetice din lemn și 20 de carduri cu modele, pentru a recrea tot felul de personaje fantastice.Deschide servieta și așează piesele pe suprafețele magnetice interioare pentru a crea personaje. Copiii folosesc formele geometrice colorate simple pentru a învăța să recreeze și să pună împreună imagini.Dă liber imaginației pentru nenumătate creații. Dezvoltă creativitatea și abilitățile motorii. Perfect pentru călătorii. Conținut: 1 servietă din lemn 35 de piese groase din lemn, magnetice 20 de carduri model. Vârsta recomandată: + 4 ani. Confecționat din lemn certificat FSC® și vopsele non toxice conform reglementărilor EN71&ASTM. AVERTISMENT! Acest joc conține magneți! Magneții se lipesc unul de altul sau de un obiect metalic; în interiorul corpului uman pot provoca accidente. Cereți imediat asistența medicului în caz de inghițire. Contraindicat copiilor sub 3 ani. Conține piese mici. A se folosi sub directa supraveghere a unei persoane adulte. Producător: Djeco, Franţa.","190.95","228.99","DJ03136","[""https://cdnmpro.com/708224949/p/raw/3/joc-cu-magneti-geobonhomme-djeco~2093.jpg"", ""https://cdnmpro.com/708224949/p/raw/3/joc-cu-magneti-geobonhomme-djeco~1343.jpg"", ""https://cdnmpro.com/708224949/p/raw/5/joc-cu-magneti-geobonhomme-djeco~2075.jpg"", ""https://cdnmpro.com/708224949/p/raw/0/joc-cu-magneti-geobonhomme-djeco~2080.jpg"", ""https://cdnmpro.com/708224949/p/raw/4/joc-cu-magneti-geobonhomme-djeco~2084.jpg""]","cmltqoqd70002jjujuey1ukeu","[""Djeco""]","{}","{""shortTitleRo"": ""Geobonhomme - Joc cu Magneți"", ""metaDescriptionRo"": ""Joc cu magneți Geobonhomme – creează personaje fantastice! Djeco magnetic. Vârsta 3+ – distracție creativă și educațională."", ""learningOutcomes"": [], ""specialCategories"": []}","true","false","11","0","","1000.0","{""length"": ""30 cm""}","0","0","0","2026-03-22 23:59:49.000","2026-03-22 23:59:49.000","","PRESCHOOL_3_5","","0","0","0","0","0","0","2.9","0","0","APPROVED","ENGINEERING","ee75eea8-9f64-4076-96a2-52f5d6926c14","false","",""
"e60cdbda-9133-402e-9c43-ea131153a7d6","Laborator Meteorologic Thames & Kosmos - Kit STEM","laborator-meteorologic-thames-kosmos-kit-stem-K_550049","Kit STEM Laborator meteorologic Către toți meteorologii în formare! Stația meteo compactă, 5 în 1, oferă instrumentele necesare pentru a investiga fenomene meteorologice specifice și sistemul climatic al Pământului în general. Folosind cele cinci atașamente, copiii pot efectua o varietate de experimente legate de climă. Ei vor înțelege motivului pentru care vremea este unul dintre cele mai populare subiecte de conversație și de studiu științific. Stația meteorologică se montează în aer liber și se utilizează paleta de vânt, busola, pluviometrul, anemometrul (indicatorul vitezei vântului) și termometrul încorporate pentru a măsura datele meteorologice. Investighează o varietate de subiecte, inclusiv curentul și presiunea aerului, curenții oceanici, ciclul hidrologic și multe altele. Încurajează și dezvoltă abilitățile de observare și de luare a notițelor. Promovează un sentiment de responsabilitate pentru planeta noastră, natură și mediu. Manualul îi conduce pe tinerii cercetători prin opt experimente practice și include pagini pentru înregistrarea observațiilor. Designul eficient include un țăruș durabil cu înălțime reglabilă pentru a fixa stația meteorologică în pământ pentru măsurători în timp real. Kitul conține 17 piese, 8 experimente, manual cu instrucțiuni. Vârsta recomandată: +8 ani. Confecționat din plastic și metal. Conform reglementarilor EN71&ASTM.AVERTISMENT: Contraindicat copiilor sub 3 ani, conține piese mici. Se recomandă supravegherea copilului de către un adult în timpul jocului. Citiți instrucțiunile înainte de utilizare, urmați-le și păstrați-le pentru referință. Fabricat în Taiwan pentru Thames & Kosmos, Anglia. Manual Kit STEM Laborator meteorologic, Thames & Kosmos - descarca aici fisierul","127.0","152.50","K_550049","[""https://cdnmpro.com/708224949/p/raw/8/kit-stem-laborator-meteorologic-thames-kosmos~19318.jpg"", ""https://cdnmpro.com/708224949/p/raw/6/kit-stem-laborator-meteorologic-thames-kosmos~19316.jpg"", ""https://cdnmpro.com/708224949/p/raw/7/kit-stem-laborator-meteorologic-thames-kosmos~19317.jpg"", ""https://cdnmpro.com/708224949/p/raw/9/kit-stem-laborator-meteorologic-thames-kosmos~19319.jpg""]","cmltqoqov0003jjujnu1ppk5u","[""Thames & Kosmos""]","{}","{""shortTitleRo"": ""Laborator Meteorologic Thames & Kosmos - Kit STEM"", ""metaDescriptionRo"": ""Kit STEM Laborator Meteorologic – experimente reale cu vremea! Thames & Kosmos. Vârsta 6+ – știință autentică pentru copii curioși."", ""learningOutcomes"": [], ""specialCategories"": []}","true","false","7","0","","300.0","{""length"": ""28.5 cm"", ""width"": ""25 cm""}","0","0","0","2026-03-22 23:59:49.000","2026-03-22 23:59:49.000","","ELEMENTARY_6_8","","0","0","0","0","0","0","2.9","0","0","APPROVED","SCIENCE","ee75eea8-9f64-4076-96a2-52f5d6926c14","false","",""
"ba6051df-f569-4224-955e-f30d35501fd9","Primii Pași Unelte & Construcții Thames & Kosmos - Kit STEM","primii-pasi-unelte-constructii-thames-kosmos-kit-stem-K_567017","Kit STEM Primii pasi Unelte si constructii Învață cum să folosești uneltele și construiește-ți propriul banc de lucru cu acest kit introductiv de construcție pentru copii cu vârste începând cu 3 ani. Alăturați-vă lui Ty și Karlie - tinerii ingineri prezentați în kiturile Primii pași - pentru a învăța cum să folosiți un ciocan, o șurubelniță și o cheie, precum și principiile inginerești în baza cărora funcționează aceste unelte.Uneltele incluse sunt mari, confortabile pentru mâinile mici, fiind în același timp ușoare și sigure. În plus față de bancul de lucru, construiți alte cinci modele folosind pieselor de construcție modulare incluse, inclusiv o mașină de curse, un avion, o casă, o foarfecă și o cutie de scule pentru a transporta sculele. Apoi construiți după imaginație!O modalitate distractivă și captivantă de a preda concepte simple de inginerie copiilor mici, permițând adulților să pună bazele unor abilități și înțelegeri solide legate de STEM la o vârstă fragedă. Construcția modelelor ajută la dezvoltarea abilităților de motricitate fină, a abilităților de inginerie mecanică, a abilităților vizuale-spațiale și a abilităților de raționament și de dezvoltare a conceptelor. Piesele din această trusă sunt compatibile cu piesele altor truse de inginerie Thames & Kosmos Primii Pași (Kids first).Conține 47 piese, 6 modele, manual cu instrcțiuni. Confecționat din plastic. Conform reglementarilor EN71&ASTM.AVERTISMENT: Contraindicat copiilor sub 3 ani, conține piese mici. Se recomandă supravegherea copilului de către un adult în timpul jocului. Citiți instrucțiunile înainte de utilizare, urmați-le și păstrați-le pentru referință.Produs in Taiwan pentru Thames & Kosmos, Anglia. Manual Kit STEM Primii pasi Unelte si constructii - descarca fisier","254.0","304.99","K_567017","[""https://cdnmpro.com/708224949/p/raw/9/kit-stem-primii-pasi-unelte-si-constructii-thames-kosmos~10159.jpg"", ""https://cdnmpro.com/708224949/p/raw/8/kit-stem-primii-pasi-unelte-si-constructii-thames-kosmos~10158.jpg"", ""https://cdnmpro.com/708224949/p/raw/0/kit-stem-primii-pasi-unelte-si-constructii-thames-kosmos~10160.jpg"", ""https://cdnmpro.com/708224949/p/raw/1/kit-stem-primii-pasi-unelte-si-constructii-thames-kosmos~10161.jpg"", ""https://cdnmpro.com/708224949/p/raw/5/kit-stem-primii-pasi-unelte-si-constructii-thames-kosmos~14275.jpg""]","cmltqoq940001jjujkuq676do","[""Thames & Kosmos""]","{}","{""shortTitleRo"": ""Primii Pași Unelte & Construcții Thames & Kosmos - Kit STEM"", ""metaDescriptionRo"": ""Kit STEM Primii Pași – unelte și construcții pentru cei mici! Thames & Kosmos. Recomandat 3-6 ani – primii pași în inginerie."", ""learningOutcomes"": [], ""specialCategories"": []}","true","false","3","0","","1400.0","{""length"": ""37 cm"", ""width"": ""29 cm""}","0","0","0","2026-03-22 23:59:49.000","2026-03-22 23:59:49.000","","PRESCHOOL_3_5","","0","0","0","0","0","0","2.9","0","0","APPROVED","ENGINEERING","ee75eea8-9f64-4076-96a2-52f5d6926c14","false","",""
"9cb1b7f9-ea5a-4905-a062-6217179a9dc1","Set Cristale Roșu 4M - Experiment STEM Viral","set-cristale-rosu-4m-experiment-stem-viral-4M-03929","Set experimente de crescut Cristale, rosu este un kit educativ fascinant care le permite copiilor sa creasca propriul cristal spectaculos de culoare rosie. Acest set ofera o introducere practica in lumea chimiei si a formarii cristalelor, stimuland curiozitatea si intelegerea stiintifica. Beneficii Explorare stiintifica , Demonstreaza procesele de formare a cristalelor intr-un mod captivant si vizual. Dezvoltarea abilitatilor , Imbunatateste rabdarea, atentia la detalii si intelegerea proceselor chimice. Constientizare ecologica , Incurajeaza interesul pentru stiinta si mediul inconjurator prin experimente practice. Caracteristici Formare rapida a cristalului , Permite observarea procesului de cristalizare in decurs de cateva zile. Continut complet , Include toate materialele necesare pentru experiment: solutie de cristalizare, recipient de crestere, baza de afisare si instructiuni detaliate. Design atractiv , Baza de afisare in forma de capsula spatiala ofera o prezentare impresionanta a cristalului finalizat. Ce spun utilizatorii? ,œ , žCopilul meu a fost uimit sa vada cum creste cristalul zi de zi!, , Maria, Bucuresti ,œ , žUn mod excelent de a introduce conceptele de chimie intr-un mod distractiv., , Andrei, Cluj-Napoca ,œ , žInstructiunile sunt clare, iar rezultatul final este spectaculos. Recomand cu caldura!, , Elena, Iasi Detalii tehnice: Dimensiuni ambalaj: 17 cm (latime) x 22 cm (inaltime) x 6 cm (adancime) Varsta recomandata: 10 ani+ Timp estimat de crestere a cristalului: 7-10 zile ðŸ mdash; Adauga acum in cos Set experimente de crescut Cristale, rosu si ofera-i copilului tau o experienta educativa si distractiva! Transforma invatarea intr-o aventura stiintifica. Comanda acum si lasa imaginatia sa prinda viata!","69","82.99","4M-03929","[""https://gomagcdn.ro/domains/kidstory.ro/files/product/original/set-experimente-de-crescut-cristale-rosu-278804.png"", ""https://gomagcdn.ro/domains/kidstory.ro/files/product/original/set-experimente-de-crescut-cristale-rosu-880981.png"", ""https://gomagcdn.ro/domains/kidstory.ro/files/product/original/set-experimente-de-crescut-cristale-rosu-574345.png""]","cmli6buv20021jjpbr43q9cpr","[""4M""]","{}","{""shortTitleRo"": ""Set Cristale Roșu 4M - Experiment STEM Viral"", ""metaDescriptionRo"": ""Set experimente de crescut cristale roșu – crește propriul cristal spectaculos! 4M. Viral pe TikTok, vârsta 7-10 ani."", ""learningOutcomes"": [], ""specialCategories"": []}","true","false","5","0","","","","0","0","0","2026-03-22 23:59:49.000","2026-03-22 23:59:49.000","4893156039293","ELEMENTARY_6_8","21","0","0","0","0","0","0","2.9","0","0","APPROVED","SCIENCE","26f5418c-965d-4630-994c-b51947cdec04","false","",""
"0e2f62ad-6fd1-4675-b9ba-4d7523efddf4","Set Cristale Albastru 4M - Experiment STEM Viral","set-cristale-albastru-4m-experiment-stem-viral-4M-03930","Set experimente de crescut Cristale, albastru este un kit educativ fascinant care le permite copiilor sa creasca propriul cristal spectaculos de culoare albastra. Acest set ofera o introducere practica in lumea chimiei si a formarii cristalelor, stimuland curiozitatea si intelegerea stiintifica. Beneficii Explorare stiintifica , Demonstreaza procesele de formare a cristalelor intr-un mod captivant si vizual. Dezvoltarea abilitatilor , Imbunatateste rabdarea, atentia la detalii si intelegerea proceselor chimice. Constientizare ecologica , Incurajeaza interesul pentru stiinta si mediul inconjurator prin experimente practice. Caracteristici Formare rapida a cristalului , Permite observarea procesului de cristalizare in decurs de cateva zile. Continut complet , Include toate materialele necesare pentru experiment: solutie de cristalizare, recipient de crestere, baza de afisare si instructiuni detaliate. Design atractiv , Baza de afisare in forma de capsula spatiala ofera o prezentare impresionanta a cristalului finalizat. Ce spun utilizatorii? ,œ , žCopilul meu a fost uimit sa vada cum creste cristalul zi de zi!, , Maria, Bucuresti ,œ , žUn mod excelent de a introduce conceptele de chimie intr-un mod distractiv., , Andrei, Cluj-Napoca ,œ , žInstructiunile sunt clare, iar rezultatul final este spectaculos. Recomand cu caldura!, , Elena, Iasi Detalii tehnice: Dimensiuni ambalaj: 17 cm (latime) x 22 cm (inaltime) x 6 cm (adancime) Varsta recomandata: 10 ani+ Timp estimat de crestere a cristalului: 7-10 zile ðŸ mdash; Adauga acum in cos Set experimente de crescut Cristale, albastru si ofera-i copilului tau o experienta educativa si distractiva! Transforma invatarea intr-o aventura stiintifica. Comanda acum si lasa imaginatia sa prinda viata!","69","82.99","4M-03930","[""https://gomagcdn.ro/domains/kidstory.ro/files/product/original/set-experimente-de-crescut-cristale-albastru-480213.png"", ""https://gomagcdn.ro/domains/kidstory.ro/files/product/original/set-experimente-de-crescut-cristale-albastru-148312.png"", ""https://gomagcdn.ro/domains/kidstory.ro/files/product/original/set-experimente-de-crescut-cristale-albastru-299963.png""]","cmli6buv20021jjpbr43q9cpr","[""4M""]","{}","{""shortTitleRo"": ""Set Cristale Albastru 4M - Experiment STEM Viral"", ""metaDescriptionRo"": ""Set experimente de crescut cristale albastru – crește propriul cristal spectaculos! 4M. Timp-lapse wow pentru Reels."", ""learningOutcomes"": [], ""specialCategories"": []}","true","false","5","0","","","","0","0","0","2026-03-22 23:59:49.000","2026-03-22 23:59:49.000","4893156039309","ELEMENTARY_6_8","21","0","0","0","0","0","0","2.9","0","0","APPROVED","SCIENCE","26f5418c-965d-4630-994c-b51947cdec04","false","",""
"78cd952c-2ae8-4bb8-9f69-16b7c1097088","Stiința Cristalelor 4M - Experiment STEM Viral","stiinta-cristalelor-4m-experiment-stem-viral-4M-03917","Efectuati o serie de experimente chimice cu acest kit educational 4M pentru a va cultiva propriul set de clustere de cristal Aquamarine, clustere de cristal Glow-in-the-Dark Moon si un copac de cristal. Invata cum se formeaza cristalele din solutii, expune-le ca o colectie si arata-le prietenilor tai! Varste peste 14 ani Dimensiune cutie: 22 x 17 x 6 cm","95","113.99","4M-03917","[""https://gomagcdn.ro/domains/kidstory.ro/files/product/original/set-experimente-de-crescut-cristale-stiinta-cristalelor-225677.jpg"", ""https://gomagcdn.ro/domains/kidstory.ro/files/product/original/set-experimente-de-crescut-cristale-stiinta-cristalelor-587525.jpg"", ""https://gomagcdn.ro/domains/kidstory.ro/files/product/original/set-experimente-de-crescut-cristale-stiinta-cristalelor-429445.jpg"", ""https://gomagcdn.ro/domains/kidstory.ro/files/product/original/set-experimente-de-crescut-cristale-stiinta-cristalelor-069318.jpg"", ""https://gomagcdn.ro/domains/kidstory.ro/files/product/original/set-experimente-de-crescut-cristale-stiinta-cristalelor-392631.jpg"", ""https://gomagcdn.ro/domains/kidstory.ro/files/product/original/set-experimente-de-crescut-cristale-stiinta-cristalelor-417635.jpg"", ""https://gomagcdn.ro/domains/kidstory.ro/files/product/original/set-experimente-de-crescut-cristale-stiinta-cristalelor-140707.jpg"", ""https://gomagcdn.ro/domains/kidstory.ro/files/product/original/set-experimente-de-crescut-cristale-stiinta-cristalelor-222368.jpg""]","cmli6buv20021jjpbr43q9cpr","[""4M""]","{}","{""shortTitleRo"": ""Stiința Cristalelor 4M - Experiment STEM Viral"", ""metaDescriptionRo"": ""Set Stiința Cristalelor – cluster, glow și copac de cristal! 4M. Cel mai complet kit cristale educativ."", ""learningOutcomes"": [], ""specialCategories"": []}","true","false","5","0","","","","0","0","0","2026-03-22 23:59:49.000","2026-03-22 23:59:49.000","4893156039170","PRESCHOOL_3_5","21","0","0","0","0","0","0","2.9","0","0","APPROVED","SCIENCE","26f5418c-965d-4630-994c-b51947cdec04","false","",""
"63c85910-b1fa-41af-b5f7-cb3a2f762409","Kit Sapat Cristale KidzLabs - Experiment STEM","kit-sapat-cristale-kidzlabs-experiment-stem-4M-03252","Excaveaza-ti propriile cristale naturale. Adauga-le in colectia ta cool. Setul contine cristale naturale de diferite culori. Va va placea acest kit de sapat minerale! Cadoul perfect pentru orice copil cu varsta peste 5 ani Contine 1 bloc de ipsos cu 8 cristale naturale ingropate in interior, 1 unealta de sapat special conceputa, 1 perie, 1 lupa, 1 set vitrine cu capac si card de baza, 1 husa si instructiuni detaliate cu fapte amuzante. Dimensiuni cutie: 21.5 X 16.7 X 5.8 CM Varsta ani: 5 ani+","90","107.99","4M-03252","[""https://gomagcdn.ro/domains/kidstory.ro/files/product/original/kit-de-sapat-cristale-kidzlabs-361040.jpg"", ""https://gomagcdn.ro/domains/kidstory.ro/files/product/original/kit-de-sapat-cristale-kidzlabs-641975.jpg"", ""https://gomagcdn.ro/domains/kidstory.ro/files/product/original/kit-de-sapat-cristale-kidzlabs-742454.jpg"", ""https://gomagcdn.ro/domains/kidstory.ro/files/product/original/kit-de-sapat-cristale-kidzlabs-031576.jpg"", ""https://gomagcdn.ro/domains/kidstory.ro/files/product/original/kit-de-sapat-cristale-kidzlabs-660693.jpg"", ""https://gomagcdn.ro/domains/kidstory.ro/files/product/original/kit-de-sapat-cristale-kidzlabs-034705.jpg"", ""https://gomagcdn.ro/domains/kidstory.ro/files/product/original/kit-de-sapat-cristale-kidzlabs-404743.jpg"", ""https://gomagcdn.ro/domains/kidstory.ro/files/product/original/kit-de-sapat-cristale-kidzlabs-770768.jpg"", ""https://gomagcdn.ro/domains/kidstory.ro/files/product/original/kit-de-sapat-cristale-kidzlabs-808974.jpg"", ""https://gomagcdn.ro/domains/kidstory.ro/files/product/original/kit-de-sapat-cristale-kidzlabs-001541.jpg""]","cmli6buv20021jjpbr43q9cpr","[""4M""]","{}","{""shortTitleRo"": ""Kit Sapat Cristale KidzLabs - Experiment STEM"", ""metaDescriptionRo"": ""Kit de săpat cristale KidzLabs – excavează cristale naturale! 4M. Devino geolog la tine acasă."", ""learningOutcomes"": [], ""specialCategories"": []}","true","false","5","0","","","","0","0","0","2026-03-22 23:59:49.000","2026-03-22 23:59:49.000","4893156032522","PRESCHOOL_3_5","21","0","0","0","0","0","0","2.9","0","0","APPROVED","SCIENCE","26f5418c-965d-4630-994c-b51947cdec04","false","",""
"f3b82b09-4a63-41d9-90db-34f58bf61b45","Geode de Cristal 4M - Experiment STEM Viral","geode-de-cristal-4m-experiment-stem-viral-4M-03919","Creste-ti propria geoda de cristal frumoasa cu acest experiment de chimie distractiv si interesant. Bucurati-va de momentul in care va veti descoperi geoda de cristal. Include un recipient special conceput pentru cultivarea geodei de cristal de calitate si continutul pentru realizarea a 2 seturi complete de geode de cristal. Dimensiune cutie: 17cm x 22cm x 6cm Varsta recomandata: 10 ani +","95","113.99","4M-03919","[""https://gomagcdn.ro/domains/kidstory.ro/files/product/original/set-experimente-de-crescut-geode-de-cristal-818366.png"", ""https://gomagcdn.ro/domains/kidstory.ro/files/product/original/set-experimente-de-crescut-geode-de-cristal-757578.jpg"", ""https://gomagcdn.ro/domains/kidstory.ro/files/product/original/set-experimente-de-crescut-geode-de-cristal-707843.jpg"", ""https://gomagcdn.ro/domains/kidstory.ro/files/product/original/set-experimente-de-crescut-geode-de-cristal-250428.jpg"", ""https://gomagcdn.ro/domains/kidstory.ro/files/product/original/set-experimente-de-crescut-geode-de-cristal-760416.jpg"", ""https://gomagcdn.ro/domains/kidstory.ro/files/product/original/set-experimente-de-crescut-geode-de-cristal-684991.jpg"", ""https://gomagcdn.ro/domains/kidstory.ro/files/product/original/set-experimente-de-crescut-geode-de-cristal-563515.jpg"", ""https://gomagcdn.ro/domains/kidstory.ro/files/product/original/set-experimente-de-crescut-geode-de-cristal-083184.jpg""]","cmli6buv20021jjpbr43q9cpr","[""4M""]","{}","{""shortTitleRo"": ""Geode de Cristal 4M - Experiment STEM Viral"", ""metaDescriptionRo"": ""Set experimente de crescut geode de cristal – descoperă geoda ta! 4M. Surpriză și știință în același pachet."", ""learningOutcomes"": [], ""specialCategories"": []}","true","false","5","0","","","","0","0","0","2026-03-22 23:59:49.000","2026-03-22 23:59:49.000","4893156039194","PRESCHOOL_3_5","21","0","0","0","0","0","0","2.9","0","0","APPROVED","SCIENCE","26f5418c-965d-4630-994c-b51947cdec04","false","",""
"0542ce3f-a174-4bcb-bb51-4bcb7d83383e","Terariu Cristale cu Dinozauri 4M - Experiment STEM","terariu-cristale-cu-dinozauri-4m-experiment-stem-4M-03926","Creste-ti propriile cristale si creeaza un terariu minunat de dinozauri. Include 4 compusi de crestere a cristalelor si 3 dinozauri, plus propria ta cutie de terariu. Combina mai multe concepte STEM in kitul de terariu cu dinozauri. Aplicati geologia, chimia si paleontologia pentru a crea un terariu de dinozauri plin de cristale colorate pe care copiii le cresc singuri. Apoi expuneti creatia lor pentru ca toata lumea sa se bucure. Acest kit este un cadou excelent pentru orice copil interesat de stiinta sau geologie. Pentru varste de peste 10 ani. Dimensiune cutie: 28 x 24 x 8 cm","143","171.50","4M-03926","[""https://gomagcdn.ro/domains/kidstory.ro/files/product/original/set-experimente-de-crescut-cristale-terariu-cu-dinozauri-328059.jpg"", ""https://gomagcdn.ro/domains/kidstory.ro/files/product/original/set-experimente-de-crescut-cristale-terariu-cu-dinozauri-043112.jpg"", ""https://gomagcdn.ro/domains/kidstory.ro/files/product/original/set-experimente-de-crescut-cristale-terariu-cu-dinozauri-891314.jpg"", ""https://gomagcdn.ro/domains/kidstory.ro/files/product/original/set-experimente-de-crescut-cristale-terariu-cu-dinozauri-770325.jpg"", ""https://gomagcdn.ro/domains/kidstory.ro/files/product/original/set-experimente-de-crescut-cristale-terariu-cu-dinozauri-066800.jpg""]","cmli6buv20021jjpbr43q9cpr","[""4M""]","{}","{""shortTitleRo"": ""Terariu Cristale cu Dinozauri 4M - Experiment STEM"", ""metaDescriptionRo"": ""Terariu cu dinozauri + cristale – combină geologie și dinozauri! 4M. Kit viral pentru copii pasionați."", ""learningOutcomes"": [], ""specialCategories"": []}","true","false","5","0","","","","0","0","0","2026-03-22 23:59:49.000","2026-03-22 23:59:49.000","4893156039262","PRESCHOOL_3_5","21","0","0","0","0","0","0","2.9","0","0","APPROVED","SCIENCE","26f5418c-965d-4630-994c-b51947cdec04","false","",""
"3cae78a5-3ec8-4ec0-a83c-5d3be70fe912","Fosilă T-Rex Fosforescentă Sci:Bits - Kit Dino","fosila-t-rex-fosforescenta-scibits-kit-dino-4M-03420","Descopera Setul 4M Sci:Bits Glow T-Rex Skeleton , o experienta educativa captivanta care permite copiilor sa asambleze un schelet de T-Rex fosforescent. Acest kit combina distractia cu invatarea, oferind o incursiune fascinanta in lumea dinozaurilor. Contine un singur tub cu elemente pentru a recrea un singur T-rex. Beneficii Dezvoltarea abilitatilor motorii fine , Asamblarea pieselor imbunatateste coordonarea mana-ochi si dexteritatea, esentiale pentru activitatile zilnice si scolare. Stimularea curiozitatii stiintifice , Copiii invata despre anatomia dinozaurilor si procesele paleontologice, alimentandu-le pasiunea pentru stiinta si descoperire. Invatare interactiva , Kitul include acces la aplicatia AR Dinocodes, care adauga o dimensiune digitala experientei, permitand copiilor sa vada dinozaurul prindand viata in realitatea augmentata. Distractie fosforescenta , Scheletul asamblat straluceste in intuneric, oferind o experienta vizuala captivanta si un element de surpriza in timpul jocului. Caracteristici Continutul setului , Toate piesele necesare pentru asamblarea scheletului de T-Rex sunt incluse intr-un tub de testare compact, facilitand depozitarea si transportul. Contine 11 piese Aplicatie bonus , Descarcati gratuit aplicatia AR Dinocodes pentru a adauga o componenta interactiva si educativa suplimentara experientei de asamblare. Varsta recomandata , Potrivit pentru copiii cu varsta de 5 ani si peste, fiind o modalitate excelenta de a introduce concepte stiintifice intr-un mod distractiv si accesibil. Ce spun utilizatorii? ,œ , žUn kit educativ si distractiv, , Copilul meu a fost fascinat de procesul de asamblare si de faptul ca scheletul straluceste in intuneric. ,œ , žO modalitate excelenta de a invata despre dinozauri, , Acest set a starnit interesul fiului meu pentru paleontologie si l-a invatat despre structura dinozaurilor intr-un mod interactiv. ,œ , žAplicatia AR adauga un plus de valoare, , Functionalitatea de realitate augmentata a transformat experienta intr-una si mai captivanta pentru copilul meu. Detalii tehnice: Material: Plastic fosforescent de inalta calitate Varsta recomandata: 5+ ani ,š Siguranta: Contine piese mici; a se utiliza sub supravegherea unui adult Adauga acum in cos Setul 4M Sci:Bits Glow T-Rex Skeleton si ofera-i copilului tau o aventura educativa in lumea dinozaurilor! Transforma invatarea intr-o experienta palpitanta si interactiva. Comanda acum si descoperiti impreuna misterele T-Rex-ului! Avertismente! Nerecomandat copiilor sub 3 ani, contine piese mici, pericol de inghitire! Recomandam indrumarea adultilor in utilizare. Cititi cu atentie instructiunile inainte de folosire. Urmati-le si pastrati-le pentru referinta in utilizari viitoare. Culorile si continutul pot varia fata de ilustratii. Fabricat in China.","33","39.50","4M-03420","[""https://gomagcdn.ro/domains/kidstory.ro/files/product/original/fosila-t-rex-fosforescenta-sci-bits-913583.jpeg"", ""https://gomagcdn.ro/domains/kidstory.ro/files/product/original/fsg3420_2000x-12130-8580.jpg"", ""https://gomagcdn.ro/domains/kidstory.ro/files/product/original/00-03420_catalogue_photo_packagefront-12130-8140.jpg"", ""https://gomagcdn.ro/domains/kidstory.ro/files/product/original/fsg3420_3_2000x-12130-5302.jpg"", ""https://gomagcdn.ro/domains/kidstory.ro/files/product/original/00-03420_catalogue_photo_productcontent-12130-2979.jpg""]","cmli6buv20021jjpbr43q9cpr","[""4M""]","{}","{""shortTitleRo"": ""Fosilă T-Rex Fosforescentă Sci:Bits - Kit Dino"", ""metaDescriptionRo"": ""Fosilă T-Rex fosforescentă – asamblează și luminează în întuneric! 4M. Kit dinozauri STEM perfect pentru noapte."", ""learningOutcomes"": [], ""specialCategories"": []}","true","false","5","0","","","","0","0","0","2026-03-22 23:59:49.000","2026-03-22 23:59:49.000","4893156034205","PRESCHOOL_3_5","21","0","0","0","0","0","0","2.9","0","0","APPROVED","SCIENCE","26f5418c-965d-4630-994c-b51947cdec04","false","",""
"d76459ba-dc3b-4ed0-9552-aff3abe07194","Sistemul Solar 3D Strălucitor 4M - Kit Spațial","sistemul-solar-3d-stralucitor-4m-kit-spatial-4M-05520","Acest sistem solar de 4M este perfect pentru copiii interesati sa invete despre planete si sistemul solar. Explorati sistemul solar din confortul propriei case cu acest model cosmic spectaculos. Priviti planetele cum stralucesc in intuneric in timp ce se rotesc in jurul soarelui! Acest model gigantic are 75 cm x 75 cm latime atunci cand este construit. Include o harta de perete bonus si fapte amuzante. Un proiect grozav care poate fi atarnat cu mandrie in dormitorul oricarui copil pentru educatie si uimire continua. O jucarie inspirata de stiinta si mestesuguri pentru intreaga familie. Varsta 8+.","148","177.50","4M-05520","[""https://gomagcdn.ro/domains/kidstory.ro/files/product/original/kit-constructie-sistemul-solar-3d-straluceste-in-intuneric-196332.png"", ""https://gomagcdn.ro/domains/kidstory.ro/files/product/original/kit-constructie-sistemul-solar-3d-straluceste-in-intuneric-586881.png"", ""https://gomagcdn.ro/domains/kidstory.ro/files/product/original/kit-constructie-sistemul-solar-3d-straluceste-in-intuneric-221629.png""]","cmli6buv20021jjpbr43q9cpr","[""4M""]","{}","{""shortTitleRo"": ""Sistemul Solar 3D Strălucitor 4M - Kit Spațial"", ""metaDescriptionRo"": ""Kit Sistemul Solar 3D – planetele strălucesc în întuneric! 4M. Model educativ spațial wow."", ""learningOutcomes"": [], ""specialCategories"": []}","true","false","5","0","","","","0","0","0","2026-03-22 23:59:49.000","2026-03-22 23:59:49.000","4893156055200","PRESCHOOL_3_5","21","0","0","0","0","0","0","2.9","0","0","APPROVED","TECHNOLOGY","26f5418c-965d-4630-994c-b51947cdec04","false","",""
"9cd9cb44-94d6-4edb-9a29-ecb54b8c2963","Robot Solar 4M (v2) - Kit Eco STEM","robot-solar-4m-v2-kit-eco-stem-4M-03294","ðŸ ndash; Kit constructie Robot solar, Stiinta Verde - Green Science este un kit educativ captivant care le permite copiilor sa construiasca un robot alimentat de energie solara. Acest set ofera o introducere practica in conceptele de energie regenerabila si reciclare, incurajand creativitatea si gandirea ecologica. Beneficii Invatare practica , Introduce copiii in principiile energiei solare si ale reciclarii. Dezvoltarea abilitatilor , Imbunatateste coordonarea mana-ochi si abilitatile de rezolvare a problemelor. Stimulare creativa , Incurajeaza creativitatea prin personalizarea robotului cu materiale reciclate. Caracteristici Alimentare solara , Functioneaza exclusiv cu energie solara, fara a necesita baterii. Materiale reciclabile , Permite utilizarea materialelor reciclate pentru personalizarea robotului. Continut complet , Include toate componentele necesare pentru asamblare si instructiuni detaliate. Ce spun utilizatorii? ,œ , žCopilul meu a fost fascinat sa vada cum robotul se misca cu ajutorul soarelui!, , Maria, Bucuresti ,œ , žUn mod excelent de a introduce conceptele de energie regenerabila intr-un mod distractiv., , Andrei, Cluj-Napoca ,œ , žAsamblarea a fost usoara si educativa. Recomand pentru toti micii inventatori!, , Elena, Iasi Detalii tehnice: Dimensiuni ambalaj: 24 cm (latime) x 22 cm (inaltime) x 6 cm (adancime) Varsta recomandata: 8 ani+ Nu necesita baterii , functioneaza exclusiv cu energie solara ðŸ mdash; Adauga acum in cos Kit constructie Robot solar, Stiinta Verde - Green Science si ofera-i copilului tau o experienta educativa si distractiva! Transforma invatarea intr-o aventura ecologica. Comanda acum si lasa imaginatia sa prinda viata!","133","159.50","4M-03294","[""https://gomagcdn.ro/domains/kidstory.ro/files/product/original/kit-constructie-robot-solar-stiinta-verde-green-science-327354.png"", ""https://gomagcdn.ro/domains/kidstory.ro/files/product/original/kit-constructie-robot-solar-stiinta-verde-green-science-959702.png"", ""https://gomagcdn.ro/domains/kidstory.ro/files/product/original/kit-constructie-robot-solar-stiinta-verde-green-science-872958.png""]","cmli6buv20021jjpbr43q9cpr","[""4M""]","{}","{""shortTitleRo"": ""Robot Solar 4M (v2) - Kit Eco STEM"", ""metaDescriptionRo"": ""Kit Robot Solar – energie solară pură! 4M. Jucărie eco STEM clasică."", ""learningOutcomes"": [], ""specialCategories"": []}","true","false","5","0","","","","0","0","0","2026-03-22 23:59:49.000","2026-03-22 23:59:49.000","4893156032942","ELEMENTARY_6_8","21","0","0","0","0","0","0","2.9","0","0","APPROVED","TECHNOLOGY","26f5418c-965d-4630-994c-b51947cdec04","false","",""
"3e6c3a0b-cdee-49f3-bc5c-25230f2d3e30","Crab Robot Hibrid 4M - Kit Eco STEM","crab-robot-hibrid-4m-kit-eco-stem-4M-03448","Kit constructie Crab robot hibrid, Stiinta Verde - Green Science este un kit educativ captivant care le permite copiilor sa construiasca o lampa ecologica alimentata prin forta gravitatiei sau manual. Acest set ofera o introducere practica in conceptele de energie regenerabila si reciclare, incurajand creativitatea si gandirea ecologica. Beneficii Invatare practica , Demonstreaza cum functioneaza diferite surse de energie regenerabila prin experimente interactive. Dezvoltarea abilitatilor , Imbunatateste abilitatile de rezolvare a problemelor si intelegerea principiilor stiintifice. Constientizare ecologica , Incurajeaza responsabilitatea fata de mediu si utilizarea surselor de energie durabile. Caracteristici Alimentare ecologica , Functioneaza prin forta gravitatiei sau prin actionare manuala, fara a necesita baterii. Design educativ , Creat pentru a stimula curiozitatea si intelegerea conceptelor de energie regenerabila. Continut complet , Include toate componentele necesare pentru asamblare si instructiuni detaliate. Ce spun utilizatorii? ,œ , žCopilul meu a fost fascinat de modul in care lampa functioneaza fara baterii!, , Maria, Bucuresti ,œ , žUn mod excelent de a introduce conceptele de energie regenerabila intr-un mod distractiv., , Andrei, Cluj-Napoca ,œ , žAsamblarea a fost usoara si educativa. Recomand cu incredere!, , Elena, Iasi Detalii tehnice: Dimensiuni ambalaj: 17 cm (latime) x 22 cm (inaltime) x 6 cm (adancime) Varsta recomandata: 8 ani+ Nu necesita baterii , functioneaza exclusiv cu surse de energie regenerabila ðŸ mdash; Adauga acum in cos Kit constructie Crab robot hibrid, Stiinta Verde - Green Science si ofera-i copilului tau o experienta educativa si distractiva! Transforma invatarea intr-o aventura ecologica. Comanda acum si lasa imaginatia sa prinda viata!","148","177.50","4M-03448","[""https://gomagcdn.ro/domains/kidstory.ro/files/product/original/kit-constructie-crab-robot-hibrid-stiinta-verde-green-science-518683.png"", ""https://gomagcdn.ro/domains/kidstory.ro/files/product/original/kit-constructie-crab-robot-hibrid-stiinta-verde-green-science-732151.png""]","cmli6buv20021jjpbr43q9cpr","[""4M""]","{}","{""shortTitleRo"": ""Crab Robot Hibrid 4M - Kit Eco STEM"", ""metaDescriptionRo"": ""Kit Crab Robot hibrid – energie regenerabilă fără baterii! 4M. Robot solar distractiv."", ""learningOutcomes"": [], ""specialCategories"": []}","true","false","5","0","","","","0","0","0","2026-03-22 23:59:49.000","2026-03-22 23:59:49.000","4893156034489","ELEMENTARY_6_8","21","0","0","0","0","0","0","2.9","0","0","APPROVED","TECHNOLOGY","26f5418c-965d-4630-994c-b51947cdec04","false","",""
"c917f636-3750-48fe-b9c0-22aafdd3773f","Magblox Marble Run 98 piese - Set Magnetic","magblox-marble-run-98-piese-set-magnetic-MBL-115","Placile magnetice MAGBLOX reg;Magnetic Building au fost concepute pentru a stimula si incuraja dezvoltarea cognitiva a copiilor, constientizarea spatiala, abilitatile motorii fine si grosiere, toate in timp ce , žInvatam prin joaca, ! Magbrix Ball Run ofera distractia suprema in constructii! Este versatila nu numai prin designul sau deschis, ci si prin unicitatea sa, in care copilul dumneavoastra poate adauga la ea blocurile de constructie preferate in timp ce bila alearga pe circuit. Conectorii au fost conceputi pentru a-i ajuta pe copii sa isi imbunatateasca si sa demonstreze o utilizare solida a abilitatilor motrice, pe masura ce monteaza piesele fara teama de a le strica sau de a se frustra pentru ca nu reusesc sa o asambleze. Conectorii au un sistem de interblocare identificabil cu alte jucarii de constructie, cum ar fi Duplo reg;, ceea ce face ca produsul nostru sa fie usor de utilizat cu ore nesfarsite de bucurie. Cea mai buna distractie de constructie! Setul magnetic Magbrix Ball Run Pastel contine 98 piese in culori pastel: 30 de patrate conectoare pastel 12 tuburi in unghi drept (indoire la 90 de grade) 12 tuburi in forma de U (indoire la 180 de grade) 10 tuburi inclinate de alunecare 10 tuburi lungi si drepte 16 tuburi drepte scurte 2 boluri rotative 6 bile de lemn pastel 1 brosura cu idei Dimensiuni cutie: 46 x 33.5 x 10.5cm Cresteti invatarea si activitatile STEM ale copilului dvs. prin: Abilitati de constructie si constructie Invatare despre simetrie si modele Construirea si intelegerea formelor si structurilor 2D si 3D Recunoasterea formelor Relatii matematice si spatiale Persistenta, abilitati de rezolvare a problemelor, abilitati de coordonare ochi-mana Creativitate fara sfarsit Culorile, transluciditatea si magnetii le permit copiilor sa construiasca si sa creeze in moduri in care nu pot cu blocurile standard. Setul magnetic Magblox este combinatia perfecta intre jocul liber (open-end) si cel STEM (Sttinta, Tehnologie, Inginerie, Matematica). Atat un joc creativ, imaginativ, ce imbie la jocul de rol, cat si un joc care dezvolta abilitatile tehnice atat de necesare in zilele noastre. Toate piesele MAGBLOX reg; sunt compatibile intre ele si cu alte marci de placi magnetice. Sunt sigure, durabile si fabricate din plastic reciclat ABS de calitate alimentara, fara BPA si fara ftalati. Seturile magnetice de constructie MAGBLOX reg; sunt sigure pentru copii si respecta standardele internationale de calitate si siguranta AS NZS ISO 8124, EN71, ASTM, si CPSIA. MAGBLOX reg; este potrivit pentru copiii cu varsta de la 3 ani in sus. Designul MAGBLOX reg; este o idee originala a lui JC Ingenium reg;. Toate seturile de constructie MAGBLOX reg; sunt compatibile cu alte placi magnetice, inclusiv cu placile magnetice Magbrix - compatibile cu caramizi de constructie tip Lego, MegaBlocks, etc. AVERTISMENT! Nerecomandat copiilor mai mici de 3 ani. Produsul poate contine piese mici care se pot inghiti sau inhala, existand pericolul de sufocare. Nu lasati ambalajele produselor la indemana copiilor, indepartati toate ambalajele inainte de a oferi jucaria copilului. Jucaria contine magneti sau componente magnetice. Magnetii care se lipesc unul de celalalt sau se ataseaza de un obiect metalic in interiorul corpului uman pot provoca accidente grave. Cereti imediat asistenta medicala in cazul in care magnetii sunt inghititi sau inhalati.","511","612.99","MBL-115","[""https://gomagcdn.ro/domains/kidstory.ro/files/product/original/set-magnetic-magblox-98-piese-circuit-cu-bile-magbrix-marble-run-copie-203668.png"", ""https://gomagcdn.ro/domains/kidstory.ro/files/product/original/set-magnetic-magblox-98-piese-circuit-cu-bile-magbrix-marble-run-copie-478849.png"", ""https://gomagcdn.ro/domains/kidstory.ro/files/product/original/set-magnetic-magblox-98-piese-circuit-cu-bile-magbrix-marble-run-copie-250951.png"", ""https://gomagcdn.ro/domains/kidstory.ro/files/product/original/set-magnetic-magblox-98-piese-circuit-cu-bile-magbrix-marble-run-copie-212586.png"", ""https://gomagcdn.ro/domains/kidstory.ro/files/product/original/set-magnetic-magblox-98-piese-circuit-cu-bile-magbrix-marble-run-copie-539524.png"", ""https://gomagcdn.ro/domains/kidstory.ro/files/product/original/set-magnetic-magblox-98-piese-circuit-cu-bile-magbrix-marble-run-copie-997554.png"", ""https://gomagcdn.ro/domains/kidstory.ro/files/product/original/set-magnetic-magblox-98-piese-circuit-cu-bile-magbrix-marble-run-copie-261584.png"", ""https://gomagcdn.ro/domains/kidstory.ro/files/product/original/set-magnetic-magblox-98-piese-circuit-cu-bile-magbrix-marble-run-copie-274131.png""]","cmltqoqd70002jjujuey1ukeu","[""Magblox""]","{}","{""shortTitleRo"": ""Magblox Marble Run 98 piese - Set Magnetic"", ""metaDescriptionRo"": ""Magblox Marble Run pastel – circuit cu bile magnetic! Set constructiv viral."", ""learningOutcomes"": [], ""specialCategories"": []}","true","false","5","0","","","","0","0","0","2026-03-22 23:59:49.000","2026-03-22 23:59:49.000","9357280000260","TEEN_13_PLUS","21","0","0","0","0","0","0","2.9","0","0","APPROVED","ENGINEERING","26f5418c-965d-4630-994c-b51947cdec04","false","",""
"3b91f7e0-8013-48e8-a52a-0b76a0d2607e","Sapa Mosasaurus 4M - Kit Dino","sapa-mosasaurus-4m-kit-dino-4M-03457","Sapa un dinozaur Mosasaurus: incorporat in acest bloc dur de ipsos este un schelet complet, realist al unui Mosasaurus , si depinde de tine sa-l scoti. Utilizati capatul plat al instrumentului de sapat pentru a razui cu grija bucati de tencuiala, putin cate putin. Odata ce ai lovit osul, treceti la perie pentru a o elibera usor de praf. Toate oasele se conecteaza cu usurinta intre ele si se tin puternic folosind ceara moale inclusa. Configurati afisajul uimitor, astfel incat toata lumea sa va poata verifica descoperirea fascinanta , Exista chiar si lucruri amuzante despre Stegosaurus imprimate pe spate. Sapa, descopera si inspira-te cu setul 4M Dig A Dinosaur. Schelet afisabil de Mosasaurus incorporat in caramida de ipsos. Incurajeaza dexteritatea motrica fina, pasiunea pentru invatare si interesul pentru paleontologie. Copiii se simt ca niste adevarati paleontologi care isi scot propriul schelet de dinozaur. O unealta de sapat faciliteaza taierea caramizii de ipsos. Utilizati o perie pentru a indeparta usor praful din jurul oaselor. Include bloc de ipsos cu schelet Mosasaurus, unealta de sapat, perie, ceara moale pentru pozitionarea fosilei, afisaj din carton cu platforma si fapte amuzante. Instructiuni detaliate de asamblare si ingrijire incluse. Scheletul masoara aproximativ 19 cm inaltime cand este asamblat. Materiale de calitate pentru experienta exceptionala de paleontolog. Acest set este un proiect stiintific distractiv pentru copii si intreaga familie, care dezvolta concentrarea, capacitatea de rezolvare a problemelor si motricitatea fina! Varsta 8+; cu ajutorul unui adult, poate fi folosit inca de la 5 ani. Dimensiune cutie: 17 cm x 22 cm x 6 cm","69","82.99","4M-03457","[""https://gomagcdn.ro/domains/kidstory.ro/files/product/original/set-educativ-sapa-si-descopera-dinozauri-mosasaurus-227963.png"", ""https://gomagcdn.ro/domains/kidstory.ro/files/product/original/set-educativ-sapa-si-descopera-dinozauri-mosasaurus-917238.png"", ""https://gomagcdn.ro/domains/kidstory.ro/files/product/original/set-educativ-sapa-si-descopera-dinozauri-mosasaurus-034665.jpg"", ""https://gomagcdn.ro/domains/kidstory.ro/files/product/original/set-educativ-sapa-si-descopera-dinozauri-mosasaurus-210933.jpg""]","cmli6buv20021jjpbr43q9cpr","[""4M""]","{}","{""shortTitleRo"": ""Sapa Mosasaurus 4M - Kit Dino"", ""metaDescriptionRo"": ""Set Sapa și Descoperă Mosasaurus – devino paleontolog! 4M. Kit excavare dinozauri."", ""learningOutcomes"": [], ""specialCategories"": []}","true","false","5","0","","","","0","0","0","2026-03-22 23:59:49.000","2026-03-22 23:59:49.000","4893156034571","ELEMENTARY_6_8","21","0","0","0","0","0","0","2.9","0","0","APPROVED","GENERAL","26f5418c-965d-4630-994c-b51947cdec04","false","",""
"53e23428-636c-40b1-a842-5969eb24de14","Sapa Pteranodon 4M - Kit Dino","sapa-pteranodon-4m-kit-dino-4M-03459","Sapa un dinozaur Pteranodon: incorporat in acest bloc dur de ipsos este un schelet complet, realist al unui Pteranodon , si depinde de tine sa-l scoti. Utilizati capatul plat al instrumentului de sapat pentru a razui cu grija bucati de tencuiala, putin cate putin. Odata ce ai lovit osul, treceti la perie pentru a o elibera usor de praf. Toate oasele se conecteaza cu usurinta intre ele si se tin puternic folosind ceara moale inclusa. Configurati afisajul uimitor, astfel incat toata lumea sa va poata verifica descoperirea fascinanta , Exista chiar si lucruri amuzante despre Pteranodon imprimate pe spate. Sapa, descopera si inspira-te cu setul 4M Dig A Dinosaur. Schelet afisabil de Pteranodon incorporat in caramida de ipsos. Incurajeaza dexteritatea motrica fina, pasiunea pentru invatare si interesul pentru paleontologie. Copiii se simt ca niste adevarati paleontologi care isi scot propriul schelet de dinozaur. O unealta de sapat faciliteaza taierea caramizii de ipsos. Utilizati o perie pentru a indeparta usor praful din jurul oaselor. Include bloc de ipsos cu schelet Pteranodon, unealta de sapat, perie, ceara moale pentru pozitionarea fosilei, afisaj din carton cu platforma si fapte amuzante. Instructiuni detaliate de asamblare si ingrijire incluse. Scheletul masoara aproximativ 19 cm inaltime cand este asamblat. Materiale de calitate pentru experienta exceptionala de paleontolog. Acest set este un proiect stiintific distractiv pentru copii si intreaga familie, care dezvolta concentrarea, capacitatea de rezolvare a problemelor si motricitatea fina! Varsta 8+; cu ajutorul unui adult, poate fi folosit inca de la 5 ani. Dimensiune cutie: 17 cm x 22 cm x 6 cm","69","82.99","4M-03459","[""https://gomagcdn.ro/domains/kidstory.ro/files/product/original/set-educativ-sapa-si-descopera-dinozauri-pteranodon-708560.png"", ""https://gomagcdn.ro/domains/kidstory.ro/files/product/original/set-educativ-sapa-si-descopera-dinozauri-pteranodon-671985.png"", ""https://gomagcdn.ro/domains/kidstory.ro/files/product/original/set-educativ-sapa-si-descopera-dinozauri-pteranodon-639979.jpg"", ""https://gomagcdn.ro/domains/kidstory.ro/files/product/original/set-educativ-sapa-si-descopera-dinozauri-pteranodon-218760.jpg"", ""https://gomagcdn.ro/domains/kidstory.ro/files/product/original/set-educativ-sapa-si-descopera-dinozauri-pteranodon-607178.jpg"", ""https://gomagcdn.ro/domains/kidstory.ro/files/product/original/set-educativ-sapa-si-descopera-dinozauri-pteranodon-453582.png""]","cmli6buv20021jjpbr43q9cpr","[""4M""]","{}","{""shortTitleRo"": ""Sapa Pteranodon 4M - Kit Dino"", ""metaDescriptionRo"": ""Set Sapa și Descoperă Pteranodon – descoperă scheletul! 4M. Kit dinozauri educativ."", ""learningOutcomes"": [], ""specialCategories"": []}","true","false","5","0","","","","0","0","0","2026-03-22 23:59:49.000","2026-03-22 23:59:49.000","4893156034595","ELEMENTARY_6_8","21","0","0","0","0","0","0","2.9","0","0","APPROVED","GENERAL","26f5418c-965d-4630-994c-b51947cdec04","false","",""
"9f50974f-c321-488c-a79c-ca37ce35868e","Magblox Hexagon 6 piese - Set Magnetic","magblox-hexagon-6-piese-set-magnetic-MBL-105","Placile magnetice MAGBLOX reg;Magnetic Building au fost concepute pentru a stimula si incuraja dezvoltarea cognitiva a copiilor, constientizarea spatiala, abilitatile motorii fine si grosiere, toate in timp ce , žInvatam prin joaca, ! Un hexagon este un poligon cu sase laturi. Pare o forma simpla, dar este destul de uimitoare. S-ar putea chiar sa fii surprins sa descoperi unde poti gasi hexagonul in viata de zi cu zi! Magblox reg; ofera pachetul Hexagon 6 ca un supliment la colectia dvs. existenta, cu optiunea de a incorpora aceasta noua forma in 6 culori diferite, cu nuante vibrante si luminoase. Dimensiuni cutie: 17x13,5x5 cm Cresteti invatarea si activitatile STEM ale copilului dvs. prin: Abilitati de constructie si constructie Invatare despre simetrie si modele Construirea si intelegerea formelor si structurilor 2D si 3D Recunoasterea formelor Relatii matematice si spatiale Persistenta, abilitati de rezolvare a problemelor, abilitati de coordonare ochi-mana Creativitate fara sfarsit Culorile, transluciditatea si magnetii le permit copiilor sa construiasca si sa creeze in moduri in care nu pot cu blocurile standard. Setul magnetic Magblox este combinatia perfecta intre jocul liber (open-end) si cel STEM (Stiinta, Tehnologie, Inginerie, Matematica). Atat un joc creativ, imaginativ, ce imbie la jocul de rol, cat si un joc care dezvolta abilitatile tehnice atat de necesare in zilele noastre. Toate piesele MAGBLOX reg; sunt compatibile intre ele si cu alte marci de placi magnetice. Sunt sigure, durabile si fabricate din plastic reciclat ABS de calitate alimentara, fara BPA si fara ftalati. Seturile magnetice de constructie MAGBLOX reg; sunt sigure pentru copii si respecta standardele internationale de calitate si siguranta AS NZS ISO 8124, EN71, ASTM, si CPSIA. MAGBLOX reg; este potrivit pentru copiii cu varsta de la 3 ani in sus. Designul MAGBLOX reg; este o idee originala a lui JC Ingenium reg;. Toate seturile de constructie MAGBLOX reg; sunt compatibile cu alte placi magnetice, inclusiv cu placile magnetice Magbrix - compatibile cu caramizi de constructie tip Lego, MegaBlocks, etc. AVERTISMENT! Nerecomandat copiilor mai mici de 3 ani. Produsul poate contine piese mici care se pot inghiti sau inhala, existand pericolul de sufocare. Nu lasati ambalajele produselor la indemana copiilor, indepartati toate ambalajele inainte de a oferi jucaria copilului. Jucaria contine magneti sau componente magnetice. Magnetii care se lipesc unul de celalalt sau se ataseaza de un obiect metalic in interiorul corpului uman pot provoca accidente grave. Cereti imediat asistenta medicala in cazul in care magnetii sunt inghititi sau inhalati.","153","183.50","MBL-105","[""https://gomagcdn.ro/domains/kidstory.ro/files/product/original/set-magnetic-magblox-2-sasiuri-magnetice-accesorii-pentru-constructie-cu-roti-de-lemn-copie-889769.png"", ""https://gomagcdn.ro/domains/kidstory.ro/files/product/original/set-magnetic-magblox-2-sasiuri-magnetice-accesorii-pentru-constructie-cu-roti-de-lemn-copie-169852.png"", ""https://gomagcdn.ro/domains/kidstory.ro/files/product/original/set-magnetic-magblox-2-sasiuri-magnetice-accesorii-pentru-constructie-cu-roti-de-lemn-copie-532286.webp"", ""https://gomagcdn.ro/domains/kidstory.ro/files/product/original/set-magnetic-magblox-2-sasiuri-magnetice-accesorii-pentru-constructie-cu-roti-de-lemn-copie-905569.png"", ""https://gomagcdn.ro/domains/kidstory.ro/files/product/original/set-magnetic-magblox-6-piese-magnetice-hexagon-pentru-constructie-862292.png"", ""https://gomagcdn.ro/domains/kidstory.ro/files/product/original/set-magnetic-magblox-6-piese-magnetice-hexagon-pentru-constructie-751698.png""]","cmltqoqd70002jjujuey1ukeu","[""Magblox""]","{}","{""shortTitleRo"": ""Magblox Hexagon 6 piese - Set Magnetic"", ""metaDescriptionRo"": ""Magblox 6 piese hexagon magnetice – construcție modulară! Extensie perfectă."", ""learningOutcomes"": [], ""specialCategories"": []}","true","false","5","0","","","","0","0","0","2026-03-22 23:59:49.000","2026-03-22 23:59:49.000","9357280000147","ELEMENTARY_6_8","21","0","0","0","0","0","0","2.9","0","0","APPROVED","ENGINEERING","26f5418c-965d-4630-994c-b51947cdec04","false","",""
"bc2b1489-2818-490f-a41f-1e6faac4d385","Labirint cu Bilă Roșu Fridolin - Joc Logic","labirint-numerotat-cu-bila-rosu-Fr_17481","LABIRINT CU BILA, ROSU Joc logic și de îndemânare- labirint cu bilă. Confecționat din lemn și materiale non-toxice conform reglementărilor EN71 & ASTM Vârsta recomandată: +6 ani. AVERTISMENT: Contraindicat copiilor sub 3 ani. Conține piese mici ce pot fi înghițite. A se utiliza sub stricta supraveghere a unei persoane adulte. Producător: Fridolin, Germania","25","29.99","Fr_17481","[""https://cdnmpro.com/708224949/p/raw/5/labirint-numerotat-cu-bila-rosu~2355.jpg""]","cmli6bo4x0008jjpbrbibqgfi","[""Fridolin""]","{}","{""learningOutcomes"": [], ""specialCategories"": [], ""shortTitleRo"": ""Labirint cu Bilă Roșu Fridolin - Joc Logic"", ""metaDescriptionRo"": ""Labirint numerotat cu bilă roșu – joc logic și îndemânare! Fridolin.""}","true","false","2","22","","","","","0","0","2026-02-07 02:17:14.098","2026-03-22 23:59:49.000","4031172174813.0","ELEMENTARY_6_8","16.5","0","0","0","0","0","0","2.9","0","0","APPROVED","GENERAL","ee75eea8-9f64-4076-96a2-52f5d6926c14","false","",""
"92fb8976-9b07-4c74-9a75-a36782d62da9","IQ 3D Puzzle Cub Roșu Fridolin - Puzzle IQ","joc-logic-iq-3d-puzzle-cub-natur-rosu-fridolin-Fr_17422","Test IQ Puzzle 3D din lemn Cub șarpe roșu - natur Scopul jocului este de a demonta si apoi a monta puzzle-ul. Dezvoltă perspicacitatea și inteligența.Jocuri de gândire în care trebuie să dezlegați misterul puzzle-urilor. Grad de dificultate: *** Vârsta recomandată +8 ani. Confecționat din lemn și materiale non-toxice conform reglementărilor EN71 & ASTM. Certificate FSC®. AVERTISMENT: Contraindicat copiilor sub 3 ani. Conține piese mici ce pot fi inghițite. A se utiliza sub stricta supraveghere a unei persoane adulte. Producător: Fridolin, Germania.","27.9","33.50","Fr_17422","[""https://cdnmpro.com/708224949/p/raw/6/joc-logic-iq-3d-puzzle-cub-natur-rosu-fridolin~3516.jpg"",""https://cdnmpro.com/708224949/p/raw/6/joc-logic-iq-3d-puzzle-cub-natur-rosu-fridolin~3786.jpg"",""https://cdnmpro.com/708224949/p/raw/7/joc-logic-iq-3d-puzzle-cub-natur-rosu-fridolin~3787.jpg""]","cmli6bo4x0008jjpbrbibqgfi","[""Fridolin""]","","{""shortTitleRo"": ""IQ 3D Puzzle Cub Roșu Fridolin - Puzzle IQ"", ""metaDescriptionRo"": ""Joc logic IQ 3D Puzzle Cub natur-roșu – test de inteligență! Fridolin.""}","true","false","16","4","","","","","0","0","2026-02-07 02:17:14.098","2026-03-22 23:59:49.000","4031172174226.0","TODDLERS_1_3","20.46","0","0","0","0","0","0","2.9","0","0","APPROVED","GENERAL","ee75eea8-9f64-4076-96a2-52f5d6926c14","false","",""
"b4ba4023-ad35-4193-b138-d086ba776f55","Submarin de Scufundări 4M - Experiment","submarin-de-scufundari-4M-03212","Vezi cum se scufunda submarinul si reapare la suprafata cu ajutorul prafului de copt. Este uimitor! Umpleti rezervorul submarinului cu praf de copt (neinclus) si urmariti cum acesta va continua sa se scufunde in adancuri si sa urce apoi la suprafata. Acesta jucarie, inventata cu circa 70 ani in urma, poate fi folosita si ca un experiment de chimie in fata unei clase de elevi curiosi. Important: folositi exclusiv praf de copt, nu bicarbonat de sodiu. Varsta 5 ani+ Dimensiune pachet: 13cm x 19.5cm x 2.4cm","29","34.99","4M-03212","[""https://gomagcdn.ro/domains/kidstory.ro/files/product/original/submarin-de-scufundari-454279.jpg"",""https://gomagcdn.ro/domains/kidstory.ro/files/product/original/submarin-de-scufundari-595234.jpg"",""https://gomagcdn.ro/domains/kidstory.ro/files/product/original/submarin-de-scufundari-273469.jpg"",""https://gomagcdn.ro/domains/kidstory.ro/files/product/original/submarin-de-scufundari-092653.jpg"",""https://gomagcdn.ro/domains/kidstory.ro/files/product/original/submarin-de-scufundari-494622.jpg"",""https://gomagcdn.ro/domains/kidstory.ro/files/product/original/submarin-de-scufundari-221005.jpg"",""https://gomagcdn.ro/domains/kidstory.ro/files/product/original/submarin-de-scufundari-012494.jpg""]","cmli6buv20021jjpbr43q9cpr","[""4M""]","","{""shortTitleRo"": ""Submarin de Scufundări 4M - Experiment"", ""metaDescriptionRo"": ""Submarin de scufundări – experiment cu praful de copt! 4M știință.""}","true","false","1","2","","","","","0","0","2026-02-07 02:17:55.145","2026-03-22 23:59:49.000","","PRESCHOOL_3_5","21.75","0","0","0","0","0","0","2.9","0","0","APPROVED","SCIENCE","26f5418c-965d-4630-994c-b51947cdec04","false","",""
"17b1ac62-9b9c-4a36-8d97-3a1e0ec07f61","Sparge Geoda Mini 4M - Experiment Cristal","mini-experiment-sparge-o-geoda-cristal-4M-03925","Sparge aceasta piatra pentru a debloca magia prinsa inauntru. Un proiect simplu si distractiv! Un cristal geoda pentru a fi spart si a scoate la suprafata mijlocul stralucitor! Apoi poate fi expus ca bibelou sau amintire! Varsta 3+. Nota: Necesita supravegherea unui adult daca are sub 14 ani.","31","36.99","4M-03925","[""https://gomagcdn.ro/domains/kidstory.ro/files/product/original/mini-experiment-sparge-o-geoda-cristal-428093.png"",""https://gomagcdn.ro/domains/kidstory.ro/files/product/original/mini-experiment-sparge-o-geoda-cristal-574845.png""]","cmli6buv20021jjpbr43q9cpr","[""4M""]","","{""shortTitleRo"": ""Sparge Geoda Mini 4M - Experiment Cristal"", ""metaDescriptionRo"": ""Mini experiment sparge geoda – deblochează magia! 4M cristale.""}","true","false","1","0","","","","","0","0","2026-02-07 02:17:55.145","2026-03-22 23:59:49.000","","PRESCHOOL_3_5","23.25","0","0","0","0","0","0","2.9","0","0","APPROVED","SCIENCE","26f5418c-965d-4630-994c-b51947cdec04","false","",""
"c2a4e23b-a93f-4651-81ba-05428e2bbdde","IQ Puzzle Metalic 5* Fridolin - Puzzle IQ","joc-logic-iq-puzzle-metalic-5-fridolin-Fr_17265","Test IQ puzzle metalic Vultur Joc logic puzzle 3D metalic. Scopul jocului este de a demonta și apoi de a monta la loc puzzle-ul. Jocuri de gândire în care trebuie să dezlegi misterul puzzle-urilor, dezvoltă perspicacitatea, inteligența, răbdarea și concentrarea. Confecționat din materiale non-toxice conform reglementărilor EN71 & ASTM. Certificare FSC®. Vârsta recomandată: +6 ani.Grad de dificultate: *****AVERTISMENT: Contraindicat copiilor sub 3 ani. Conține piese mici ce pot fi înghițite. A se utiliza sub stricta supraveghere a unei persoane adulte. Producător: Fridolin, Germania.","32.4","38.99","Fr_17265","[""https://cdnmpro.com/708224949/p/raw/4/joc-logic-iq-puzzle-metalic-5-fridolin~3514.jpg"",""https://cdnmpro.com/708224949/p/raw/4/joc-logic-iq-puzzle-metalic-5-fridolin~3784.jpg""]","cmli6bo4x0008jjpbrbibqgfi","[""Fridolin""]","","{""shortTitleRo"": ""IQ Puzzle Metalic 5* Fridolin - Puzzle IQ"", ""metaDescriptionRo"": ""Joc logic IQ puzzle metalic Vultur 5* – dificultate maximă! Fridolin.""}","true","false","7","1","","","","","0","0","2026-02-07 02:17:14.098","2026-03-22 23:59:49.000","4031172172659.0","TODDLERS_1_3","23.76","0","0","0","0","0","0","2.9","0","0","APPROVED","GENERAL","ee75eea8-9f64-4076-96a2-52f5d6926c14","false","",""
"b511046c-3d70-4bb1-a85f-7eeaf0f6d9fa","IQ Metalic 3* Fridolin - Puzzle IQ","joc-logic-iq-metalic-3-Fr_17266","Joc logic IQ Metalic nr. 3 – Triunghi | Fridolin Puzzle metalic de dezlegat — obiectivul este să eliberezi inelul din structura metalică. Un clasic al jocurilor de logică — puzzle-ul metalic IQ nr. 3 constă dintr-o structură metalică în formă de triunghi și o tijă cu inel, prinse împreună. Obiectivul este simplu de enunțat: eliberează inelul. Soluția, mai puțin. Pare ușor. Dar nu este. Detalii: Material: metal cromat Dificultate: 3 din 5 Format compact — se poate purta în buzunar Soluția este inclusă De ce să-l alegi: Antrenează gândirea spațială, răbdarea și capacitatea de a gândi în afara tiparelor. Gadget anti-stres pe birou sau cadou pentru pasionații de puzzle. Dificultate medie (3/5). Compact, elegant, antrenant. Potrivit pentru adulți și tineri de peste 8 ani. Conform reglementărilor EN71 & ASTM. AVERTISMENT: Contraindicat copiilor sub 3 ani. Producător: Fridolin, Germania","36","42.99","Fr_17266","[""https://cdnmpro.com/708224949/p/raw/5/joc-logic-iq-metalic-3-fridolin~100183875.jpg"",""https://cdnmpro.com/708224949/p/raw/8/joc-logic-iq-metalic-3-fridolin~100183878.jpg""]","cmli6bo4x0008jjpbrbibqgfi","[""Fridolin""]","","{""shortTitleRo"": ""IQ Metalic 3* Fridolin - Puzzle IQ"", ""metaDescriptionRo"": ""Joc logic IQ metalic nr. 3 triunghi – test de inteligență! Fridolin.""}","true","false","1","0","","","","","0","0","2026-02-07 02:17:14.098","2026-03-22 23:59:49.000","4031172172666.0","TODDLERS_1_3","23.76","0","0","0","0","0","0","2.9","0","0","APPROVED","GENERAL","ee75eea8-9f64-4076-96a2-52f5d6926c14","false","",""
"18337bd9-43a9-4da2-820e-7b4a41416139","Jucărie Optică Rachetă Londji - Vedere Insectă","jucarie-optica-racheta-londji-Lj_CD037U","Jucărie optică Rachetă Jucărie optică, descompune şi multiplică imaginea în mii de bucăţele. Modele caleidoscopice se formează prin descompunerea în părți mici a obiectelor din jur.Descoperă lumea prin ochii unei insecte. Un obiectiv cu totul special.Ilustrație Can SeixantaVârsta recomandată: 3-103 ani.Confecționată din carton reciclat și lentilă acrilică, conform reglementărilor EN71&ASTM.AVERTISMENT: Contraindicat copiilor sub 3 ani, conține piese mici, pericol de sufocare. A se utiliza sub directa supraveghere a unui adult. Îndepărtaţi eticheta înainte de a oferi jucăria copilului. Producător: Londji, Spania.","37","44.50","Lj_CD037U","[""https://cdnmpro.com/708224949/p/raw/9/jucarie-optica-racheta-londji~16899.jpg"",""https://cdnmpro.com/708224949/p/raw/2/jucarie-optica-racheta-londji~8482.jpg"",""https://cdnmpro.com/708224949/p/raw/9/jucarie-optica-racheta-londji~8769.jpg"",""https://cdnmpro.com/708224949/p/raw/0/jucarie-optica-racheta-londji~16900.jpg"",""https://cdnmpro.com/708224949/p/raw/1/jucarie-optica-racheta-londji~16901.jpg""]","cmltqoqsf0004jjujibh2j3vx","[""Londji""]","","{""shortTitleRo"": ""Jucărie Optică Rachetă Londji - Vedere Insectă"", ""metaDescriptionRo"": ""Jucărie optică Rachetă – privește lumea ca o insectă! Londji.""}","true","false","17","0","","","","","0","0","2026-02-07 02:17:14.098","2026-03-22 23:59:49.000","Lj_CD037U","TODDLERS_1_3","24.42","0","0","0","0","0","0","2.9","0","0","APPROVED","","ee75eea8-9f64-4076-96a2-52f5d6926c14","false","",""
"10d5c3f6-b9ad-4f74-b4a4-7d520ab02221","Jucărie Optică Albina Londji - Vedere Insectă","jucarie-optica-albina-londji-LJ_CD023U","Jucărie optică Albina Privește lumea prin ochii unei albineJucărie optică, descompune şi multiplică imaginea în mii de bucăţele. Spre deosebire de caleidoscoapele clasice, care fac modele din bucățelele mici aflate în interiorul instrumentului, teleidoscopul face modele caleidoscopice din obiectele din jur.Vârsta recomandată: 3-103 ani.Confecționat din carton reciclat și plastic, conform reglementărilor EN71&ASTM.AVERTISMENT: Contraindicat copiilor sub 3 ani, conține piese mici, pericol de sufocare. A se utiliza sub directa supraveghere a unui adult. Îndepărtaţi eticheta înainte de a oferi jucăria copilului. Producător: Londji, Spania.","37","44.50","LJ_CD023U","[""https://cdnmpro.com/708224949/p/raw/7/jucarie-optica-albina-londji~16907.jpg"",""https://cdnmpro.com/708224949/p/raw/1/jucarie-optica-albina-londji~4911.jpg"",""https://cdnmpro.com/708224949/p/raw/6/jucarie-optica-albina-londji~5086.jpg"",""https://cdnmpro.com/708224949/p/raw/5/jucarie-optica-albina-londji~16905.jpg"",""https://cdnmpro.com/708224949/p/raw/6/jucarie-optica-albina-londji~16906.jpg""]","cmltqoqsf0004jjujibh2j3vx","[""Londji""]","","{""shortTitleRo"": ""Jucărie Optică Albina Londji - Vedere Insectă"", ""metaDescriptionRo"": ""Jucărie optică Albina – efect optic uimitor! Londji.""}","true","false","22","1","","","","","0","0","2026-02-07 02:17:14.098","2026-03-22 23:59:49.000","LJ_CD023U","TODDLERS_1_3","24.42","0","0","0","0","0","0","2.9","0","0","APPROVED","","ee75eea8-9f64-4076-96a2-52f5d6926c14","false","",""
"1698e114-75d3-4b7d-8baa-eafe5ea91dde","Jucărie Optică Buburuză Londji - Vedere Insectă","jucarie-optica-buburuza-londji-LJ_CD022U","Jucărie optică Buburuză O lentilă optică într-o ilustrație cu buburuză pentru a vă permite să vedeți ca o insectă. Un caleidoscop mic, ideal pentru divertisment în călătorii. Jucărie optică, descompune şi multiplică imaginea în mii de bucăţele. Spre deosebire de caleidoscoapele clasice, care fac modele din bucățelele mici aflate în interiorul instrumentului, teleidoscopul face modele caleidoscopice din obiectele din jur.Vârsta recomandată: 3-103 ani. Confecționat din carton reciclat și plastic, conform reglementărilor EN71&ASTM.AVERTISMENT: Contraindicat copiilor sub 3 ani, conține piese mici, pericol de sufocare. A se utiliza sub directa supraveghere a unui adult. Îndepărtaţi eticheta înainte de a oferi jucăria copilului. Producător: Londji, Spania.","37","44.50","LJ_CD022U","[""https://cdnmpro.com/708224949/p/raw/0/jucarie-optica-buburuza-londji~16910.jpg"",""https://cdnmpro.com/708224949/p/raw/0/jucarie-optica-buburuza-londji~4910.jpg"",""https://cdnmpro.com/708224949/p/raw/5/jucarie-optica-buburuza-londji~5085.jpg"",""https://cdnmpro.com/708224949/p/raw/8/jucarie-optica-buburuza-londji~16908.jpg"",""https://cdnmpro.com/708224949/p/raw/9/jucarie-optica-buburuza-londji~16909.jpg""]","cmltqoqsf0004jjujibh2j3vx","[""Londji""]","","{""shortTitleRo"": ""Jucărie Optică Buburuză Londji - Vedere Insectă"", ""metaDescriptionRo"": ""Jucărie optică Buburuză – obiectiv special! Londji.""}","true","false","29","1","","","","","0","0","2026-02-07 02:17:14.098","2026-03-22 23:59:49.000","LJ_CD022U","TODDLERS_1_3","24.42","0","0","0","0","0","0","2.9","0","0","APPROVED","","ee75eea8-9f64-4076-96a2-52f5d6926c14","false","",""
"7e30c407-9137-42c0-b2a4-8f37dccfc1e5","IQ 3D Puzzle Knot Fridolin - Puzzle IQ","joc-logic-iq-3d-puzzle-in-cutie-metalica-knot-fridolin-Fr_17523","Test IQ Puzzle 3D din lemn de bambus Knot Joc logic puzzle 3D din lemn de bambus, în cutie metalică. Scopul jocului este de a monta puzzle-ul cu ajutorul pieselor din cutie. Jocuri de gândire în care trebuie să dezlegați misterul puzzle-urilor. Dezvoltă răbdarea, perspicacitatea, inteligența. Grad de dificultate: *** Vârsta recomandată +8 ani. Confecționat din lemn și materiale non-toxice conform reglementărilor EN71 & ASTM. Certificate FSC®. AVERTISMENT: Contraindicat copiilor sub 3 ani. Conține piese mici ce pot fi inghițite. A se utiliza sub stricta supraveghere a unei persoane adulte. Producător: Fridolin, Germania.","41.4","49.50","Fr_17523","[""https://cdnmpro.com/708224949/p/raw/8/joc-logic-iq-3d-puzzle-in-cutie-metalica-knot-fridolin~3518.jpg"",""https://cdnmpro.com/708224949/p/raw/9/joc-logic-iq-3d-puzzle-in-cutie-metalica-knot-fridolin~3789.jpg"",""https://cdnmpro.com/708224949/p/raw/0/joc-logic-iq-3d-puzzle-in-cutie-metalica-knot-fridolin~3790.jpg""]","cmli6bo4x0008jjpbrbibqgfi","[""Fridolin""]","","{""shortTitleRo"": ""IQ 3D Puzzle Knot Fridolin - Puzzle IQ"", ""metaDescriptionRo"": ""Joc logic IQ 3D Puzzle Knot în cutie metalică! Fridolin bambus.""}","true","false","5","0","","","","","0","0","2026-02-07 02:17:14.098","2026-03-22 23:59:49.000","4031172175230.0","ELEMENTARY_6_8","30.36","0","0","0","0","0","0","2.9","0","0","APPROVED","GENERAL","ee75eea8-9f64-4076-96a2-52f5d6926c14","false","",""
"09f378d6-17a8-45b5-b7a0-14cb25164b64","Eliberează Inelul 1 Fridolin - Puzzle IQ","joc-logic-iq-puzzle-cu-snur-elibereaza-inelul-1-fridolin-Fr_17131","Test IQ puzzle lemn de bambus cu șnur Elibereaza inelul-1 Test IQ puzzle cu șnur verde deschis și lemn de bambus într-o cutie metalică: două bile - un cerc. Dezvoltă perspicacitatea, inteligența, răbdarea și concentrarea. Dimensiuni cutie: 6 x 2,2 x 9,4 cm (L x A x P). Confecționat din lemn și materiale non-toxice conform reglementărilor EN71 & ASTM. Vârsta recomandată: +8 ani.Grad de dificultate: **AVERTISMENT: Contraindicat copiilor sub 3 ani. Conține piese mici ce pot fi înghițite, șnur lung. A se utiliza sub stricta supraveghere a unei persoane adulte. Producător: Fridolin, Germania.","41.4","49.50","Fr_17131","[""https://cdnmpro.com/708224949/p/raw/0/joc-logic-iq-puzzle-cu-snur-elibereaza-inelul-1-fridolin~2370.jpg"",""https://cdnmpro.com/708224949/p/raw/3/joc-logic-iq-puzzle-cu-snur-elibereaza-inelul-1-fridolin~2673.jpg""]","cmli6bo4x0008jjpbrbibqgfi","[""Fridolin""]","","{""shortTitleRo"": ""Eliberează Inelul 1 Fridolin - Puzzle IQ"", ""metaDescriptionRo"": ""Joc logic IQ puzzle cu șnur Eliberează inelul! Fridolin.""}","true","false","1","0","","","","","0","0","2026-02-07 02:17:14.098","2026-03-22 23:59:49.000","4031172171317.0","ELEMENTARY_6_8","30.36","0","0","0","0","0","0","2.9","0","0","APPROVED","GENERAL","ee75eea8-9f64-4076-96a2-52f5d6926c14","false","",""
"e0ced494-1249-4c14-847e-e463f0e76bee","Tangram în Cutie Metalică Fridolin - Puzzle IQ","iq-test-tangram-in-cutie-metalica-fridolin-Fr_17323","Tangram din lemn în cutie metalică Tangram-ul, jocul pătratului magic este format din 7 figuri geometrice (2 triunghiuri mari, unul mediu și 2 mici, un paralelogram și un pătrat). Diferența dintre tangram și un puzzle normal este că, în timp ce la puzzle piesele sunt așezate într-un singur fel, după un anumit model, la tangram modelele sunt nenumărate – poți așeza piesele cum vrei, rezultând o varietate de figuri. Se vor folosi toate cele şapte piese care alcătuiesc pătratul iniţial (şi numai ele) la alcătuirea oricărei imagini. Piesele se vor aşeza una lângă alta, fără suprapunere, în plan. Peste 1600 de imagini reprezentând animale, oameni, litere, cifre, obiecte și multe altele pot fi create din cele 7 piese ale tangramului. Vârsta recomandată: +6 ani. Confecționate din lemn și materiale non-toxice, cu culori non-toxice, conform reglementărilor EN71 & ASTM. Certificate FSC®.AVERTISMENT: Contraindicat copiilor sub 3 ani. Conține piese mici ce pot fi inghițite. Pericol de sufocare. A se utiliza sub directa supraveghere a unei persoane adulte. Producător: Fridolin, Germania.","46","54.99","Fr_17323","[""https://cdnmpro.com/708224949/p/raw/7/iq-test-tangram-in-cutie-metalica-fridolin~1107.jpg""]","cmli6bo4x0008jjpbrbibqgfi","[""Fridolin""]","","{""shortTitleRo"": ""Tangram în Cutie Metalică Fridolin - Puzzle IQ"", ""metaDescriptionRo"": ""IQ Test Tangram – peste 1600 imagini! Fridolin lemn.""}","true","false","11","0","","","","","0","0","2026-02-07 02:17:14.098","2026-03-22 23:59:49.000","4031172173236.0","ELEMENTARY_6_8","30.36","0","0","0","0","0","0","2.9","0","0","APPROVED","MATHEMATICS","ee75eea8-9f64-4076-96a2-52f5d6926c14","false","",""
"6b50d933-e7f6-45be-b75d-331cd994a84e","Labirint Lemn cu Bilă Egmont Toys - Joc Logic","labirint-din-lemn-cu-bila-egmont-toys-Egm_511172","Mini-labirint din lemn Provoacă-ți abilitățile și răbdarea cu acest mini-labirint din lemn! Înclină și rotește cutia pentru a ghida bila spre linia de sosire, evitând capcanele. Este un joc de buzunar perfect pentru mânuțe mici și concentrare mare. Dimensiune: 12 x 12 x 2.5 cm Vârsta recomandată: +3 ani. Confecționat din lemn și cu bila metalica. Conform reglementărilor EN71 & ASTM.AVERTISMENT: Contraindicat copiilor sub 3 ani. Conține piese mici ce pot fi înghițite. A se utiliza sub stricta supraveghere a unei persoane adulte. Două modele disponibile: cu mașinuțe sau cu ciupercuțe.Producător: Egmont Toys, Belgia.","49","58.99","Egm_511172","[""https://cdnmpro.com/708224949/p/raw/3/labirint-din-lemn-cu-bila-egmont-toys~21713.jpg"",""https://cdnmpro.com/708224949/p/raw/4/labirint-din-lemn-cu-bila-egmont-toys~21714.jpg"",""https://cdnmpro.com/708224949/p/raw/5/labirint-din-lemn-cu-bila-egmont-toys~21715.jpg"",""https://cdnmpro.com/708224949/p/raw/6/labirint-din-lemn-cu-bila-egmont-toys~21716.jpg"",""https://cdnmpro.com/708224949/p/raw/7/labirint-din-lemn-cu-bila-egmont-toys~21717.jpg""]","cmltqoqov0003jjujnu1ppk5u","[""Egmont Toys""]","","{""shortTitleRo"": ""Labirint Lemn cu Bilă Egmont Toys - Joc Logic"", ""metaDescriptionRo"": ""Mini labirint din lemn cu bilă – ghidă spre final! Egmont Toys.""}","true","false","27","0","","","","","0","0","2026-02-07 02:17:14.098","2026-03-22 23:59:49.000","5420023045515.0","TODDLERS_1_3","32.34","0","0","0","0","0","0","2.9","0","0","APPROVED","","ee75eea8-9f64-4076-96a2-52f5d6926c14","false","",""
"5f5f401a-d2bf-431f-a856-cd0fc5af9574","Impossiblo Ocean Djeco (v2) - Joc Logic","joc-de-logica-impossiblo-ocean-djeco-DJ00807","Joc de logică Impossiblo Ocean 4 puzzle-uri captivante! Asamblează imaginile pentru a finaliza fiecare dintre cele 4 provocări de puzzle pătrat, de la cele mai simple la cele mai complicate.O singură soluție posibilă pentru fiecare puzzle.Soluția se regăsește în broșură.Design mic, ușor de transportat, sau cadoul perfect!Dezvoltă răbdarea.Conținut: 4 puzzle-uri cu 9 piese și o broșură cu reguli de joc în 10 limbi.Vârsta recomandata: 6 - 99 ani. Fabricat din hârtie și carton certificate FSC®. AVERTISMENT: Contraindicat copiilor sub 3 ani. A se utiliza sub directa supraveghere a unui adult. Producător: Djeco, Franța. Manual Joc de logica Impossiblo Ocean, Djeco - descarca aici fisierul","50.35","60.50","DJ00807","[""https://cdnmpro.com/708224949/p/raw/8/joc-de-logica-impossiblo-ocean-djeco~16718.jpg"",""https://cdnmpro.com/708224949/p/raw/7/joc-de-logica-impossiblo-ocean-djeco~16717.jpg"",""https://cdnmpro.com/708224949/p/raw/9/joc-de-logica-impossiblo-ocean-djeco~16719.jpg""]","cmltqoqov0003jjujnu1ppk5u","[""Djeco""]","","{""shortTitleRo"": ""Impossiblo Ocean Djeco (v2) - Joc Logic"", ""metaDescriptionRo"": ""Joc de logică Impossiblo Ocean – 4 puzzle-uri! Djeco.""}","true","false","23","0","","","","","0","0","2026-02-07 02:17:14.098","2026-03-22 23:59:49.000","3070900008076.0","ELEMENTARY_6_8","34.98","0","0","0","0","0","0","2.9","0","0","APPROVED","GENERAL","ee75eea8-9f64-4076-96a2-52f5d6926c14","false","",""
"e3ad5b1d-5afc-48c9-a0ed-d1c680adb1c3","Impossiblo Animo Djeco (v2) - Joc Logic","joc-de-logica-impossiblo-animo-djeco-DJ00808","Joc de logică Impossiblo Animo 4 puzzle-uri captivante! Asamblează imaginile pentru a finaliza fiecare dintre cele 4 provocări de puzzle pătrat, de la cele mai simple la cele mai complicate.O singură soluție posibilă pentru fiecare puzzle.Soluția se regăsește în broșură.Design mic, ușor de transportat, sau cadoul perfect!Dezvoltă răbdarea.Conținut: 4 puzzle-uri cu 9 piese și o broșură cu reguli de joc în 10 limbi.Vârsta recomandata: 6 - 99 ani. Fabricat din hârtie și carton certificate FSC®. AVERTISMENT: Contraindicat copiilor sub 3 ani. A se utiliza sub directa supraveghere a unui adult. Producător: Djeco, Franța. Manual Joc de logica Impossiblo Animo, Djeco - descarca aici fisierul","50.35","60.50","DJ00808","[""https://cdnmpro.com/708224949/p/raw/2/joc-de-logica-impossiblo-animo-djeco~16722.jpg"",""https://cdnmpro.com/708224949/p/raw/0/joc-de-logica-impossiblo-animo-djeco~16720.jpg"",""https://cdnmpro.com/708224949/p/raw/1/joc-de-logica-impossiblo-animo-djeco~16721.jpg""]","cmltqoqov0003jjujnu1ppk5u","[""Djeco""]","","{""shortTitleRo"": ""Impossiblo Animo Djeco (v2) - Joc Logic"", ""metaDescriptionRo"": ""Joc de logică Impossiblo Animo – 4 puzzle-uri! Djeco.""}","true","false","12","0","","","","","0","0","2026-02-07 02:17:14.098","2026-03-22 23:59:49.000","3070900008083.0","ELEMENTARY_6_8","34.98","0","0","0","0","0","0","2.9","0","0","APPROVED","GENERAL","ee75eea8-9f64-4076-96a2-52f5d6926c14","false","",""
"0c992b13-7d3f-4157-9c2e-19821dc85a4d","IQ 3D Puzzle Băiat Albastru Fridolin (v2) - Puzzle IQ","joc-logic-iq-3d-puzzle-baiat-albastru-fridolin-Fr_17342","Test IQ Puzzle 3D din lemn de bambus Boy Scopul jocului este de aranjare a puzzle-ului, sub formă de băiat robot. Dezvoltă perspicacitatea și inteligența. Jocuri de gândire în care trebuie să dezlegați misterul puzzle-urilor. Grad de dificultate: **** Vârsta recomandată +8 ani. Confecționat din lemn și materiale non-toxice conform reglementărilor EN71 & ASTM. Certificate FSC®. AVERTISMENT: Contraindicat copiilor sub 3 ani. Conține piese mici ce pot fi inghițite. A se utiliza sub stricta supraveghere a unei persoane adulte. Producător: Fridolin, Germania.","50.4","60.50","Fr_17342","[""https://cdnmpro.com/708224949/p/raw/0/joc-logic-iq-3d-puzzle-baiat-albastru-fridolin~3040.jpg"",""https://cdnmpro.com/708224949/p/raw/5/joc-logic-iq-3d-puzzle-baiat-albastru-fridolin~3305.jpg"",""https://cdnmpro.com/708224949/p/raw/6/joc-logic-iq-3d-puzzle-baiat-albastru-fridolin~3306.jpg""]","cmli6bo4x0008jjpbrbibqgfi","[""Fridolin""]","","{""shortTitleRo"": ""IQ 3D Puzzle Băiat Albastru Fridolin (v2) - Puzzle IQ"", ""metaDescriptionRo"": ""Joc logic IQ 3D Puzzle Băiat albastru! Fridolin.""}","true","false","33","0","","","","","0","0","2026-02-07 02:17:14.098","2026-03-22 23:59:49.000","4031172173427.0","ELEMENTARY_6_8","36.96","0","0","0","0","0","0","2.9","0","0","APPROVED","TECHNOLOGY","ee75eea8-9f64-4076-96a2-52f5d6926c14","false","",""
"15c39906-ef61-4acd-b20d-a88e134f9ab8","Puzzle Mic Unicorn Londji (v2) - Puzzle Educațional","puzzle-mic-unicorn-londji-LJ_PZ617U","Puzzle mic Petrecerea Unicornului 🦄 În această seară, când soarele apune, ne pregătim să sărbătorim împreună ziua unicornului! Asamblează puzzle-ul și descoperă toate detaliile petrecerii pe care zânele și elfii au pregătit-o! Un joc educativ, sustenabil și perfect pentru distracție oriunde te afli. 🔹 Conține: Puzzle de 24 de piese + 12 piese de observație 🔎🔹 Dimensiune puzzle: 16,5 x 23,5 cm🔹 Dimensiune cutie: 14 x 8,5 x 4 cm🔹 Materiale: Hârtie FSC și carton reciclat🔹 Ilustrație: Txell Darné🔹 Vârstă recomandată: 4+ ani🔹 Fabricat în Barcelona Avertisment! Nu este potrivit pentru copiii sub 3 ani. Conține piese mici. 🎂 Pregătește-te de o aventură magică alături de unicorn! 🦄 Conform reglementărilor EN71. AVERTISMENT: Contraindicat copiilor sub 3 ani. Se recomandă supravegherea copilului de către un adult în timpul jocului.Produs in Barcelona de Londji.","51","60.99","LJ_PZ617U","[""https://cdnmpro.com/708224949/p/raw/9/puzzle-mic-unicorn-londji~20519.jpg"",""https://cdnmpro.com/708224949/p/raw/1/puzzle-mic-unicorn-londji~20501.jpg"",""https://cdnmpro.com/708224949/p/raw/4/puzzle-mic-unicorn-londji~20454.jpg"",""https://cdnmpro.com/708224949/p/raw/5/puzzle-mic-unicorn-londji~20455.jpg"",""https://cdnmpro.com/708224949/p/raw/6/puzzle-mic-unicorn-londji~20456.jpg""]","cmltqoqov0003jjujnu1ppk5u","[""Londji""]","","{""shortTitleRo"": ""Puzzle Mic Unicorn Londji (v2) - Puzzle Educațional"", ""metaDescriptionRo"": ""Puzzle mic Petrecerea Unicornului – 24 piese! Londji.""}","true","false","12","0","","","","","0","0","2026-02-07 02:17:14.098","2026-03-22 23:59:49.000","LJ_PZ617U","TODDLERS_1_3","33.66","0","0","0","0","0","0","2.9","0","0","APPROVED","GENERAL","ee75eea8-9f64-4076-96a2-52f5d6926c14","false","",""
"985e03a2-24b5-47c8-8aa2-6cbc36d5f7bb","IQ 3D Puzzle Star Fridolin (v2) - Puzzle IQ","joc-logic-iq-3d-puzzle-star-fridolin-Fr_17462","Test IQ Puzzle 3D din lemn de bambus Star Scopul jocului este de a demonta si apoi a monta puzzle-ul. Dezvoltă perspicacitatea și inteligența.Jocuri de gândire în care trebuie să dezlegați misterul puzzle-urilor, dezvoltă perspicacitatea, inteligența. Grad de dificultate: **** Vârsta recomandată +8 ani. Confecționat din lemn și materiale non-toxice conform reglementărilor EN71 & ASTM. Certificate FSC®. AVERTISMENT: Contraindicat copiilor sub 3 ani. Conține piese mici ce pot fi inghițite. A se utiliza sub stricta supraveghere a unei persoane adulte. Producător: Fridolin, Germania","54","64.99","Fr_17462","[""https://cdnmpro.com/708224949/p/raw/4/joc-logic-iq-3d-puzzle-star-fridolin~2354.jpg"",""https://cdnmpro.com/708224949/p/raw/2/joc-logic-iq-3d-puzzle-star-fridolin~2652.jpg""]","cmli6bo4x0008jjpbrbibqgfi","[""Fridolin""]","","{""shortTitleRo"": ""IQ 3D Puzzle Star Fridolin (v2) - Puzzle IQ"", ""metaDescriptionRo"": ""Joc logic IQ 3D Puzzle Star! Fridolin.""}","true","false","12","1","","","","","0","0","2026-02-07 02:17:14.098","2026-03-22 23:59:49.000","4031172174622.0","ELEMENTARY_6_8","39.6","0","0","0","0","0","0","2.9","0","0","APPROVED","GENERAL","ee75eea8-9f64-4076-96a2-52f5d6926c14","false","",""
"adc0aac3-5805-4220-b0e1-184a61d23a3f","Cleverclixx Circuit Pastel 70 piese - Marble Run Magnetic","joc-magnetic-circuit-pastel-cu-bile-70-piese-cleverclixx-CC-1002","Cleverclixx Circuit pastel cu bile 70 piese Set magnetic de construcție cu 70 piese conceput pentru a inspira micii arhitecți! Acest set este introducerea perfectă în jocul magnetic, oferind posibilități nelimitate pentru structuri creative și trasee spectaculoase pentru bile. De ce să alegi Cleverclixx? 🔹 Stimulează creativitatea și imaginația – Magneții au ceva magic, captivând copiii și oferindu-le libertatea de a construi forme și structuri unice.🔹 Crește odată cu copilul – De la vârsta de 3 ani, cei mici pot explora conceptele de construcție 3D. Pe măsură ce cresc, pot realiza structuri mai complexe și chiar folosi Cleverclixx pentru exerciții matematice la școală.🔹 Compatibil și extensibil – Toate seturile Cleverclixx sunt complet compatibile între ele, permițând extinderea colecției și dezvoltarea continuă a creativității.🔹 Joacă versatilă – Construiește pe podea sau du creativitatea la un alt nivel atașând construcțiile pe suprafețe magnetice, precum caloriferele. Folosește markere lavabile pentru a desena litere, numere sau forme și transformă joaca într-o experiență educativă!🔹 Încurajează învățarea STEAM – Cleverclixx dezvoltă abilități din domeniile Știință, Tehnologie, Inginerie, Artă și Matematică (STEAM), transformând învățarea într-un proces practic, captivant și distractiv. Educațional și sigur Seturile Cleverclixx sunt utilizate în grădinițe și școli primare din întreaga lume pentru a sprijini dezvoltarea abilităților motorii, gândirii logice și rezolvării problemelor. Misiunea Cleverclixx este de a crea jucării educaționale care inspiră curiozitatea, creativitatea și dorința de a învăța pe tot parcursul vieții. Detalii produs ✔ 70 piese magnetice în culori pastelate✔ Recomandat pentru copii de la 3 ani✔ Fabricat din plastic MABS de înaltă calitate✔ Fără BPA - sigur pentru copii✔ Certificat (CPSC, CE, EN71, ASTM) Descoperă mai multe! Explorează gama completă de seturi Cleverclixx, inclusiv seturi mici, medii, mari, culori pastelate & intense, circuite cu bile și multe altele. Lasă imaginația să construiască fără limite cu Cleverclixx! 🚀 Avertisment! Nu este potrivit pentru copiii sub 3 ani. Conține piese mici. Se recomandă supravegherea copilului de către un adult în timpul jocului. Produs de Cleverclixx","451","540.99","CC-1002","[""https://cdnmpro.com/708224949/p/raw/7/joc-magnetic-circuit-pastel-cu-bile-70-piese-cleverclixx~20537.jpg"",""https://cdnmpro.com/708224949/p/raw/9/joc-magnetic-circuit-pastel-cu-bile-70-piese-cleverclixx~20539.jpg"",""https://cdnmpro.com/708224949/p/raw/3/joc-magnetic-circuit-pastel-cu-bile-70-piese-cleverclixx~20543.jpg"",""https://cdnmpro.com/708224949/p/raw/4/joc-magnetic-circuit-pastel-cu-bile-70-piese-cleverclixx~100022974.jpg"",""https://cdnmpro.com/708224949/p/raw/7/joc-magnetic-circuit-pastel-cu-bile-70-piese-cleverclixx~100022977.jpg""]","cmltqoqd70002jjujuey1ukeu","[""Cleverclixx""]","","{""shortTitleRo"": ""Cleverclixx Circuit Pastel 70 piese - Marble Run Magnetic"", ""metaDescriptionRo"": ""Cleverclixx Circuit pastel cu bile 70 piese – construcție magnetică!""}","true","false","8","0","","","","","0","0","2026-02-07 02:17:14.098","2026-03-22 23:59:49.000","6096128047069.0","TODDLERS_1_3","311.19","0","0","0","0","0","0","2.9","0","0","APPROVED","MATHEMATICS","ee75eea8-9f64-4076-96a2-52f5d6926c14","false","",""
"45036a74-a36c-4b5c-98f2-77e84f0b00c4","Cleverclixx Circuit Luminoase 100 piese - Marble Run Magnetic","jocuri-magnetice-circuit-cu-bile-luminoase-100-piese-cleverclixx-CC-1003","Cleverclixx Circuit cu bile luminoase – Construiește cel mai spectaculos circuit pentru bile! Set magnetic pentru construirea unui circuit pentru bile plin de culoare și lumină, oferind ore întregi de distracție și creativitate. 🚀 Construcții interactive & joacă fără limite Creează trasee unice pentru bile și urmărește-le în acțiune! Stimulează creativitatea, imaginația și îndemânarea copilului. Design captivant, cu piese luminoase pentru un efect vizual spectaculos. 🎓 Joacă educativă – ideală pentru metoda STEAM Seturile magnetic Cleverclixx cresc odată cu copilul! De la 3 ani – învață bazele construcțiilor 3D. Pe măsură ce cresc, copiii pot realiza structuri mai complexe. Util și în școală – ajută la înțelegerea conceptelor matematice și a gândirii logice. De ce să alegi Cleverclixx? 🔹 Stimulează creativitatea și imaginația – Magneții au ceva magic, captivând copiii și oferindu-le libertatea de a construi forme și structuri unice.🔹 Compatibil și extensibil – Toate seturile Cleverclixx sunt compatibile atât între ele cât și cu alte seturi magnetice, permițând extinderea colecției și dezvoltarea continuă a creativității.🔹 Joacă versatilă – Construiește pe podea sau du creativitatea la un alt nivel atașând construcțiile pe suprafețe magnetice, precum caloriferele. Folosește markere lavabile pentru a desena litere, numere sau forme și transformă joaca într-o experiență educativă!🔹 Încurajează învățarea STEAM – Cleverclixx dezvoltă abilități din domeniile Știință, Tehnologie, Inginerie, Artă și Matematică (STEAM), transformând învățarea într-un proces practic, captivant și distractiv. Educațional și sigur Seturile Cleverclixx sunt utilizate în grădinițe și școli primare din întreaga lume pentru a sprijini dezvoltarea abilităților motorii, gândirii logice și rezolvării problemelor. Misiunea Cleverclixx este de a crea jucării educaționale care inspiră curiozitatea, creativitatea și dorința de a învăța pe tot parcursul vieții. Detalii produs ✔ 100 piese magnetice, culori diferite✔ Recomandat pentru copii de la 3 ani✔ Fabricat din plastic MABS de înaltă calitate✔ Fără BPA - sigur pentru copii✔ Certificat (CPSC, CE, EN71, ASTM) Lasă imaginația să construiască fără limite cu Cleverclixx! 🚀 Avertisment! Nu este potrivit pentru copiii sub 3 ani. Conține piese mici. Se recomandă supravegherea copilului de către un adult în timpul jocului. Produs de Cleverclixx","498","597.50","CC-1003","[""https://cdnmpro.com/708224949/p/raw/4/jocuri-magnetice-circuit-cu-bile-luminoase-100-piese-cleverclixx~20544.jpg"",""https://cdnmpro.com/708224949/p/raw/5/jocuri-magnetice-circuit-cu-bile-luminoase-100-piese-cleverclixx~20545.jpg"",""https://cdnmpro.com/708224949/p/raw/6/jocuri-magnetice-circuit-cu-bile-luminoase-100-piese-cleverclixx~20546.jpg"",""https://cdnmpro.com/708224949/p/raw/7/jocuri-magnetice-circuit-cu-bile-luminoase-100-piese-cleverclixx~20547.jpg"",""https://cdnmpro.com/708224949/p/raw/0/jocuri-magnetice-circuit-cu-bile-luminoase-100-piese-cleverclixx~20550.jpg""]","cmltqoqd70002jjujuey1ukeu","[""Cleverclixx""]","","{""shortTitleRo"": ""Cleverclixx Circuit Luminoase 100 piese - Marble Run Magnetic"", ""metaDescriptionRo"": ""Cleverclixx Circuit cu bile luminoase 100 piese – efect wow!""}","true","false","6","0","","","","","0","0","2026-02-07 02:17:14.098","2026-03-22 23:59:49.000","6096124770725.0","TODDLERS_1_3","343.62","0","0","0","0","0","0","2.9","0","0","APPROVED","MATHEMATICS","ee75eea8-9f64-4076-96a2-52f5d6926c14","false","",""
"f154bf15-a4d1-439a-9f36-b8566504893c","Cleverclixx Circuit Pastel 110 piese - Marble Run Magnetic","joc-magnetic-circuit-pastel-cu-bile-110-piese-cleverclixx-CC-1001","Cleverclixx Circuit pastel cu bile Set magnetic de construcție cu 110 piese conceput pentru a inspira micii arhitecți! Acest set este introducerea perfectă în jocul magnetic, oferind posibilități nelimitate pentru structuri creative și trasee spectaculoase cu bile. De ce să alegi Cleverclixx? 🔹 Stimulează creativitatea și imaginația – Magneții au ceva magic, captivând copiii și oferindu-le libertatea de a construi forme și structuri unice.🔹 Crește odată cu copilul tău – De la vârsta de 3 ani, cei mici pot explora conceptele de construcție 3D. Pe măsură ce cresc, vor realiza structuri din ce în ce mai complexe și vor putea folosi Cleverclixx pentru exerciții matematice la școală.🔹 Compatibil și extensibil – Toate seturile Cleverclixx sunt complet compatibile între ele, permițând extinderea colecției și dezvoltarea continuă a creativității.🔹 Joacă versatilă – Construiește pe podea sau du creativitatea la un alt nivel atașând construcțiile pe suprafețe magnetice, precum caloriferele. Folosește markere lavabile pentru a desena litere, numere sau forme și transformă joaca într-o experiență educativă!🔹 Încurajează învățarea STEAM – Cleverclixx dezvoltă abilități din domeniile Știință, Tehnologie, Inginerie, Artă și Matematică (STEAM), transformând învățarea într-un proces practic, captivant și distractiv. Educațional și sigur Seturile Cleverclixx sunt utilizate în grădinițe și școli primare din întreaga lume pentru a sprijini dezvoltarea abilităților motorii, gândirii logice și rezolvării problemelor. Misiunea Cleverclixx este de a crea jucării educaționale care inspiră curiozitatea, creativitatea și dorința de a învăța pe tot parcursul vieții. Detalii produs ✔ 110 piese magnetice în culori pastelate✔ Recomandat pentru copii de la 3 ani✔ Fabricat din plastic MABS de înaltă calitate✔ Fără BPA - sigur pentru copii✔ Certificat (CPSC, CE, EN71, ASTM) Lasă imaginația să construiască fără limite cu Cleverclixx! 🚀 Avertisment! Nu este potrivit pentru copiii sub 3 ani. Conține piese mici. Se recomandă supravegherea copilului de către un adult în timpul jocului. Produs de Cleverclixx","524","628.99","CC-1001","[""https://cdnmpro.com/708224949/p/raw/8/joc-magnetic-circuit-pastel-cu-bile-110-piese-cleverclixx~20528.jpg"",""https://cdnmpro.com/708224949/p/raw/9/joc-magnetic-circuit-pastel-cu-bile-110-piese-cleverclixx~20529.jpg"",""https://cdnmpro.com/708224949/p/raw/0/joc-magnetic-circuit-pastel-cu-bile-110-piese-cleverclixx~20530.jpg"",""https://cdnmpro.com/708224949/p/raw/1/joc-magnetic-circuit-pastel-cu-bile-110-piese-cleverclixx~20531.jpg"",""https://cdnmpro.com/708224949/p/raw/2/joc-magnetic-circuit-pastel-cu-bile-110-piese-cleverclixx~20532.jpg""]","cmltqoqd70002jjujuey1ukeu","[""Cleverclixx""]","","{""shortTitleRo"": ""Cleverclixx Circuit Pastel 110 piese - Marble Run Magnetic"", ""metaDescriptionRo"": ""Cleverclixx Circuit pastel cu bile 110 piese – traseu magnetic viral!""}","true","false","8","0","","","","","0","0","2026-02-07 02:17:14.098","2026-03-22 23:59:49.000","6096146023076.0","TODDLERS_1_3","361.56","0","0","0","0","0","0","2.9","0","0","APPROVED","MATHEMATICS","ee75eea8-9f64-4076-96a2-52f5d6926c14","false","",""
"7cc0dda1-4015-4f24-86e0-3c9e0ad02830","Cleverclixx Traseu de Curse 80 piese - Marble Run Magnetic","jocuri-magnetice-traseu-de-curse-80-piese-pastel-cleverclixx-CC-1019","Circuit magnetic pastel – Cleverclixx | Construcții creative cu 80 de piese luminoase 🚗🌈 Transformă podeaua în pistă de curse cu acest set de 80 de piese magnetice Cleverclixx în culori pastelate! Copiii își pot construi propriul circuit 3D, combinând piese de drum cu forme geometrice translucide, compatibile cu toate seturile Cleverclixx. Creativitate fără limite și învățare prin joacă Încurajează explorarea de forme noi și structuri inovatoare. Dezvoltă gândirea spațială și abilitățile de rezolvare a problemelor. Pentru joacă individuală sau în grup. Se poate desena și scrie pe piese cu markere lavabile pentru mai multă distracție. 80 de piese din plastic MABS fără BPA: piese de drum curbate și drepte + forme magnetice Compatibil cu toate seturile Cleverclixx, Connetix, Magna-Tiles, etc. Culori pastel translucide care lasă lumina să treacă pentru un efect magic Ușor de conectat și de reconstruit, ori de câte ori se dorește Pentru acasă, grădinițe sau locuri de joacă Învâțarea prin metoda STEAM - Joaca cu Cleverclixx stimulează dezvoltarea motorie și cognitivă, fiind tot mai des utilizată în grădinițe și școli primare. 🌍 STEAM = Știință, Tehnologie, Inginerie, Arte & Matematică – o metodă modernă de învățare practică. ✔ Potrivit pentru copii de la 3 ani✔ Certificări: CPSC, CE, EN71, ASTM Transformă fiecare sesiune de joacă într-o aventură creativă și educativă! Producător: Cleverclixx, Belgia 🇧🇪 AVERTISMENT: Contraindicat copiilor sub 3 ani. Se recomandă supravegherea copilului de către un adult în timpul jocului.","794","952.99","CC-1019","[""https://cdnmpro.com/708224949/p/raw/1/jocuri-magnetice-traseu-de-curse-80-piese-pastel-cleverclixx~21171.jpg"",""https://cdnmpro.com/708224949/p/raw/0/jocuri-magnetice-traseu-de-curse-80-piese-pastel-cleverclixx~21170.jpg"",""https://cdnmpro.com/708224949/p/raw/0/jocuri-magnetice-traseu-de-curse-80-piese-pastel-cleverclixx~100022890.jpg"",""https://cdnmpro.com/708224949/p/raw/3/jocuri-magnetice-traseu-de-curse-80-piese-pastel-cleverclixx~100022893.jpg"",""https://cdnmpro.com/708224949/p/raw/6/jocuri-magnetice-traseu-de-curse-80-piese-pastel-cleverclixx~100022896.jpg""]","cmltqoqd70002jjujuey1ukeu","[""Cleverclixx""]","","{""shortTitleRo"": ""Cleverclixx Traseu de Curse 80 piese - Marble Run Magnetic"", ""metaDescriptionRo"": ""Cleverclixx Traseu de curse 80 piese pastel – competiție magnetică!""}","true","false","3","1","","","","","0","0","2026-02-07 02:17:14.098","2026-03-22 23:59:49.000","6097349073011.0","TODDLERS_1_3","547.86","0","0","0","0","0","0","2.9","0","0","APPROVED","MATHEMATICS","ee75eea8-9f64-4076-96a2-52f5d6926c14","false","",""
"e65a9160-441a-4d17-9137-703e5d900588","Kit Electricitate & Forță Magnetică Thames & Kosmos - Experiment STEM","kit-stem-electricitate-si-forta-magnetica-thames-and-kosmos-K_620417","Kit STEM Electricitate si forta magnetica Realizează peste 60 de experimente captivante cu circuite și dispozitive magnetice pentru a învăța despre electricitate și magnetism și despre modul în care aceste două proprietăți fundamentale sunt strâns legate între ele. Copiii cu vârsta de peste opt ani pot experimenta în siguranță și cu ușurință jucându-se cu curentul electric și câmpurile magnetice folosind blocurile și componentele colorate care se montează la fix în acest kit practic.Construiește circuite în serie și în paralel pentru a aprinde un bec. Experimentează cu butoane și întrerupătoare on-off. Asamblează circuite care includ un motor care se învârte, două întrerupătoare și până la trei becuri.Efectuează teste pentru a vedea ce materiale sunt magnetice. Învață despre forța magnetismului și despre polii magnetici. Magnetizează un metal. Folosește umpluturi de fier pentru a face vizibile câmpuri magnetice invizibile. Investighează forța și direcția magnetică cu ajutorul unui dispozitiv cu pendul magnetic. Învață cum funcționează o busolă și despre câmpurile magnetice ale Pământului. Efectuează o serie de experimente cu un electromagnet robust.În cele din urmă, pune în valoare tot ce ai învățat construind un difuzor, un comutator cu releu electromagnetic și o cheie de telegraf în cod Morse.Componentele sunt special concepute pentru a face învățarea distractivă și accesibilă. Blocurile electrice se potrivesc între ele cu ajutorul unor conectori simpli cu ștecher și priză. Deoarece blocurile sunt viu colorate și au forme unice, este ușor de urmărit schemele de asamblare pentru a construi dispozitive funcționale. Manualul de experimente de 64 de pagini, complet color, te va ghida prin experimente cu diagrame ușor de urmărit. Kitul conține 64 de piese, 62 de experimente, manual cu instrucțiuni. Necesita 2 baterii AA.Vârsta recomandată: 8+ ani. Premiat cu Aur de Alegerea părinților Confecționat din plastic. Conform reglementarilor EN71&ASTM.AVERTISMENT: Contraindicat copiilor sub 3 ani, conține piese mici. Se recomandă supravegherea copilului de către un adult în timpul jocului. Citiți instrucțiunile înainte de utilizare, urmați-le și păstrați-le pentru referință. Nu amestecați bateriile vechi cu cele noi. Nu amestecați baterii alcaline, standard (carbon-zinc) sau reîncărcabile (nichel-cadmiu). Niciuna dintre componentele electrice sau electronice din acest kit nu trebuie aruncată la gunoiul menajer obișnuit după ce ați terminat cu ele. În schimb, acestea trebuie să fie predate la o locație de colectare pentru reciclarea dispozitivelor electrice și electronice. Vă rugăm să contactați autoritatea locală pentru a afla care este locul de eliminare adecvat. AVERTISMENT: MAGNEȚI MICI - Acest produs conține magneți mici. Magneții înghițiți se pot lipi între ei de-a lungul intestinelor, provocând infecții grave și moartea. Solicitați imediat asistență medicală dacă magneții sunt înghițiți sau inhalați.Fabricat în China pentru Thames & Kosmos, Anglia. Manual Kit STEM Electricitate si forta magnetica, Thames & Kosmos - descarca fisier","423","507.50","K_620417","[""https://cdnmpro.com/708224949/p/raw/8/kit-stem-electricitate-si-forta-magnetica-thames-kosmos~12238.jpg"",""https://cdnmpro.com/708224949/p/raw/9/kit-stem-electricitate-si-forta-magnetica-thames-kosmos~12239.jpg"",""https://cdnmpro.com/708224949/p/raw/0/kit-stem-electricitate-si-forta-magnetica-thames-kosmos~12240.jpg"",""https://cdnmpro.com/708224949/p/raw/1/kit-stem-electricitate-si-forta-magnetica-thames-kosmos~12241.jpg"",""https://cdnmpro.com/708224949/p/raw/2/kit-stem-electricitate-si-forta-magnetica-thames-kosmos~12242.jpg""]","cmltqoqd70002jjujuey1ukeu","[""Thames & Kosmos""]","","{""shortTitleRo"": ""Kit Electricitate & Forță Magnetică Thames & Kosmos - Experiment STEM"", ""metaDescriptionRo"": ""Kit STEM Electricitate și forță magnetică – peste 60 experimente!""}","true","false","14","0","","","","","0","0","2026-02-07 02:17:14.098","2026-03-22 23:59:49.000","814743010451.0","ELEMENTARY_6_8","291.87","0","0","0","0","0","0","2.9","0","0","APPROVED","TECHNOLOGY","ee75eea8-9f64-4076-96a2-52f5d6926c14","false","",""
"879bef58-f315-4eee-a3bc-0fbe83a5d755","Workshop de Robotică micro:bit Genius Toy - Kit Avansat","kit-stem-workshop-de-robotica-compatibil-cu-microbit-genius-toy-G_1409","Kit STEM Workshop de robotica compatibil cu micro:bit Cel mai bun atelier de robotică pentru a învăța codarea! Un kit intuitiv de ultimă generație pentru construcții și robotică, destinat utilizării acasă și la școală. Construiește și programează roboți cu acest sistem complet de inginerie robotică. Include un mini-calculator cu o matrice integrată de 25 de LED-uri și senzori încorporați care pot măsura lumina, temperatura, magnetismul, mișcarea și sunetul. Atelierul de robotică include, de asemenea, două cutii de viteze planetare puternice 50X, un servomotor tactic, un senzor ultrasonic durabil și un controler inteligent care le integrează pe toate. Cu sute de piese de construcție care se îmbină prin clipsare, poți asambla 14 roboți diferiți. Piesele versatile îți permit, de asemenea, să creezi roboți după propriile desene și să-i programezi pentru a le da viață! Această activitate de robotică începe cu instrucțiuni pentru construirea unor roboți simpli, învățându-te cum pot fi utilizați senzorii pentru a controla roboții. Construiește un robot ultrasonic care poate evita obstacolele, un robot bionic, un angrenaj cu tobe, un braț robotic impresionant și multe altele. Adaugă cod pentru a da viață roboților. Oricine poate învăța să programeze folosind aplicația gratuită MakeCode, bazată pe web sau tabletă, care încarcă codul direct pe micro:bit. Începe cu programarea vizuală bloc, ușor de înțeles, și apoi dezvoltă-te pentru a învăța cele mai relevante limbaje de programare din industria tehnologică: Python și JavaScript. Încărcarea codului pe micro:bit este rapidă și ușoară. Folosește cablul Micro-USB (nu este inclus) de la un desktop sau conectează-te wireless la controlerul inteligent folosind o conexiune Bluetooth Low Energy. După ce ai stăpânit toate modelele robotice din instrucțiuni, vei avea instrumentele și cunoștințele necesare pentru a construi și programa propriile creații robotice uimitoare. Un manual color de 36 de pagini și o mulțime de resurse online prezintă instrucțiuni ilustrate pas cu pas, care explică cum să construiești, programezi și operezi modelele de roboți. ● Modele și explicații simple și ușor de utilizat pentru începătorii în programarea micro:bit. ● Trei teme majore acoperă aplicații din lumea reală: casă inteligentă, transport, robotică și automatizare. ● Dispune de o cutie de control principală actualizată, 2 motoare cu cuplu ridicat, un senzor ultrasonic și un servomotor unghiular pentru aplicații diverse. ● Necesită două baterii reîncărcabile litiu-ion 18650 (nu sunt incluse). Bateria poate fi încărcată folosind cablul USB tip C inclus. ● Necesită o placă principală BBC micro:bit (nu este inclusă). Piesele din aceast kit sunt compatibile cu piesele altor seturi de construcție Gigo.Conține 245 piese, 14 modele, manual cu instrucțiuni. Vărsta recomandată: +8 ani. Confecționat din plastic. Conform reglementarilor EN71&ASTM.AVERTISMENT: Contraindicat copiilor sub 3 ani, conține piese mici. Se recomandă supravegherea copilului de către un adult în timpul jocului. Citiți instrucțiunile înainte de utilizare, urmați-le și păstrați-le pentru referință.Produs in Taiwan de Genius Toy. Manual Kit STEM Workshop de robotica compatibil cu micro:bit, Gigo Toys - descarca aici fisierul","1428","1713.50","G_1409","[""https://cdnmpro.com/708224949/p/raw/6/kit-stem-workshop-de-robotica-compatibil-cu-micro-bit-genius-toy~19966.jpg"",""https://cdnmpro.com/708224949/p/raw/5/kit-stem-workshop-de-robotica-compatibil-cu-micro-bit-genius-toy~19965.jpg"",""https://cdnmpro.com/708224949/p/raw/7/kit-stem-workshop-de-robotica-compatibil-cu-micro-bit-genius-toy~19967.jpg"",""https://cdnmpro.com/708224949/p/raw/8/kit-stem-workshop-de-robotica-compatibil-cu-micro-bit-genius-toy~19968.jpg"",""https://cdnmpro.com/708224949/p/raw/9/kit-stem-workshop-de-robotica-compatibil-cu-micro-bit-genius-toy~19969.jpg""]","cmltqoqd70002jjujuey1ukeu","[""Gigo Toys""]","","{""shortTitleRo"": ""Workshop de Robotică micro:bit Genius Toy - Kit Avansat"", ""metaDescriptionRo"": ""Kit STEM Workshop de robotică compatibil cu micro:bit – nivel avansat!""}","true","false","1","0","","","","","0","0","2026-02-07 02:17:14.098","2026-03-22 23:59:49.000","4716503314099.0","ELEMENTARY_6_8","942.48","0","0","0","0","0","0","2.9","0","0","APPROVED","SCIENCE","ee75eea8-9f64-4076-96a2-52f5d6926c14","false","",""
"cmltqpph2000bjjvr8dm5f4f9","Outdoor Nature Explorer Bundle - Kit Explorare Natură","outdoor-nature-explorer-bundle","Outdoor discovery set with binoculars and pocket microscopes for field adventures.","475.2","528","","[""https://gomagcdn.ro/domains/kidstory.ro/files/product/original/set-pentru-explorarea-naturii-outdoor-adventure-143043.jpg"",""https://gomagcdn.ro/domains/kidstory.ro/files/product/original/set-pentru-explorarea-naturii-outdoor-adventure-610373.jpg"",""https://gomagcdn.ro/domains/kidstory.ro/files/product/original/set-pentru-explorarea-naturii-outdoor-adventure-167030.jpg"",""https://gomagcdn.ro/domains/kidstory.ro/files/product/original/set-pentru-explorarea-naturii-outdoor-adventure-105860.jpg"",""https://gomagcdn.ro/domains/kidstory.ro/files/product/original/set-pentru-explorarea-naturii-outdoor-adventure-183197.jpg"",""https://gomagcdn.ro/domains/kidstory.ro/files/product/original/set-pentru-explorarea-naturii-outdoor-adventure-464590.jpg"",""https://gomagcdn.ro/domains/kidstory.ro/files/product/original/set-pentru-explorarea-naturii-outdoor-adventure-859110.jpg"",""https://gomagcdn.ro/domains/kidstory.ro/files/product/original/set-pentru-explorarea-naturii-outdoor-adventure-157381.jpg"",""https://gomagcdn.ro/domains/kidstory.ro/files/product/original/set-pentru-explorarea-naturii-outdoor-adventure-017188.jpg""]","cmltqoq940001jjujkuq676do","[""Outdoor & Nature"",""Bundle"",""ENGINEERING""]","","{""shortTitleRo"": ""Outdoor Nature Explorer Bundle - Kit Explorare Natură"", ""metaDescriptionRo"": ""Set Outdoor Nature Explorer cu binoclu și microscop de buzunar – aventuri în natură!""}","false","false","0","0","","","","","0","0","2026-02-19 17:33:47.702","2026-03-22 23:59:49.000","","MIDDLE_SCHOOL_9_12","528","0","0","0","0","0","0","2.9","0","0","APPROVED","ENGINEERING","26f5418c-965d-4630-994c-b51947cdec04","true","[""db3b31bd-38f8-468d-be17-45f9848452cf"",""b054f550-18d9-4bce-a2c7-c4332fc7201e"",""6dd34d7c-ac76-4a54-865c-da57aebca328"",""347b4498-48a1-46f3-a63a-1348dc047638""]","10"
