"id","name","slug","description","price","compareAtPrice","sku","images","categoryId","tags","attributes","metadata","isActive","featured","stockQuantity","reservedQuantity","reorderPoint","weight","dimensions","averageRating","reviewCount","totalSold","createdAt","updatedAt","barcode","ageGroup","costPrice","importDuties","shippingCost","storageCost","packagingCost","laborCost","qualityControlCost","paymentProcessingFee","customerServiceCost","operationalOverhead","status","stemDiscipline","supplierId","isBundle","bundleItems","bundleDiscount"
"bc2b1489-2818-490f-a41f-1e6faac4d385","Labirint numerotat cu bila rosu","labirint-numerotat-cu-bila-rosu-Fr_17481","LABIRINT CU BILA, ROSU Joc logic și de &icirc;ndem&acirc;nare- labirint cu bilă. Confecționat din lemn și materiale non-toxice conform reglementărilor EN71 &amp; ASTM V&acirc;rsta recomandată: +6 ani. AVERTISMENT: Contraindicat copiilor sub 3 ani. Conține piese mici ce pot fi &icirc;nghițite. A se utiliza sub stricta supraveghere a unei persoane adulte. Producător: Fridolin, Germania","25","29.99","Fr_17481","[""https://cdnmpro.com/708224949/p/raw/5/labirint-numerotat-cu-bila-rosu~2355.jpg""]","cmli6bo4x0008jjpbrbibqgfi","[""Fridolin""]","{}","{""learningOutcomes"":[],""specialCategories"":[]}","true","false","2","22",,,,,"0","0","2026-02-07 02:17:14.098","2026-03-22 01:12:33.616","4031172174813.0","ELEMENTARY_6_8","16.5","0","0","0","0","0","0","2.9","0","0","APPROVED","GENERAL","ee75eea8-9f64-4076-96a2-52f5d6926c14","false",,
"92fb8976-9b07-4c74-9a75-a36782d62da9","Joc logic IQ 3D Puzzle Cub natur-rosu, Fridolin","joc-logic-iq-3d-puzzle-cub-natur-rosu-fridolin-Fr_17422","Test IQ Puzzle 3D din lemn&nbsp;Cub șarpe roșu - natur  Scopul jocului este de a demonta si apoi a monta puzzle-ul. Dezvoltă perspicacitatea și inteligența.Jocuri de gândire în care trebuie să dezlegați misterul puzzle-urilor. Grad de dificultate: *** Vârsta recomandată +8 ani. Confecționat din lemn și materiale non-toxice conform reglementărilor EN71 &amp; ASTM. Certificate FSC®. AVERTISMENT: Contraindicat copiilor sub 3 ani. Conține piese mici ce pot fi inghițite. A se utiliza sub stricta supraveghere a unei persoane adulte. Producător: Fridolin, Germania.","27.9",,"Fr_17422","[""https://cdnmpro.com/708224949/p/raw/6/joc-logic-iq-3d-puzzle-cub-natur-rosu-fridolin~3516.jpg"",""https://cdnmpro.com/708224949/p/raw/6/joc-logic-iq-3d-puzzle-cub-natur-rosu-fridolin~3786.jpg"",""https://cdnmpro.com/708224949/p/raw/7/joc-logic-iq-3d-puzzle-cub-natur-rosu-fridolin~3787.jpg""]",,"[""Fridolin""]",,,"true","false","16","4",,,,,"0","0","2026-02-07 02:17:14.098","2026-03-22 01:12:33.785","4031172174226.0","TODDLERS_1_3","20.46","0","0","0","0","0","0","2.9","0","0","APPROVED","GENERAL","ee75eea8-9f64-4076-96a2-52f5d6926c14","false",,
"b4ba4023-ad35-4193-b138-d086ba776f55","Submarin de scufundari","submarin-de-scufundari-4M-03212","Vezi cum se scufunda submarinul si reapare la suprafata cu ajutorul prafului de copt. Este uimitor!  Umpleti rezervorul submarinului cu praf de copt (neinclus) si urmariti cum acesta va continua sa se scufunde in adancuri si sa urce apoi la suprafata. Acesta jucarie, inventata cu circa 70 ani in urma, poate fi folosita si ca un experiment de chimie in fata unei clase de elevi curiosi. Important: folositi exclusiv praf de copt, nu bicarbonat de sodiu.  Varsta 5 ani+  Dimensiune pachet:  13cm x 19.5cm x 2.4cm","29",,"4M-03212","[""https://gomagcdn.ro/domains/kidstory.ro/files/product/original/submarin-de-scufundari-454279.jpg"",""https://gomagcdn.ro/domains/kidstory.ro/files/product/original/submarin-de-scufundari-595234.jpg"",""https://gomagcdn.ro/domains/kidstory.ro/files/product/original/submarin-de-scufundari-273469.jpg"",""https://gomagcdn.ro/domains/kidstory.ro/files/product/original/submarin-de-scufundari-092653.jpg"",""https://gomagcdn.ro/domains/kidstory.ro/files/product/original/submarin-de-scufundari-494622.jpg"",""https://gomagcdn.ro/domains/kidstory.ro/files/product/original/submarin-de-scufundari-221005.jpg"",""https://gomagcdn.ro/domains/kidstory.ro/files/product/original/submarin-de-scufundari-012494.jpg""]",,"[""4M""]",,,"true","false","1","2",,,,,"0","0","2026-02-07 02:17:55.145","2026-03-22 01:12:31.413",,"PRESCHOOL_3_5","21.75","0","0","0","0","0","0","2.9","0","0","APPROVED","SCIENCE","26f5418c-965d-4630-994c-b51947cdec04","false",,
"17b1ac62-9b9c-4a36-8d97-3a1e0ec07f61","Mini experiment - sparge o geoda (cristal)","mini-experiment-sparge-o-geoda-cristal-4M-03925","Sparge aceasta piatra pentru a debloca magia prinsa inauntru.  Un proiect simplu si distractiv! Un cristal geoda pentru a fi spart si a scoate la suprafata mijlocul stralucitor!  Apoi poate fi expus ca bibelou sau amintire!  Varsta 3+.  Nota: Necesita supravegherea unui adult daca are sub 14 ani.","31",,"4M-03925","[""https://gomagcdn.ro/domains/kidstory.ro/files/product/original/mini-experiment-sparge-o-geoda-cristal-428093.png"",""https://gomagcdn.ro/domains/kidstory.ro/files/product/original/mini-experiment-sparge-o-geoda-cristal-574845.png""]",,"[""4M""]",,,"true","false","1","0",,,,,"0","0","2026-02-07 02:17:55.145","2026-03-22 01:12:31.629",,"PRESCHOOL_3_5","23.25","0","0","0","0","0","0","2.9","0","0","APPROVED","SCIENCE","26f5418c-965d-4630-994c-b51947cdec04","false",,
"c2a4e23b-a93f-4651-81ba-05428e2bbdde","Joc logic IQ puzzle metalic 5*, Fridolin","joc-logic-iq-puzzle-metalic-5-fridolin-Fr_17265","Test IQ puzzle metalic Vultur Joc logic puzzle 3D metalic. Scopul jocului este de a demonta și apoi de a monta la loc puzzle-ul. Jocuri de gândire în care trebuie să dezlegi misterul puzzle-urilor, dezvoltă perspicacitatea, inteligența, răbdarea și concentrarea. Confecționat din materiale non-toxice conform reglementărilor EN71 &amp; ASTM.&nbsp;Certificare FSC®. Vârsta recomandată: +6 ani.Grad de dificultate: *****AVERTISMENT: Contraindicat copiilor sub 3 ani. Conține piese mici ce pot fi înghițite. A se utiliza sub stricta supraveghere a unei persoane adulte. Producător: Fridolin, Germania.","32.4",,"Fr_17265","[""https://cdnmpro.com/708224949/p/raw/4/joc-logic-iq-puzzle-metalic-5-fridolin~3514.jpg"",""https://cdnmpro.com/708224949/p/raw/4/joc-logic-iq-puzzle-metalic-5-fridolin~3784.jpg""]",,"[""Fridolin""]",,,"true","false","7","1",,,,,"0","0","2026-02-07 02:17:14.098","2026-03-22 01:12:33.756","4031172172659.0","TODDLERS_1_3","23.76","0","0","0","0","0","0","2.9","0","0","APPROVED","GENERAL","ee75eea8-9f64-4076-96a2-52f5d6926c14","false",,
"b511046c-3d70-4bb1-a85f-7eeaf0f6d9fa","Joc logic IQ metalic 3*, Fridolin","joc-logic-iq-metalic-3-Fr_17266","Joc logic IQ Metalic nr. 3 &ndash; Triunghi | Fridolin Puzzle metalic de dezlegat &mdash; obiectivul este să eliberezi inelul din structura metalică.&nbsp; Un clasic al jocurilor de logică &mdash; puzzle-ul metalic IQ nr. 3 constă dintr-o structură metalică &icirc;n formă de triunghi și o tijă cu inel, prinse &icirc;mpreună. Obiectivul este simplu de enunțat: eliberează inelul. Soluția, mai puțin. Pare ușor. Dar nu este. Detalii:  Material: metal cromat Dificultate: 3 din 5 Format compact &mdash; se poate purta &icirc;n buzunar Soluția este inclusă  De ce să-l alegi: Antrenează g&acirc;ndirea spațială, răbdarea și capacitatea de a g&acirc;ndi &icirc;n afara tiparelor.&nbsp; Gadget anti-stres pe birou sau cadou pentru pasionații de puzzle. Dificultate medie (3/5). Compact, elegant, antrenant. Potrivit pentru adulți și tineri de peste 8 ani. Conform reglementărilor EN71 &amp; ASTM. AVERTISMENT: Contraindicat copiilor sub 3 ani.&nbsp;&nbsp; Producător: Fridolin, Germania","36",,"Fr_17266","[""https://cdnmpro.com/708224949/p/raw/5/joc-logic-iq-metalic-3-fridolin~100183875.jpg"",""https://cdnmpro.com/708224949/p/raw/8/joc-logic-iq-metalic-3-fridolin~100183878.jpg""]",,"[""Fridolin""]",,,"true","false","1","0",,,,,"0","0","2026-02-07 02:17:14.098","2026-03-22 01:12:33.77","4031172172666.0","TODDLERS_1_3","23.76","0","0","0","0","0","0","2.9","0","0","APPROVED","GENERAL","ee75eea8-9f64-4076-96a2-52f5d6926c14","false",,
"fc073628-db72-4ce9-9ac7-c652c8ac1998","Joc logic IQ puzzle metalic 4*, Fridolin","joc-logic-iq-puzzle-metalic-4-fridolin-Fr_17262","Test IQ puzzle metalic Copac Joc logic puzzle 3D metalic. Scopul jocului este de a demonta și apoi de a monta la loc puzzle-ul. Jocuri de gândire în care trebuie să dezlegi misterul puzzle-urilor, dezvoltă perspicacitatea, inteligența, răbdarea și concentrarea. Confecționat din materiale non-toxice conform reglementărilor EN71 &amp; ASTM.&nbsp;Certificare FSC®. Vârsta recomandată: +6 ani.Grad de dificultate: ****AVERTISMENT: Contraindicat copiilor sub 3 ani. Conține piese mici ce pot fi înghițite. A se utiliza sub stricta supraveghere a unei persoane adulte. Producător: Fridolin, Germania.","36",,"Fr_17262","[""https://cdnmpro.com/708224949/p/raw/3/joc-logic-iq-puzzle-metalic-4-fridolin~3513.jpg"",""https://cdnmpro.com/708224949/p/raw/3/joc-logic-iq-puzzle-metalic-4-fridolin~3783.jpg""]",,"[""Fridolin""]",,,"true","false","1","0",,,,,"0","0","2026-02-07 02:17:14.098","2026-03-22 01:12:33.739","4031172172628.0","TODDLERS_1_3","23.76","0","0","0","0","0","0","2.9","0","0","APPROVED","GENERAL","ee75eea8-9f64-4076-96a2-52f5d6926c14","false",,
"18337bd9-43a9-4da2-820e-7b4a41416139","Jucarie optica Racheta, Londji","jucarie-optica-racheta-londji-Lj_CD037U","Jucărie optică Rachetă Jucărie optică, descompune şi multiplică imaginea în mii de bucăţele. Modele caleidoscopice se formează prin descompunerea în părți mici a obiectelor din jur.Descoperă lumea prin ochii unei insecte. Un obiectiv cu totul special.Ilustrație Can SeixantaVârsta recomandată: 3-103 ani.Confecționată din carton reciclat și lentilă acrilică, conform reglementărilor EN71&amp;ASTM.AVERTISMENT: Contraindicat copiilor sub 3 ani, conține piese mici, pericol de sufocare. A se utiliza sub directa supraveghere a unui adult. Îndepărtaţi eticheta înainte de a oferi jucăria copilului. Producător: Londji, Spania.","37",,"Lj_CD037U","[""https://cdnmpro.com/708224949/p/raw/9/jucarie-optica-racheta-londji~16899.jpg"",""https://cdnmpro.com/708224949/p/raw/2/jucarie-optica-racheta-londji~8482.jpg"",""https://cdnmpro.com/708224949/p/raw/9/jucarie-optica-racheta-londji~8769.jpg"",""https://cdnmpro.com/708224949/p/raw/0/jucarie-optica-racheta-londji~16900.jpg"",""https://cdnmpro.com/708224949/p/raw/1/jucarie-optica-racheta-londji~16901.jpg""]",,"[""Londji""]",,,"true","false","17","0",,,,,"0","0","2026-02-07 02:17:14.098","2026-03-22 01:12:34.437","Lj_CD037U","TODDLERS_1_3","24.42","0","0","0","0","0","0","2.9","0","0","APPROVED",,"ee75eea8-9f64-4076-96a2-52f5d6926c14","false",,
"10d5c3f6-b9ad-4f74-b4a4-7d520ab02221","Jucarie optica Albina, Londji","jucarie-optica-albina-londji-LJ_CD023U","Jucărie optică Albina Privește lumea prin ochii unei albineJucărie optică, descompune şi multiplică imaginea în mii de bucăţele. Spre deosebire de caleidoscoapele clasice, care fac modele din bucățelele mici aflate în interiorul instrumentului, teleidoscopul face modele caleidoscopice din obiectele din jur.Vârsta recomandată: 3-103 ani.Confecționat din carton reciclat și plastic, conform reglementărilor EN71&amp;ASTM.AVERTISMENT: Contraindicat copiilor sub 3 ani, conține piese mici, pericol de sufocare. A se utiliza sub directa supraveghere a unui adult. Îndepărtaţi eticheta înainte de a oferi jucăria copilului. Producător: Londji, Spania.","37",,"LJ_CD023U","[""https://cdnmpro.com/708224949/p/raw/7/jucarie-optica-albina-londji~16907.jpg"",""https://cdnmpro.com/708224949/p/raw/1/jucarie-optica-albina-londji~4911.jpg"",""https://cdnmpro.com/708224949/p/raw/6/jucarie-optica-albina-londji~5086.jpg"",""https://cdnmpro.com/708224949/p/raw/5/jucarie-optica-albina-londji~16905.jpg"",""https://cdnmpro.com/708224949/p/raw/6/jucarie-optica-albina-londji~16906.jpg""]",,"[""Londji""]",,,"true","false","22","1",,,,,"0","0","2026-02-07 02:17:14.098","2026-03-22 01:12:33.969","LJ_CD023U","TODDLERS_1_3","24.42","0","0","0","0","0","0","2.9","0","0","APPROVED",,"ee75eea8-9f64-4076-96a2-52f5d6926c14","false",,
"1698e114-75d3-4b7d-8baa-eafe5ea91dde","Jucarie optica Buburuza, Londji","jucarie-optica-buburuza-londji-LJ_CD022U","Jucărie optică Buburuză O lentilă optică într-o ilustrație cu buburuză pentru a vă permite să vedeți ca o insectă. Un caleidoscop mic, ideal pentru divertisment în călătorii. Jucărie optică, descompune şi multiplică imaginea în mii de bucăţele. Spre deosebire de caleidoscoapele clasice, care fac modele din bucățelele mici aflate în interiorul instrumentului, teleidoscopul face modele caleidoscopice din obiectele din jur.Vârsta recomandată: 3-103 ani. Confecționat din carton reciclat și plastic, conform reglementărilor EN71&amp;ASTM.AVERTISMENT: Contraindicat copiilor sub 3 ani, conține piese mici, pericol de sufocare. A se utiliza sub directa supraveghere a unui adult. Îndepărtaţi eticheta înainte de a oferi jucăria copilului. Producător: Londji, Spania.","37",,"LJ_CD022U","[""https://cdnmpro.com/708224949/p/raw/0/jucarie-optica-buburuza-londji~16910.jpg"",""https://cdnmpro.com/708224949/p/raw/0/jucarie-optica-buburuza-londji~4910.jpg"",""https://cdnmpro.com/708224949/p/raw/5/jucarie-optica-buburuza-londji~5085.jpg"",""https://cdnmpro.com/708224949/p/raw/8/jucarie-optica-buburuza-londji~16908.jpg"",""https://cdnmpro.com/708224949/p/raw/9/jucarie-optica-buburuza-londji~16909.jpg""]",,"[""Londji""]",,,"true","false","29","1",,,,,"0","0","2026-02-07 02:17:14.098","2026-03-22 01:12:33.952","LJ_CD022U","TODDLERS_1_3","24.42","0","0","0","0","0","0","2.9","0","0","APPROVED",,"ee75eea8-9f64-4076-96a2-52f5d6926c14","false",,
"7e30c407-9137-42c0-b2a4-8f37dccfc1e5","Joc logic IQ 3D Puzzle in cutie metalica Knot, Fridolin","joc-logic-iq-3d-puzzle-in-cutie-metalica-knot-fridolin-Fr_17523","Test IQ Puzzle 3D din lemn de bambus Knot Joc logic puzzle 3D din lemn de bambus, în cutie metalică. Scopul jocului este de a monta puzzle-ul cu ajutorul pieselor din cutie.&nbsp;Jocuri de gândire în care trebuie să dezlegați misterul puzzle-urilor. Dezvoltă răbdarea, perspicacitatea, inteligența. Grad de dificultate: *** Vârsta recomandată +8 ani. Confecționat din lemn și materiale non-toxice conform reglementărilor EN71 &amp; ASTM. Certificate FSC®. AVERTISMENT: Contraindicat copiilor sub 3 ani. Conține piese mici ce pot fi inghițite. A se utiliza sub stricta supraveghere a unei persoane adulte. Producător: Fridolin, Germania.","41.4",,"Fr_17523","[""https://cdnmpro.com/708224949/p/raw/8/joc-logic-iq-3d-puzzle-in-cutie-metalica-knot-fridolin~3518.jpg"",""https://cdnmpro.com/708224949/p/raw/9/joc-logic-iq-3d-puzzle-in-cutie-metalica-knot-fridolin~3789.jpg"",""https://cdnmpro.com/708224949/p/raw/0/joc-logic-iq-3d-puzzle-in-cutie-metalica-knot-fridolin~3790.jpg""]",,"[""Fridolin""]",,,"true","false","5","0",,,,,"0","0","2026-02-07 02:17:14.098","2026-03-22 01:12:33.815","4031172175230.0","ELEMENTARY_6_8","30.36","0","0","0","0","0","0","2.9","0","0","APPROVED","GENERAL","ee75eea8-9f64-4076-96a2-52f5d6926c14","false",,
"09f378d6-17a8-45b5-b7a0-14cb25164b64","Joc logic IQ puzzle cu snur Elibereaza inelul-1, Fridolin","joc-logic-iq-puzzle-cu-snur-elibereaza-inelul-1-fridolin-Fr_17131","Test IQ puzzle lemn de bambus cu șnur Elibereaza inelul-1 Test IQ puzzle cu șnur verde deschis și lemn de bambus într-o cutie metalică: două bile - un cerc.&nbsp;Dezvoltă perspicacitatea, inteligența, răbdarea și concentrarea. Dimensiuni cutie: 6 x 2,2 x 9,4 cm (L x A x P). Confecționat din lemn și materiale non-toxice conform reglementărilor EN71 &amp; ASTM. Vârsta recomandată: +8 ani.Grad de dificultate: **AVERTISMENT: Contraindicat copiilor sub 3 ani. Conține piese mici ce pot fi înghițite, șnur lung. A se utiliza sub stricta supraveghere a unei persoane adulte. Producător: Fridolin, Germania. ","41.4",,"Fr_17131","[""https://cdnmpro.com/708224949/p/raw/0/joc-logic-iq-puzzle-cu-snur-elibereaza-inelul-1-fridolin~2370.jpg"",""https://cdnmpro.com/708224949/p/raw/3/joc-logic-iq-puzzle-cu-snur-elibereaza-inelul-1-fridolin~2673.jpg""]",,"[""Fridolin""]",,,"true","false","1","0",,,,,"0","0","2026-02-07 02:17:14.098","2026-03-22 01:12:33.632","4031172171317.0","ELEMENTARY_6_8","30.36","0","0","0","0","0","0","2.9","0","0","APPROVED","GENERAL","ee75eea8-9f64-4076-96a2-52f5d6926c14","false",,
"d08b1d39-1734-4059-9860-d712824688aa","Joc logic IQ puzzle cu snur Elibereaza inelul-5, Fridolin","joc-logic-iq-puzzle-cu-snur-elibereaza-inelul-5-fridolin-Fr_17135","Test IQ puzzle lemn de bambus cu șnur Elibereaza inelul Test IQ puzzle cu șnur albastru și lemn de bambus într-o cutie metalică: patru bile - două plăci.&nbsp;Dezvoltă perspicacitatea, inteligența, răbdarea și concentrarea. Dimensiuni cutie: 6 x 2,2 x 9,4 cm (L x A x P). Confecționat din lemn și materiale non-toxice conform reglementărilor EN71 &amp; ASTM. Certificare FSC. Vârsta recomandată: +8 ani.Grad de dificultate: **AVERTISMENT: Contraindicat copiilor sub 3 ani. Conține piese mici ce pot fi înghițite, șnur lung. A se utiliza sub stricta supraveghere a unei persoane adulte. Producător: Fridolin, Germania.","41.4",,"Fr_17135","[""https://cdnmpro.com/708224949/p/raw/2/joc-logic-iq-puzzle-cu-snur-elibereaza-inelul-5-fridolin~3552.jpg"",""https://cdnmpro.com/708224949/p/raw/7/joc-logic-iq-puzzle-cu-snur-elibereaza-inelul-5-fridolin~3807.jpg""]",,"[""Fridolin""]",,,"true","false","3","0",,,,,"0","0","2026-02-07 02:17:14.098","2026-03-22 01:12:33.877","4031172171355.0","ELEMENTARY_6_8","30.36","0","0","0","0","0","0","2.9","0","0","APPROVED","GENERAL","ee75eea8-9f64-4076-96a2-52f5d6926c14","false",,
"33cfdd18-dae0-4ee1-80c2-fca4316eb3f1","Joc logic IQ 3D Puzzle in cutie metalica Construction, Fridolin","joc-logic-iq-3d-puzzle-in-cutie-metalica-construction-fridolin-Fr_17325","Test IQ Puzzle 3D din lemn de bambus Construction Scopul jocului este de a demonta si apoi a monta puzzle-ul. Dezvoltă perspicacitatea și inteligența.Jocuri de gândire în care trebuie să dezlegați misterul puzzle-urilor, dezvoltă perspicacitatea, inteligența. Grad de dificultate: *** Vârsta recomandată +8 ani. Confecționat din lemn și materiale non-toxice conform reglementărilor EN71 &amp; ASTM. Certificate FSC®. AVERTISMENT: Contraindicat copiilor sub 3 ani. Conține piese mici ce pot fi inghițite. A se utiliza sub stricta supraveghere a unei persoane adulte. Producător: Fridolin, Germania.","41.4",,"Fr_17325","[""https://cdnmpro.com/708224949/p/raw/1/joc-logic-iq-3d-puzzle-in-cutie-metalica-construction-fridolin~2381.jpg"",""https://cdnmpro.com/708224949/p/raw/4/joc-logic-iq-3d-puzzle-in-cutie-metalica-construction-fridolin~2694.jpg"",""https://cdnmpro.com/708224949/p/raw/5/joc-logic-iq-3d-puzzle-in-cutie-metalica-construction-fridolin~2695.jpg""]",,"[""Fridolin""]",,,"true","false","14","0",,,,,"0","0","2026-02-07 02:17:14.098","2026-03-22 01:12:33.647","4031172173250.0","ELEMENTARY_6_8","30.36","0","0","0","0","0","0","2.9","0","0","APPROVED","ENGINEERING","ee75eea8-9f64-4076-96a2-52f5d6926c14","false",,
"49054aca-990d-4d47-8551-5395400cc373","Joc logic IQ puzzle cu snur Elibereaza inelul-3, Fridolin","joc-logic-iq-puzzle-cu-snur-elibereaza-inelul-3-fridolin-Fr_17133","Test IQ puzzle lemn de bambus cu șnur Elibereaza inelul-3 Test IQ puzzle cu șnur portocaliu și lemn de bambus într-o cutie metalică: două emisfere - un inel.&nbsp;Dezvoltă perspicacitatea, inteligența, răbdarea și concentrarea. Dimensiuni cutie: 6 x 2,2 x 9,4 cm (L x A x P). Confecționat din lemn și materiale non-toxice conform reglementărilor EN71 &amp; ASTM.&nbsp;Certificate FSC®. Vârsta recomandată: +8 ani.Grad de dificultate: *****AVERTISMENT: Contraindicat copiilor sub 3 ani. Conține piese mici ce pot fi înghițite, șnur lung. A se utiliza sub stricta supraveghere a unei persoane adulte. Producător: Fridolin, Germania.","46",,"Fr_17133","[""https://cdnmpro.com/708224949/p/raw/0/joc-logic-iq-puzzle-cu-snur-elibereaza-inelul-3-fridolin~3550.jpg"",""https://cdnmpro.com/708224949/p/raw/3/joc-logic-iq-puzzle-cu-snur-elibereaza-inelul-3-fridolin~3803.jpg"",""https://cdnmpro.com/708224949/p/raw/4/joc-logic-iq-puzzle-cu-snur-elibereaza-inelul-3-fridolin~3804.jpg""]",,"[""Fridolin""]",,,"true","false","3","0",,,,,"0","0","2026-02-07 02:17:14.098","2026-03-22 01:12:33.846","4031172171331.0","ELEMENTARY_6_8","30.36","0","0","0","0","0","0","2.9","0","0","APPROVED","GENERAL","ee75eea8-9f64-4076-96a2-52f5d6926c14","false",,
"e0ced494-1249-4c14-847e-e463f0e76bee","IQ Test Tangram in cutie metalica, Fridolin","iq-test-tangram-in-cutie-metalica-fridolin-Fr_17323","Tangram din lemn în cutie metalică Tangram-ul, jocul pătratului magic este format din 7 figuri geometrice (2 triunghiuri mari, unul mediu și 2 mici, un paralelogram și un pătrat). Diferența dintre tangram și un puzzle normal este că, în timp ce la puzzle piesele sunt așezate într-un singur fel, după un anumit model, la tangram modelele sunt nenumărate – poți așeza piesele cum vrei, rezultând o varietate de figuri. Se vor folosi toate cele şapte piese care alcătuiesc pătratul iniţial (şi numai ele) la alcătuirea oricărei imagini. Piesele se vor aşeza una lângă alta, fără suprapunere, în plan. Peste 1600 de imagini reprezentând animale, oameni, litere, cifre, obiecte și multe altele pot fi create din cele 7 piese ale tangramului. Vârsta recomandată: +6 ani. Confecționate din lemn și materiale non-toxice, cu culori non-toxice, conform reglementărilor EN71 &amp; ASTM.&nbsp;Certificate FSC®.AVERTISMENT: Contraindicat copiilor sub 3 ani. Conține piese mici ce pot fi inghițite. Pericol de sufocare. A se utiliza sub directa supraveghere a unei persoane adulte. Producător: Fridolin, Germania.","46",,"Fr_17323","[""https://cdnmpro.com/708224949/p/raw/7/iq-test-tangram-in-cutie-metalica-fridolin~1107.jpg""]",,"[""Fridolin""]",,,"true","false","11","0",,,,,"0","0","2026-02-07 02:17:14.098","2026-03-22 01:12:33.447","4031172173236.0","ELEMENTARY_6_8","30.36","0","0","0","0","0","0","2.9","0","0","APPROVED","MATHEMATICS","ee75eea8-9f64-4076-96a2-52f5d6926c14","false",,
"3c6bb143-3ac8-43d1-bc22-5f6a721a8974","Joc logic IQ puzzle cu snur Elibereaza inelul, Fridolin","joc-logic-iq-puzzle-cu-snur-elibereaza-inelul-fridolin-Fr_17154","Test Genius Elibereaza inelul Test IQ puzzle cu șnur albastru și lemn de bambus într-o cutie metalică: patru bile - două plăci.&nbsp;Dezvoltă perspicacitatea, inteligența, răbdarea și concentrarea. Dimensiuni cutie: 6 x 2,2 x 9,4 cm (L x A x P). Confecționat din lemn și materiale non-toxice conform reglementărilor EN71 &amp; ASTM. Certificare FSC. Vârsta recomandată: +8 ani.Grad de dificultate: ***AVERTISMENT: Contraindicat copiilor sub 3 ani. Conține piese mici ce pot fi înghițite, șnur lung. A se utiliza sub stricta supraveghere a unei persoane adulte. Producător: Fridolin, Germania.","46",,"Fr_17154","[""https://cdnmpro.com/708224949/p/raw/0/joc-logic-iq-puzzle-cu-snur-elibereaza-inelul-fridolin~4390.jpg"",""https://cdnmpro.com/708224949/p/raw/0/joc-logic-iq-puzzle-cu-snur-elibereaza-inelul-fridolin~4620.jpg""]",,"[""Fridolin""]",,,"true","false","6","0",,,,,"0","0","2026-02-07 02:17:14.098","2026-03-22 01:12:33.936","4031172171546.0","ELEMENTARY_6_8","30.36","0","0","0","0","0","0","2.9","0","0","APPROVED","GENERAL","ee75eea8-9f64-4076-96a2-52f5d6926c14","false",,
"35ef74ba-e208-40ca-9706-d21fe617629d","Joc logic IQ puzzle cu snur Elibereaza inelul-2, Fridolin","joc-logic-iq-puzzle-cu-snur-elibereaza-inelul-2-fridolin-Fr_17132","Test IQ puzzle lemn de bambus cu snur Elibereaza inelul-2 Test IQ puzzle cu șnur verde și lemn de bambus într-o cutie metalică: două bile - trei plăci.&nbsp;Dezvoltă perspicacitatea, inteligența, răbdarea și concentrarea. Dimensiuni cutie: 6 x 2,2 x 9,4 cm (L x A x P). Confecționat din lemn și materiale non-toxice conform reglementărilor EN71 &amp; ASTM. Vârsta recomandată: +8 ani.Grad de dificultate: ***AVERTISMENT: Contraindicat copiilor sub 3 ani. Conține piese mici ce pot fi înghițite, șnur lung. A se utiliza sub stricta supraveghere a unei persoane adulte. Producător: Fridolin, Germania.","46",,"Fr_17132","[""https://cdnmpro.com/708224949/p/raw/9/joc-logic-iq-puzzle-cu-snur-elibereaza-inelul-2-fridolin~3549.jpg"",""https://cdnmpro.com/708224949/p/raw/2/joc-logic-iq-puzzle-cu-snur-elibereaza-inelul-2-fridolin~3802.jpg""]",,"[""Fridolin""]",,,"true","false","9","0",,,,,"0","0","2026-02-07 02:17:14.098","2026-03-22 01:12:33.831","4031172171324.0","ELEMENTARY_6_8","30.36","0","0","0","0","0","0","2.9","0","0","APPROVED","GENERAL","ee75eea8-9f64-4076-96a2-52f5d6926c14","false",,
"3330e08b-bfdf-4f75-b06c-dddc20534e01","Joc logic IQ puzzle cu snur Elibereaza inelul-6, Fridolin","joc-logic-iq-puzzle-cu-snur-elibereaza-inelul-6-fridolin-Fr_17136","Test IQ puzzle lemn de bambus cu snur rosu Test IQ puzzle cu șnur roșu și lemn de bambus într-o cutie metalică: 2 bile - 1 triunghi.&nbsp;Dezvoltă perspicacitatea, inteligența, răbdarea și concentrarea. Dimensiuni cutie: 6 x 2,2 x 9,4 cm (L x A x P). Confecționat din lemn și materiale non-toxice conform reglementărilor EN71 &amp; ASTM. Vârsta recomandată: +8 ani.Grad de dificultate: ****AVERTISMENT: Contraindicat copiilor sub 3 ani. Conține piese mici ce pot fi înghițite, șnur lung. A se utiliza sub stricta supraveghere a unei persoane adulte. Producător: Fridolin, Germania.","46",,"Fr_17136","[""https://cdnmpro.com/708224949/p/raw/3/joc-logic-iq-puzzle-cu-snur-elibereaza-inelul-6-fridolin~3553.jpg"",""https://cdnmpro.com/708224949/p/raw/8/joc-logic-iq-puzzle-cu-snur-elibereaza-inelul-6-fridolin~3808.jpg"",""https://cdnmpro.com/708224949/p/raw/9/joc-logic-iq-puzzle-cu-snur-elibereaza-inelul-6-fridolin~3809.jpg""]",,"[""Fridolin""]",,,"true","false","4","0",,,,,"0","0","2026-02-07 02:17:14.098","2026-03-22 01:12:33.891","4031172171362.0","ELEMENTARY_6_8","30.36","0","0","0","0","0","0","2.9","0","0","APPROVED","GENERAL","ee75eea8-9f64-4076-96a2-52f5d6926c14","false",,
"26f222e4-1ed7-4363-9ab3-befb99b2c2cc","Joc logic IQ puzzle cu snur Elibereaza inelul-4, Fridolin","joc-logic-iq-puzzle-cu-snur-elibereaza-inelul-4-fridolin-Fr_17134","Test IQ puzzle lemn de bambus cu șnur Elibereaza inelul-4 Test IQ puzzle cu șnur negru și lemn de bambus într-o cutie metalică: două bile - o placă.&nbsp;Dezvoltă perspicacitatea, inteligența, răbdarea și concentrarea. Dimensiuni cutie: 6 x 2,2 x 9,4 cm (L x A x P). Confecționat din lemn și materiale non-toxice conform reglementărilor EN71 &amp; ASTM.&nbsp;Certificate FSC®. Vârsta recomandată: +8 ani.Grad de dificultate: ****AVERTISMENT: Contraindicat copiilor sub 3 ani. Conține piese mici ce pot fi înghițite, șnur lung. A se utiliza sub stricta supraveghere a unei persoane adulte. Producător: Fridolin, Germania. ","46",,"Fr_17134","[""https://cdnmpro.com/708224949/p/raw/1/joc-logic-iq-puzzle-cu-snur-elibereaza-inelul-4-fridolin~3551.jpg"",""https://cdnmpro.com/708224949/p/raw/5/joc-logic-iq-puzzle-cu-snur-elibereaza-inelul-4-fridolin~3805.jpg"",""https://cdnmpro.com/708224949/p/raw/6/joc-logic-iq-puzzle-cu-snur-elibereaza-inelul-4-fridolin~3806.jpg""]",,"[""Fridolin""]",,,"true","false","11","0",,,,,"0","0","2026-02-07 02:17:14.098","2026-03-22 01:12:33.861","4031172171348.0","ELEMENTARY_6_8","30.36","0","0","0","0","0","0","2.9","0","0","APPROVED","GENERAL","ee75eea8-9f64-4076-96a2-52f5d6926c14","false",,
"84d0f459-1bdf-4d2d-b5d5-bf3234cb4ab3","Joc logic IQ Pearls and plates, Fridolin","joc-logic-iq-pearls-and-plates-fridolin-Fr_17316"," Joc logic Pearls and plates Joc logic puzzle 3D din lemn. Scopul jocului este de a demonta și apoi a reconstrui puzzle-ul. Dezlegi misterul puzzle-ului cu concentrare și răbdare. Dezvoltă perspicacitatea, inteligența. Grad de dificultate: ***.Vârsta recomandată: +8 ani. Confecționat din lemn și materiale non-toxice conform reglementărilor EN71 &amp; ASTM. AVERTISMENT: Contraindicat copiilor sub 3 ani. Conține piese mici ce pot fi înghițite. Producător: Fridolin, Germania.","48.6",,"Fr_17316","[""https://cdnmpro.com/708224949/p/raw/0/joc-logic-iq-pearls-and-plates-fridolin~2140.jpg"",""https://cdnmpro.com/708224949/p/raw/4/joc-logic-iq-pearls-and-plates-fridolin~2504.jpg""]",,"[""Fridolin""]",,,"true","false","12","0",,,,,"0","0","2026-02-07 02:17:14.098","2026-03-22 01:12:33.548","4031172173168.0","ELEMENTARY_6_8","35.64","0","0","0","0","0","0","2.9","0","0","APPROVED","GENERAL","ee75eea8-9f64-4076-96a2-52f5d6926c14","false",,
"6b50d933-e7f6-45be-b75d-331cd994a84e","Labirint din lemn cu bila, Egmont Toys","labirint-din-lemn-cu-bila-egmont-toys-Egm_511172","Mini-labirint din lemn Provoacă-ți abilitățile și răbdarea cu acest mini-labirint din lemn! Înclină și rotește cutia pentru a ghida bila spre linia de sosire, evitând capcanele. Este un joc de buzunar perfect pentru mânuțe mici și concentrare mare. Dimensiune: 12 x 12 x 2.5 cm Vârsta recomandată: +3 ani. Confecționat din lemn și cu bila metalica. Conform reglementărilor EN71 &amp; ASTM.AVERTISMENT: Contraindicat copiilor sub 3 ani. Conține piese mici ce pot fi înghițite. A se utiliza sub stricta supraveghere a unei persoane adulte. Două modele disponibile: cu mașinuțe sau cu ciupercuțe.Producător: Egmont Toys, Belgia.","49",,"Egm_511172","[""https://cdnmpro.com/708224949/p/raw/3/labirint-din-lemn-cu-bila-egmont-toys~21713.jpg"",""https://cdnmpro.com/708224949/p/raw/4/labirint-din-lemn-cu-bila-egmont-toys~21714.jpg"",""https://cdnmpro.com/708224949/p/raw/5/labirint-din-lemn-cu-bila-egmont-toys~21715.jpg"",""https://cdnmpro.com/708224949/p/raw/6/labirint-din-lemn-cu-bila-egmont-toys~21716.jpg"",""https://cdnmpro.com/708224949/p/raw/7/labirint-din-lemn-cu-bila-egmont-toys~21717.jpg""]",,"[""Egmont Toys""]",,,"true","false","27","0",,,,,"0","0","2026-02-07 02:17:14.098","2026-03-22 01:12:35.355","5420023045515.0","TODDLERS_1_3","32.34","0","0","0","0","0","0","2.9","0","0","APPROVED",,"ee75eea8-9f64-4076-96a2-52f5d6926c14","false",,
"5f5f401a-d2bf-431f-a856-cd0fc5af9574","Joc de logica Impossiblo Ocean, Djeco","joc-de-logica-impossiblo-ocean-djeco-DJ00807","Joc de logică Impossiblo Ocean 4 puzzle-uri captivante! Asamblează imaginile pentru a finaliza fiecare dintre cele 4 provocări de puzzle pătrat, de la cele mai simple la cele mai complicate.O singură soluție posibilă pentru fiecare puzzle.Soluția se regăsește în broșură.Design mic, ușor de transportat, sau cadoul perfect!Dezvoltă răbdarea.Conținut: 4 puzzle-uri cu 9 piese și o broșură cu reguli de joc în 10 limbi.Vârsta recomandata: 6 - 99 ani. Fabricat din hârtie și carton certificate FSC®. AVERTISMENT: Contraindicat copiilor sub 3 ani. A se utiliza sub directa supraveghere a unui adult. Producător: Djeco, Franța. Manual Joc de logica Impossiblo Ocean, Djeco - descarca aici fisierul","50.35",,"DJ00807","[""https://cdnmpro.com/708224949/p/raw/8/joc-de-logica-impossiblo-ocean-djeco~16718.jpg"",""https://cdnmpro.com/708224949/p/raw/7/joc-de-logica-impossiblo-ocean-djeco~16717.jpg"",""https://cdnmpro.com/708224949/p/raw/9/joc-de-logica-impossiblo-ocean-djeco~16719.jpg""]",,"[""Djeco""]",,,"true","false","23","0",,,,,"0","0","2026-02-07 02:17:14.098","2026-03-22 01:12:34.729","3070900008076.0","ELEMENTARY_6_8","34.98","0","0","0","0","0","0","2.9","0","0","APPROVED","GENERAL","ee75eea8-9f64-4076-96a2-52f5d6926c14","false",,
"e3ad5b1d-5afc-48c9-a0ed-d1c680adb1c3","Joc de logica Impossiblo Animo, Djeco","joc-de-logica-impossiblo-animo-djeco-DJ00808","Joc de logică Impossiblo Animo 4 puzzle-uri captivante! Asamblează imaginile pentru a finaliza fiecare dintre cele 4 provocări de puzzle pătrat, de la cele mai simple la cele mai complicate.O singură soluție posibilă pentru fiecare puzzle.Soluția se regăsește în broșură.Design mic, ușor de transportat, sau cadoul perfect!Dezvoltă răbdarea.Conținut: 4 puzzle-uri cu 9 piese și o broșură cu reguli de joc în 10 limbi.Vârsta recomandata: 6 - 99 ani. Fabricat din hârtie și carton certificate FSC®. AVERTISMENT: Contraindicat copiilor sub 3 ani. A se utiliza sub directa supraveghere a unui adult. Producător: Djeco, Franța. Manual Joc de logica Impossiblo Animo, Djeco - descarca aici fisierul","50.35",,"DJ00808","[""https://cdnmpro.com/708224949/p/raw/2/joc-de-logica-impossiblo-animo-djeco~16722.jpg"",""https://cdnmpro.com/708224949/p/raw/0/joc-de-logica-impossiblo-animo-djeco~16720.jpg"",""https://cdnmpro.com/708224949/p/raw/1/joc-de-logica-impossiblo-animo-djeco~16721.jpg""]",,"[""Djeco""]",,,"true","false","12","0",,,,,"0","0","2026-02-07 02:17:14.098","2026-03-22 01:12:34.745","3070900008083.0","ELEMENTARY_6_8","34.98","0","0","0","0","0","0","2.9","0","0","APPROVED","GENERAL","ee75eea8-9f64-4076-96a2-52f5d6926c14","false",,
"0c992b13-7d3f-4157-9c2e-19821dc85a4d","Joc logic IQ 3D puzzle Baiat albastru, Fridolin","joc-logic-iq-3d-puzzle-baiat-albastru-fridolin-Fr_17342","Test IQ Puzzle 3D din lemn de bambus Boy Scopul jocului este de aranjare a puzzle-ului, sub formă de băiat robot. Dezvoltă perspicacitatea și inteligența. Jocuri de gândire în care trebuie să dezlegați misterul puzzle-urilor. Grad de dificultate: **** Vârsta recomandată +8 ani. Confecționat din lemn și materiale non-toxice conform reglementărilor EN71 &amp; ASTM. Certificate FSC®. AVERTISMENT: Contraindicat copiilor sub 3 ani. Conține piese mici ce pot fi inghițite. A se utiliza sub stricta supraveghere a unei persoane adulte. Producător: Fridolin, Germania.","50.4",,"Fr_17342","[""https://cdnmpro.com/708224949/p/raw/0/joc-logic-iq-3d-puzzle-baiat-albastru-fridolin~3040.jpg"",""https://cdnmpro.com/708224949/p/raw/5/joc-logic-iq-3d-puzzle-baiat-albastru-fridolin~3305.jpg"",""https://cdnmpro.com/708224949/p/raw/6/joc-logic-iq-3d-puzzle-baiat-albastru-fridolin~3306.jpg""]",,"[""Fridolin""]",,,"true","false","33","0",,,,,"0","0","2026-02-07 02:17:14.098","2026-03-22 01:12:33.694","4031172173427.0","ELEMENTARY_6_8","36.96","0","0","0","0","0","0","2.9","0","0","APPROVED","TECHNOLOGY","ee75eea8-9f64-4076-96a2-52f5d6926c14","false",,
"15c39906-ef61-4acd-b20d-a88e134f9ab8","Puzzle mic Unicorn, Londji","puzzle-mic-unicorn-londji-LJ_PZ617U","Puzzle mic&nbsp;Petrecerea&nbsp;Unicornului&nbsp;🦄 &Icirc;n această seară, c&acirc;nd soarele apune, ne pregătim să sărbătorim &icirc;mpreună ziua unicornului!&nbsp; Asamblează puzzle-ul și descoperă toate detaliile petrecerii pe care z&acirc;nele și elfii au pregătit-o! Un joc educativ, sustenabil și perfect pentru distracție oriunde te afli. 🔹 Conține: Puzzle de 24 de piese + 12 piese de observație 🔎🔹 Dimensiune puzzle: 16,5 x 23,5 cm🔹 Dimensiune cutie: 14 x 8,5 x 4 cm🔹 Materiale: H&acirc;rtie FSC și carton reciclat🔹 Ilustrație: Txell Darn&eacute;🔹 V&acirc;rstă recomandată: 4+ ani🔹 Fabricat &icirc;n Barcelona Avertisment! Nu este potrivit pentru copiii sub 3 ani. Conține piese mici. 🎂 Pregătește-te de o aventură magică alături de unicorn! 🦄 Conform reglementărilor EN71. AVERTISMENT: Contraindicat copiilor sub 3 ani. Se recomandă supravegherea copilului de către un adult &icirc;n timpul jocului.Produs in Barcelona de Londji.","51",,"LJ_PZ617U","[""https://cdnmpro.com/708224949/p/raw/9/puzzle-mic-unicorn-londji~20519.jpg"",""https://cdnmpro.com/708224949/p/raw/1/puzzle-mic-unicorn-londji~20501.jpg"",""https://cdnmpro.com/708224949/p/raw/4/puzzle-mic-unicorn-londji~20454.jpg"",""https://cdnmpro.com/708224949/p/raw/5/puzzle-mic-unicorn-londji~20455.jpg"",""https://cdnmpro.com/708224949/p/raw/6/puzzle-mic-unicorn-londji~20456.jpg""]",,"[""Londji""]",,,"true","false","12","0",,,,,"0","0","2026-02-07 02:17:14.098","2026-03-22 01:12:34.991","LJ_PZ617U","TODDLERS_1_3","33.66","0","0","0","0","0","0","2.9","0","0","APPROVED","GENERAL","ee75eea8-9f64-4076-96a2-52f5d6926c14","false",,
"985e03a2-24b5-47c8-8aa2-6cbc36d5f7bb","Joc logic IQ 3D Puzzle Star, Fridolin","joc-logic-iq-3d-puzzle-star-fridolin-Fr_17462","Test IQ Puzzle 3D din lemn de bambus Star Scopul jocului este de a demonta si apoi a monta puzzle-ul. Dezvoltă perspicacitatea și inteligența.Jocuri de gândire în care trebuie să dezlegați misterul puzzle-urilor, dezvoltă perspicacitatea, inteligența. Grad de dificultate: **** Vârsta recomandată +8 ani. Confecționat din lemn și materiale non-toxice conform reglementărilor EN71 &amp; ASTM. Certificate FSC®. AVERTISMENT: Contraindicat copiilor sub 3 ani. Conține piese mici ce pot fi inghițite. A se utiliza sub stricta supraveghere a unei persoane adulte. Producător: Fridolin, Germania","54",,"Fr_17462","[""https://cdnmpro.com/708224949/p/raw/4/joc-logic-iq-3d-puzzle-star-fridolin~2354.jpg"",""https://cdnmpro.com/708224949/p/raw/2/joc-logic-iq-3d-puzzle-star-fridolin~2652.jpg""]",,"[""Fridolin""]",,,"true","false","12","1",,,,,"0","0","2026-02-07 02:17:14.098","2026-03-22 01:12:33.599","4031172174622.0","ELEMENTARY_6_8","39.6","0","0","0","0","0","0","2.9","0","0","APPROVED","GENERAL","ee75eea8-9f64-4076-96a2-52f5d6926c14","false",,
"2433f701-233d-443e-8978-f2430fa378d7","Joc logic IQ 3D Puzzle Magic frame, Fridolin","joc-logic-iq-3d-puzzle-magic-frame-fridolin-Fr_17497","Test IQ Puzzle 3D din lemn de bambus Magic frame Scopul jocului este de a demonta si apoi a monta puzzle-ul. Dezvoltă perspicacitatea și inteligența.Jocuri de gândire în care trebuie să dezlegați misterul puzzle-urilor, dezvoltă perspicacitatea, inteligența. Grad de dificultate: *** Vârsta recomandată +8 ani. Confecționat din lemn și materiale non-toxice conform reglementărilor EN71 &amp; ASTM. Certificate FSC®. AVERTISMENT: Contraindicat copiilor sub 3 ani. Conține piese mici ce pot fi inghițite. A se utiliza sub stricta supraveghere a unei persoane adulte. Producător: Fridolin, Germania.","54",,"Fr_17497","[""https://cdnmpro.com/708224949/p/raw/6/joc-logic-iq-3d-puzzle-magic-frame-fridolin~2146.jpg""]",,"[""Fridolin""]",,,"true","false","11","0",,,,,"0","0","2026-02-07 02:17:14.098","2026-03-22 01:12:33.582","4031172174974.0","ELEMENTARY_6_8","39.6","0","0","0","0","0","0","2.9","0","0","APPROVED","GENERAL","ee75eea8-9f64-4076-96a2-52f5d6926c14","false",,
"91e0ad4b-613d-4795-8b09-961bc3bee808","Joc logic IQ Puzzle 3D Magic sticks, Fridolin","joc-logic-iq-puzzle-3d-magic-sticks-fridolin-Fr_17492","Puzzle 3D Magic sticksJoc logic puzzle 3D din lemn de bambus. Scopul jocului este de a demonta si apoi de a monta la loc puzzle-ul. Jocurile de gândire în care trebuie dezlegat misterul puzzle-urilor, dezvoltă perspicacitatea, inteligența.&nbsp; Grad de dificultate: ***.Confecționat din lemn și materiale non-toxice conform reglementărilor EN71 &amp; ASTM.&nbsp;Certificare FSC®. Vârsta recomandată: +8 ani.AVERTISMENT: Contraindicat copiilor sub 3 ani. Conține piese mici ce pot fi inghițite. A se utiliza sub stricta supraveghere a unei persoane adulte. Producător: Fridolin, Germania.","54",,"Fr_17492","[""https://cdnmpro.com/708224949/p/raw/3/joc-logic-iq-puzzle-3d-magic-sticks-fridolin~2143.jpg""]",,"[""Fridolin""]",,,"true","false","15","0",,,,,"0","0","2026-02-07 02:17:14.098","2026-03-22 01:12:33.566","4031172174929.0","ELEMENTARY_6_8","39.6","0","0","0","0","0","0","2.9","0","0","APPROVED","GENERAL","ee75eea8-9f64-4076-96a2-52f5d6926c14","false",,
"40856921-60c5-4170-b9d1-f34c044af155","Joc logic IQ 3D Puzzle Magic box, Fridolin","joc-logic-iq-3d-puzzle-magic-box-fridolin-Fr_17460","Test IQ Puzzle 3D din lemn de bambus Magic box Scopul jocului este de a demonta si apoi a monta puzzle-ul. Dezvoltă perspicacitatea și inteligența.Jocuri de gândire în care trebuie să dezlegați misterul puzzle-urilor, dezvoltă perspicacitatea, inteligența. Grad de dificultate: *** Vârsta recomandată +8 ani. Confecționat din lemn și materiale non-toxice conform reglementărilor EN71 &amp; ASTM. Certificate FSC®. AVERTISMENT: Contraindicat copiilor sub 3 ani. Conține piese mici ce pot fi inghițite. A se utiliza sub stricta supraveghere a unei persoane adulte. Producător: Fridolin, Germania.","54",,"Fr_17460","[""https://cdnmpro.com/708224949/p/raw/6/joc-logic-iq-3d-puzzle-magic-box-fridolin~3556.jpg""]",,"[""Fridolin""]",,,"true","false","15","0",,,,,"0","0","2026-02-07 02:17:14.098","2026-03-22 01:12:33.906","4031172174608.0","ELEMENTARY_6_8","39.6","0","0","0","0","0","0","2.9","0","0","APPROVED","GENERAL","ee75eea8-9f64-4076-96a2-52f5d6926c14","false",,
"74c180fa-44eb-4df8-b5d6-c8d84b323fc8","Joc logic IQ Square sticks, Fridolin","joc-logic-iq-square-sticks-fridolin-Fr_17314"," Joc logic Square sticks Joc logic puzzle 3D din lemn. Scopul jocului este aranjarea pieselor în cât mai multe moduri, 2 sau 3D.Dezlegi misterul puzzle-ului cu concentrare și răbdare. Dezvoltă perspicacitatea, inteligența, spiritul de observatie. Grad de dificultate: ***Vârsta recomandată: +8 ani.Confecționat din lemn și materiale non-toxice conform reglementărilor EN71 &amp; ASTM.&nbsp;AVERTISMENT: Contraindicat copiilor sub 3 ani. Conține piese mici ce pot fi înghițite. Producător: Fridolin, Germania.","54",,"Fr_17314","[""https://cdnmpro.com/708224949/p/raw/8/joc-logic-iq-square-sticks-fridolin~2138.jpg"",""https://cdnmpro.com/708224949/p/raw/0/joc-logic-iq-square-sticks-fridolin~2500.jpg""]",,"[""Fridolin""]",,,"true","false","6","0",,,,,"0","0","2026-02-07 02:17:14.098","2026-03-22 01:12:33.531","4031172173144.0","ELEMENTARY_6_8","35.64","0","0","0","0","0","0","2.9","0","0","APPROVED","GENERAL","ee75eea8-9f64-4076-96a2-52f5d6926c14","false",,
"989c4c0a-2334-4795-b777-7a28485a7744","Caleidoscop Pasari, Londji","caleidoscop-pasari-londji-LJ_CD132S12","Caleidoscop Păsări Jucărie optică, descompune şi multiplică imaginea în mii de bucăţele. Spre deosebire de caleidoscoapele clasice, care fac modele din bucățelele mici aflate în interiorul instrumentului, teleidoscopul face modele caleidoscopice din obiectele din jur. Varsta recomandată: 3-103 aniConfecționat din carton reciclat și oglinzi, conform reglementărilor EN71&amp;ASTM. AVERTISMENT: Contraindicat copiilor sub 3 ani, conține piese mici, pericol de sufocare. A se utiliza sub directa supraveghere a unui adult. Îndepărtaţi eticheta înainte de a oferi jucăria copilului. Producător: Londji, Spania.","59.4",,"LJ_CD132S12","[""https://cdnmpro.com/708224949/p/raw/5/caleidoscop-pasari-londji~4915.jpg""]",,"[""Londji""]",,,"true","false","13","0",,,,,"0","0","2026-02-07 02:17:14.098","2026-03-22 01:12:34.001","LJ_CD132S12","ELEMENTARY_6_8","43.56","0","0","0","0","0","0","2.9","0","0","APPROVED",,"ee75eea8-9f64-4076-96a2-52f5d6926c14","false",,
"70f6e000-a25c-42ec-8e9d-87bb3e4b8cf4","Joc logic IQ 3D Puzzle Ball, Fridolin","joc-logic-iq-3d-puzzle-ball-fridolin-Fr_17461","Test IQ Puzzle 3D din lemn de bambus Ball Scopul jocului este de a demonta si apoi a monta puzzle-ul. Dezvoltă perspicacitatea și inteligența.Jocuri de gândire în care trebuie să dezlegați misterul puzzle-urilor, dezvoltă perspicacitatea, inteligența. Grad de dificultate: *** Vârsta recomandată +8 ani. Confecționat din lemn și materiale non-toxice conform reglementărilor EN71 &amp; ASTM. Certificate FSC®. AVERTISMENT: Contraindicat copiilor sub 3 ani. Conține piese mici ce pot fi inghițite. A se utiliza sub stricta supraveghere a unei persoane adulte. Producător: Fridolin, Germania.","60",,"Fr_17461","[""https://cdnmpro.com/708224949/p/raw/7/joc-logic-iq-3d-puzzle-ball-fridolin~3517.jpg"",""https://cdnmpro.com/708224949/p/raw/8/joc-logic-iq-3d-puzzle-ball-fridolin~3788.jpg""]",,"[""Fridolin""]",,,"true","false","12","0",,,,,"0","0","2026-02-07 02:17:14.098","2026-03-22 01:12:33.8","4031172174615.0","ELEMENTARY_6_8","39.6","0","0","0","0","0","0","2.9","0","0","APPROVED","GENERAL","ee75eea8-9f64-4076-96a2-52f5d6926c14","false",,
"fd30c747-3da5-4bc9-a725-028c339a2dae","Joc de logica Animale salbatice, Djeco","joc-de-logica-animale-salbatice-djeco-DJ08521","Joc de logică Animale sălbatice  Un nou joc din colecția Sologic, ediția de buzunar. C&acirc;ți tigri sunt pe coloană? C&acirc;ți elefanți sunt pe r&acirc;nd? Folosește-ți abilitățile de Sudoku pentru a reda animalelor sălbatice teritoriile lor.Poate fi jucat singur sau &icirc;n grup.Nivel de dificultate &icirc;n creștere, astfel &icirc;nc&acirc;t jucătorii pot progresa &icirc;n propriul ritm.40 de provocări, o&nbsp;singură soluție posibilă pentru fiecare provocare.Dezvoltă răbdarea și logica.Conținut: 7 piese din lemn, 40 de cărți și 1 set de reguli de joc &icirc;n 10 limbi.V&acirc;rsta recomandata: 7 - 99 ani. Fabricat din h&acirc;rtie și carton certificate FSC&reg;. AVERTISMENT: Contraindicat copiilor sub 3 ani. A se utiliza sub directa supraveghere a unui adult.  Producător: Djeco, Franța. Manual Joc de logica Animale salbatice - descarca fisier       &nbsp;","61.75",,"DJ08521","[""https://cdnmpro.com/708224949/p/raw/4/joc-de-logica-animale-salbatice-djeco~10524.jpg"",""https://cdnmpro.com/708224949/p/raw/2/joc-de-logica-animale-salbatice-djeco~10522.jpg"",""https://cdnmpro.com/708224949/p/raw/3/joc-de-logica-animale-salbatice-djeco~10523.jpg""]",,"[""Djeco""]",,,"true","false","12","0",,,,,"0","0","2026-02-07 02:17:14.098","2026-03-22 01:12:34.536","3070900085213.0","ELEMENTARY_6_8","42.9","0","0","0","0","0","0","2.9","0","0","APPROVED","GENERAL","ee75eea8-9f64-4076-96a2-52f5d6926c14","false",,
"cdf797b1-3758-4544-a808-0e6b186e1a45","Joc de logica si investigatie Detectiv, Djeco","joc-de-logica-si-investigatie-detectiv-djeco-DJ00827","Joc de logica si investigatie Detectiv Ai talent de detectiv? Acest joc captivant pune la &icirc;ncercare logica și spiritul de observație cu 40 de provocări progresive, unde trebuie să descoperi ce s-a &icirc;nt&acirc;mplat, cine e vinovatul și ce deghizare a folosit! Se poate juca individual sau &icirc;n mod cooperativ, iar formatul compact &icirc;l face recomandat pentru călătorii sau ca mic cadou. Un joc care provoacă și distrează &icirc;n același timp! Conținut: tabla de joc,&nbsp;20 de carduri față-verso cu provocări (40 provocări &icirc;n total), 2 carduri de ajutor, set de reguli de joc (cu soluții incluse) V&acirc;rstă recomandată: +6 ani. 🌱 Material h&acirc;rtie și carton certificate FSC&reg;. Conform reglementărilor EN71&amp;ASTM.&nbsp;AVERTISMENT: Contraindicat copiilor mai mici de 3 ani, conține piese mici, pericol de sufocare. A se folosi sub directa supraveghere a unei persoane adulte.Producător: Djeco, Franța  Manual Joc de logica si investigatie Detectiv, Djeco - descarca aici fisierul      &nbsp;","61.75",,"DJ00827","[""https://cdnmpro.com/708224949/p/raw/5/joc-de-logica-si-investigatie-detectiv-djeco~100087435.jpg"",""https://cdnmpro.com/708224949/p/raw/8/joc-de-logica-si-investigatie-detectiv-djeco~100087438.jpg"",""https://cdnmpro.com/708224949/p/raw/1/joc-de-logica-si-investigatie-detectiv-djeco~100087441.jpg""]",,"[""Djeco""]",,,"true","false","21","0",,,,,"0","0","2026-02-07 02:17:14.098","2026-03-22 01:12:35.386","3070900008274.0","ELEMENTARY_6_8","42.9","0","0","0","0","0","0","2.9","0","0","APPROVED","GENERAL","ee75eea8-9f64-4076-96a2-52f5d6926c14","false",,
"d1f800a4-4961-4157-9e5c-8f67633f0a30","Joc logic 3D Puzzle Flexi-cub2, Fridolin","joc-logic-3d-puzzle-flexi-cub2-fridolin-Fr_17518","Test IQ Puzzle 3D din lemn de bambus Flexicub Scopul jocului este de a demonta si apoi a monta puzzle-ul. Dezvoltă perspicacitatea și inteligența.Jocuri de gândire în care trebuie să dezlegați misterul puzzle-urilor. Grad de dificultate: **** Vârsta recomandată +8 ani. Confecționat din lemn și materiale non-toxice conform reglementărilor EN71 &amp; ASTM. Certificate FSC®. AVERTISMENT: Contraindicat copiilor sub 3 ani. Conține piese mici ce pot fi inghițite. A se utiliza sub stricta supraveghere a unei persoane adulte. Producător: Fridolin, Germania.","65",,"Fr_17518","[""https://cdnmpro.com/708224949/p/raw/5/joc-logic-3d-puzzle-flexi-cub2-fridolin~3035.jpg"",""https://cdnmpro.com/708224949/p/raw/7/joc-logic-3d-puzzle-flexi-cub2-fridolin~3297.jpg"",""https://cdnmpro.com/708224949/p/raw/9/joc-logic-3d-puzzle-flexi-cub2-fridolin~3299.jpg""]",,"[""Fridolin""]",,,"true","false","11","0",,,,,"0","0","2026-02-07 02:17:14.098","2026-03-22 01:12:33.678","4031172175186.0","ELEMENTARY_6_8","42.9","0","0","0","0","0","0","2.9","0","0","APPROVED","GENERAL","ee75eea8-9f64-4076-96a2-52f5d6926c14","false",,
"482e69d1-f4a3-48f7-b110-01b9724bc885","Caleidoscop Flamingo, Londji","caleidoscop-flamingo-londji-LJ_CD130S12","Caleidoscop Flamingo Jucărie optică, descompune şi multiplică imaginea în mii de bucăţele. Spre deosebire de caleidoscoapele clasice, care fac modele din bucățelele mici aflate în interiorul instrumentului, teleidoscopul face modele caleidoscopice din obiectele din jur. Vârsta recomandată: 3-103 ani. Confecționat din carton reciclat și oglinzi, conform reglementărilor EN71&amp;ASTM. AVERTISMENT: Contraindicat copiilor sub 3 ani, conține piese mici, pericol de sufocare. A se utiliza sub directa supraveghere a unui adult. Îndepărtaţi eticheta înainte de a oferi jucăria copilului. Producător: Londji, Spania.","66",,"LJ_CD130S12","[""https://cdnmpro.com/708224949/p/raw/4/caleidoscop-flamingo-londji~4914.jpg""]",,"[""Londji""]",,,"true","false","17","0",,,,,"0","0","2026-02-07 02:17:14.098","2026-03-22 01:12:33.984","LJ_CD130S12","ELEMENTARY_6_8","43.56","0","0","0","0","0","0","2.9","0","0","APPROVED",,"ee75eea8-9f64-4076-96a2-52f5d6926c14","false",,
"37763e24-9240-4a2e-a7d8-7b18649b0298","Caleidoscop Poveste cu printi si printese, Londji","caleidoscop-poveste-cu-printi-si-printese-londji-LJ_CD005S12","Caleidoscop Poveste cu prinți și prințese Jucărie optică, descompune şi multiplică imaginea în mii de bucăţele. Spre deosebire de caleidoscoapele clasice, care fac modele din bucățelele mici aflate în interiorul instrumentului, teleidoscopul face modele caleidoscopice din obiectele din jur. Vârsta recomandată: 3-103 ani. Confecționat din carton reciclat și oglinzi, conform reglementărilor EN71&amp;ASTM. AVERTISMENT: Contraindicat copiilor sub 3 ani, conține piese mici, pericol de sufocare. A se utiliza sub directa supraveghere a unui adult. Îndepărtaţi eticheta înainte de a oferi jucăria copilului. Producător: Londji, Spania.","66",,"LJ_CD005S12","[""https://cdnmpro.com/708224949/p/raw/8/caleidoscop-poveste-cu-printi-si-printese-londji~2748.jpg""]",,"[""Londji""]",,,"true","false","11","0",,,,,"0","0","2026-02-07 02:17:14.098","2026-03-22 01:12:33.663","LJ_CD005S12","TODDLERS_1_3","43.56","0","0","0","0","0","0","2.9","0","0","APPROVED",,"ee75eea8-9f64-4076-96a2-52f5d6926c14","false",,
"39231a01-1622-40c2-b976-4119a577ed58","Set educativ Sapa si descopera Dinozauri - Stegosaurus","set-educativ-sapa-si-descopera-dinozauri-stegosaurus-4M-03229","Sapa un dinozaur Stegosaurus: incorporat in acest bloc dur de ipsos este un schelet complet, realist al unui Stegosaurus  ,   si depinde de tine sa-l scoti. Utilizati capatul plat al instrumentului de sapat pentru a razui cu grija bucati de tencuiala, putin cate putin. Odata ce ai lovit osul, treceti la perie pentru a o elibera usor de praf. Toate oasele se conecteaza cu usurinta intre ele si se tin puternic folosind ceara moale inclusa. Configurati afisajul uimitor, astfel incat toata lumea sa va poata verifica descoperirea fascinanta ,   Exista chiar si lucruri amuzante despre Stegosaurus imprimate pe spate. Sapa, descopera si inspira-te cu setul 4M Dig A Dinosaur. Schelet afisabil de Stegosaurus incorporat in caramida de ipsos.  Incurajeaza dexteritatea motrica fina, pasiunea pentru invatare si interesul pentru paleontologie. Copiii se simt ca niste adevarati paleontologi care isi scot propriul schelet de dinozaur. O unealta de sapat faciliteaza taierea caramizii de ipsos. Utilizati o perie pentru a indeparta usor praful din jurul oaselor.     Include bloc de ipsos cu schelet Stegosaurus, unealta de sapat, perie, ceara moale pentru pozitionarea fosilei, afisaj din carton cu platforma si fapte amuzante. Instructiuni detaliate de asamblare si ingrijire incluse. Scheletul masoara aproximativ 19 cm inaltime cand este asamblat.  Materiale de calitate pentru experienta exceptionala de paleontolog.     Acest set este un proiect stiintific distractiv pentru copii si intreaga familie, care dezvolta concentrarea, capacitatea de rezolvare a problemelor si motricitatea fina!   Varsta 8+; cu ajutorul unui adult, poate fi folosit inca de la 5 ani.    Dimensiune cutie: 17 cm x 22 cm x 6 cm","69",,"4M-03229","[""https://gomagcdn.ro/domains/kidstory.ro/files/product/original/set-educativ-sapa-si-descopera-dinozauri-stegosaurus-080824.jpg"",""https://gomagcdn.ro/domains/kidstory.ro/files/product/original/set-educativ-sapa-si-descopera-dinozauri-stegosaurus-115918.jpg"",""https://gomagcdn.ro/domains/kidstory.ro/files/product/original/set-educativ-sapa-si-descopera-dinozauri-stegosaurus-408848.jpg"",""https://gomagcdn.ro/domains/kidstory.ro/files/product/original/set-educativ-sapa-si-descopera-dinozauri-stegosaurus-721694.jpg"",""https://gomagcdn.ro/domains/kidstory.ro/files/product/original/set-educativ-sapa-si-descopera-dinozauri-stegosaurus-435003.jpg"",""https://gomagcdn.ro/domains/kidstory.ro/files/product/original/set-educativ-sapa-si-descopera-dinozauri-stegosaurus-639151.jpg"",""https://gomagcdn.ro/domains/kidstory.ro/files/product/original/set-educativ-sapa-si-descopera-dinozauri-stegosaurus-937165.jpg"",""https://gomagcdn.ro/domains/kidstory.ro/files/product/original/set-educativ-sapa-si-descopera-dinozauri-stegosaurus-771054.jpg""]",,"[""4M""]",,,"true","false","1","0",,,,,"0","0","2026-02-07 02:17:55.145","2026-03-22 01:12:31.107",,"PRESCHOOL_3_5","51.75","0","0","0","0","0","0","2.9","0","0","APPROVED","SCIENCE","26f5418c-965d-4630-994c-b51947cdec04","false",,
"8a0cab8a-98dd-4031-9a05-565695f6c416","Set educativ Sapa si descopera Dinozauri - Mosasaurus","set-educativ-sapa-si-descopera-dinozauri-mosasaurus-4M-03457","Sapa un dinozaur Mosasaurus: incorporat in acest bloc dur de ipsos este un schelet complet, realist al unui Mosasaurus  ,   si depinde de tine sa-l scoti. Utilizati capatul plat al instrumentului de sapat pentru a razui cu grija bucati de tencuiala, putin cate putin. Odata ce ai lovit osul, treceti la perie pentru a o elibera usor de praf. Toate oasele se conecteaza cu usurinta intre ele si se tin puternic folosind ceara moale inclusa. Configurati afisajul uimitor, astfel incat toata lumea sa va poata verifica descoperirea fascinanta ,   Exista chiar si lucruri amuzante despre Stegosaurus imprimate pe spate. Sapa, descopera si inspira-te cu setul 4M Dig A Dinosaur. Schelet afisabil de Mosasaurus incorporat in caramida de ipsos.  Incurajeaza dexteritatea motrica fina, pasiunea pentru invatare si interesul pentru paleontologie. Copiii se simt ca niste adevarati paleontologi care isi scot propriul schelet de dinozaur. O unealta de sapat faciliteaza taierea caramizii de ipsos. Utilizati o perie pentru a indeparta usor praful din jurul oaselor.     Include bloc de ipsos cu schelet Mosasaurus, unealta de sapat, perie, ceara moale pentru pozitionarea fosilei, afisaj din carton cu platforma si fapte amuzante. Instructiuni detaliate de asamblare si ingrijire incluse. Scheletul masoara aproximativ 19 cm inaltime cand este asamblat.  Materiale de calitate pentru experienta exceptionala de paleontolog.     Acest set este un proiect stiintific distractiv pentru copii si intreaga familie, care dezvolta concentrarea, capacitatea de rezolvare a problemelor si motricitatea fina!   Varsta 8+; cu ajutorul unui adult, poate fi folosit inca de la 5 ani.    Dimensiune cutie: 17 cm x 22 cm x 6 cm","69",,"4M-03457","[""https://gomagcdn.ro/domains/kidstory.ro/files/product/original/set-educativ-sapa-si-descopera-dinozauri-mosasaurus-227963.png"",""https://gomagcdn.ro/domains/kidstory.ro/files/product/original/set-educativ-sapa-si-descopera-dinozauri-mosasaurus-917238.png"",""https://gomagcdn.ro/domains/kidstory.ro/files/product/original/set-educativ-sapa-si-descopera-dinozauri-mosasaurus-034665.jpg"",""https://gomagcdn.ro/domains/kidstory.ro/files/product/original/set-educativ-sapa-si-descopera-dinozauri-mosasaurus-210933.jpg""]",,"[""4M""]",,,"true","false","1","0",,,,,"0","0","2026-02-07 02:17:55.145","2026-03-22 01:12:31.431",,"PRESCHOOL_3_5","51.75","0","0","0","0","0","0","2.9","0","0","APPROVED","GENERAL","26f5418c-965d-4630-994c-b51947cdec04","false",,
"5ad5fbb3-9e96-4f64-85e7-50f1c65d531c","Set educativ Sapa si descopera Dinozauri - Mamut","set-educativ-sapa-si-descopera-dinozauri-mamut-4M-03236","Sapa un Mamut: incorporat in acest bloc dur de ipsos este un schelet complet, realist al unui Mamut ,   si depinde de tine sa-l scoti. Utilizati capatul plat al instrumentului de sapat pentru a razui cu grija bucati de tencuiala, putin cate putin. Odata ce ai lovit osul, treceti la perie pentru a o elibera usor de praf. Toate oasele se conecteaza cu usurinta intre ele si se tin puternic folosind ceara moale inclusa. Configurati afisajul uimitor, astfel incat toata lumea sa va poata verifica descoperirea fascinanta ,   Exista chiar si lucruri amuzante despre Mamuti imprimate pe spate. Sapa, descopera si inspira-te cu setul 4M Dig A Dinosaur. Schelet afisabil de Mamut  incorporat in caramida de ipsos.  Incurajeaza dexteritatea motrica fina, pasiunea pentru invatare si interesul pentru paleontologie. Copiii se simt ca niste adevarati paleontologi care isi scot propriul schelet de dinozaur. O unealta de sapat faciliteaza taierea caramizii de ipsos. Utilizati o perie pentru a indeparta usor praful din jurul oaselor.     Include bloc de ipsos cu schelet Mamut incorporat, unealta de sapat, perie, ceara moale pentru pozitionarea fosilei, afisaj din carton cu platforma si fapte amuzante. Instructiuni detaliate de asamblare si ingrijire incluse. Scheletul masoara aproximativ 19 cm inaltime cand este asamblat.  Materiale de calitate pentru experienta exceptionala de paleontolog.     Acest set este un proiect stiintific distractiv pentru copii si intreaga familie, care dezvolta concentrarea, capacitatea de rezolvare a problemelor si motricitatea fina!   Varsta 8+; cu ajutorul unui adult, poate fi folosit inca de la 5 ani.    Dimensiune cutie: 17 cm x 22 cm x 6 cm","69",,"4M-03236","[""https://gomagcdn.ro/domains/kidstory.ro/files/product/original/set-educativ-sapa-si-descopera-dinozauri-mamut-715249.jpg"",""https://gomagcdn.ro/domains/kidstory.ro/files/product/original/set-educativ-sapa-si-descopera-dinozauri-mamut-046636.jpg"",""https://gomagcdn.ro/domains/kidstory.ro/files/product/original/set-educativ-sapa-si-descopera-dinozauri-mamut-749162.jpg"",""https://gomagcdn.ro/domains/kidstory.ro/files/product/original/set-educativ-sapa-si-descopera-dinozauri-mamut-953481.jpg"",""https://gomagcdn.ro/domains/kidstory.ro/files/product/original/set-educativ-sapa-si-descopera-dinozauri-mamut-065707.jpg"",""https://gomagcdn.ro/domains/kidstory.ro/files/product/original/set-educativ-sapa-si-descopera-dinozauri-mamut-207318.jpg"",""https://gomagcdn.ro/domains/kidstory.ro/files/product/original/set-educativ-sapa-si-descopera-dinozauri-mamut-306228.jpg"",""https://gomagcdn.ro/domains/kidstory.ro/files/product/original/set-educativ-sapa-si-descopera-dinozauri-mamut-142536.jpg"",""https://gomagcdn.ro/domains/kidstory.ro/files/product/original/set-educativ-sapa-si-descopera-dinozauri-mamut-157300.jpg""]",,"[""4M""]",,,"true","false","1","0",,,,,"0","0","2026-02-07 02:17:55.145","2026-03-22 01:12:31.038",,"PRESCHOOL_3_5","51.75","0","0","0","0","0","0","2.9","0","0","APPROVED","SCIENCE","26f5418c-965d-4630-994c-b51947cdec04","false",,
"682ccbc9-692b-4a96-b0b2-52fb4df681b9","Set educativ Sapa si descopera Dinozauri - Pteranodon","set-educativ-sapa-si-descopera-dinozauri-pteranodon-4M-03459","Sapa un dinozaur Pteranodon: incorporat in acest bloc dur de ipsos este un schelet complet, realist al unui Pteranodon  ,   si depinde de tine sa-l scoti. Utilizati capatul plat al instrumentului de sapat pentru a razui cu grija bucati de tencuiala, putin cate putin. Odata ce ai lovit osul, treceti la perie pentru a o elibera usor de praf. Toate oasele se conecteaza cu usurinta intre ele si se tin puternic folosind ceara moale inclusa. Configurati afisajul uimitor, astfel incat toata lumea sa va poata verifica descoperirea fascinanta ,   Exista chiar si lucruri amuzante despre Pteranodon imprimate pe spate. Sapa, descopera si inspira-te cu setul 4M Dig A Dinosaur. Schelet afisabil de Pteranodon incorporat in caramida de ipsos.  Incurajeaza dexteritatea motrica fina, pasiunea pentru invatare si interesul pentru paleontologie. Copiii se simt ca niste adevarati paleontologi care isi scot propriul schelet de dinozaur. O unealta de sapat faciliteaza taierea caramizii de ipsos. Utilizati o perie pentru a indeparta usor praful din jurul oaselor.     Include bloc de ipsos cu schelet Pteranodon, unealta de sapat, perie, ceara moale pentru pozitionarea fosilei, afisaj din carton cu platforma si fapte amuzante. Instructiuni detaliate de asamblare si ingrijire incluse. Scheletul masoara aproximativ 19 cm inaltime cand este asamblat.  Materiale de calitate pentru experienta exceptionala de paleontolog.     Acest set este un proiect stiintific distractiv pentru copii si intreaga familie, care dezvolta concentrarea, capacitatea de rezolvare a problemelor si motricitatea fina!   Varsta 8+; cu ajutorul unui adult, poate fi folosit inca de la 5 ani.    Dimensiune cutie: 17 cm x 22 cm x 6 cm","69",,"4M-03459","[""https://gomagcdn.ro/domains/kidstory.ro/files/product/original/set-educativ-sapa-si-descopera-dinozauri-pteranodon-708560.png"",""https://gomagcdn.ro/domains/kidstory.ro/files/product/original/set-educativ-sapa-si-descopera-dinozauri-pteranodon-671985.png"",""https://gomagcdn.ro/domains/kidstory.ro/files/product/original/set-educativ-sapa-si-descopera-dinozauri-pteranodon-639979.jpg"",""https://gomagcdn.ro/domains/kidstory.ro/files/product/original/set-educativ-sapa-si-descopera-dinozauri-pteranodon-218760.jpg"",""https://gomagcdn.ro/domains/kidstory.ro/files/product/original/set-educativ-sapa-si-descopera-dinozauri-pteranodon-607178.jpg"",""https://gomagcdn.ro/domains/kidstory.ro/files/product/original/set-educativ-sapa-si-descopera-dinozauri-pteranodon-453582.png""]",,"[""4M""]",,,"true","false","1","0",,,,,"0","0","2026-02-07 02:17:55.145","2026-03-22 01:12:31.45",,"PRESCHOOL_3_5","51.75","0","0","0","0","0","0","2.9","0","0","APPROVED","GENERAL","26f5418c-965d-4630-994c-b51947cdec04","false",,
"f487d57f-fece-4cf0-911e-2385c593c6a9","Magnet gigant - KidzLabs","magnet-gigant-kidzlabs-4M-03479","Magnet gigant - KidzLabs   este un instrument educativ captivant care le permite copiilor sa exploreze si sa inteleaga principiile magnetismului. Acest magnet in forma de potcoava, de dimensiuni generoase, este ideal pentru experimente practice, demonstrand fortele de atractie si respingere intr-un mod vizual si interactiv.   Beneficii      Invatare practica  ,   Ofera o introducere tangibila in conceptele de magnetism, stimuland curiozitatea si intelegerea stiintifica.    Dezvoltarea abilitatilor  ,   Imbunatateste coordonarea mana-ochi si abilitatile de rezolvare a problemelor prin experimente hands-on.    Versatilitate educationala  ,   Potrivit atat pentru utilizarea in clasa, cat si pentru explorari stiintifice acasa.    Caracteristici      Design robust  ,   Constructie durabila, ideala pentru mainile mici ale copiilor si pentru utilizare repetata.    Polaritate marcata  ,   Fiecare extremitate este clar etichetata cu , žN,   si , žS,   pentru a facilita invatarea despre poli magnetici.    Dimensiuni generoase  ,   Masoara aproximativ 18 cm in inaltime, oferind o experienta vizuala impresionanta.    Ce spun utilizatorii?   ,œ   , žCopilul meu a fost fascinat de puterea acestui magnet si de experimentele pe care le-am facut impreuna!,   ,   Maria, Bucuresti  ,œ   , žUn instrument excelent pentru a introduce conceptele de magnetism intr-un mod practic.,   ,   Andrei, Cluj-Napoca  ,œ   , žCalitate superioara si dimensiuni perfecte pentru activitatile educative.,   ,   Elena, Iasi   Detalii tehnice:     Dimensiuni ambalaj: 28.5 cm (inaltime) x 19.5 cm (latime) x 2 cm (adancime)    Varsta recomandata: 5 ani+    Culoare: Selectie aleatorie intre rosu si albastru  ðŸ mdash;  Adauga acum in cos  Magnet gigant - KidzLabs  si ofera-i copilului tau o experienta educativa si distractiva!   Descopera puterea invizibila a magnetismului.  Comanda acum si lasa imaginatia sa prinda viata!","69",,"4M-03479","[""https://gomagcdn.ro/domains/kidstory.ro/files/product/original/kit-magnet-gigant-kidslabs-358049.png"",""https://gomagcdn.ro/domains/kidstory.ro/files/product/original/kit-magnet-gigant-kidslabs-784217.png"",""https://gomagcdn.ro/domains/kidstory.ro/files/product/original/kit-magnet-gigant-kidslabs-703400.png"",""https://gomagcdn.ro/domains/kidstory.ro/files/product/original/kit-magnet-gigant-kidslabs-655393.png"",""https://gomagcdn.ro/domains/kidstory.ro/files/product/original/kit-magnet-gigant-kidslabs-733509.png""]",,"[""4M""]",,,"true","false","1","0",,,,,"0","0","2026-02-07 02:17:55.145","2026-03-22 01:12:32.205",,"ELEMENTARY_6_8","51.75","0","0","0","0","0","0","2.9","0","0","APPROVED","SCIENCE","26f5418c-965d-4630-994c-b51947cdec04","false",,
"08fcc22d-2367-41c7-880c-d070ea8b2182","Set educativ Sapa si descopera Dinozauri - T-Rex","set-educativ-sapa-si-descopera-dinozauri-t-rex-4M-03221","Sapa un dinozaur T-Rex: incorporat in acest bloc dur de ipsos este un schelet complet, realist al unui Tyrannosaurus Rex ,   si depinde de tine sa-l scoti. Utilizati capatul plat al instrumentului de sapat pentru a razui cu grija bucati de tencuiala, putin cate putin. Odata ce ai lovit osul, treceti la perie pentru a o elibera usor de praf. Toate oasele se conecteaza cu usurinta intre ele si se tin puternic folosind ceara moale inclusa. Configurati afisajul uimitor, astfel incat toata lumea sa va poata verifica descoperirea fascinanta ,   Exista chiar si lucruri amuzante despre T-Rex imprimate pe spate. Sapa, descopera si inspira-te cu setul 4M Dig A Dinosaur. Schelet afisabil de T-Rex incorporat in caramida de ipsos.     Incurajeaza dexteritatea motrica fina, pasiunea pentru invatare si interesul pentru paleontologie. Copiii se simt ca niste adevarati paleontologi care isi scot propriul schelet de dinozaur. O unealta de sapat faciliteaza taierea caramizii de ipsos. Utilizati o perie pentru a indeparta usor praful din jurul oaselor.     Include bloc de ipsos cu schelet T-Rex incorporat, unealta de sapat, perie, ceara moale pentru pozitionarea fosilei, afisaj din carton cu platforma si fapte amuzante. Instructiuni detaliate de asamblare si ingrijire incluse. Scheletul masoara aproximativ 19 cm inaltime cand este asamblat.     Materiale de calitate pentru experienta exceptionala de paleontolog.     Acest set este un proiect stiintific distractiv pentru copii si intreaga familie, care dezvolta concentrarea, capacitatea de rezolvare a problemelor si motricitatea fina!   Varsta 8+; cu ajutorul unui adult, poate fi folosit inca de la 5 ani.    Dimensiune cutie: 17 cm x 22 cm x 6 cm","69",,"4M-03221","[""https://gomagcdn.ro/domains/kidstory.ro/files/product/original/set-educativ-sapa-si-descopera-dinozauri-t-rex-198469.jpg"",""https://gomagcdn.ro/domains/kidstory.ro/files/product/original/set-educativ-sapa-si-descopera-dinozauri-t-rex-975376.jpg"",""https://gomagcdn.ro/domains/kidstory.ro/files/product/original/set-educativ-sapa-si-descopera-dinozauri-t-rex-799521.jpg"",""https://gomagcdn.ro/domains/kidstory.ro/files/product/original/set-educativ-sapa-si-descopera-dinozauri-t-rex-395172.jpg"",""https://gomagcdn.ro/domains/kidstory.ro/files/product/original/set-educativ-sapa-si-descopera-dinozauri-t-rex-723799.jpg"",""https://gomagcdn.ro/domains/kidstory.ro/files/product/original/set-educativ-sapa-si-descopera-dinozauri-t-rex-151543.jpg"",""https://gomagcdn.ro/domains/kidstory.ro/files/product/original/set-educativ-sapa-si-descopera-dinozauri-t-rex-152559.jpg"",""https://gomagcdn.ro/domains/kidstory.ro/files/product/original/set-educativ-sapa-si-descopera-dinozauri-t-rex-110970.jpg"",""https://gomagcdn.ro/domains/kidstory.ro/files/product/original/set-educativ-sapa-si-descopera-dinozauri-t-rex-014048.jpg""]",,"[""4M""]",,,"true","false","1","0",,,,,"0","0","2026-02-07 02:17:55.145","2026-03-22 01:12:31.018",,"PRESCHOOL_3_5","51.75","0","0","0","0","0","0","2.9","0","0","APPROVED","SCIENCE","26f5418c-965d-4630-994c-b51947cdec04","false",,
"953dff01-11be-41c1-a9fd-e225a1877013","Set educativ Sapa si descopera Dinozauri - Velociraptor","set-educativ-sapa-si-descopera-dinozauri-velociraptor-4M-13234","Sapa un dinozaur Velociraptor: incorporat in acest bloc dur de ipsos este un schelet complet, realist al unui Velociraptor ,   si depinde de tine sa-l scoti. Utilizati capatul plat al instrumentului de sapat pentru a razui cu grija bucati de tencuiala, putin cate putin. Odata ce ai lovit osul, treceti la perie pentru a o elibera usor de praf. Toate oasele se conecteaza cu usurinta intre ele si se tin puternic folosind ceara moale inclusa. Configurati afisajul uimitor, astfel incat toata lumea sa va poata verifica descoperirea fascinanta ,   Exista chiar si lucruri amuzante despre Velociraptor imprimate pe spate. Sapa, descopera si inspira-te cu setul 4M Dig A Dinosaur. Schelet afisabil de Velociraptor incorporat in caramida de ipsos.     Incurajeaza dexteritatea motrica fina, pasiunea pentru invatare si interesul pentru paleontologie. Copiii se simt ca niste adevarati paleontologi care isi scot propriul schelet de dinozaur. O unealta de sapat faciliteaza taierea caramizii de ipsos. Utilizati o perie pentru a indeparta usor praful din jurul oaselor.     Include bloc de ipsos cu schelet Velociraptor  incorporat, unealta de sapat, perie, ceara moale pentru pozitionarea fosilei, afisaj din carton cu platforma si fapte amuzante. Instructiuni detaliate de asamblare si ingrijire incluse. Scheletul masoara aproximativ 21 cm inaltime cand este asamblat.     Materiale de calitate pentru experienta exceptionala de paleontolog.     Acest set este un proiect stiintific distractiv pentru copii si intreaga familie, care dezvolta concentrarea, capacitatea de rezolvare a problemelor si motricitatea fina!   Varsta 8+; cu ajutorul unui adult, poate fi folosit inca de la 5 ani.    Dimensiune cutie: 17 cm x 22 cm x 6 cm","69",,"4M-13234","[""https://gomagcdn.ro/domains/kidstory.ro/files/product/original/set-educativ-sapa-si-descopera-dinozauri-velociraptor-499758.jpg"",""https://gomagcdn.ro/domains/kidstory.ro/files/product/original/set-educativ-sapa-si-descopera-dinozauri-velociraptor-628482.jpg"",""https://gomagcdn.ro/domains/kidstory.ro/files/product/original/set-educativ-sapa-si-descopera-dinozauri-velociraptor-808444.jpg"",""https://gomagcdn.ro/domains/kidstory.ro/files/product/original/set-educativ-sapa-si-descopera-dinozauri-velociraptor-448478.jpg"",""https://gomagcdn.ro/domains/kidstory.ro/files/product/original/set-educativ-sapa-si-descopera-dinozauri-velociraptor-598957.jpg"",""https://gomagcdn.ro/domains/kidstory.ro/files/product/original/set-educativ-sapa-si-descopera-dinozauri-velociraptor-336244.jpg"",""https://gomagcdn.ro/domains/kidstory.ro/files/product/original/set-educativ-sapa-si-descopera-dinozauri-velociraptor-379204.jpg"",""https://gomagcdn.ro/domains/kidstory.ro/files/product/original/set-educativ-sapa-si-descopera-dinozauri-velociraptor-736294.jpg"",""https://gomagcdn.ro/domains/kidstory.ro/files/product/original/set-educativ-sapa-si-descopera-dinozauri-velociraptor-607325.jpg""]",,"[""4M""]",,,"true","false","0","0",,,,,"0","0","2026-02-07 02:17:55.145","2026-03-22 01:12:31.145",,"PRESCHOOL_3_5","51.75","0","0","0","0","0","0","2.9","0","0","APPROVED","SCIENCE","26f5418c-965d-4630-994c-b51947cdec04","false",,
"91205891-b37d-4425-b61a-e7989b61ea4d","Kit stiintific ,   Distractie cu magneti KidzLabs","kit-stiintific-distractie-cu-magneti-kidzlabs-4M-03482","Set educativ 4M KidzLabs ,   Fun Magnet Science Set pentru experimente cu magneti si forte magnetice. Include magneti, accesorii si instructiuni pentru 10 experimente. Proiecte: barca magnetica, compas, tren magnetic si altele. Stimuleaza curiozitatea si gandirea logica. Recomandat pentru copii de 8 ani si peste. Ideal pentru micii exploratori ai fizicii!","69",,"4M-03482","[""https://gomagcdn.ro/domains/kidstory.ro/files/product/original/kit-stiintific-distractie-cu-magneti-kidzlabs-372672.png"",""https://gomagcdn.ro/domains/kidstory.ro/files/product/original/kit-stiintific-distractie-cu-magneti-kidzlabs-059603.png"",""https://gomagcdn.ro/domains/kidstory.ro/files/product/original/kit-stiintific-distractie-cu-magneti-kidzlabs-178516.png""]",,"[""4M""]",,,"true","false","1","0",,,,,"0","0","2026-02-07 02:17:55.145","2026-03-22 01:12:32.284",,"ELEMENTARY_6_8","51.75","0","0","0","0","0","0","2.9","0","0","APPROVED","SCIENCE","26f5418c-965d-4630-994c-b51947cdec04","false",,
"e5773218-1088-4341-ad02-10e9dbe69980","Set educativ Sapa si descopera Dinozauri - Brachiosaurus","set-educativ-sapa-si-descopera-dinozauri-brachiosaurus-4M-03237","Sapa un dinozaur Brachiosaurus: incorporat in acest bloc dur de ipsos este un schelet complet, realist al unui Brachiosaurus ,   si depinde de tine sa-l scoti. Utilizati capatul plat al instrumentului de sapat pentru a razui cu grija bucati de tencuiala, putin cate putin. Odata ce ai lovit osul, treceti la perie pentru a o elibera usor de praf. Toate oasele se conecteaza cu usurinta intre ele si se tin puternic folosind ceara moale inclusa. Configurati afisajul uimitor, astfel incat toata lumea sa va poata verifica descoperirea fascinanta ,   Exista chiar si lucruri amuzante despre Brachiosaurus imprimate pe spate. Sapa, descopera si inspira-te cu setul 4M Dig A Dinosaur. Schelet afisabil de Brachiosaurus incorporat in caramida de ipsos.  Incurajeaza dexteritatea motrica fina, pasiunea pentru invatare si interesul pentru paleontologie. Copiii se simt ca niste adevarati paleontologi care isi scot propriul schelet de dinozaur. O unealta de sapat faciliteaza taierea caramizii de ipsos. Utilizati o perie pentru a indeparta usor praful din jurul oaselor.     Include bloc de ipsos cu schelet Brachiosaurus incorporat, unealta de sapat, perie, ceara moale pentru pozitionarea fosilei, afisaj din carton cu platforma si fapte amuzante. Instructiuni detaliate de asamblare si ingrijire incluse. Scheletul masoara aproximativ 19 cm inaltime cand este asamblat.  Materiale de calitate pentru experienta exceptionala de paleontolog.     Acest set este un proiect stiintific distractiv pentru copii si intreaga familie, care dezvolta concentrarea, capacitatea de rezolvare a problemelor si motricitatea fina!   Varsta 8+; cu ajutorul unui adult, poate fi folosit inca de la 5 ani.    Dimensiune cutie: 17 cm x 22 cm x 6 cm","69",,"4M-03237","[""https://gomagcdn.ro/domains/kidstory.ro/files/product/original/set-educativ-sapa-si-descopera-dinozauri-brachiosaurus-282281.jpg"",""https://gomagcdn.ro/domains/kidstory.ro/files/product/original/set-educativ-sapa-si-descopera-dinozauri-brachiosaurus-059707.jpg"",""https://gomagcdn.ro/domains/kidstory.ro/files/product/original/set-educativ-sapa-si-descopera-dinozauri-brachiosaurus-169114.jpg"",""https://gomagcdn.ro/domains/kidstory.ro/files/product/original/set-educativ-sapa-si-descopera-dinozauri-brachiosaurus-827568.jpg"",""https://gomagcdn.ro/domains/kidstory.ro/files/product/original/set-educativ-sapa-si-descopera-dinozauri-brachiosaurus-618565.jpg"",""https://gomagcdn.ro/domains/kidstory.ro/files/product/original/set-educativ-sapa-si-descopera-dinozauri-brachiosaurus-770625.jpg"",""https://gomagcdn.ro/domains/kidstory.ro/files/product/original/set-educativ-sapa-si-descopera-dinozauri-brachiosaurus-906766.jpg"",""https://gomagcdn.ro/domains/kidstory.ro/files/product/original/set-educativ-sapa-si-descopera-dinozauri-brachiosaurus-980031.jpg"",""https://gomagcdn.ro/domains/kidstory.ro/files/product/original/set-educativ-sapa-si-descopera-dinozauri-brachiosaurus-043292.jpg""]",,"[""4M""]",,,"true","false","0","0",,,,,"0","0","2026-02-07 02:17:55.145","2026-03-22 01:12:31.128",,"PRESCHOOL_3_5","51.75","0","0","0","0","0","0","2.9","0","0","APPROVED","SCIENCE","26f5418c-965d-4630-994c-b51947cdec04","false",,
"f8888ef9-e927-434d-9dd9-40c9fde8f5ce","Set educativ Sapa si descopera Dinozauri - Triceratops","set-educativ-sapa-si-descopera-dinozauri-triceratops-4M-03228","Sapa un dinozaur Triceratops: incorporat in acest bloc dur de ipsos este un schelet complet, realist al unui Triceratops ,   si depinde de tine sa-l scoti. Utilizati capatul plat al instrumentului de sapat pentru a razui cu grija bucati de tencuiala, putin cate putin. Odata ce ai lovit osul, treceti la perie pentru a o elibera usor de praf. Toate oasele se conecteaza cu usurinta intre ele si se tin puternic folosind ceara moale inclusa. Configurati afisajul uimitor, astfel incat toata lumea sa va poata verifica descoperirea fascinanta ,   Exista chiar si lucruri amuzante despre Triceratops  imprimate pe spate. Sapa, descopera si inspira-te cu setul 4M Dig A Dinosaur. Schelet afisabil de Triceratops incorporat in caramida de ipsos.  Incurajeaza dexteritatea motrica fina, pasiunea pentru invatare si interesul pentru paleontologie. Copiii se simt ca niste adevarati paleontologi care isi scot propriul schelet de dinozaur. O unealta de sapat faciliteaza taierea caramizii de ipsos. Utilizati o perie pentru a indeparta usor praful din jurul oaselor.     Include bloc de ipsos cu schelet Triceratops incorporat, unealta de sapat, perie, ceara moale pentru pozitionarea fosilei, afisaj din carton cu platforma si fapte amuzante. Instructiuni detaliate de asamblare si ingrijire incluse. Scheletul masoara aproximativ 19 cm inaltime cand este asamblat.  Materiale de calitate pentru experienta exceptionala de paleontolog.     Acest set este un proiect stiintific distractiv pentru copii si intreaga familie, care dezvolta concentrarea, capacitatea de rezolvare a problemelor si motricitatea fina!   Varsta 8+; cu ajutorul unui adult, poate fi folosit inca de la 5 ani.    Dimensiune cutie: 17 cm x 22 cm x 6 cm","69",,"4M-03228","[""https://gomagcdn.ro/domains/kidstory.ro/files/product/original/set-educativ-sapa-si-descopera-dinozauri-triceratops-209766.jpg"",""https://gomagcdn.ro/domains/kidstory.ro/files/product/original/set-educativ-sapa-si-descopera-dinozauri-triceratops-071465.jpg"",""https://gomagcdn.ro/domains/kidstory.ro/files/product/original/set-educativ-sapa-si-descopera-dinozauri-triceratops-477113.jpg"",""https://gomagcdn.ro/domains/kidstory.ro/files/product/original/set-educativ-sapa-si-descopera-dinozauri-triceratops-962334.jpg"",""https://gomagcdn.ro/domains/kidstory.ro/files/product/original/set-educativ-sapa-si-descopera-dinozauri-triceratops-864437.jpg"",""https://gomagcdn.ro/domains/kidstory.ro/files/product/original/set-educativ-sapa-si-descopera-dinozauri-triceratops-496884.jpg"",""https://gomagcdn.ro/domains/kidstory.ro/files/product/original/set-educativ-sapa-si-descopera-dinozauri-triceratops-181267.jpg"",""https://gomagcdn.ro/domains/kidstory.ro/files/product/original/set-educativ-sapa-si-descopera-dinozauri-triceratops-403743.jpg"",""https://gomagcdn.ro/domains/kidstory.ro/files/product/original/set-educativ-sapa-si-descopera-dinozauri-triceratops-358415.jpg""]",,"[""4M""]",,,"true","false","1","0",,,,,"0","0","2026-02-07 02:17:55.145","2026-03-22 01:12:31.061",,"PRESCHOOL_3_5","51.75","0","0","0","0","0","0","2.9","0","0","APPROVED","SCIENCE","26f5418c-965d-4630-994c-b51947cdec04","false",,
"c5b299a8-521e-4448-8974-2b80be48512b","Set experimente de crescut Cristale, albastru","set-experimente-de-crescut-cristale-albastru-4M-03930-EU","Set experimente de crescut Cristale, albastru   este un kit educativ fascinant care le permite copiilor sa creasca propriul cristal spectaculos de culoare albastra. Acest set ofera o introducere practica in lumea chimiei si a formarii cristalelor, stimuland curiozitatea si intelegerea stiintifica.   Beneficii      Explorare stiintifica  ,   Demonstreaza procesele de formare a cristalelor intr-un mod captivant si vizual.    Dezvoltarea abilitatilor  ,   Imbunatateste rabdarea, atentia la detalii si intelegerea proceselor chimice.    Constientizare ecologica  ,   Incurajeaza interesul pentru stiinta si mediul inconjurator prin experimente practice.    Caracteristici      Formare rapida a cristalului  ,   Permite observarea procesului de cristalizare in decurs de cateva zile.    Continut complet  ,   Include toate materialele necesare pentru experiment: solutie de cristalizare, recipient de crestere, baza de afisare si instructiuni detaliate.    Design atractiv  ,   Baza de afisare in forma de capsula spatiala ofera o prezentare impresionanta a cristalului finalizat.    Ce spun utilizatorii?   ,œ   , žCopilul meu a fost uimit sa vada cum creste cristalul zi de zi!,   ,   Maria, Bucuresti  ,œ   , žUn mod excelent de a introduce conceptele de chimie intr-un mod distractiv.,   ,   Andrei, Cluj-Napoca  ,œ   , žInstructiunile sunt clare, iar rezultatul final este spectaculos. Recomand cu caldura!,   ,   Elena, Iasi   Detalii tehnice:     Dimensiuni ambalaj: 17 cm (latime) x 22 cm (inaltime) x 6 cm (adancime)    Varsta recomandata: 10 ani+    Timp estimat de crestere a cristalului: 7-10 zile  ðŸ mdash;  Adauga acum in cos  Set experimente de crescut Cristale, albastru  si ofera-i copilului tau o experienta educativa si distractiva!   Transforma invatarea intr-o aventura stiintifica.  Comanda acum si lasa imaginatia sa prinda viata!","69",,"4M-03930-EU","[""https://gomagcdn.ro/domains/kidstory.ro/files/product/original/set-experimente-de-crescut-cristale-albastru-480213.png"",""https://gomagcdn.ro/domains/kidstory.ro/files/product/original/set-experimente-de-crescut-cristale-albastru-148312.png"",""https://gomagcdn.ro/domains/kidstory.ro/files/product/original/set-experimente-de-crescut-cristale-albastru-299963.png""]",,"[""4M""]",,,"true","false","1","0",,,,,"0","0","2026-02-07 02:17:55.145","2026-03-22 01:12:32.237",,"ELEMENTARY_6_8","51.75","0","0","0","0","0","0","2.9","0","0","APPROVED","TECHNOLOGY","26f5418c-965d-4630-994c-b51947cdec04","false",,
"ec411269-411f-466e-acbc-e0543c6127b4","Set experimente de crescut Cristale, rosu","set-experimente-de-crescut-cristale-rosu-4M-03929-EU","Set experimente de crescut Cristale, rosu  este un kit educativ fascinant care le permite copiilor sa creasca propriul cristal spectaculos de culoare rosie. Acest set ofera o introducere practica in lumea chimiei si a formarii cristalelor, stimuland curiozitatea si intelegerea stiintifica.   Beneficii      Explorare stiintifica  ,   Demonstreaza procesele de formare a cristalelor intr-un mod captivant si vizual.    Dezvoltarea abilitatilor  ,   Imbunatateste rabdarea, atentia la detalii si intelegerea proceselor chimice.    Constientizare ecologica  ,   Incurajeaza interesul pentru stiinta si mediul inconjurator prin experimente practice.    Caracteristici      Formare rapida a cristalului  ,   Permite observarea procesului de cristalizare in decurs de cateva zile.    Continut complet  ,   Include toate materialele necesare pentru experiment: solutie de cristalizare, recipient de crestere, baza de afisare si instructiuni detaliate.    Design atractiv  ,   Baza de afisare in forma de capsula spatiala ofera o prezentare impresionanta a cristalului finalizat.    Ce spun utilizatorii?   ,œ   , žCopilul meu a fost uimit sa vada cum creste cristalul zi de zi!,   ,   Maria, Bucuresti  ,œ   , žUn mod excelent de a introduce conceptele de chimie intr-un mod distractiv.,   ,   Andrei, Cluj-Napoca  ,œ   , žInstructiunile sunt clare, iar rezultatul final este spectaculos. Recomand cu caldura!,   ,   Elena, Iasi   Detalii tehnice:     Dimensiuni ambalaj: 17 cm (latime) x 22 cm (inaltime) x 6 cm (adancime)    Varsta recomandata: 10 ani+    Timp estimat de crestere a cristalului: 7-10 zile  ðŸ mdash;  Adauga acum in cos  Set experimente de crescut Cristale, rosu  si ofera-i copilului tau o experienta educativa si distractiva!   Transforma invatarea intr-o aventura stiintifica.  Comanda acum si lasa imaginatia sa prinda viata!","69",,"4M-03929-EU","[""https://gomagcdn.ro/domains/kidstory.ro/files/product/original/set-experimente-de-crescut-cristale-rosu-278804.png"",""https://gomagcdn.ro/domains/kidstory.ro/files/product/original/set-experimente-de-crescut-cristale-rosu-880981.png"",""https://gomagcdn.ro/domains/kidstory.ro/files/product/original/set-experimente-de-crescut-cristale-rosu-574345.png""]",,"[""4M""]",,,"true","false","1","0",,,,,"0","0","2026-02-07 02:17:55.145","2026-03-22 01:12:32.22",,"ELEMENTARY_6_8","51.75","0","0","0","0","0","0","2.9","0","0","APPROVED","TECHNOLOGY","26f5418c-965d-4630-994c-b51947cdec04","false",,
"3f902fe1-b77a-43b2-b742-2ad868059e4b","Set experimente de crescut Cristale","set-experimente-de-crescut-cristale-4M-03913-4269","Setul include 3 amestecuri de seminte  de cristale colorate, producand un cristal complet crescut de 4 cm x 5 cm, cu multe posibilitati de culoare diferite. Un experiment fascinant de efectuat acasa.  Pachetul contine: -  1 x punga de cristale albe (fosfat de monoamoniu), -  3 x pungi mici de amestec de insamantare de cristale colorate (albastru, rosu si alb), -  1x recipient, -  1x lingura de insamantare, instructiuni detaliate.  Dimensiuni cutie: 9.2 x 9.2 x 9.2 cm","70",,"4M-03913-4269","[""https://gomagcdn.ro/domains/kidstory.ro/files/product/original/set-experimente-de-crescut-cristale-8607111410.jpg"",""https://gomagcdn.ro/domains/kidstory.ro/files/product/original/set-experimente-de-crescut-cristale-6055693196.jpg"",""https://gomagcdn.ro/domains/kidstory.ro/files/product/original/set-experimente-de-crescut-cristale-7077252600.jpg"",""https://gomagcdn.ro/domains/kidstory.ro/files/product/original/set-experimente-de-crescut-cristale-9524649258.jpg"",""https://gomagcdn.ro/domains/kidstory.ro/files/product/original/set-experimente-de-crescut-cristale-2864813694.jpg"",""https://gomagcdn.ro/domains/kidstory.ro/files/product/original/set-experimente-de-crescut-cristale-6679373403.jpg"",""https://gomagcdn.ro/domains/kidstory.ro/files/product/original/set-experimente-de-crescut-cristale-2906724699.jpg"",""https://gomagcdn.ro/domains/kidstory.ro/files/product/original/set-experimente-de-crescut-cristale-8043564243.jpg"",""https://gomagcdn.ro/domains/kidstory.ro/files/product/original/set-experimente-de-crescut-cristale-5031067557.jpg"",""https://gomagcdn.ro/domains/kidstory.ro/files/product/original/set-experimente-de-crescut-cristale-3347239094.jpg""]",,"[""4M""]",,,"true","false","1","0",,,,,"0","0","2026-02-07 02:17:55.145","2026-03-22 01:12:31.196",,"ELEMENTARY_6_8","52.5","0","0","0","0","0","0","2.9","0","0","APPROVED","SCIENCE","26f5418c-965d-4630-994c-b51947cdec04","false",,
"fdcc34b9-b3a3-4958-9934-741e3f775332","Set de construit cu magnet Spaghetteez 35 piese","set-de-construit-cu-magnet-spaghetteez-35-piese-Spaghet101005","Set de construit cu magnet Spaghetteez Cele mai noi forme pentru construit- super flexibile, sigure, ușoare, versatile Faceți clic, răsuciți și creați! Construiește cu cele mai inedite instrumente - Spaghetteez, bețișoare moi, flexibile, de diferite culori și dimensiuni. Ele pot fi ușor răsucite și unite, astfel încât copilul să se poată exprima în cel mai creativ mod. Iar când vreți modele noi, nu e nicio problemă, desfaceți bețișoarele spaghetteez și o luați de la capăt, pentru că se pot folosi ori de câte ori doriți. Conține 35 de bețișoare, broșura cu instrucțiuni și modele pas cu pas. Vârsta recomandată: + 4 ani. AVERTISMENT! A se folosi sub directa supraveghere a unei persoane adulte. Asigurați-vă că ați citit toate atenționările înainte de a înmâna jucăria copilului. Produs certificat internațional pentru siguranță. Clics toys, Belgia.","72",,"Spaghet101005","[""https://cdnmpro.com/708224949/p/raw/1/set-de-construit-cu-magnet-spaghetteez-35-piese~10051.jpg"",""https://cdnmpro.com/708224949/p/raw/0/set-de-construit-cu-magnet-spaghetteez-35-piese~10050.jpg"",""https://cdnmpro.com/708224949/p/raw/2/set-de-construit-cu-magnet-spaghetteez-35-piese~10052.jpg"",""https://cdnmpro.com/708224949/p/raw/2/set-de-construit-cu-magnet-spaghetteez-35-piese~14212.jpg"",""https://cdnmpro.com/708224949/p/raw/3/set-de-construit-cu-magnet-spaghetteez-35-piese~14213.jpg""]",,"[""Clicstoys""]",,,"true","false","3","0",,,,,"0","0","2026-02-07 02:17:14.098","2026-03-22 01:12:34.47","5425002307783.0","TODDLERS_1_3","46.29","0","0","0","0","0","0","2.9","0","0","APPROVED","GENERAL","ee75eea8-9f64-4076-96a2-52f5d6926c14","false",,
"19a5c41d-a255-4087-baf0-1cf4c9ec6e72","Joc cu zaruri-Cuvinte, Star words","joc-cu-zaruri-cuvinte-star-words-CTV-555","Set educativ, cu 3 variante standard de joc (dar multe altele posibile), pentru învățarea limbii engleze + varianta cu zaruri a clasicului Yams. Un joc compact, dar cu multe opțiuni de joc, idel pentru a-l lua în orice călătorie. Conține: 13 zaruri. Vârsta recomandată: + 6 ani AVERTISMENT: Contraindicat copiilor sub 3 ani, conține piese mici, pericol de sufocare. A se utiliza sub directa supraveghere a unui adult. Producător: CreativaMente, Italia 555 Joc cu zaruri - Words - descarca aici regulile jocului","73.6",,"CTV-555","[""https://cdnmpro.com/708224949/p/raw/9/joc-cu-zaruri-cuvinte-star-words~5589.jpg"",""https://cdnmpro.com/708224949/p/raw/7/joc-cu-zaruri-cuvinte-star-words~5907.jpg""]",,"[""CreativaMente""]",,,"true","false","0","0",,,,,"0","0","2026-02-07 02:17:14.098","2026-03-22 01:12:34.104","8032591785556.0","ELEMENTARY_6_8","63.48","0","0","0","0","0","0","2.9","0","0","APPROVED",,"ee75eea8-9f64-4076-96a2-52f5d6926c14","false",,
"0a0571ee-f97c-4fce-bcb6-def822911c68","Joc de logica Taquin, Djeco","joc-de-logica-taquin-djeco-DJ00814","Joc logic Taquin O nouă abordare originală, estetică și capricioasă a jocului clasic Fifteen Puzzle. In aceasta versiune jucătorii trebuie să recreeze un set de imagini mici în locul unei singure imagini.&nbsp;Dezvoltă răbdarea, logica și abilitățile de deducție. Conținut: joc puzzle culisant din lemn și 20 de cărți provocare. Vârsta recomandată: 6-99 ani. Pentru un jucător. Confecționat din lemn certificat FSC®. Producător: Djeco. Manual Joc de logica Taquin, Djeco - descarca aici fisierul","76.95",,"DJ00814","[""https://cdnmpro.com/708224949/p/raw/8/joc-de-logica-taquin-djeco~19958.jpg"",""https://cdnmpro.com/708224949/p/raw/6/joc-de-logica-taquin-djeco~19956.jpg"",""https://cdnmpro.com/708224949/p/raw/7/joc-de-logica-taquin-djeco~19957.jpg""]",,"[""Djeco""]",,,"true","false","35","0",,,,,"0","0","2026-02-07 02:17:14.098","2026-03-22 01:12:34.923","3070900008144.0","ELEMENTARY_6_8","53.46","0","0","0","0","0","0","2.9","0","0","APPROVED","GENERAL","ee75eea8-9f64-4076-96a2-52f5d6926c14","false",,
"d8b224b7-4f10-402d-b390-faa334c84f98","Lupa cu suport, marire 4.5x,  BugLoupe","lupa-cu-suport-marire-45x-bugloupe-HU-55","BugLoupe,   HU-55 este o lupa cu suport pentru copii, cu zoom de 4.5X si o lentila de 2.65 inch, pre-focalizata, pentru vizualizarea insectelor, plantelor, monedelor, marcilor postale si multe altele.  Nu veti vedea cu adevarat o insecta de aproape pana cand nu utilizati lupa noastra BugLoupe,   cu zoom de 4.5x.  Optica acrilica de calitate profesionala va permite sa vedeti cele mai fine detalii. Pre-focalizata pentru vizualizare rapida si usoara. Pur si simplu plasati BugLoupe,   peste insecta si copilul dvs. va vedea detalii pe care nu le-au vazut niciodata inainte.  Carson Optical este o companie cu 34 de experienta in domeniul opticii, fiind producatorul nr 1 de lupe din SUA, producatorul nr 1 de microscoape de buzunar din SUA si unul dintre principalii furnizori de binocluri. Carson are peste 100 de sute de brevete si vinde atat vanatorilor, cat si excursionistilor, studentilor, artizanilor si constructorilor. Si ce este minunat este ca au si o linie destinata copiilor!  Carson este un nume de incredere in domeniul opticii si ofera o varietate de produse care sunt perfecte pentru copii. Kiturile Carson sunt concepute pentru a fi distractive si educative si sunt cadouri excelente pentru copiii interesati de stiinta.","77",,,"[""https://gomagcdn.ro/domains/kidstory.ro/files/product/original/lupa-cu-suport-marire-4-5x-bugloupe-563319.jpg"",""https://gomagcdn.ro/domains/kidstory.ro/files/product/original/lupa-cu-suport-marire-4-5x-bugloupe-133063.jpg"",""https://gomagcdn.ro/domains/kidstory.ro/files/product/original/lupa-cu-suport-marire-4-5x-bugloupe-072242.jpg"",""https://gomagcdn.ro/domains/kidstory.ro/files/product/original/lupa-cu-suport-marire-4-5x-bugloupe-039973.jpg"",""https://gomagcdn.ro/domains/kidstory.ro/files/product/original/lupa-cu-suport-marire-4-5x-bugloupe-617319.jpg"",""https://gomagcdn.ro/domains/kidstory.ro/files/product/original/lupa-cu-suport-marire-4-5x-bugloupe-640179.jpg"",""https://gomagcdn.ro/domains/kidstory.ro/files/product/original/lupa-cu-suport-marire-4-5x-bugloupe-990392.jpg""]",,"[""Carson""]",,,"true","false","1","0",,,,,"0","0","2026-02-07 02:17:55.145","2026-03-22 01:12:31.717",,"MIDDLE_SCHOOL_9_12","77","0","0","0","0","0","0","2.9","0","0","APPROVED","ENGINEERING","26f5418c-965d-4630-994c-b51947cdec04","false",,
"abd55932-8742-4237-9363-49852993e8ff","Microscop portabil cu breloc, marire 20x, MicroMini, Surf","microscop-portabil-cu-breloc-marire-20x-micromini-surf-MM-280B","MicroMini,   este un microscop de buzunar cu iluminare LED si putere de marire de 20x, mereu pregatit!  Este compact, portabil si usor de utilizat. Este atat de mic incat poate incapea in palma ta.  Prinde-l pe orice geanta sau rucsac folosind lantul cheie atasat. Acum poti explora orice... oriunde folosind lanterna cu LED-uri!  Vizualizeaza tesaturi, flori, frunzis, pixeli de imprimare si multe altele, toate de aproape!  Vizualizeaza obiectele ascunse in bani cu ajutorul luminii UV incluse. Foloseste 3 baterii de tip G12 (incluse).  Carson Optical este o companie cu 34 de experienta in domeniul opticii, fiind producatorul nr 1 de lupe din SUA, producatorul nr 1 de microscoape de buzunar din SUA si unul dintre principalii furnizori de binocluri. Carson are peste 100 de sute de brevete si vinde atat vanatorilor, cat si excursionistilor, studentilor, artizanilor si constructorilor. Si ce este minunat este ca au si o linie destinata copiilor!  Carson este un nume de incredere in domeniul opticii si ofera o varietate de produse care sunt perfecte pentru copii. Kiturile Carson sunt concepute pentru a fi distractive si educative si sunt cadouri excelente pentru copiii interesati de stiinta.","77",,"MM-280B","[""https://gomagcdn.ro/domains/kidstory.ro/files/product/original/microscop-portabil-cu-breloc-marire-20x-micromini-gri-562406.jpg"",""https://gomagcdn.ro/domains/kidstory.ro/files/product/original/microscop-portabil-cu-breloc-marire-20x-micromini-gri-134579.jpg"",""https://gomagcdn.ro/domains/kidstory.ro/files/product/original/microscop-portabil-cu-breloc-marire-20x-micromini-gri-679597.jpg"",""https://gomagcdn.ro/domains/kidstory.ro/files/product/original/microscop-portabil-cu-breloc-marire-20x-micromini-gri-110046.jpg"",""https://gomagcdn.ro/domains/kidstory.ro/files/product/original/microscop-portabil-cu-breloc-marire-20x-micromini-gri-763185.jpg"",""https://gomagcdn.ro/domains/kidstory.ro/files/product/original/microscop-portabil-cu-breloc-marire-20x-micromini-gri-017637.jpg"",""https://gomagcdn.ro/domains/kidstory.ro/files/product/original/microscop-portabil-cu-breloc-marire-20x-micromini-gri-329312.jpg"",""https://gomagcdn.ro/domains/kidstory.ro/files/product/original/microscop-portabil-cu-breloc-marire-20x-micromini-gri-883799.jpg"",""https://gomagcdn.ro/domains/kidstory.ro/files/product/original/microscop-portabil-cu-breloc-marire-20x-micromini-gri-979133.jpg""]",,"[""Carson""]",,,"true","false","1","0",,,,,"0","0","2026-02-07 02:17:55.145","2026-03-22 01:12:31.75",,"MIDDLE_SCHOOL_9_12","77","0","0","0","0","0","0","2.9","0","0","APPROVED","ENGINEERING","26f5418c-965d-4630-994c-b51947cdec04","false",,
"79096aaf-1dcb-4ec8-bb36-e97ed5032184","Microscop portabil cu breloc, marire 20x, MicroMini, Orange","microscop-portabil-cu-breloc-marire-20x-micromini-orange-MM-280O","MicroMini,   este un microscop de buzunar cu iluminare LED si putere de marire de 20x, mereu pregatit!  Este compact, portabil si usor de utilizat. Este atat de mic incat poate incapea in palma ta.  Prinde-l pe orice geanta sau rucsac folosind lantul cheie atasat. Acum poti explora orice... oriunde folosind lanterna cu LED-uri!  Vizualizeaza tesaturi, flori, frunzis, pixeli de imprimare si multe altele, toate de aproape! Vizualizeaza obiectele ascunse in bani cu ajutorul luminii UV incluse. Foloseste 3 baterii de tip G12 (incluse).  Carson Optical este o companie cu 34 de experienta in domeniul opticii, fiind producatorul nr 1 de lupe din SUA, producatorul nr 1 de microscoape de buzunar din SUA si unul dintre principalii furnizori de binocluri. Carson are peste 100 de sute de brevete si vinde atat vanatorilor, cat si excursionistilor, studentilor, artizanilor si constructorilor. Si ce este minunat este ca au si o linie destinata copiilor!  Carson este un nume de incredere in domeniul opticii si ofera o varietate de produse care sunt perfecte pentru copii. Kiturile Carson sunt concepute pentru a fi distractive si educative si sunt cadouri excelente pentru copiii interesati de stiinta.","77",,"MM-280O","[""https://gomagcdn.ro/domains/kidstory.ro/files/product/original/microscop-portabil-cu-breloc-marire-20x-micromini-orange-869667.jpg"",""https://gomagcdn.ro/domains/kidstory.ro/files/product/original/microscop-portabil-cu-breloc-marire-20x-micromini-orange-425347.jpg"",""https://gomagcdn.ro/domains/kidstory.ro/files/product/original/microscop-portabil-cu-breloc-marire-20x-micromini-orange-983746.jpg"",""https://gomagcdn.ro/domains/kidstory.ro/files/product/original/microscop-portabil-cu-breloc-marire-20x-micromini-orange-478773.jpg"",""https://gomagcdn.ro/domains/kidstory.ro/files/product/original/microscop-portabil-cu-breloc-marire-20x-micromini-orange-227182.jpg"",""https://gomagcdn.ro/domains/kidstory.ro/files/product/original/microscop-portabil-cu-breloc-marire-20x-micromini-orange-176518.jpg"",""https://gomagcdn.ro/domains/kidstory.ro/files/product/original/microscop-portabil-cu-breloc-marire-20x-micromini-orange-058260.jpg"",""https://gomagcdn.ro/domains/kidstory.ro/files/product/original/microscop-portabil-cu-breloc-marire-20x-micromini-orange-607389.jpg"",""https://gomagcdn.ro/domains/kidstory.ro/files/product/original/microscop-portabil-cu-breloc-marire-20x-micromini-orange-799435.jpg""]",,"[""Carson""]",,,"true","false","1","0",,,,,"0","0","2026-02-07 02:17:55.145","2026-03-22 01:12:31.784",,"MIDDLE_SCHOOL_9_12","77","0","0","0","0","0","0","2.9","0","0","APPROVED","ENGINEERING","26f5418c-965d-4630-994c-b51947cdec04","false",,
"be1d9cd6-c64a-4c17-8839-b6a4883cd732","Observator insecte BugView, cu lupa marire 5x","observator-insecte-bugview-cu-lupa-marire-5x-HU-10","BugView,   HU-10 este o unealta rapida pentru prinderea insectelor si o lupa cu zoom de 5x de la Carson Optical, destinata copiilor.  Dispozitivul de captare actionat cu degetul face usor sa prindeti chiar si cele mai   rapide   specimene.  Lupa cu zoom de 5x din acril cristalin, care permite luminii ambientale sa intre si va permite sa vedeti cele mai mici detalii cu usurinta.  Pur si simplu prindeti o insecta, apoi examinati, iar cand ati terminat, eliberati-o.  Carson Optical este o companie cu 34 de experienta in domeniul opticii, fiind producatorul nr 1 de lupe din SUA, producatorul nr 1 de microscoape de buzunar din SUA si unul dintre principalii furnizori de binocluri. Carson are peste 100 de sute de brevete si vinde atat vanatorilor, cat si excursionistilor, studentilor, artizanilor si constructorilor. Si ce este minunat este ca au si o linie destinata copiilor!  Carson este un nume de incredere in domeniul opticii si ofera o varietate de produse care sunt perfecte pentru copii. Kiturile Carson sunt concepute pentru a fi distractive si educative si sunt cadouri excelente pentru copiii interesati de stiinta.","77",,,"[""https://gomagcdn.ro/domains/kidstory.ro/files/product/original/observator-insecte-bugview-cu-lupa-marire-5x-759229.jpg"",""https://gomagcdn.ro/domains/kidstory.ro/files/product/original/observator-insecte-bugview-cu-lupa-marire-5x-811749.jpg"",""https://gomagcdn.ro/domains/kidstory.ro/files/product/original/observator-insecte-bugview-cu-lupa-marire-5x-556675.jpg"",""https://gomagcdn.ro/domains/kidstory.ro/files/product/original/observator-insecte-bugview-cu-lupa-marire-5x-296752.jpg"",""https://gomagcdn.ro/domains/kidstory.ro/files/product/original/observator-insecte-bugview-cu-lupa-marire-5x-636156.jpg"",""https://gomagcdn.ro/domains/kidstory.ro/files/product/original/observator-insecte-bugview-cu-lupa-marire-5x-864983.jpg"",""https://gomagcdn.ro/domains/kidstory.ro/files/product/original/observator-insecte-bugview-cu-lupa-marire-5x-741756.jpg"",""https://gomagcdn.ro/domains/kidstory.ro/files/product/original/observator-insecte-bugview-cu-lupa-marire-5x-156022.jpg"",""https://gomagcdn.ro/domains/kidstory.ro/files/product/original/observator-insecte-bugview-cu-lupa-marire-5x-057919.jpg""]",,"[""Carson""]",,,"true","false","1","0",,,,,"0","0","2026-02-07 02:17:55.145","2026-03-22 01:12:31.666",,"MIDDLE_SCHOOL_9_12","77","0","0","0","0","0","0","2.9","0","0","APPROVED","ENGINEERING","26f5418c-965d-4630-994c-b51947cdec04","false",,
"6dd34d7c-ac76-4a54-865c-da57aebca328","Microscop portabil cu breloc, marire 20x, MicroMini, Safari","microscop-portabil-cu-breloc-marire-20x-micromini-safari-MM-280G","MicroMini,   este un microscop de buzunar cu iluminare LED si putere de marire de 20x, mereu pregatit!  Este compact, portabil si usor de utilizat. Este atat de mic incat poate incapea in palma ta.  Prinde-l pe orice geanta sau rucsac folosind lantul cheie atasat. Acum poti explora orice... oriunde folosind lanterna cu LED-uri!  Vizualizeaza tesaturi, flori, frunzis, pixeli de imprimare si multe altele, toate de aproape! Vizualizeaza obiectele ascunse in bani cu ajutorul luminii UV incluse. Foloseste 3 baterii de tip G12 (incluse).  Carson Optical este o companie cu 34 de experienta in domeniul opticii, fiind producatorul nr 1 de lupe din SUA, producatorul nr 1 de microscoape de buzunar din SUA si unul dintre principalii furnizori de binocluri. Carson are peste 100 de sute de brevete si vinde atat vanatorilor, cat si excursionistilor, studentilor, artizanilor si constructorilor. Si ce este minunat este ca au si o linie destinata copiilor!  Carson este un nume de incredere in domeniul opticii si ofera o varietate de produse care sunt perfecte pentru copii. Kiturile Carson sunt concepute pentru a fi distractive si educative si sunt cadouri excelente pentru copiii interesati de stiinta.","77",,"MM-280G","[""https://gomagcdn.ro/domains/kidstory.ro/files/product/original/microscop-portabil-cu-breloc-marire-20x-micromini-safari-969477.jpg"",""https://gomagcdn.ro/domains/kidstory.ro/files/product/original/microscop-portabil-cu-breloc-marire-20x-micromini-safari-817093.jpg"",""https://gomagcdn.ro/domains/kidstory.ro/files/product/original/microscop-portabil-cu-breloc-marire-20x-micromini-safari-360265.jpg"",""https://gomagcdn.ro/domains/kidstory.ro/files/product/original/microscop-portabil-cu-breloc-marire-20x-micromini-safari-306483.jpg"",""https://gomagcdn.ro/domains/kidstory.ro/files/product/original/microscop-portabil-cu-breloc-marire-20x-micromini-safari-073024.jpg"",""https://gomagcdn.ro/domains/kidstory.ro/files/product/original/microscop-portabil-cu-breloc-marire-20x-micromini-safari-886416.jpg"",""https://gomagcdn.ro/domains/kidstory.ro/files/product/original/microscop-portabil-cu-breloc-marire-20x-micromini-safari-826959.jpg"",""https://gomagcdn.ro/domains/kidstory.ro/files/product/original/microscop-portabil-cu-breloc-marire-20x-micromini-safari-173034.jpg"",""https://gomagcdn.ro/domains/kidstory.ro/files/product/original/microscop-portabil-cu-breloc-marire-20x-micromini-safari-649298.jpg"",""https://gomagcdn.ro/domains/kidstory.ro/files/product/original/microscop-portabil-cu-breloc-marire-20x-micromini-safari-674836.jpg""]",,"[""Carson""]",,,"true","false","1","0",,,,,"0","0","2026-02-07 02:17:55.145","2026-03-22 01:12:31.766",,"MIDDLE_SCHOOL_9_12","77","0","0","0","0","0","0","2.9","0","0","APPROVED","ENGINEERING","26f5418c-965d-4630-994c-b51947cdec04","false",,
"83c092e8-debe-4108-854c-0f506e2c7a73","Joc logic cu rachete si planete, Djeco","joc-logic-cu-rachete-si-planete-djeco-DJ00825","Joc logic educativ cu rachete si planete  Rocket Track este un joc de logică cu provocarea de a construi un labirint funcțional pentru a trimite fiecare rachetă către planeta corectă. Nu e de r&acirc;s cu gașca și nici de socializat. E un joc de concentrare pură, tip &bdquo;creier la muncă&rdquo;, cu dificultate progresivă. Descoperă singura cale posibilă de a ghida rachetele prin galaxie spre planeta lor! Jocul are 4 niveluri de dificultate progresivă. Poate fi jucat individual sau &icirc;n mod cooperativ. Ce conține: &bull; Tablă de joc ilustrată, față-verso&bull; 20 cărți-provocare (40 de provocări)&bull; 12 piese tip domino (drumuri)&bull; 2 piese pătrate de drum&bull; 4 planete&bull; 4 rachete&bull; Reguli de joc Cum se joacă:&nbsp; Alegi o carte-provocare și montezi tabla conform culorii indicate. Folosești doar piesele indicate pe carte pentru a construi o singură variantă de traseu continuu. Scopul este să conectezi fiecare rachetă cu planeta de aceeași culoare.&nbsp;Provocarea este rezolvată doar dacă există o singură soluție validă, fără drumuri moarte și fără piese suprapuse. Beneficiile jocului: &bull; Dezvoltă g&acirc;ndirea logică și rezolvarea de probleme&bull; Antrenează atenția, răbdarea și planificarea&bull; Dificultate progresivă, potrivită de la copii la adulți&bull; Pentru joc individual sau de cooperare, fără ecrane, fără distrageri  V&acirc;rsta recomandată: 7-99 ani.&nbsp; Fabricat din lemn FSC&reg; certificat AVERTISMENT! Contraindicat copiilor sub 3 ani. A se folosi sub directa supraveghere a unei persoane adulte. Producător: Djeco. Franta  Manual Joc logic cu rachete si planete, Djeco - descarca aici fisierul","84.55",,"DJ00825","[""https://cdnmpro.com/708224949/p/raw/1/joc-logic-cu-rachete-si-planete-djeco~100158021.jpg"",""https://cdnmpro.com/708224949/p/raw/4/joc-logic-cu-rachete-si-planete-djeco~100158024.jpg"",""https://cdnmpro.com/708224949/p/raw/7/joc-logic-cu-rachete-si-planete-djeco~100158027.jpg"",""https://cdnmpro.com/708224949/p/raw/0/joc-logic-cu-rachete-si-planete-djeco~100158030.jpg""]",,"[""Djeco""]",,,"true","false","13","0",,,,,"0","0","2026-02-07 02:17:14.098","2026-03-22 01:12:35.403","3070900008250.0","ELEMENTARY_6_8","0","0","0","0","0","0","0","2.9","0","0","APPROVED","SCIENCE","ee75eea8-9f64-4076-96a2-52f5d6926c14","false",,
"333fcc89-b53a-4ce5-91f1-f97b90a233d8","Lacat gigant translucid KidzLabs","lacat-gigant-translucid-kidzlabs-4M-03445","Fii un lacatus profesionist. Construieste un lacat vizibil gigant. Lacatul vizibil arata cum o cheie deschide o incuietoare.  Va puteti crea propria cheie schimband dintii cheii.  Varste: 5 ani +  Dimensiune cutie: 22 x 17 x 6 cm","87",,"4M-03445","[""https://gomagcdn.ro/domains/kidstory.ro/files/product/original/lacat-gigant-translucid-kidzlabs-798965.png"",""https://gomagcdn.ro/domains/kidstory.ro/files/product/original/lacat-gigant-translucid-kidzlabs-201181.jpg"",""https://gomagcdn.ro/domains/kidstory.ro/files/product/original/lacat-gigant-translucid-kidzlabs-643369.jpg"",""https://gomagcdn.ro/domains/kidstory.ro/files/product/original/lacat-gigant-translucid-kidzlabs-053936.png""]",,"[""4M""]",,,"true","false","1","0",,,,,"0","0","2026-02-07 02:17:55.145","2026-03-22 01:12:31.347",,"PRESCHOOL_3_5","65.25","0","0","0","0","0","0","2.9","0","0","APPROVED","SCIENCE","26f5418c-965d-4630-994c-b51947cdec04","false",,
"d333232b-3954-4d44-8610-f64cad40258c","Memo 10 povesti, Londji","memo-10-povesti-londji-LJ_DI014U","Memo 10 povești Joc de memorie si asociere. Conține 20 de piese rotunde, cu cifre și imagini reprezentative din 10 povești. Reține poziția pieselor, asociaza și găsește perechile. Vârsta recomandată: 3-8 ani. Confecționat din materiale și vopsele non toxice conform reglementărilor EN71&amp;ASTM. AVERTISMENT! Contraindicat copiilor sub 3 ani. Conține părți mici, pericol de sufocare. A se folosi sub directa supraveghere a unei persoane adulte. Producător: Londji, Spania.","88",,"LJ_DI014U","[""https://cdnmpro.com/708224949/p/raw/0/memo-10-povesti-londji~4360.jpg"",""https://cdnmpro.com/708224949/p/raw/6/memo-10-povesti-londji~4576.jpg"",""https://cdnmpro.com/708224949/p/raw/7/memo-10-povesti-londji~4577.jpg""]",,"[""Londji""]",,,"true","false","11","0",,,,,"0","0","2026-02-07 02:17:14.098","2026-03-22 01:12:33.921","LJ_DI014U","TODDLERS_1_3","58.08","0","0","0","0","0","0","2.9","0","0","APPROVED",,"ee75eea8-9f64-4076-96a2-52f5d6926c14","false",,
"98fe3f6c-5e57-428a-9c67-6c00a7324f7d","Kit stiintific ,   Constructie binoclu KidzLabs","kit-stiintific-constructie-binoclu-kidzlabs-4M-03477","Set educativ 4M KidzLabs ,   Construieste-ti proprii binocluri Set pentru a construi un binoclu functional. Invata principiile opticii si modul in care lumina este focalizata. Include toate componentele necesare. Recomandat pentru copii de 8 ani si peste. Stimuleaza gandirea logica si abilitatile STEM. Ideal pentru observatii in natura si peisaje. Un cadou perfect pentru micii exploratori si pasionati de stiinta!","89",,"4M-03477","[""https://gomagcdn.ro/domains/kidstory.ro/files/product/original/kit-stiintific-constructie-binoclu-kidzlabs-887849.png"",""https://gomagcdn.ro/domains/kidstory.ro/files/product/original/kit-stiintific-constructie-binoclu-kidzlabs-618425.png"",""https://gomagcdn.ro/domains/kidstory.ro/files/product/original/kit-stiintific-constructie-binoclu-kidzlabs-164717.png""]",,"[""4M""]",,,"true","false","1","0",,,,,"0","0","2026-02-07 02:17:55.145","2026-03-22 01:12:32.269",,"ELEMENTARY_6_8","66.75","0","0","0","0","0","0","2.9","0","0","APPROVED","SCIENCE","26f5418c-965d-4630-994c-b51947cdec04","false",,
"34c20ad1-679e-44a1-8b5f-0d8da7a08dba","Kit de sapat cristale KidzLabs","kit-de-sapat-cristale-kidzlabs-4M-03252","Excaveaza-ti propriile cristale naturale. Adauga-le in colectia ta cool. Setul contine cristale naturale de diferite culori. Va va placea acest kit de sapat minerale! Cadoul perfect pentru orice copil cu varsta peste 5 ani  Contine 1 bloc de ipsos cu 8 cristale naturale ingropate in interior, 1 unealta de sapat special conceputa, 1 perie, 1 lupa, 1 set vitrine cu capac si card de baza, 1 husa si instructiuni detaliate cu fapte amuzante.  Dimensiuni cutie: 21.5 X 16.7 X 5.8 CM  Varsta ani: 5 ani+","90",,"4M-03252","[""https://gomagcdn.ro/domains/kidstory.ro/files/product/original/kit-de-sapat-cristale-kidzlabs-361040.jpg"",""https://gomagcdn.ro/domains/kidstory.ro/files/product/original/kit-de-sapat-cristale-kidzlabs-641975.jpg"",""https://gomagcdn.ro/domains/kidstory.ro/files/product/original/kit-de-sapat-cristale-kidzlabs-742454.jpg"",""https://gomagcdn.ro/domains/kidstory.ro/files/product/original/kit-de-sapat-cristale-kidzlabs-031576.jpg"",""https://gomagcdn.ro/domains/kidstory.ro/files/product/original/kit-de-sapat-cristale-kidzlabs-660693.jpg"",""https://gomagcdn.ro/domains/kidstory.ro/files/product/original/kit-de-sapat-cristale-kidzlabs-034705.jpg"",""https://gomagcdn.ro/domains/kidstory.ro/files/product/original/kit-de-sapat-cristale-kidzlabs-404743.jpg"",""https://gomagcdn.ro/domains/kidstory.ro/files/product/original/kit-de-sapat-cristale-kidzlabs-770768.jpg"",""https://gomagcdn.ro/domains/kidstory.ro/files/product/original/kit-de-sapat-cristale-kidzlabs-808974.jpg"",""https://gomagcdn.ro/domains/kidstory.ro/files/product/original/kit-de-sapat-cristale-kidzlabs-001541.jpg""]",,"[""4M""]",,,"true","false","1","0",,,,,"0","0","2026-02-07 02:17:55.145","2026-03-22 01:12:31.251",,"PRESCHOOL_3_5","67.5","0","0","0","0","0","0","2.9","0","0","APPROVED","SCIENCE","26f5418c-965d-4630-994c-b51947cdec04","false",,
"81c98796-f3c3-4b4a-bd15-42ee58c58bc0","Kit constructie Racheta ecologica, Stiinta Verde - Green Science","kit-constructie-racheta-ecologica-stiinta-verde-green-science-4M-03298","Kit constructie Racheta ecologica, Stiinta Verde - Green Science  transforma reciclarea intr-o aventura stiintifica spectaculoasa! Acest kit educativ le permite copiilor sa construiasca si sa lanseze o racheta ecologica, folosind doar doua sticle de plastic goale si cateva pagini dintr-o revista veche. Prin simpla apasare a unei sticle, racheta poate atinge inaltimi de pana la 25 de metri, oferind o introducere practica in principiile fizicii si ale energiei verzi.   Beneficii      Invatare interactiva  ,   Demonstreaza conceptele de presiune a aerului si energie regenerabila intr-un mod captivant.    Dezvoltarea abilitatilor  ,   Imbunatateste coordonarea mana-ochi si stimuleaza gandirea creativa.    Constientizare ecologica  ,   Incurajeaza reciclarea si utilizarea responsabila a resurselor.    Caracteristici      Materiale reciclabile  ,   Utilizeaza sticle de plastic si hartie reciclata pentru constructia rachetei.    Continut complet  ,   Include toate componentele necesare pentru asamblare: conectori, tuburi, suruburi, aripi de racheta si instructiuni detaliate.    Lansare impresionanta  ,   Racheta poate atinge inaltimi de pana la 25 de metri, oferind un spectacol vizual captivant.    Ce spun utilizatorii?   ,œ   , žCopilul meu a fost fascinat sa vada cum racheta zboara atat de sus!,   ,   Maria, Bucuresti  ,œ   , žUn mod excelent de a combina distractia cu invatarea despre reciclare.,   ,   Andrei, Cluj-Napoca  ,œ   , žInstructiunile sunt clare, iar rezultatul este spectaculos. Recomand cu incredere!,   ,   Elena, Iasi   Detalii tehnice:     Dimensiuni ambalaj: 17 cm (latime) x 6 cm (adancime) x 22 cm (inaltime)    Varsta recomandata: 8 ani+    Nu necesita baterii ,   functioneaza exclusiv cu presiunea aerului  ðŸ mdash;  Adauga acum in cos  Kit constructie Racheta ecologica, Stiinta Verde - Green Science  si ofera-i copilului tau o experienta educativa si distractiva!   Transforma reciclarea intr-o aventura stiintifica.  Comanda acum si lasa imaginatia sa prinda aripi!","90",,"4M-03298","[""https://gomagcdn.ro/domains/kidstory.ro/files/product/original/kit-constructie-racheta-ecologica-stiinta-verde-green-science-013797.png"",""https://gomagcdn.ro/domains/kidstory.ro/files/product/original/kit-constructie-racheta-ecologica-stiinta-verde-green-science-148744.png"",""https://gomagcdn.ro/domains/kidstory.ro/files/product/original/kit-constructie-racheta-ecologica-stiinta-verde-green-science-900389.png""]",,"[""4M""]",,,"true","false","1","0",,,,,"0","0","2026-02-07 02:17:55.145","2026-03-22 01:12:32.114",,"ELEMENTARY_6_8","67.5","0","0","0","0","0","0","2.9","0","0","APPROVED","SCIENCE","26f5418c-965d-4630-994c-b51947cdec04","false",,
"4572e0bb-0f75-4a44-95ea-6101d16a8da5","Kit stiintific Apa curata, Stiinta Verde - Green Science","kit-stiintific-apa-curata-stiinta-verde-green-science-4M-03281","ðŸ ndash;  Kit stiintific Apa curata, Stiinta Verde - Green Science  ofera copiilor o experienta educativa captivanta, combinand stiinta cu distractia. Acest kit le permite sa construiasca un robot acvatic care inoata pe suprafata apei, alimentat de energie solara sau de o baterie, introducandu-i in conceptele de energie regenerabila si robotica.   Beneficii      Invatare practica  ,   Introduce copiii in principiile energiei solare si ale tehnologiei hibride.    Dezvoltarea abilitatilor  ,   Imbunatateste coordonarea mana-ochi si abilitatile de rezolvare a problemelor.    Stimulare creativa  ,   Incurajeaza creativitatea si curiozitatea prin asamblarea si personalizarea robotului.    Caracteristici      Alimentare duala  ,   Functioneaza cu energie solara sau cu o baterie AAA (neinclusa), asigurand distractie continua indiferent de conditiile de lumina.    Miscare realista  ,   Robotul inoata si se deplaseaza pe apa, imitand miscarile unui peste adevarat.    Continut complet  ,   Include toate componentele necesare pentru asamblare: corpul robotului, panou solar, motor, elice si instructiuni detaliate.    Ce spun utilizatorii?   ,œ   , žCopilul meu a fost fascinat sa vada cum robotul inoata cu ajutorul soarelui!,   ,   Maria, Bucuresti  ,œ   , žUn mod excelent de a introduce conceptele de energie regenerabila intr-un mod distractiv.,   ,   Andrei, Cluj-Napoca  ,œ   , žAsamblarea a fost usoara si educativa. Recomand pentru toti micii inventatori!,   ,   Elena, Iasi   Detalii tehnice:     Dimensiuni ambalaj: 21 cm (latime) x 28 cm (inaltime) x 6 cm (adancime)    Varsta recomandata: 5 ani+    Necesita 1 baterie AAA (neinclusa)  ðŸ mdash;  Adauga acum in cos  Kit stiintific Apa curata, Stiinta Verde - Green Science  si ofera-i copilului tau o experienta educativa si distractiva!   Transforma invatarea intr-o aventura acvatica.  Comanda acum si lasa imaginatia sa prinda viata!","90",,"4M-03281","[""https://gomagcdn.ro/domains/kidstory.ro/files/product/original/kit-stiintific-apa-curata-stiinta-verde-green-science-357846.png"",""https://gomagcdn.ro/domains/kidstory.ro/files/product/original/kit-stiintific-apa-curata-stiinta-verde-green-science-184464.png"",""https://gomagcdn.ro/domains/kidstory.ro/files/product/original/kit-stiintific-apa-curata-stiinta-verde-green-science-491915.png""]",,"[""4M""]",,,"true","false","1","0",,,,,"0","0","2026-02-07 02:17:55.145","2026-03-22 01:12:32.059",,"ELEMENTARY_6_8","67.5","0","0","0","0","0","0","2.9","0","0","APPROVED","SCIENCE","26f5418c-965d-4630-994c-b51947cdec04","false",,
"7ef54a14-a9b3-4c33-a949-c587777b6d2d","Kit stiintific ,   Model Pamant-Luna KidzLabs","kit-stiintific-model-pamant-luna-kidzlabs-4M-03241","Set educativ 4M Kidz Labs ,   Model Pamant-Luna Kit pentru asamblarea modelului Pamant si Luna. Reproduce miscarea Lunii in jurul Pamantului. Usor de montat, ideal pentru experimente educationale. Stimuleaza invatarea prin joaca si curiozitatea stiintifica. Recomandat pentru copii de 8 ani si peste. Perfect pentru micii astronomi curiosi!","91",,"4M-03241","[""https://gomagcdn.ro/domains/kidstory.ro/files/product/original/kit-stiintific-model-pamant-luna-kidzlabs-189893.png"",""https://gomagcdn.ro/domains/kidstory.ro/files/product/original/kit-stiintific-model-pamant-luna-kidzlabs-261860.png"",""https://gomagcdn.ro/domains/kidstory.ro/files/product/original/kit-stiintific-model-pamant-luna-kidzlabs-820788.png"",""https://gomagcdn.ro/domains/kidstory.ro/files/product/original/kit-stiintific-model-pamant-luna-kidzlabs-228811.png"",""https://gomagcdn.ro/domains/kidstory.ro/files/product/original/kit-stiintific-model-pamant-luna-kidzlabs-502954.png"",""https://gomagcdn.ro/domains/kidstory.ro/files/product/original/kit-stiintific-model-pamant-luna-kidzlabs-114090.png"",""https://gomagcdn.ro/domains/kidstory.ro/files/product/original/kit-stiintific-model-pamant-luna-kidzlabs-961794.png"",""https://gomagcdn.ro/domains/kidstory.ro/files/product/original/kit-stiintific-model-pamant-luna-kidzlabs-170351.png"",""https://gomagcdn.ro/domains/kidstory.ro/files/product/original/kit-stiintific-model-pamant-luna-kidzlabs-407023.png""]",,"[""4M""]",,,"true","false","1","1",,,,,"0","0","2026-02-07 02:17:55.145","2026-03-22 01:12:32.301",,"ELEMENTARY_6_8","68.25","0","0","0","0","0","0","2.9","0","0","APPROVED","SCIENCE","26f5418c-965d-4630-994c-b51947cdec04","false",,
"f13465a8-4435-4a45-aa4f-4b284a239856","Joc de constructie Asambleaza si deseneaza, Egmont Toys","joc-de-constructie-asambleaza-si-deseneaza-egmont-toys-Egm_511155","Joc de constructie din lemn Asamblează si desenează Fiecare jucător extrage o carte la întâmplare și, cu ajutorul pieselor din lemn, trebuie să reproducă desenul. Cine va reuși primul?&nbsp; Conține: 2 table din lemn, 26 de cartonașe cu dublă față (52 de imagini), 30 de piese din lemn cu forme, marimi si culori diferite. Pentru 1-2 jucători.Vârsta recomandată: +3 ani.Confecţionat din lemn.AVERTISMENT! Contraindicat copiilor sub 3 ani, conține piese mici.&nbsp;A se folosi sub directa supraveghere a unei persoane adulte.Producător: Egmont Toys, Belgia.","92",,"Egm_511155","[""https://cdnmpro.com/708224949/p/raw/1/joc-de-constructie-asambleaza-si-deseneaza-egmont-toys~11461.jpg"",""https://cdnmpro.com/708224949/p/raw/7/joc-de-constructie-asambleaza-si-deseneaza-egmont-toys~11897.jpg"",""https://cdnmpro.com/708224949/p/raw/9/joc-de-constructie-asambleaza-si-deseneaza-egmont-toys~15049.jpg"",""https://cdnmpro.com/708224949/p/raw/6/joc-de-constructie-asambleaza-si-deseneaza-egmont-toys~15336.jpg""]",,"[""Egmont Toys""]",,,"true","false","2","0",,,,,"0","0","2026-02-07 02:17:14.098","2026-03-22 01:12:34.649","5420023043634.0","TODDLERS_1_3","60.72","0","0","0","0","0","0","2.9","0","0","APPROVED","ENGINEERING","ee75eea8-9f64-4076-96a2-52f5d6926c14","false",,
"1d11dd52-6652-4248-8bed-d59fc0bb6962","Lumina intermitenta de urgenta KidzLabs","lumina-intermitenta-de-urgenta-kidzlabs-4M-03444","Construieste aceasta lumina de urgenta intermitenta.  Aflati despre circuitele de baza si despre modul in care reflectorul motorizat face lumina sa clipeasca.  Este un decor grozav pentru dormitorul tau sau pentru iesirile in camping.  Varsta: 5 ani+  Dimensiune cutie: 22 x 17 x 6 cm  Necesita (nu sunt incluse) 2 baterii tip  1.5V AAA","92",,"4M-03444","[""https://gomagcdn.ro/domains/kidstory.ro/files/product/original/lumina-intermitenta-de-urgenta-kidzlabs-095995.jpg"",""https://gomagcdn.ro/domains/kidstory.ro/files/product/original/lumina-intermitenta-de-urgenta-kidzlabs-543539.jpg"",""https://gomagcdn.ro/domains/kidstory.ro/files/product/original/lumina-intermitenta-de-urgenta-kidzlabs-559862.jpg"",""https://gomagcdn.ro/domains/kidstory.ro/files/product/original/lumina-intermitenta-de-urgenta-kidzlabs-746858.jpg"",""https://gomagcdn.ro/domains/kidstory.ro/files/product/original/lumina-intermitenta-de-urgenta-kidzlabs-231714.jpg""]",,"[""4M""]",,,"true","false","1","0",,,,,"0","0","2026-02-07 02:17:55.145","2026-03-22 01:12:31.331",,"PRESCHOOL_3_5","69","0","0","0","0","0","0","2.9","0","0","APPROVED","SCIENCE","26f5418c-965d-4630-994c-b51947cdec04","false",,
"dbbf6070-b864-416b-9f08-9de2f5d33b20","Alarma magnetica pentru intrusi KidzLabs","alarma-magnetica-pentru-intrusi-kidzlabs-4M-03440","Nu lasa pe nimeni sa se strecoare in camera ta fara sa fie detectat! Construieste-ti propria alarma de intrus pentru a-i tine departe pe acei frati si surori enervanti! si, daca tot esti aici, exploreaza modul in care un magnet declanseaza aceasta alarma superba pentru a construi propria ta alarma de intrus.    Este un proiect excelent pentru a explora modul in care functioneaza un comutator magnetic intr-un circuit electric.  Este necesara o constructie simpla a cutiei de alarma.    Necesita 2 baterii AAA.    Varste de 5 ani +","92",,"4M-03440","[""https://gomagcdn.ro/domains/kidstory.ro/files/product/original/alarma-magnetica-pentru-intrusi-kidzlabs-400732.png"",""https://gomagcdn.ro/domains/kidstory.ro/files/product/original/alarma-magnetica-pentru-intrusi-kidzlabs-283820.png""]",,"[""4M""]",,,"true","false","1","0",,,,,"0","0","2026-02-07 02:17:55.145","2026-03-22 01:12:31.52",,"PRESCHOOL_3_5","69","0","0","0","0","0","0","2.9","0","0","APPROVED","SCIENCE","26f5418c-965d-4630-994c-b51947cdec04","false",,
"9e109219-1153-4d5f-88d8-1fe9479f477d","Microscop de buzunar cu LED, marire 20x-40x, MicroBrite","microscop-de-buzunar-cu-led-marire-20x-40x-microbrite-MM-24","MM-24, MicroBrite,  , este un microscop de buzunar cu zoom de 20x-40x.  Lumina LED super-luminoasa ilumineaza subiectul de vizionare pentru a asigura o imagine clara si luminoasa. Vizualizati obiectul dvs. la o magnificare de 20x sau faceti zoom la o magnificare impresionanta de 40x pentru a vedea chiar si cele mai mici detalii.  Pur si simplu plasati microscopul de buzunar MicroBrite,   direct pe orice subiect pentru a vedea o vedere marita sau folositi baza inclusa pentru a vizualiza lamele de specimene. MicroBrite,   este atat de compact si portabil incat il puteti lua cu dvs. oriunde mergeti.  Microscopul vine complet echipat cu microscop de buzunar, 2 lame si suport de baza.  Carson Optical este o companie cu 34 de experienta in domeniul opticii, fiind producatorul nr 1 de lupe din SUA, producatorul nr 1 de microscoape de buzunar din SUA si unul dintre principalii furnizori de binocluri. Carson are peste 100 de sute de brevete si vinde atat vanatorilor, cat si excursionistilor, studentilor, artizanilor si constructorilor. Si ce este minunat este ca au si o linie destinata copiilor!  Carson este un nume de incredere in domeniul opticii si ofera o varietate de produse care sunt perfecte pentru copii. Kiturile Carson sunt concepute pentru a fi distractive si educative si sunt cadouri excelente pentru copiii interesati de stiinta.","92",,,"[""https://gomagcdn.ro/domains/kidstory.ro/files/product/original/microscop-de-buzunar-cu-led-marire-20x-40x-microbrite-779119.jpg"",""https://gomagcdn.ro/domains/kidstory.ro/files/product/original/microscop-de-buzunar-cu-led-marire-20x-40x-microbrite-124439.jpg"",""https://gomagcdn.ro/domains/kidstory.ro/files/product/original/microscop-de-buzunar-cu-led-marire-20x-40x-microbrite-030817.jpg"",""https://gomagcdn.ro/domains/kidstory.ro/files/product/original/microscop-de-buzunar-cu-led-marire-20x-40x-microbrite-108027.jpg"",""https://gomagcdn.ro/domains/kidstory.ro/files/product/original/microscop-de-buzunar-cu-led-marire-20x-40x-microbrite-983834.jpg"",""https://gomagcdn.ro/domains/kidstory.ro/files/product/original/microscop-de-buzunar-cu-led-marire-20x-40x-microbrite-973037.jpg"",""https://gomagcdn.ro/domains/kidstory.ro/files/product/original/microscop-de-buzunar-cu-led-marire-20x-40x-microbrite-321404.jpg"",""https://gomagcdn.ro/domains/kidstory.ro/files/product/original/microscop-de-buzunar-cu-led-marire-20x-40x-microbrite-575457.jpg"",""https://gomagcdn.ro/domains/kidstory.ro/files/product/original/microscop-de-buzunar-cu-led-marire-20x-40x-microbrite-759478.jpg"",""https://gomagcdn.ro/domains/kidstory.ro/files/product/original/microscop-de-buzunar-cu-led-marire-20x-40x-microbrite-658539.jpg""]",,"[""Carson""]",,,"true","false","1","0",,,,,"0","0","2026-02-07 02:17:55.145","2026-03-22 01:12:31.732",,"MIDDLE_SCHOOL_9_12","92","0","0","0","0","0","0","2.9","0","0","APPROVED","ENGINEERING","26f5418c-965d-4630-994c-b51947cdec04","false",,
"4aa9a0ec-bba1-4d9e-806e-699c3ac70746","Microscop portabil cu LED, marire 24-53x, MicroPen","microscop-portabil-cu-led-marire-24-53x-micropen-MP-300","Carson MicroPen,   MP-300 este o jucarie educativa conceputa pentru a starni curiozitatea si a promova dragostea copiilor pentru subiectele STEM (stiinta, tehnologie, inginerie si matematica).  Cu un design compact si inovator, acest microscop portabil ofera o gama de mariri de la 24x la 53x, fiind ideal pentru explorarea lumii microscopice din jurul nostru. Ideal pentru incurajarea invatarii STEM, MicroPen,   incurajeaza explorarea practica si descoperirea stiintifica. Implicarea in subiectele STEM ii poate ajuta pe copii sa isi dezvolte abilitatile de observare, gandirea critica si o intelegere mai profunda a lumii naturale, ceea ce il face o completare valoroasa pentru mediile educationale si cele de acasa.  MicroPen,   este usor pentru copii sa opereze independent. Comenzile intuitive permit ajustari rapide ale maririi, in timp ce manerele ergonomice asigura o manipulare confortabila in timpul utilizarii prelungite, promovand o experienta de invatare fara intreruperi. De la medii de clasa la explorari in aer liber, MicroPen,   se adapteaza la diverse medii de invatare. Este perfect pentru examinarea specimenelor in timpul proiectelor stiintifice, expeditiilor in aer liber sau pur si simplu explorarii curtii din spate, oferind oportunitati nelimitate de descoperire.  MicroPen,   nu este doar o jucarie, ci o poarta catre o lume a explorarii stiintifice pentru mintile tinere. Designul sau portabil, ajustabilitatea si beneficiile educationale il fac un instrument nepretuit pentru cultivarea curiozitatii si invatarii copiilor interesati de subiectele STEM.   Optica reala facuta pentru copii - Utilizabilitatea ridicata si valoarea educationala intalnesc optica de precizie. Aceasta jucarie educativa pentru copii aduce claritate optica de nivel inalt la un design prietenos pentru copii.   Educatie STEM - Promovand gandirea critica, curiozitatea si dragostea pentru stiinta, aceasta jucarie STEM este adaugarea perfecta la setul de instrumente al oricarui tanar om de stiinta   Usor de utilizat - Comenzile simple, designul compact si versatilitatea faciliteaza incepatorii si tinerii exploratori sa faca observatii fara efort.   Iluminare cu LED - Sistemul de iluminare cu LED ofera o vizibilitate si o utilizare sporite in diverse conditii de iluminare. Acest lucru le permite copiilor sa exploreze si sa experimenteze oriunde s-ar afla.   MicroPen,   este alimentat de 3 baterii buton G3 incluse.   Carson Optical este o companie cu 34 de experienta in domeniul opticii, fiind producatorul nr 1 de lupe din SUA, producatorul nr 1 de microscoape de buzunar din SUA si unul dintre principalii furnizori de binocluri. Carson are peste 100 de sute de brevete si vinde atat vanatorilor, cat si excursionistilor, studentilor, artizanilor si constructorilor.    Carson este un nume de incredere in domeniul opticii si ofera o varietate de produse care sunt perfecte pentru copii. Kiturile Carson sunt concepute pentru a fi distractive si educative si sunt cadouri excelente pentru copiii interesati de stiinta.","92",,"MP-300","[""https://gomagcdn.ro/domains/kidstory.ro/files/product/original/microscop-portabil-cu-led-si-uv-cu-adaptor-de-smartphone-marire-100-250x-microflip-copie-403884.png"",""https://gomagcdn.ro/domains/kidstory.ro/files/product/original/microscop-portabil-cu-led-si-uv-cu-adaptor-de-smartphone-marire-100-250x-microflip-copie-781582.png""]",,"[""Carson""]",,,"true","false","1","2",,,,,"0","0","2026-02-07 02:17:55.145","2026-03-22 01:12:31.985",,"MIDDLE_SCHOOL_9_12","92","0","0","0","0","0","0","2.9","0","0","APPROVED","ENGINEERING","26f5418c-965d-4630-994c-b51947cdec04","false",,
"4b5c7125-aea5-40dc-8a50-6aa15386dcca","Joc Eduludo Forme geometrice, Djeco","joc-eduludo-forme-geometrice-djeco-DJ08300","Eduludo forme geometrice Un joc din colecția Eduludo care oferă o introducere simplă și distractivă &icirc;n geometrie și explorarea formelor prin joc. Jocul cu formele tangramului oferă copiilor o introducere &icirc;n geometrie. Trei niveluri de dificultate, pentru ca fiecare copil să poată progresa &icirc;n ritmul său. Sunt incluse soluții, astfel &icirc;nc&acirc;t copiii să &icirc;și poată corecta propriile puzzle-uri. Fiecare kit Eduludo, extrem de educativ, se concentrează pe un proces de &icirc;nvățare specific pentru a ajuta copiii să &icirc;și dezvolte abilitățile cognitive.  Conținut:   24 de provocări cu 3 nivele de dificultate diferite (12 cartonașe cu două fețe) 36 de piese din lemn de diferite forme și dimensiuni săculeț din textil pentru depozitarea pieselor 12 cărți cu răspuns față-verso  Cum se joaca: Copilul alege o provocare de pe cartonaș și &icirc;ncepe să realizeze forma geometrică indicată, potrivind piesele din lemn pe baza de joc. Trei niveluri de dificultate permit adaptarea progresului la abilitățile copilului, iar soluțiile incluse ajută la&nbsp;auto‑verificare, stimul&acirc;nd independența &icirc;n &icirc;nvățare. V&acirc;rsta recomandată: 3 - 6 ani.&nbsp;Confecționat din lemn, h&acirc;rtie și carton certificate FSC&reg;.AVERTISMENT: Contraindicat copiilor sub 3 ani. Conține părti mici ce pot fi &icirc;nghițite, pericol de sufocare. A se utiliza sub directa supraveghere a unei persoane adulte. Producător: Djeco, Franţa.","93.1",,"DJ08300","[""https://cdnmpro.com/708224949/p/raw/2/joc-eduludo-forme-geometrice-djeco~12792.jpg"",""https://cdnmpro.com/708224949/p/raw/2/joc-eduludo-forme-geometrice-djeco~1322.jpg"",""https://cdnmpro.com/708224949/p/raw/3/joc-eduludo-forme-geometrice-djeco~2023.jpg"",""https://cdnmpro.com/708224949/p/raw/4/joc-eduludo-forme-geometrice-djeco~2024.jpg""]",,"[""Djeco""]",,,"true","false","19","0",,,,,"0","0","2026-02-07 02:17:14.098","2026-03-22 01:12:33.48","3070900083004.0","TODDLERS_1_3","64.68","0","0","0","0","0","0","2.9","0","0","APPROVED","MATHEMATICS","ee75eea8-9f64-4076-96a2-52f5d6926c14","false",,
"85ee0840-6c25-4e82-ad7e-f7f22f730f75","Laborator de amestecat culori","laborator-de-amestecat-culori-4M-04919","Distreaza-te experimentand cu culorile si lumina cu kitul de mixare KidzLabs Colour Lab Mixer.  Include cateva trucuri grozave de stiinta a apei pentru a-ti uimi prietenii!  Distreaza-te facand un curcubeu de gheata, creand focuri de artificii in apa, pregateste un mixer de culori curcubeu si vopseste flori in culori superbe.  Include o brosura cu instructiuni detaliate cu 18 proiecte distractive.  Varste: 5+","94",,"4M-04919","[""https://gomagcdn.ro/domains/kidstory.ro/files/product/original/laborator-de-amestecat-culori-766127.png"",""https://gomagcdn.ro/domains/kidstory.ro/files/product/original/laborator-de-amestecat-culori-826666.png"",""https://gomagcdn.ro/domains/kidstory.ro/files/product/original/laborator-de-amestecat-culori-829850.png""]",,"[""4M""]",,,"true","false","1","3",,,,,"0","0","2026-02-07 02:17:55.145","2026-03-22 01:12:31.502",,"PRESCHOOL_3_5","70.5","0","0","0","0","0","0","2.9","0","0","APPROVED","SCIENCE","26f5418c-965d-4630-994c-b51947cdec04","false",,
"0dedfb02-186b-44c3-a1fd-a6f709af7b59","Set experimente de crescut cristale - Stiinta Cristalelor","set-experimente-de-crescut-cristale-stiinta-cristalelor-4M-03917-EU","Efectuati o serie de experimente chimice cu acest kit educational 4M pentru a va cultiva propriul set de clustere de cristal Aquamarine, clustere de cristal Glow-in-the-Dark Moon si un copac de cristal.  Invata cum se formeaza cristalele din solutii, expune-le ca o colectie si arata-le prietenilor tai!  Varste peste 14 ani  Dimensiune cutie: 22 x 17 x 6 cm","95",,"4M-03917-EU","[""https://gomagcdn.ro/domains/kidstory.ro/files/product/original/set-experimente-de-crescut-cristale-stiinta-cristalelor-225677.jpg"",""https://gomagcdn.ro/domains/kidstory.ro/files/product/original/set-experimente-de-crescut-cristale-stiinta-cristalelor-587525.jpg"",""https://gomagcdn.ro/domains/kidstory.ro/files/product/original/set-experimente-de-crescut-cristale-stiinta-cristalelor-429445.jpg"",""https://gomagcdn.ro/domains/kidstory.ro/files/product/original/set-experimente-de-crescut-cristale-stiinta-cristalelor-069318.jpg"",""https://gomagcdn.ro/domains/kidstory.ro/files/product/original/set-experimente-de-crescut-cristale-stiinta-cristalelor-392631.jpg"",""https://gomagcdn.ro/domains/kidstory.ro/files/product/original/set-experimente-de-crescut-cristale-stiinta-cristalelor-417635.jpg"",""https://gomagcdn.ro/domains/kidstory.ro/files/product/original/set-experimente-de-crescut-cristale-stiinta-cristalelor-140707.jpg"",""https://gomagcdn.ro/domains/kidstory.ro/files/product/original/set-experimente-de-crescut-cristale-stiinta-cristalelor-222368.jpg""]",,"[""4M""]",,,"true","false","1","0",,,,,"0","0","2026-02-07 02:17:55.145","2026-03-22 01:12:31.396",,"TEENS_13_PLUS","71.25","0","0","0","0","0","0","2.9","0","0","APPROVED","SCIENCE","26f5418c-965d-4630-994c-b51947cdec04","false",,
"8a7d0b51-d8db-4a5e-b6ff-75055a6bd15f","Set experimente de crescut geode de cristal","set-experimente-de-crescut-geode-de-cristal-4M-03919-EU","Creste-ti propria geoda de cristal frumoasa cu acest experiment de chimie distractiv si interesant.  Bucurati-va de momentul in care va veti descoperi geoda de cristal.  Include un recipient special conceput pentru cultivarea geodei de cristal de calitate si continutul pentru realizarea a 2 seturi complete de geode de cristal.    Dimensiune cutie: 17cm x 22cm x 6cm  Varsta recomandata: 10 ani +","95",,"4M-03919-EU","[""https://gomagcdn.ro/domains/kidstory.ro/files/product/original/set-experimente-de-crescut-geode-de-cristal-818366.png"",""https://gomagcdn.ro/domains/kidstory.ro/files/product/original/set-experimente-de-crescut-geode-de-cristal-757578.jpg"",""https://gomagcdn.ro/domains/kidstory.ro/files/product/original/set-experimente-de-crescut-geode-de-cristal-707843.jpg"",""https://gomagcdn.ro/domains/kidstory.ro/files/product/original/set-experimente-de-crescut-geode-de-cristal-250428.jpg"",""https://gomagcdn.ro/domains/kidstory.ro/files/product/original/set-experimente-de-crescut-geode-de-cristal-760416.jpg"",""https://gomagcdn.ro/domains/kidstory.ro/files/product/original/set-experimente-de-crescut-geode-de-cristal-684991.jpg"",""https://gomagcdn.ro/domains/kidstory.ro/files/product/original/set-experimente-de-crescut-geode-de-cristal-563515.jpg"",""https://gomagcdn.ro/domains/kidstory.ro/files/product/original/set-experimente-de-crescut-geode-de-cristal-083184.jpg""]",,"[""4M""]",,,"true","false","1","0",,,,,"0","0","2026-02-07 02:17:55.145","2026-03-22 01:12:31.302",,"ELEMENTARY_6_8","71.25","0","0","0","0","0","0","2.9","0","0","APPROVED","SCIENCE","26f5418c-965d-4630-994c-b51947cdec04","false",,
"2184a1c8-9193-46c4-bd7a-f8bac66cc550","Kit stiintific - Creste un Labirint, Stiinta Verde - Green Science","kit-stiintific-creste-un-labirint-stiinta-verde-green-science-4M-03352","Transforma invatarea intr-o aventura captivanta cu setul 4M Green Science - Creste un Labirint! Acest kit educativ inovator este perfect pentru copiii curiosi si pasionati de stiinta, oferindu-le oportunitatea de a invata despre cresterea plantelor si fototropism intr-un mod interactiv si distractiv. Ideal pentru micii exploratori cu varste de la 5 ani in sus, acest set aduce natura mai aproape de ei, stimulandu-le creativitatea si interesul pentru stiinta.       Caracteristici principale:    Invatare prin experimentare : Setul include tot ce este necesar pentru a crea un labirint pentru plante, unde copiii vor observa cum plantele navigheaza pentru a ajunge la lumina. Este o modalitate practica de a invata despre procesele biologice si despre cum plantele reactioneaza la mediul lor.   Materiale de calitate : Kitul contine un recipient transparent pentru sol si seminte, platforme pentru labirint si un ghid detaliat de instructiuni. Materialele sunt sigure, durabile si concepute pentru a oferi o experienta de invatare fara probleme.   Proiect eco-friendly : Copiii vor invata despre importanta plantelor si despre rolul acestora in ecosistem. Activitatea promoveaza constiinta ecologica si incurajeaza grija pentru mediu de la o varsta frageda.   Dezvoltare educativa : Cresterea plantelor in labirint ajuta la dezvoltarea abilitatilor de observare, rabdare si gandire critica. Este o activitate educativa care stimuleaza curiozitatea, creativitatea si pasiunea pentru stiinta.   Cadoul perfect pentru copii : Ambalajul atractiv si continutul educativ fac din acest set un cadou ideal pentru orice ocazie, fie ca este vorba de zile de nastere, sarbatori sau surprize speciale.       Ofera copilului tau ocazia de a descoperi si invata despre lumea fascinanta a plantelor cu setul 4M Green Science - Creste un Labirint. Acest kit nu doar ca ii va oferi ore de divertisment educativ, dar ii va si dezvolta abilitati valoroase si o constiinta ecologica.   Comanda acum si incurajeaza curiozitatea si creativitatea copilului tau cu setul 4M Green Science - Creste un Labirint!  Set ideal pentru Saptamana Verde.","97",,"4M-03352","[""https://gomagcdn.ro/domains/kidstory.ro/files/product/original/kit-stiintific-creste-un-labirint-stiinta-verde-green-science-631812.jpg"",""https://gomagcdn.ro/domains/kidstory.ro/files/product/original/kit-stiintific-creste-un-labirint-stiinta-verde-green-science-370323.jpg"",""https://gomagcdn.ro/domains/kidstory.ro/files/product/original/kit-stiintific-creste-un-labirint-stiinta-verde-green-science-360885.jpg"",""https://gomagcdn.ro/domains/kidstory.ro/files/product/original/kit-stiintific-creste-un-labirint-stiinta-verde-green-science-103503.jpg"",""https://gomagcdn.ro/domains/kidstory.ro/files/product/original/kit-stiintific-creste-un-labirint-stiinta-verde-green-science-721616.jpg""]","cmli6buv20021jjpbr43q9cpr","[""4M""]","{}","{""learningOutcomes"":[],""specialCategories"":[]}","true","false","1","2",,,,,"0","0","2026-02-07 02:17:55.145","2026-03-22 01:12:31.932",,"PRESCHOOL_3_5","72.75","0","0","0","0","0","0","2.9","0","0","APPROVED","SCIENCE","26f5418c-965d-4630-994c-b51947cdec04","false",,
"fe06e9fe-f395-4fa6-a7eb-5d5643061d46","Kit stiintific cu baloane de sapun KidzLabs","kit-stiintific-cu-baloane-de-sapun-kidzlabs-4M-03351","Acest kit educational 4M ii invata pe copii totul despre bule! Copiii pot experimenta cu fabricarea bulelor, pot crea o bula gigantica de peste un metru lungime sau pot ingheta o bula care dureaza ore intregi!  Copiii vor aprecia frumusetea geometriei bulelor, invatand in acelasi timp o multime de trucuri cu bule.  Varsta: 5 ani +  Dimensiuni cutie: 21 x 17 x 6 cm","97",,"4M-03351","[""https://gomagcdn.ro/domains/kidstory.ro/files/product/original/ki-stiintific-cu-baloane-de-sapun-kidzlabs-239756.png"",""https://gomagcdn.ro/domains/kidstory.ro/files/product/original/ki-stiintific-cu-baloane-de-sapun-kidzlabs-614615.png"",""https://gomagcdn.ro/domains/kidstory.ro/files/product/original/ki-stiintific-cu-baloane-de-sapun-kidzlabs-728727.png""]",,"[""4M""]",,,"true","false","1","0",,,,,"0","0","2026-02-07 02:17:55.145","2026-03-22 01:12:31.535",,"PRESCHOOL_3_5","72.75","0","0","0","0","0","0","2.9","0","0","APPROVED","SCIENCE","26f5418c-965d-4630-994c-b51947cdec04","false",,
"b1c43420-7fc5-4120-9f22-993a0e26d5ba","Laborator cu bule efervescente KidzLabs","laborator-cu-bule-efervescente-kidzlabs-4M-03454","Distreaza-te copios incercand aceste experimente stiintifice fascinante. Adaugati doar otet si bicarbonat de sodiu din casa! Faceti un monstru spumos infricosator si urmariti cum ii iese spuma din gura!    Faceti lava efervescenta, o racheta de curse, un vapor si distrati-va cu vulcanul de masa! 11 proiecte amuzante, inclusiv Vulcan de masa, Rocket Racer, Monstru urat de spuma, Fizzy Lava.  Pentru varste de peste 8 ani.","97",,"4M-03454","[""https://gomagcdn.ro/domains/kidstory.ro/files/product/original/laborator-cu-bule-efervescente-kidzlabs-867699.png"",""https://gomagcdn.ro/domains/kidstory.ro/files/product/original/laborator-cu-bule-efervescente-kidzlabs-729561.png"",""https://gomagcdn.ro/domains/kidstory.ro/files/product/original/laborator-cu-bule-efervescente-kidzlabs-372106.png""]",,"[""4M""]",,,"true","false","1","0",,,,,"0","0","2026-02-07 02:17:55.145","2026-03-22 01:12:31.585",,"ELEMENTARY_6_8","72.75","0","0","0","0","0","0","2.9","0","0","APPROVED","SCIENCE","26f5418c-965d-4630-994c-b51947cdec04","false",,
"5cd32c03-6754-435f-8e9f-3bb1d88b105d","Joc magnetic Fluturi, Egmont Toys","joc-magnetic-fluturi-egmont-toys-Egm_630677","Joc Magnetic Fluturi – Provocare logică și distracție pentru cei mici!&nbsp;🦋 Obiectivul jocului: Așază toate piesele magnetice pe tablă astfel încât fiecare fluture să apară în ferestrele rotunde.  60 de provocări progresive: De la niveluri ușoare la dificile, acest joc dezvoltă gândirea logică și capacitatea de rezolvare a problemelor.  Ghid cu soluții inclus: Pentru a sprijini copiii în procesul de învățare și a le oferi feedback constructiv.  Portabil și practic: Design compact, ideal pentru călătorii sau activități în aer liber.  📦 Specificații:   Vârsta recomandată: 4+ ani    Materiale: Carton și metal   Potrivit pentru acasă sau în deplasare, acest joc oferă o alternativă educativă și distractivă la jocurile electronice. AVERTISMENT: Contraindicat copiilor sub 3 ani. Conține părți mici. Se recomandă supravegherea copilului de către un adult în timpul jocului. Citiți cu atenție eticheta produsului.Producător: Egmont Toys, Belgia.","98",,"Egm_630677","[""https://cdnmpro.com/708224949/p/raw/8/joc-magnetic-fluturi-egmont-toys~20858.jpg"",""https://cdnmpro.com/708224949/p/raw/5/joc-magnetic-fluturi-egmont-toys~20855.jpg"",""https://cdnmpro.com/708224949/p/raw/6/joc-magnetic-fluturi-egmont-toys~20856.jpg"",""https://cdnmpro.com/708224949/p/raw/7/joc-magnetic-fluturi-egmont-toys~20857.jpg""]",,"[""Egmont Toys""]",,,"true","false","16","0",,,,,"0","0","2026-02-07 02:17:14.098","2026-03-22 01:12:35.247","5420023044969.0","TODDLERS_1_3","64.68","0","0","0","0","0","0","2.9","0","0","APPROVED","TECHNOLOGY","ee75eea8-9f64-4076-96a2-52f5d6926c14","false",,
"347b4498-48a1-46f3-a63a-1348dc047638","Microscop de buzunar cu adaptor pentru smartphone, marire 20x, MicroMini","microscop-de-buzunar-cu-adaptor-pentru-smartphone-marire-20x-micromini-MM-380","MicroMini,   (MM-380) este un microscop de buzunar de 20x cu un clips adaptor pentru smartphone.  Microscopul se ataseaza magnetic la clipsul adaptor si este aliniat automat la orificiul camerei clipsului.  Pur si simplu montati clipsul adaptor pe camera smartphone-ului dvs. Acum veti putea sa faceti fotografii si videoclipuri prin intermediul smartphone-ului de orice lucru pe care il vizualizati sub microscop.  Microscopul dispune de trei tipuri diferite de lumini: Lumina LED a microscopului Lanterna cu LED-uri Lumina UV  Carson Optical este o companie cu 34 de experienta in domeniul opticii, fiind producatorul nr 1 de lupe din SUA, producatorul nr 1 de microscoape de buzunar din SUA si unul dintre principalii furnizori de binocluri. Carson are peste 100 de sute de brevete si vinde atat vanatorilor, cat si excursionistilor, studentilor, artizanilor si constructorilor.    Carson este un nume de incredere in domeniul opticii si ofera o varietate de produse care sunt perfecte pentru copii. Kiturile Carson sunt concepute pentru a fi distractive si educative si sunt cadouri excelente pentru copiii interesati de stiinta.","98",,"MM-380","[""https://gomagcdn.ro/domains/kidstory.ro/files/product/original/microscop-de-buzunar-cu-adaptor-pentru-smartphone-marire-20x-micromini-363198.jpg"",""https://gomagcdn.ro/domains/kidstory.ro/files/product/original/microscop-de-buzunar-cu-adaptor-pentru-smartphone-marire-20x-micromini-712024.jpg"",""https://gomagcdn.ro/domains/kidstory.ro/files/product/original/microscop-de-buzunar-cu-adaptor-pentru-smartphone-marire-20x-micromini-036490.jpg"",""https://gomagcdn.ro/domains/kidstory.ro/files/product/original/microscop-de-buzunar-cu-adaptor-pentru-smartphone-marire-20x-micromini-173007.jpg"",""https://gomagcdn.ro/domains/kidstory.ro/files/product/original/microscop-de-buzunar-cu-adaptor-pentru-smartphone-marire-20x-micromini-706987.jpg"",""https://gomagcdn.ro/domains/kidstory.ro/files/product/original/microscop-de-buzunar-cu-adaptor-pentru-smartphone-marire-20x-micromini-018135.jpg"",""https://gomagcdn.ro/domains/kidstory.ro/files/product/original/microscop-de-buzunar-cu-adaptor-pentru-smartphone-marire-20x-micromini-430973.jpg"",""https://gomagcdn.ro/domains/kidstory.ro/files/product/original/microscop-de-buzunar-cu-adaptor-pentru-smartphone-marire-20x-micromini-277257.jpg"",""https://gomagcdn.ro/domains/kidstory.ro/files/product/original/microscop-de-buzunar-cu-adaptor-pentru-smartphone-marire-20x-micromini-200023.jpg"",""https://gomagcdn.ro/domains/kidstory.ro/files/product/original/microscop-de-buzunar-cu-adaptor-pentru-smartphone-marire-20x-micromini-056639.jpg""]",,"[""Carson""]",,,"true","false","1","0",,,,,"0","0","2026-02-07 02:17:55.145","2026-03-22 01:12:31.833",,"MIDDLE_SCHOOL_9_12","98","0","0","0","0","0","0","2.9","0","0","APPROVED","ENGINEERING","26f5418c-965d-4630-994c-b51947cdec04","false",,
"32247af4-8c2a-4946-80e9-0bcff0a1450d","Instrument optic multifunctional X-Scope","instrument-optic-multifunctional-x-scope-CP-11","X-Scope,   CP-11 este o unealta de buzunar optica multifunctionala cu 7 functii.  X-Scope,   contine un microscop de 30x, un telescop de 8x, o lupa extensibila de 9x, o lanterna cu LED-uri, fluier de semnalizare, busola directionala si ceas digital.  Este compact, usor si simplu de utilizat.  Aceasta unealta de buzunar multifunctionala va oferi ore de distractie si amuzament.  Carson Optical este o companie cu 34 de experienta in domeniul opticii, fiind producatorul nr 1 de lupe din SUA, producatorul nr 1 de microscoape de buzunar din SUA si unul dintre principalii furnizori de binocluri. Carson are peste 100 de sute de brevete si vinde atat vanatorilor, cat si excursionistilor, studentilor, artizanilor si constructorilor.    Carson este un nume de incredere in domeniul opticii si ofera o varietate de produse care sunt perfecte pentru copii. Kiturile Carson sunt concepute pentru a fi distractive si educative si sunt cadouri excelente pentru copiii interesati de stiinta.","98",,,"[""https://gomagcdn.ro/domains/kidstory.ro/files/product/original/instrument-optic-multifunctional-x-scope-362613.jpg"",""https://gomagcdn.ro/domains/kidstory.ro/files/product/original/instrument-optic-multifunctional-x-scope-564875.jpg"",""https://gomagcdn.ro/domains/kidstory.ro/files/product/original/instrument-optic-multifunctional-x-scope-099558.jpg"",""https://gomagcdn.ro/domains/kidstory.ro/files/product/original/instrument-optic-multifunctional-x-scope-685421.jpg"",""https://gomagcdn.ro/domains/kidstory.ro/files/product/original/instrument-optic-multifunctional-x-scope-174877.jpg"",""https://gomagcdn.ro/domains/kidstory.ro/files/product/original/instrument-optic-multifunctional-x-scope-631626.jpg"",""https://gomagcdn.ro/domains/kidstory.ro/files/product/original/instrument-optic-multifunctional-x-scope-502406.jpg"",""https://gomagcdn.ro/domains/kidstory.ro/files/product/original/instrument-optic-multifunctional-x-scope-152071.jpg"",""https://gomagcdn.ro/domains/kidstory.ro/files/product/original/instrument-optic-multifunctional-x-scope-386143.jpg"",""https://gomagcdn.ro/domains/kidstory.ro/files/product/original/instrument-optic-multifunctional-x-scope-441384.jpg""]",,"[""Carson""]",,,"true","false","0","0",,,,,"0","0","2026-02-07 02:17:55.145","2026-03-22 01:12:31.646",,"MIDDLE_SCHOOL_9_12","98","0","0","0","0","0","0","2.9","0","0","APPROVED","ENGINEERING","26f5418c-965d-4630-994c-b51947cdec04","false",,
"4c660443-eda6-4983-a9b4-3e640ba90acd","Jocuri magnetice Tangram, Egmont Toys","jocuri-magnetice-tangram-egmont-toys-Egm_630679","Jocuri magnetice Tangram &ndash; Dezvoltă logica și creativitatea copiilor! Tangramul magnetic de la Egmont Toys este un joc clasic de logică și reflecție, adaptat pentru a fi ușor de utilizat și transportat. 🧩 Caracteristici principale:   30 de modele de reconstruit: Provocări variate care stimulează g&acirc;ndirea logică și abilitățile de rezolvare a problemelor.   Piese din lemn de calitate: Asigură durabilitate și o experiență tactilă plăcută.   Soluții incluse: Pentru a ghida copiii &icirc;n procesul de &icirc;nvățare și a le oferi suport atunci c&acirc;nd este necesar.     Design portabil: &nbsp;este ușor de transportat, potrivit pentru joacă acasă sau &icirc;n deplasare.   Materiale durabile: Realizat din carton, lemn și metal de calitate, asigur&acirc;nd o utilizare &icirc;ndelungată.   📦 Specificații:   V&acirc;rsta recomandată: 4+ ani   Compoziție: Carton și metal   Potrivit pentru acasă sau &icirc;n deplasare, acest joc oferă o alternativă educativă și distractivă la jocurile electronice. AVERTISMENT: Contraindicat copiilor sub 3 ani. Conține părți mici. Se recomandă supravegherea copilului de către un adult &icirc;n timpul jocului. Citiți cu atenție eticheta produsului.Producător: Egmont Toys, Belgia.","98",,"Egm_630679","[""https://cdnmpro.com/708224949/p/raw/9/jocuri-magnetice-tangram-egmont-toys~20869.jpg"",""https://cdnmpro.com/708224949/p/raw/5/jocuri-magnetice-tangram-egmont-toys~20865.jpg"",""https://cdnmpro.com/708224949/p/raw/6/jocuri-magnetice-tangram-egmont-toys~20866.jpg"",""https://cdnmpro.com/708224949/p/raw/7/jocuri-magnetice-tangram-egmont-toys~20867.jpg"",""https://cdnmpro.com/708224949/p/raw/8/jocuri-magnetice-tangram-egmont-toys~20868.jpg""]",,"[""Egmont Toys""]",,,"true","false","1","0",,,,,"0","0","2026-02-07 02:17:14.098","2026-03-22 01:12:35.262","5420023044983.0","TODDLERS_1_3","64.68","0","0","0","0","0","0","2.9","0","0","APPROVED","TECHNOLOGY","ee75eea8-9f64-4076-96a2-52f5d6926c14","false",,
"1aed1aee-1168-45c6-9335-87a6408d9b87","Puzzle si joc de observatie Oceanul meu mic, Londji","puzzle-si-joc-de-observatie-oceanul-meu-mic-londji-LJ_PZ562U","Puzzle de buzunar – My Little Ocean | Aventură marină în format compact 🐠🌊 Perfect pentru mânuțe curioase și joacă în deplasare, acest puzzle de buzunar înfățișează o lume marină plină de detalii, personaje simpatice și culori vii.&nbsp;Scufundă-te în oceanul Londji, navighează cu marea balenă albastră, înconjurat de vietăți marine și îndrăgostește-te iremediabil de fascinanta lume marină.Un puzzle cu 24 de piese&nbsp; pentru a explora adâncul mării și un joc de observație cu 16 piese de buzunar de care te poți bucura oriunde te-ai duce! Caracteristici:   Conține&nbsp; 40 de piese (24 piese puzzle si 16 piese cu detalii)   Ilustrație plină de viață, cu pești, corali, scafandri și alte vietăți marine   Ambalat într-o cutie compactă și rezistentă – ideală pentru călătorii   Realizat din carton reciclat și hârtie certificată FSC®   Recomandat pentru:   Dezvoltarea atenției la detalii și gândirii logice   Joacă liniștită acasă, la drum sau în vacanțe   📏 Dimensiune puzzle final: 23 × 32 cmVârsta recomandată: 3+ aniProducător: Londji, Spania 🇪🇸 Avertisment! Nu este potrivit pentru copiii sub 3 ani. Conține piese mici. Produs in Barcelona de Londji.","98",,"LJ_PZ562U","[""https://cdnmpro.com/708224949/p/raw/9/puzzle-si-joc-de-observatie-oceanul-meu-mic-londji~21229.jpg"",""https://cdnmpro.com/708224949/p/raw/0/puzzle-si-joc-de-observatie-oceanul-meu-mic-londji~21230.jpg"",""https://cdnmpro.com/708224949/p/raw/1/puzzle-si-joc-de-observatie-oceanul-meu-mic-londji~21231.jpg"",""https://cdnmpro.com/708224949/p/raw/2/puzzle-si-joc-de-observatie-oceanul-meu-mic-londji~21232.jpg""]",,"[""Londji""]",,,"true","false","10","0",,,,,"0","0","2026-02-07 02:17:14.098","2026-03-22 01:12:35.34","LJ_PZ562U","TODDLERS_1_3","64.68","0","0","0","0","0","0","2.9","0","0","APPROVED","GENERAL","ee75eea8-9f64-4076-96a2-52f5d6926c14","false",,
"f82155ad-47ce-403f-863c-ef10707cf374","Joc magnetic Caterpillar, Egmont Toys","joc-magnetic-caterpillar-egmont-toys-Egm_630676","Joc Magnetic Caterpillar – Antrenează logica și imaginația celor mici! Jocul magnetic ""Omida"" de la Egmont Toys este o provocare captivantă pentru copiii de peste 4 ani, stimulând gândirea logică și coordonarea mână-ochi.  🧠 Caracteristici principale:   Obiectivul jocului: Recompune omida astfel încât să-și arate hrana prin ferestrele rotunde, evitând în același timp pietrele.    Conținut: 18 carduri magnetice care se plasează pe tablă, oferind multiple combinații și provocări.    Portabilitate: Design compact și piese magnetice, ideal pentru călătorii și activități în aer liber.    Beneficii educative: Dezvoltă logica, concentrarea și abilitățile motorii fine într-un mod distractiv.    📦 Specificații:    Vârsta recomandată: 4+ ani    Materiale: Carton și metal    Potrivit pentru acasă sau în deplasare, acest joc oferă o alternativă educativă și distractivă la jocurile electronice. AVERTISMENT: Contraindicat copiilor sub 3 ani. Conține părți mici. Se recomandă supravegherea copilului de către un adult în timpul jocului. Citiți cu atenție eticheta produsului.Producător: Egmont Toys, Belgia.","98",,"Egm_630676","[""https://cdnmpro.com/708224949/p/raw/4/joc-magnetic-caterpillar-egmont-toys~20854.jpg"",""https://cdnmpro.com/708224949/p/raw/0/joc-magnetic-caterpillar-egmont-toys~20850.jpg"",""https://cdnmpro.com/708224949/p/raw/1/joc-magnetic-caterpillar-egmont-toys~20851.jpg"",""https://cdnmpro.com/708224949/p/raw/2/joc-magnetic-caterpillar-egmont-toys~20852.jpg"",""https://cdnmpro.com/708224949/p/raw/3/joc-magnetic-caterpillar-egmont-toys~20853.jpg""]",,"[""Egmont Toys""]",,,"true","false","14","0",,,,,"0","0","2026-02-07 02:17:14.098","2026-03-22 01:12:35.231","5420023044952.0","TODDLERS_1_3","64.68","0","0","0","0","0","0","2.9","0","0","APPROVED","TECHNOLOGY","ee75eea8-9f64-4076-96a2-52f5d6926c14","false",,
"943ae9e7-07de-47c9-b667-f71a0361ab4c","Mini puzzle Mamut, Londji","mini-puzzle-mamut-londji-LJ_PZ615U","Puzzle de buzunar Castel &ndash; Descopera Evul Mediu! Călătorește cu mii de ani &icirc;napoi &icirc;n timp! Joc educativ pentru a descoperi cum era traiul &icirc;n Paleolitic!Mai &icirc;nt&acirc;i asamblează puzzle-ul, apoi caută personajele și află detalii despre ele: cum făceau focul, cum v&acirc;nau, primele picturi rupestre... Le vei găsi pe toate?Un puzzle de 100 de piese cu 16 cartonașe de observație despre preistorie, &icirc;nveți istorie &icirc;n timp ce te joci.&nbsp; 🔹 Conține: Puzzle de 100 de piese + 16 carduri de observație 🔹 Dimensiune puzzle: 17.5 x 47 cm.🔹 V&acirc;rstă recomandată: 5-8 ani🔹 Dimensiune compactă &ndash; ideal pentru călătorii ✈️🔹 Materiale: H&acirc;rtie FSC și carton reciclat🔹 Ilustrație: Sebasti&agrave; Serra🔹 Fabricat &icirc;n Barcelona Avertisment! Nu este potrivit pentru copiii sub 3 ani. Conține piese mici. Produs de Londji","98",,"LJ_PZ615U","[""https://cdnmpro.com/708224949/p/raw/8/mini-puzzle-mamut-londji~20518.jpg"",""https://cdnmpro.com/708224949/p/raw/9/mini-puzzle-mamut-londji~20459.jpg"",""https://cdnmpro.com/708224949/p/raw/0/mini-puzzle-mamut-londji~20460.jpg"",""https://cdnmpro.com/708224949/p/raw/1/mini-puzzle-mamut-londji~20461.jpg"",""https://cdnmpro.com/708224949/p/raw/2/mini-puzzle-mamut-londji~20462.jpg""]",,"[""Londji""]",,,"true","false","17","0",,,,,"0","0","2026-02-07 02:17:14.098","2026-03-22 01:12:34.974","LJ_PZ615U","TODDLERS_1_3","64.68","0","0","0","0","0","0","2.9","0","0","APPROVED","GENERAL","ee75eea8-9f64-4076-96a2-52f5d6926c14","false",,
"667b3cfe-8a1c-40bd-8bea-9755809fa89d","Joc magnetic Sudoku pentru copii, Egmont Toys","joc-magnetic-sudoku-pentru-copii-egmont-toys-Egm_630680","Joc Magnetic Sudoku Pădure&nbsp; – Antrenează logica și concentrarea în stil natural!  Descoperă o variantă inedită a clasicului joc Sudoku, adaptată pentru cei mici - jocul magnetic ""Sudoku Pădure"" de la Egmont Toys. Acest joc combină provocările logice cu elemente vizuale atractive din natură, oferind o experiență educativă și captivantă.  🧠 Caracteristici principale:   Provocări logice cu tematică forestieră: Copiii trebuie să plaseze animalele sălbatice în grilă, respectând regulile clasice ale Sudoku-ului, dezvoltând astfel gândirea critică și abilitățile de rezolvare a problemelor.    Piese magnetice durabile: Piesele magnetice sunt ușor de manevrat și fixat pe tablă, fiind potrivite pentru mâinile mici ale copiilor.     📦 Specificații:    Vârsta recomandată: 4+ ani    Compoziție: Carton și metal   Potrivit pentru acasă sau în deplasare, acest joc oferă o alternativă educativă și distractivă la jocurile electronice. AVERTISMENT: Contraindicat copiilor sub 3 ani. Conține părți mici. Se recomandă supravegherea copilului de către un adult în timpul jocului. Citiți cu atenție eticheta produsului.Producător: Egmont Toys, Belgia.","98",,"Egm_630680","[""https://cdnmpro.com/708224949/p/raw/3/joc-magnetic-sudoku-pentru-copii-egmont-toys~20873.jpg"",""https://cdnmpro.com/708224949/p/raw/0/joc-magnetic-sudoku-pentru-copii-egmont-toys~20870.jpg"",""https://cdnmpro.com/708224949/p/raw/1/joc-magnetic-sudoku-pentru-copii-egmont-toys~20871.jpg"",""https://cdnmpro.com/708224949/p/raw/2/joc-magnetic-sudoku-pentru-copii-egmont-toys~20872.jpg""]",,"[""Egmont Toys""]",,,"true","false","14","0",,,,,"0","0","2026-02-07 02:17:14.098","2026-03-22 01:12:35.278","5420023044990.0","TODDLERS_1_3","64.68","0","0","0","0","0","0","2.9","0","0","APPROVED","TECHNOLOGY","ee75eea8-9f64-4076-96a2-52f5d6926c14","false",,
"a1b231ea-ebac-4dc2-9c53-781233e0f72b","Joc electronic Logiblocs - set Alarma  Sonerie","joc-electronic-logiblocs-set-alarma-sonerie-06807IS","Construieste alarme si circuite electronice utile   Un kit de inceput ca sa explorezi minunata lume a Logiblocs.         Ce contine setul Alarma  Sonerie?       4 blocuri electronice modulare: BAZA DE PUTERE, BUTON, SENZOR LUMINA,  BIPER si un set instructiuni in limba engleza. Instructiunile in limba romana le puteti descarca apasand  AICI.      Ce poti face cu el?   Peste 10 de proiecte si inventii aplicate precum Sonerie, Alarma solara, Alarma Frigider si multe altele.         Toate Logiblocs interactioneaza intre ele. Combina acest set cu alte seturi Logiblocs disponibile si creste puterea si flexibilitatea experimentelor tale!  Necesita trei baterii  1.5V AAA - acestea nu sunt incluse in set.       Costul aferent colectarii, tratarii si eliminarii DEEE   0.15 lei      Despre Logiblocs          Logiblocs este sistemul electronic de descoperire care ii ajuta pe copii sa inteleaga lumea tehnologiei in care traim. De la semafoare la statii spatiale, de la masini la computere, totul in lumea high-tech actuala este controlat in acelasi mod ca si Logiblocs. Prin conectarea componentelor modulare, copiii pot construi sisteme de control si gadgeturi care sunt distractive si uneori chiar utile!          In interiorul fiecarui Logibloc se afla o placa cu circuite imprimate si fiecare bloc este codat in culori pentru a descrie functia sa. Conectand Logiblocs in diferite combinatii, copiii pot crea circuite si pot scrie practic un program simplu pentru a construi propriile inventii.          Logiblocurile au fost numite , žblocurile cibernetice ale viitorului,   - blocuri electronice fascinante care ii ajuta sa inteleaga lumea IT intr-un mod distractiv si placut. In cateva secunde pot crea tot felul de gadgeturi - alarma impotriva intrusilor pentru dormitorul lor, detector de ploaie, aparat de cod Morse, sonerie usa, detectoare de minciuni si chiar inregistrarea si redarea mesajelor secrete.          Logiblocs au devenit populare printre copiii, si sunt folosite in peste 4000 de scoli din UK. Indragitele Logiblocs au castigat in 2018 pestigiosul premiu Best of the best oferit de Reddot.","99",,"06807IS","[""https://gomagcdn.ro/domains/kidstory.ro/files/product/original/joc-electronic-logiblocs-set-smart-circuit-copie-6912-7912.jpg"",""https://gomagcdn.ro/domains/kidstory.ro/files/product/original/joc-electronic-logiblocs-set-smart-circuit-copie-6912-7161.jpg"",""https://gomagcdn.ro/domains/kidstory.ro/files/product/original/joc-electronic-logiblocs-set-smart-circuit-copie-6912-9129.jpg"",""https://gomagcdn.ro/domains/kidstory.ro/files/product/original/joc-electronic-logiblocs-set-smart-circuit-copie-6912-4408.jpg""]",,"[""Imagine Station""]",,,"true","false","1","0",,,,,"0","0","2026-02-07 02:17:55.145","2026-03-22 01:12:30.735",,"MIDDLE_SCHOOL_9_12","74.25","0","0","0","0","0","0","2.9","0","0","APPROVED","TECHNOLOGY","26f5418c-965d-4630-994c-b51947cdec04","false",,
"4617badb-c23a-4f74-9dcd-2a197a3ae63a","Joc electronic Logiblocs - set Secret Recorder","joc-electronic-logiblocs-set-secret-recorder-06808IS","Construieste gadgeturi interesante folosind un recorder   Un kit de inceput ca sa explorezi minunata lume a Logiblocs.         Ce contine setul Secret Recorder?       4 blocuri electronice modulare: BAZA DE PUTERE, BUTON, SENZOR LUMINA,  RECORDER si un set instructiuni in limba engleza. Instructiunile in limba romana le puteti descarca apasand  AICI.      Ce poti face cu el?   Peste 10 de proiecte si inventii aplicate precum Centru Inregistrare Mesaje Secrete, Sertar Vorbitor, Alarma Usa si  multe altele.         Toate Logiblocs interactioneaza intre ele. Combina acest set cu alte seturi Logiblocs disponibile si creste puterea si flexibilitatea experimentelor tale!  Necesita trei baterii  1.5V AAA - acestea nu sunt incluse in set.       Costul aferent colectarii, tratarii si eliminarii DEEE   0.15 lei      Despre Logiblocs          Logiblocs este sistemul electronic de descoperire care ii ajuta pe copii sa inteleaga lumea tehnologiei in care traim. De la semafoare la statii spatiale, de la masini la computere, totul in lumea high-tech actuala este controlat in acelasi mod ca si Logiblocs. Prin conectarea componentelor modulare, copiii pot construi sisteme de control si gadgeturi care sunt distractive si uneori chiar utile!          In interiorul fiecarui Logibloc se afla o placa cu circuite imprimate si fiecare bloc este codat in culori pentru a descrie functia sa. Conectand Logiblocs in diferite combinatii, copiii pot crea circuite si pot scrie practic un program simplu pentru a construi propriile inventii.          Logiblocurile au fost numite , žblocurile cibernetice ale viitorului,   - blocuri electronice fascinante care ii ajuta sa inteleaga lumea IT intr-un mod distractiv si placut. In cateva secunde pot crea tot felul de gadgeturi - alarma impotriva intrusilor pentru dormitorul lor, detector de ploaie, aparat de cod Morse, sonerie usa, detectoare de minciuni si chiar inregistrarea si redarea mesajelor secrete.          Logiblocs au devenit populare printre copiii, si sunt folosite in peste 4000 de scoli din UK. Indragitele Logiblocs au castigat in 2018 pestigiosul premiu Best of the best oferit de Reddot.","99",,"06808IS","[""https://gomagcdn.ro/domains/kidstory.ro/files/product/original/joc-electronic-logiblocs-set-alarma-sonerie-copie-6913-2341.jpg"",""https://gomagcdn.ro/domains/kidstory.ro/files/product/original/joc-electronic-logiblocs-set-alarma-sonerie-copie-6913-9465.jpg"",""https://gomagcdn.ro/domains/kidstory.ro/files/product/original/joc-electronic-logiblocs-set-alarma-sonerie-copie-6913-6583.jpg"",""https://gomagcdn.ro/domains/kidstory.ro/files/product/original/joc-electronic-logiblocs-set-alarma-sonerie-copie-6913-4837.jpg"",""https://gomagcdn.ro/domains/kidstory.ro/files/product/original/joc-electronic-logiblocs-set-alarma-sonerie-copie-6913-8844.jpg""]",,"[""Imagine Station""]",,,"true","false","1","1",,,,,"0","0","2026-02-07 02:17:55.145","2026-03-22 01:12:30.766",,"MIDDLE_SCHOOL_9_12","74.25","0","0","0","0","0","0","2.9","0","0","APPROVED","TECHNOLOGY","26f5418c-965d-4630-994c-b51947cdec04","false",,
"cfa675ce-9188-4aa8-babd-d5e37b76daae","Joc educativ Smarty Puzzle- Star Words","joc-educativ-smarty-puzzle-star-words-CTV_012","Smarty Puzzle- Star Words Joc educativ, perfect pentru distracție în familie și pentru învățarea limbii engleze. Piesele se potrivesc asemenea pieselor de la puzzle, astfel încât jucătorii să formeze propoziții din diferitele cuvinte în engleză. Conține 2 zaruri, 1 săculeț textil, 252 piese de tip puzzle cu cuvinte în engleză Vârsta recomandată: + 6 ani AVERTISMENT: Contraindicat copiilor sub 3 ani, conține piese mici, pericol de sufocare. A se utiliza sub directa supraveghere a unui adult. Producător: CreativaMente, Italia Manual Joc educativ Smarty Puzzle - Star Words - descarca fisier","99.2",,"CTV_012","[""https://cdnmpro.com/708224949/p/raw/6/joc-educativ-smarty-puzzle-star-words~6206.jpg"",""https://cdnmpro.com/708224949/p/raw/0/joc-educativ-smarty-puzzle-star-words~6480.jpg"",""https://cdnmpro.com/708224949/p/raw/1/joc-educativ-smarty-puzzle-star-words~6481.jpg""]",,"[""CreativaMente""]",,,"true","false","5","0",,,,,"0","0","2026-02-07 02:17:14.098","2026-03-22 01:12:34.225","8032591780124.0","ELEMENTARY_6_8","85.56","0","0","0","0","0","0","2.9","0","0","APPROVED","GENERAL","ee75eea8-9f64-4076-96a2-52f5d6926c14","false",,
"54aa19cc-a4fe-4e5b-ad52-f4927ef89b63","Microscop de buzunar cu LED, marire 60-120x, MicroBrite","microscop-de-buzunar-cu-led-marire-60-120x-microbrite-MM-300","MM-300, MicroBrite,   Plus, este un puternic microscop de buzunar cu o putere de marire de 60-120x, avand un design extrem de usor si portabil.  Acest microscop de buzunar dispune de o lumina LED incorporata care ofera o imagine luminoasa si clara. MicroBrite Plus,   se potriveste usor in buzunarul tau, astfel incat sa-l poti lua cu tine oriunde.  Carson Optical este o companie cu 34 de experienta in domeniul opticii, fiind producatorul nr 1 de lupe din SUA, producatorul nr 1 de microscoape de buzunar din SUA si unul dintre principalii furnizori de binocluri. Carson are peste 100 de sute de brevete si vinde atat vanatorilor, cat si excursionistilor, studentilor, artizanilor si constructorilor.    Carson este un nume de incredere in domeniul opticii si ofera o varietate de produse care sunt perfecte pentru copii. Kiturile Carson sunt concepute pentru a fi distractive si educative si sunt cadouri excelente pentru copiii interesati de stiinta.","101",,"MM-300","[""https://gomagcdn.ro/domains/kidstory.ro/files/product/original/microscop-de-buzunar-cu-led-marire-60-120x-microbrite-447095.jpg"",""https://gomagcdn.ro/domains/kidstory.ro/files/product/original/microscop-de-buzunar-cu-led-marire-60-120x-microbrite-464292.jpg"",""https://gomagcdn.ro/domains/kidstory.ro/files/product/original/microscop-de-buzunar-cu-led-marire-60-120x-microbrite-275753.jpg"",""https://gomagcdn.ro/domains/kidstory.ro/files/product/original/microscop-de-buzunar-cu-led-marire-60-120x-microbrite-509398.jpg"",""https://gomagcdn.ro/domains/kidstory.ro/files/product/original/microscop-de-buzunar-cu-led-marire-60-120x-microbrite-029261.jpg"",""https://gomagcdn.ro/domains/kidstory.ro/files/product/original/microscop-de-buzunar-cu-led-marire-60-120x-microbrite-603053.jpg"",""https://gomagcdn.ro/domains/kidstory.ro/files/product/original/microscop-de-buzunar-cu-led-marire-60-120x-microbrite-850695.jpg"",""https://gomagcdn.ro/domains/kidstory.ro/files/product/original/microscop-de-buzunar-cu-led-marire-60-120x-microbrite-700496.jpg""]",,"[""Carson""]",,,"true","false","1","0",,,,,"0","0","2026-02-07 02:17:55.145","2026-03-22 01:12:31.799",,"MIDDLE_SCHOOL_9_12","101","0","0","0","0","0","0","2.9","0","0","APPROVED","ENGINEERING","26f5418c-965d-4630-994c-b51947cdec04","false",,
"0b640779-a1d0-44c1-8046-737af3e9f97b","Kit STEM - Proiector identitati - Trusa Spionului - KidzLabs","kit-stem-proiector-identitati-trusa-spionului-kidzlabs-4M-03468","Devino agentul secret al artei!    Kit STEM - Proiector identitati - Trusa Spionului - KidzLabs  ii introduce pe copii in fascinanta lume a spionajului si a desenului.  Acest kit ingenios combina creativitatea cu tehnologia, permitand micutilor sa isi dezvaluie abilitatile artistice in stilul lor de spion.       Beneficii:                 Proiector usor de utilizat : Proiectorul permite copiilor sa transfere imagini pe o suprafata de desen, facand fiecare creatie usor de realizat si plina de detalii.              Set complet de accesorii : Kitul include hartie de desen, creioane colorate si sabloane, oferindu-le celor mici tot ce au nevoie pentru a-si aduce viziunea artistica la viata.              Invatare interactiva : Ii ajuta pe copii sa isi dezvolte abilitatile motorii fine si gandirea creativa, incurajandu-i sa experimenteze cu forme si culori intr-un mod captivant.              Distractie in grup : Perfect pentru petreceri sau sesiuni de desen cu prietenii, acest kit transforma fiecare activitate artistica intr-o distractie colectiva.               Cadoul ideal pentru micii spioni!     Cauti un cadou special?  Kit STEM - Proiector identitati - Trusa Spionului - KidzLabs  este alegerea perfecta pentru zile de nastere, sarbatori sau pentru a aduce un zambet pe fata copilului tau!         Lasa-ti creativitatea sa spioneze!   Alege  Kit STEM - Proiector identitati - Trusa Spionului - KidzLabs  si ofera-i copilului tau ocazia de a explora lumea artei si a spionajului intr-un mod distractiv.   Comanda acum  si transforma fiecare zi intr-o aventura artistica plina de mister!     Dimensiuni: L-5.8 cm, l-16.7 cm, H-21.5 cm Varsta: 5-7 ani Necesita baterii:  1.5V AAA x 3","102",,"4M-03468","[""https://gomagcdn.ro/domains/kidstory.ro/files/product/original/kit-stem-proiector-identitati-trusa-spionului-kidzlabs-324205.webp""]",,"[""4M""]",,,"true","false","1","0",,,,,"0","0","2026-02-07 02:17:55.145","2026-03-22 01:12:32.003",,"PRESCHOOL_3_5","76.5","0","0","0","0","0","0","2.9","0","0","APPROVED","SCIENCE","26f5418c-965d-4630-994c-b51947cdec04","false",,
"f8fa79aa-19d7-4dc9-b00f-4c4a1caae420","Set creativ - Imprimare cu sabloane pentru textile","set-creativ-imprimare-cu-sabloane-pentru-textile-4M-04788","Usor de facut! Realizeaza printuri perfecte cu sabloane din set.  Include un rucsac cu snur de 36 cm, vopsea si sabloane pentru un proiect complet de imprimare artistica.  Gata cu vopseaua imprastiata, cu lipici uscat peste tot, imprimarea cu sabloane este cea mai eficienta!  Dimensiune cutie: 25 x 18 x 7 cm    Varsta 5 ani+","102",,"4M-04788","[""https://gomagcdn.ro/domains/kidstory.ro/files/product/original/set-creativ-imprimare-cu-sabloane-pentru-textile-398006.jpg"",""https://gomagcdn.ro/domains/kidstory.ro/files/product/original/set-creativ-imprimare-cu-sabloane-pentru-textile-566305.jpg"",""https://gomagcdn.ro/domains/kidstory.ro/files/product/original/set-creativ-imprimare-cu-sabloane-pentru-textile-731538.jpg"",""https://gomagcdn.ro/domains/kidstory.ro/files/product/original/set-creativ-imprimare-cu-sabloane-pentru-textile-359558.jpg""]",,"[""4M""]",,,"true","false","1","0",,,,,"0","0","2026-02-07 02:17:55.145","2026-03-22 01:12:31.467",,"PRESCHOOL_3_5","76.5","0","0","0","0","0","0","2.9","0","0","APPROVED","GENERAL","26f5418c-965d-4630-994c-b51947cdec04","false",,
"1bdd5572-8c47-4a8f-be0f-f4bc695cc6f2","Set de construit Clicformers- Insecte, 30 piese","set-de-construit-clicformers-insecte-30-piese-clic-804005","Set Clicformers cu 30 de piese, cu ajutorul cărora poți construi modele de insecte cu care cei mici se pot împrieteni, sunt utile în grădină și la joacă! Proiectate și dezvoltate de specialiști de la „Magformers” - liderul global în domeniul jocului de construit cu magnet, și „Clics” - marcă de jucării cu renume în Belgia, Clicformers înseamnă mai mult decât o simplă jucărie. Sub sloganul „Let’s Click &amp; Play”, Clicformers reunește piese și accesorii pentru construit, dezvoltând îndemânarea, creativitatea și imaginația. Clicformers este o jucărie de construcție pentru fiecare copil, un mod inedit de a îmbina piesele, garantând pentru calitate și diversitate. Utilizând patru metode de combinație unice - CLICK, STACK, FOLD, HOOK, Clicformers permite copiilor să creeze aproape orice își imaginează. Clicformers oferă piese de bază simple, cu un nivel ridicat de aplicabilitate și diverse accesorii care aduc un plus de distracție. Culorile asortate ale acestor componente ajută la creșterea simțul estetic al copiilor. Vârsta recomandată: +4 ani. AVERTISMENT! Contraindicat copiilor sub 3 ani. A se folosi sub directa supraveghere a unei persoane adulte. Producător: Clics toys, Belgia.","105",,"804005","[""https://cdnmpro.com/708224949/p/raw/0/set-de-construit-clicformers-insecte-30-piese~5710.jpg"",""https://cdnmpro.com/708224949/p/raw/0/set-de-construit-clicformers-insecte-30-piese~6090.jpg"",""https://cdnmpro.com/708224949/p/raw/1/set-de-construit-clicformers-insecte-30-piese~6091.jpg"",""https://cdnmpro.com/708224949/p/raw/2/set-de-construit-clicformers-insecte-30-piese~6092.jpg"",""https://cdnmpro.com/708224949/p/raw/3/set-de-construit-clicformers-insecte-30-piese~6093.jpg""]",,"[""Clicstoys""]",,,"true","false","1","0",,,,,"0","0","2026-02-07 02:17:14.098","2026-03-22 01:12:34.137","8809465534196.0","TODDLERS_1_3","72.45","0","0","0","0","0","0","2.9","0","0","APPROVED","ENGINEERING","ee75eea8-9f64-4076-96a2-52f5d6926c14","false",,
"662a2814-dbd1-4834-9570-075b867e8c6e","Set de construit Clicformers- Mini Animal Set 30 piese","set-de-construit-clicformers-mini-animal-set-30-piese-clic-804004","Set Clicformers cu 30 de piese, cu ajutorul cărora se pot construi forme și modele interesante. Setul conține piesele și instrucțiuni pentru 4 modele de animale cu alb și negru, dar se pot face orice alte construcții se doresc. Proiectate și dezvoltate de specialiști de la „Magformers” - liderul global în domeniul jocului de construit cu magnet, și „Clics” - marcă de jucării cu renume în Belgia, Clicformers înseamnă mai mult decât o simplă jucărie. Sub sloganul „Let’s Click &amp; Play”, Clicformers reunește piese și accesorii pentru construit, dezvoltând îndemânarea, creativitatea și imaginația. Clicformers este o jucărie de construcție pentru fiecare copil, un mod inedit de a îmbina piesele, garantând pentru calitate și diversitate. Utilizând patru metode de combinație unice - CLICK, STACK, FOLD, HOOK, Clicformers permite copiilor să creeze aproape orice își imaginează. Clicformers oferă piese de bază simple, cu un nivel ridicat de aplicabilitate și diverse accesorii care aduc un plus de distracție. Culorile asortate ale acestor componente ajută la creșterea simțul estetic al copiilor. Vârsta recomandată: +4 ani. AVERTISMENT! Contraindicat copiilor sub 3 ani. A se folosi sub directa supraveghere a unei persoane adulte. Producător: Clics toys, Belgia.","105",,"804004","[""https://cdnmpro.com/708224949/p/raw/9/set-de-construit-clicformers-mini-animal-set-30-piese~6419.jpg"",""https://cdnmpro.com/708224949/p/raw/3/set-de-construit-clicformers-mini-animal-set-30-piese~7163.jpg"",""https://cdnmpro.com/708224949/p/raw/6/set-de-construit-clicformers-mini-animal-set-30-piese~7166.jpg"",""https://cdnmpro.com/708224949/p/raw/8/set-de-construit-clicformers-mini-animal-set-30-piese~7168.jpg"",""https://cdnmpro.com/708224949/p/raw/0/set-de-construit-clicformers-mini-animal-set-30-piese~7170.jpg""]",,"[""Clicstoys""]",,,"true","false","4","0",,,,,"0","0","2026-02-07 02:17:14.098","2026-03-22 01:12:34.274","8809465534189.0","TODDLERS_1_3","72.45","0","0","0","0","0","0","2.9","0","0","APPROVED","ENGINEERING","ee75eea8-9f64-4076-96a2-52f5d6926c14","false",,
"5902c0de-1cfd-4b37-86ff-dc9032b14d07","Joc de strategie Crazy Sudoku, Djeco","joc-de-strategie-crazy-sudoku-djeco-DJ08488","Joc de strategie Crazy Sudoku Un joc antrenant, pentru amatorii de jocuri clasice de strategie. Un joc de logică inspirat de regulile jocului sudoku.&nbsp;Jucătorii trebuie să plaseze cele 16 jetoane de lemn pe grile conform instrucțiunilor date. Sunt necesare reflecția și logica pentru a depăși cele 40 de provocări. Se poate juca singur sau în cooperare cu ceilalți. Are 4 niveluri de dificultate. Dezvoltă răbdarea și logica. Sunt oferite soluțiile provocărilor. Conținut: 40 de cărți provocare și 16 jetoane de lemn. Vârsta recomandată: 8 -99 ani.  Confecționat din lemn şi carton. Conform reglementărilor EN71&amp;ASTM.&nbsp;Certificare FSC®. AVERTISMENT! Contraindicat copiilor sub 3 ani. A se folosi sub directa supraveghere a unei persoane adulte.  Producător: Djeco, Franța. Crazy Sudoku - descarca aici regulile jocului","107.35",,"DJ08488","[""https://cdnmpro.com/708224949/p/raw/8/joc-de-strategie-crazy-sudoku-djeco~5178.jpg"",""https://cdnmpro.com/708224949/p/raw/2/joc-de-strategie-crazy-sudoku-djeco~5412.jpg""]",,"[""Djeco""]",,,"true","false","17","0",,,,,"0","0","2026-02-07 02:17:14.098","2026-03-22 01:12:34.034","3070900084889.0","ELEMENTARY_6_8","74.58","0","0","0","0","0","0","2.9","0","0","APPROVED","GENERAL","ee75eea8-9f64-4076-96a2-52f5d6926c14","false",,
"0542c6b5-bc2e-46a5-8ac2-e4a0925fa58d","Joc de logica Eduludo Topologix, Djeco","joc-de-logica-eduludo-topologix-djeco-DJ08354","Topologix, invata sa te orientezi in spatiu Unde este șoarecele? E &icirc;n găleată! Un joc despre spațialitate &icirc;n care jucătorii identifică pozițiile a 5 animale &icirc;n raport cu 5 elemente spațiale prin plasarea token-urilor pe tablă.&nbsp;Un joc simplu si distractiv. Pe spatele cărților sunt furnizate soluții, astfel &icirc;nc&acirc;t copiii să &icirc;și poată corecta propriile puzzle-uri. Regulile de joc sunt foarte detaliate pentru a ajuta părinții să configureze mai ușor activitatea. Un joc inventiv care &icirc;i &icirc;nvață pe copii despre &icirc;ncadrarea &icirc;n spațiu. Ce conține:   1 tablă de lemn (20x20 cm) 20 de cărți de provocare cu soluții pe spate&nbsp; 5 token-uri din lemn Reguli de joc &icirc;n 10 limbi  Beneficiile jocului:  Dezvoltă g&acirc;ndirea logică, planificarea și concentrarea Dezvoltarea limbajului Joc logic despre orientarea &icirc;n spațiu și poziții  V&acirc;rsta recomandată: 4 - 6 ani.&nbsp; Confecționat din lemn și vopsele non toxice&nbsp;cu certificare FSC&reg;.AVERTISMENT! Contraindicat copiilor sub 3 ani. A se folosi sub directa supraveghere a unei persoane adulte. Producător: Djeco, Franța ","107.35",,"DJ08354","[""https://cdnmpro.com/708224949/p/raw/5/joc-de-logica-eduludo-topologix-djeco~2455.jpg"",""https://cdnmpro.com/708224949/p/raw/3/joc-de-logica-eduludo-topologix-djeco~2123.jpg"",""https://cdnmpro.com/708224949/p/raw/3/joc-de-logica-eduludo-topologix-djeco~2453.jpg""]",,"[""Djeco""]",,,"true","false","14","0",,,,,"0","0","2026-02-07 02:17:14.098","2026-03-22 01:12:33.516","3070900083547.0","TODDLERS_1_3","74.58","0","0","0","0","0","0","2.9","0","0","APPROVED","GENERAL","ee75eea8-9f64-4076-96a2-52f5d6926c14","false",,
"a429266c-69b8-4546-8ecf-5085a03df8ff","Joc de logica Podul crocodilului, Djeco","joc-de-logica-podul-crocodilului-djeco-DJ00816","Joc de logica Podul crocodilului Un joc care combină logica, strategia și reflecția, cu o gamă largă de elemente diferite. Jucătorii trebuie să afle cum să ajungă la malul indicat al râului fără să calce peste crocodili înfometați! O singură soluție posibilă pentru fiecare provocare.Găsiți soluțiile la sfârșitul broșurii.3 niveluri de dificultate.Dezvoltă răbdarea, logica și abilitățile de deducție.O provocare captivantă: nu lăsa crocodilul să te mănânce! Conținut:&nbsp;tablă de joc, 2 crocodili, 10 trunchiuri, 7 plăci de scândură (5 mici și 2 mari), 30 de cartonașe provocare cu două fețe. Vârsta recomandată: 5-99 ani.&nbsp;Pentru un jucător. Fabricat din lemn certificat FSC®, plastic, carton. Producător: Djeco. Manual Joc de logica Podul crocodilului, Djeco - descarca aici fisierul   ","112.1",,"DJ00816","[""https://cdnmpro.com/708224949/p/raw/3/joc-de-logica-podul-crocodilului-djeco~16733.jpg"",""https://cdnmpro.com/708224949/p/raw/4/joc-de-logica-podul-crocodilului-djeco~16734.jpg"",""https://cdnmpro.com/708224949/p/raw/5/joc-de-logica-podul-crocodilului-djeco~16735.jpg""]",,"[""Djeco""]",,,"true","false","17","0",,,,,"0","0","2026-02-07 02:17:14.098","2026-03-22 01:12:34.759","3070900008168.0","TODDLERS_1_3","77.88","0","0","0","0","0","0","2.9","0","0","APPROVED","ENGINEERING","ee75eea8-9f64-4076-96a2-52f5d6926c14","false",,
"d401f19c-2f96-4c2d-ad04-08e811a018f0","Joc de logica Pyramid, Djeco","joc-de-logica-pyramid-djeco-DJ08532","Joc de logica Pyramid Completează faimoasele piramide egiptene folosind 9 piese hieroglifice din lemn. 60 de provocări. Pentru un singur jucător.Soluțiile pentru cele 60 de provocări sunt furnizate în broșură.3 niveluri crescătoare de dificultate.Dezvoltă răbdarea și logica.O temă plină de mister: Egiptul antic și hieroglifele... Continut: 30 de cărți de provocare triunghiulare ilustrate față-verso în 3 dimensiuni diferite și 9 piese din lemn. Vârsta recomandată: 7- 99 ani. Fabricat din hartie si carton certificate FSC®. AVERTISMENT: Contraindicat copiilor sub 3 ani, conține piese mici, pericol de sufocare. A se utiliza sub directa supraveghere a unui adult. Producător: Djeco. Manual Joc de logica Pyramid, Djeco - descarca aici fisierul    ","112.1",,"DJ08532","[""https://cdnmpro.com/708224949/p/raw/2/joc-de-logica-pyramid-djeco~16792.jpg"",""https://cdnmpro.com/708224949/p/raw/3/joc-de-logica-pyramid-djeco~16793.jpg"",""https://cdnmpro.com/708224949/p/raw/4/joc-de-logica-pyramid-djeco~16794.jpg"",""https://cdnmpro.com/708224949/p/raw/5/joc-de-logica-pyramid-djeco~16795.jpg""]",,"[""Djeco""]",,,"true","false","32","0",,,,,"0","0","2026-02-07 02:17:14.098","2026-03-22 01:12:34.789","3070900085329.0","ELEMENTARY_6_8","77.88","0","0","0","0","0","0","2.9","0","0","APPROVED","GENERAL","ee75eea8-9f64-4076-96a2-52f5d6926c14","false",,
"d096b135-7b60-4c82-89e8-22b8287e99b7","Joc de strategie Naviplouf, Djeco","joc-de-strategie-naviplouf-djeco-DJ05270","Joc de strategie Naviplouf Clasicul joc  jucat &icirc;n pauzele de la școală pe caietul de matematică devine o bătălie navală. Jocul se simplifică pentru cei mici prin folosirea de coduri și culori, planșe și piese de joc magnetice și desene care ies din lumea abstractă ( &rdquo;balenă pe albastru&rdquo; &icirc;n loc de B3). Ce contine:  2 table magnetice de joc 2 seturi de c&acirc;te 5 vapoare 22 pioni albaştri 18 pioni roşii 16 cartonaşe cu modele de aşezare a navelor şi  2 suporturi din lemn pentru cartonaşele-model  Beneficiile jocului:  Dezvoltarea g&acirc;ndirii strategice și logice &Icirc;mbunătățirea concentrării și atenției Capacitatea de planificare și anticipare &Icirc;nvățarea regulilor și a jocului corect (fair-play) Stimularea comunicării și interacțiunii sociale  Este un joc care &icirc;mbină perfect distracția cu &icirc;nvățarea prin joacă V&acirc;rsta recomandată: 5 - 10 ani.&nbsp;Confecționat din h&acirc;rtie și carton certificate FSC&reg;&nbsp; și alte materiale și vopsele non toxice conform reglementărilor EN71&amp;ASTM. AVERTISMENT: Contraindicat copiilor sub 3 ani. Se recomandă supravegherea copilului de către un adult &icirc;n timpul jocului. Citiți cu atenție eticheta produsului &icirc;nainte de a &icirc;nm&acirc;na jucăria copilului. Producător: Djeco, Franța. Vaporase (Naviplouf) - descarca aici regulile jocului","112.1",,"DJ05270","[""https://cdnmpro.com/708224949/p/raw/7/joc-de-strategie-naviplouf-djeco~1257.jpg"",""https://cdnmpro.com/708224949/p/raw/7/joc-de-strategie-naviplouf-djeco~1547.jpg"",""https://cdnmpro.com/708224949/p/raw/8/joc-de-strategie-naviplouf-djeco~1548.jpg""]",,"[""Djeco""]",,,"true","false","17","0",,,,,"0","0","2026-02-07 02:17:14.098","2026-03-22 01:12:33.498","3070900052703.0","TODDLERS_1_3","77.88","0","0","0","0","0","0","2.9","0","0","APPROVED","MATHEMATICS","ee75eea8-9f64-4076-96a2-52f5d6926c14","false",,
"3b21e993-1834-450e-9076-ecb8264976f3","Nano Clics Pentru constructori creativi 250 piese, Clicformers","nano-clics-pentru-constructori-creativi-250-piese-clicformers-clics_NC002","Nano Clics Pentru constructori creativi 250 piese Mai multă creativitate&nbsp; într-un pachet mai mic! Cu aceast set de construcție inovator și premiat, Clics&nbsp; invita o nouă generație de constructori să experimenteze lumea imaginativă a jocului de construcție. Seturile versatile au un sistem unic de clicuri, permițând construirea rapidă și ușoară, garantând ore întregi de distracție. Toate piesele se potrivesc perfect, pentru posibilități nelimitate. &nbsp;Ai chef de o nouă construcție? Nicio problemă, dezasamblezi construcția și o iei de la început. Amuzant, creativ și educativ. Nano Clics este conceput pentru a stimula în aceeași măsură imaginația copiilor dar și a adulților. Cadoul ideal pentru Crăciun sau zile de naștere. Diferitele seturi Nano Clics pot fi combinate între ele și extinse după dorință, astfel încât nu există limite pentru jocul creativ.Conține 250 de piese. Fabricat în Belgia din plastic și carton reciclat. Conform standardelor EN71. Vârsta recomandată + 8 ani. AVERTISMENT: Contraindicat copiilor sub 3 ani. Conține piese mici. A se utiliza sub directa supraveghere a unui adult.&nbsp;","113",,"clics_NC002","[""https://cdnmpro.com/708224949/p/raw/2/nano-clics-pentru-constructori-creativi-250-piese-clicformers~19652.jpg"",""https://cdnmpro.com/708224949/p/raw/5/nano-clics-pentru-constructori-creativi-250-piese-clicformers~19645.jpg"",""https://cdnmpro.com/708224949/p/raw/6/nano-clics-pentru-constructori-creativi-250-piese-clicformers~19646.jpg"",""https://cdnmpro.com/708224949/p/raw/7/nano-clics-pentru-constructori-creativi-250-piese-clicformers~19647.jpg"",""https://cdnmpro.com/708224949/p/raw/8/nano-clics-pentru-constructori-creativi-250-piese-clicformers~19648.jpg""]",,"[""Clicstoys""]",,,"true","false","12","0",,,,,"0","0","2026-02-07 02:17:14.098","2026-03-22 01:12:34.892","5425002306779.0","ELEMENTARY_6_8","77.97","0","0","0","0","0","0","2.9","0","0","APPROVED","ENGINEERING","ee75eea8-9f64-4076-96a2-52f5d6926c14","false",,
"f6f0288e-2957-4e6e-b332-09d0bde00e4b","Kit constructie robot - T-Rex, Kidz Robotix","kit-constructie-robot-t-rex-kidz-robotix-4M-03460","Construieste acest robot T-Rex cu motor. Invatati despre circuite electrice si constructie.    Priviti-l cum prinde viata si cum marsaluieste pe podea cu falca lui care racneste, ochii care clipesc si antebratele care se misca!  Iubitorii de dinozauri sa fie atenti! Va veti indragosti de acest micut!  Cu totii avem o imagine diferita atunci cand ne gandim la un , žrobot,  , pentru ca robotii au atatea forme si dimensiuni cate minti exista pentru a-i imagina. KidzRobotix merge dincolo de simpla mecanica pentru a explora varietatea si creativitatea ingineriei mecanice. Copiii pot alege sa urmeze instructiunile sau sa isi creeze propriile adaptari fara limite, deoarece robotii vor functiona in alte configuratii. Unii roboti sunt pentru munca, altii pentru joaca, altii sunt ciudati, altii sunt doar infricosatori si toti sunt distractivi!  Seria KidzRobotix este plina de obiecte uimitoare pe care copiii le pot pune impreuna singuri. Este intuitiv si usor de asamblat. Credem ca inspiratiile mecanice practice vor produce noi inovatii minunate care ne vor remodela viata.  Explorati gama 4M KidzRobotix, care include jucarii mecanice motorizate, usor de asamblat, concepute pentru a preda principiile de baza ale mecanicii si roboticii. Aceasta gama este o modalitate distractiva de a dezvolta abilitatile STEM la copii - Kiturile robotizate pentru dezvoltarea conceptului STEM la nivel de incepator sunt potrivite pentru varsta de 8 ani si peste.","113",,"4M-03460","[""https://gomagcdn.ro/domains/kidstory.ro/files/product/original/kit-constructie-robot-t-rex-kidz-robotix-435251.png"",""https://gomagcdn.ro/domains/kidstory.ro/files/product/original/kit-constructie-robot-t-rex-kidz-robotix-189168.png"",""https://gomagcdn.ro/domains/kidstory.ro/files/product/original/kit-constructie-robot-t-rex-kidz-robotix-150869.png""]",,"[""4M""]",,,"true","false","1","0",,,,,"0","0","2026-02-07 02:17:55.145","2026-03-22 01:12:31.604",,"PRESCHOOL_3_5","84.75","0","0","0","0","0","0","2.9","0","0","APPROVED","TECHNOLOGY","26f5418c-965d-4630-994c-b51947cdec04","false",,
"d7822d6b-9dfc-4600-a704-8425305968ca","Joc de logica Cubologic 16, Djeco","joc-de-logica-cubologic-16-djeco-DJ08576","Joc de logică Cubologic 16 Un joc de observație și răbdare. Reconstituiți perfect imaginea de pe cartea provocare folosind cele 16 cuburi! Pentru un jucător. Cadrul din lemn îi ajută pe copii să introducă corect cuburile. Soluțiile provocărilor sunt furnizate în broșură. Ilustrații în stil vintage și o lume de personaje ciudate și amuzante. Dezvoltă răbdarea și logica. Scopul jocului: Recreează imaginea de pe cartea provocare folosind cele 16 cuburi. Fratele mai mare al Cubologic 9, acest joc este compus din 30 de cărți „provocare”. Fiecare carte reprezintă o imagine de reconstituit folosind cele 16 cuburi disponibile. Imaginile sunt mereu compuse din 4 linii a 4 cuburi. Pentru fiecare provocare, este posibilă o singură soluție! +++ Nivel de dificultate progresiv Conținut: 16 cuburi de lemn, 30 de cărți provocare și suport de lemn. Reguli de joc disponibile în 10 limbi. Ilustrator: Ben NewmannVârsta recomandată: 8-99 ani.Confecționat din lemn certificat FSC®. Conform reglementărilor EN71.AVERTISMENT! Contraindicat copiilor sub 3 ani. A se folosi sub directa supraveghere a unei persoane adulte. Producător: Djeco, Franța","116.85",,"DJ08576","[""https://cdnmpro.com/708224949/p/raw/9/joc-de-logica-cubologic-16-djeco~16359.jpg"",""https://cdnmpro.com/708224949/p/raw/2/joc-de-logica-cubologic-16-djeco~8462.jpg"",""https://cdnmpro.com/708224949/p/raw/0/joc-de-logica-cubologic-16-djeco~8730.jpg"",""https://cdnmpro.com/708224949/p/raw/1/joc-de-logica-cubologic-16-djeco~8731.jpg""]",,"[""Djeco""]",,,"true","false","26","0",,,,,"0","0","2026-02-07 02:17:14.098","2026-03-22 01:12:34.405","3070900085763.0","ELEMENTARY_6_8","81.18","0","0","0","0","0","0","2.9","0","0","APPROVED","GENERAL","ee75eea8-9f64-4076-96a2-52f5d6926c14","false",,
"9d73500f-c1a1-4258-80e4-5544776d7a76","Joc Eduludo Perlix calcule, Djeco","joc-eduludo-perlix-calcule-djeco-DJ08348","Perlix joc cu calcule Un joc simplu și distractiv despre numere și cantități. Cardul „provocare” indică elementele care trebuie numărate în imagine; copilul numără și indică numărul de pe abac. Pentru a verifica dacă numărul este corect, întoarceți cardul pentru a vedea soluția. Un joc de numere introductiv cu două feluri de numărare: copilul numără elementele, apoi transcrie această numărare pe abac. Manipularea abacului întărește procesul de numărare și transcrierea numerelor în cantități. Cu autocorectare: copiii întorc cardul și văd imediat dacă răspunsurile sunt corecte. Instrucțiuni foarte detaliate pentru a ajuta părinții să organizeze mai ușor activitatea. Fiecare set Eduludo este extrem de educativ și corespunde unui proces de învățare specific pentru a ajuta copilul să se dezvolte. Conținut: 30 de cărți de provocare față-verso și abac (socotitoare) de lemn. Reguli de joc disponibile în 10 limbi. Vârsta recomandată: 4 - 8 ani. Confecționat din carton, lemn și metal non-toxice, Lemn certificat FSC®.AVERTISMENT: Contraindicat copiilor mai mici de 3 ani, conține piese mici, pericol de sufocare. A se folosi sub directa supraveghere a unei persoane adulte. Producător: Djeco, Franța","117.8",,"DJ08348","[""https://cdnmpro.com/708224949/p/raw/8/joc-eduludo-perlix-calcule-djeco~7378.jpg"",""https://cdnmpro.com/708224949/p/raw/4/joc-eduludo-perlix-calcule-djeco~6794.jpg"",""https://cdnmpro.com/708224949/p/raw/6/joc-eduludo-perlix-calcule-djeco~7376.jpg""]",,"[""Djeco""]",,,"true","false","23","0",,,,,"0","0","2026-02-07 02:17:14.098","2026-03-22 01:12:34.324","3070900083486.0","TODDLERS_1_3","81.84","0","0","0","0","0","0","2.9","0","0","APPROVED","MATHEMATICS","ee75eea8-9f64-4076-96a2-52f5d6926c14","false",,
"54b34c9a-334f-4634-a9c9-ddef4a1a4576","Joc de logica Cubissimo, Djeco","joc-de-logica-cubissimo-djeco-DJ08477","Joc de logică Cubissimo Un joc de logică &icirc;n care jucătorii trebuie să alcătuiască un cub perfect pentru fiecare provocare, folosind cele 7 piese din lemn. Se dă poziția de pornire și este posibilă o singură combinație pentru fiecare provocare. Un total de 30 de provocări cu niveluri cresc&acirc;nde de dificultate. Incendiază-ți celulele creierului! Să te joci singur sau &icirc;n cooperare cu ceilalți. 3 nivele de dificultate: ușor, mediu și dificil. Dezvoltă răbdarea și logica. Conținut: 7 piese din lemn, suport, 30 de cărți de provocare. Reguli de joc disponibile &icirc;n 10 limbi. Soluțiile sunt afișate la sf&acirc;rșitul broșurii. V&acirc;rsta recomandată: 7-99 ani. Confecționat din lemn cu vopsele non toxice. Conform reglementărilor EN71&amp;ASTM. Certificare FSC.AVERTISMENT! Contraindicat copiilor sub 3 ani. A se folosi sub directa supraveghere a unei persoane adulte. Producător: Djeco, Franța Cubissimo - descarca aici regulile jocului       &nbsp;&nbsp;","117.8",,"DJ08477","[""https://cdnmpro.com/708224949/p/raw/0/joc-de-logica-cubissimo-djeco~10310.jpg"",""https://cdnmpro.com/708224949/p/raw/9/joc-de-logica-cubissimo-djeco~7769.jpg"",""https://cdnmpro.com/708224949/p/raw/1/joc-de-logica-cubissimo-djeco~10311.jpg"",""https://cdnmpro.com/708224949/p/raw/2/joc-de-logica-cubissimo-djeco~10312.jpg"",""https://cdnmpro.com/708224949/p/raw/3/joc-de-logica-cubissimo-djeco~10313.jpg""]",,"[""Djeco""]",,,"true","false","108","0",,,,,"0","0","2026-02-07 02:17:14.098","2026-03-22 01:12:34.389","3070900084773.0","ELEMENTARY_6_8","81.84","0","0","0","0","0","0","2.9","0","0","APPROVED","GENERAL","ee75eea8-9f64-4076-96a2-52f5d6926c14","false",,
"d998a8e7-9703-4b1d-8f78-7a19748edd6c","Microscop de buzunar cu LED, marire 60-120x, cu adaptor pentru smartphone, MicroBrite","microscop-de-buzunar-cu-led-marire-60-120x-cu-adaptor-pentru-smartphone-microbrite-MM-350","Digiscoping - Clema adaptoare pentru smartphone MicroBrite Pro este un instrument excelent pentru explorarea lumii naturale. Aceasta clema de adaptare pentru digiscoping se potriveste cu usurinta pe majoritatea smartphone-urilor, permitandu-va sa impartasiti imaginile sau videoclipurile microscopic cu prietenii sau familia. Inginerie de calitate    Microscopul de buzunar Carson MicroBrite Pro cu iluminare LED prezinta un design compact extrem de usor fara a compromite performanta.  Fabricat cu lentile asferice matritate cu precizie pentru a oferi optici premium cu o magnificare ridicata de 60x-120x si o viziune luminoasa si clara.  Pentru orice varsta - Fie ca sunteti un student in cautarea unui instrument educational pentru a ajuta intr-un proiect stiintific, sau un cercetator profesionist care observa microorganisme in camp, Carson MicroBrite Pro este un instrument excelent pentru sarcina. Multi-utilizare - MicroBrite Pro este cel mai bun microscop de buzunar pentru copii, adulti, studenti si profesionisti.  Excelent pentru evaluarea bijuteriilor, valutei sau marcilor postale, sau pentru observatii in stiintele naturale.  Pentru observatii personale, utilizati acest microscop de buzunar pentru monede, alimente, tesaturi, tricomi si multe altele!  Carson Optical este o companie cu 34 de experienta in domeniul opticii, fiind producatorul nr 1 de lupe din SUA, producatorul nr 1 de microscoape de buzunar din SUA si unul dintre principalii furnizori de binocluri. Carson are peste 100 de sute de brevete si vinde atat vanatorilor, cat si excursionistilor, studentilor, artizanilor si constructorilor.    Carson este un nume de incredere in domeniul opticii si ofera o varietate de produse care sunt perfecte pentru copii. Kiturile Carson sunt concepute pentru a fi distractive si educative si sunt cadouri excelente pentru copiii interesati de stiinta.","118",,"MM-350","[""https://gomagcdn.ro/domains/kidstory.ro/files/product/original/microscop-de-buzunar-cu-led-marire-60-120x-cu-adaptor-pentru-smartphone-microbrite-579563.jpg"",""https://gomagcdn.ro/domains/kidstory.ro/files/product/original/microscop-de-buzunar-cu-led-marire-60-120x-cu-adaptor-pentru-smartphone-microbrite-216767.jpg"",""https://gomagcdn.ro/domains/kidstory.ro/files/product/original/microscop-de-buzunar-cu-led-marire-60-120x-cu-adaptor-pentru-smartphone-microbrite-179537.jpg"",""https://gomagcdn.ro/domains/kidstory.ro/files/product/original/microscop-de-buzunar-cu-led-marire-60-120x-cu-adaptor-pentru-smartphone-microbrite-735272.jpg"",""https://gomagcdn.ro/domains/kidstory.ro/files/product/original/microscop-de-buzunar-cu-led-marire-60-120x-cu-adaptor-pentru-smartphone-microbrite-894068.jpg""]",,"[""Carson""]",,,"true","false","1","0",,,,,"0","0","2026-02-07 02:17:55.145","2026-03-22 01:12:31.815",,"MIDDLE_SCHOOL_9_12","118","0","0","0","0","0","0","2.9","0","0","APPROVED","ENGINEERING","26f5418c-965d-4630-994c-b51947cdec04","false",,
"cd0c96e2-0b0a-46d7-8dad-e79ea82203e3","Set educativ STEM - AQUA DRAGONS   - Habitat Lumea subacvatica - acvariu asteroid","set-educativ-stem-aqua-dragons-habitat-lumea-subacvatica-acvariu-asteroid-AD6001","Adu la viata propriile tale Aqua Dragons! Aceste animale de companie acvatice fascinante ies din starea lor de oua hibernante si cresc, inoata, mananca si chiar se reproduc, oferindu-ti o experienta unica si educativa. Incredibil: Aqua Dragons au fost trimise in spatiu! Un lot de oua de Aqua Dragon, inclusiv ouale din kitul tau, a fost trimis in spatiu si a depasit stratosfera Terrei, fiind recuperat ulterior. Pet-urile tale Live Astro sunt singurele din lume care au fost efectiv in spatiu! Poti vizualiza datele zborului lor si un video 360 º al zborului pe aplicatia Aqua Dragons sau pe YouTube. Beneficiile Aqua Dragons: Experienta educationala: Observa cum Aqua Dragons cresc, se dezvolta si se reproduc. Un mod fascinant de a invata despre biologie si ciclul de viata al animalelor. Distractie interactiva: Ingrijirea Aqua Dragons si urmarirea procesului lor de crestere ofera ore de distractie, atat pentru copii, cat si pentru adulti. Uniqueness: Acestea sunt singurele animale de companie care au fost trimise in spatiu, oferindu-ti o poveste unica de spus. Stimuleaza curiozitatea si creativitatea: Copiii vor invata despre stiinta si explorare in timp ce se joaca cu Aqua Dragons, stimulandu-le imaginatia. Relaxare si observare calmanta: Observarea Aqua Dragons in acvariu poate fi o activitate relaxanta, ideala pentru a reduce stresul si a te conecta cu natura. Ce contine kitul? Acvariu in forma de asteroid cu baza care lumineaza in intuneric Lingurita de hranire care lumineaza in intuneric Capac cu lupa pentru a observa Aqua Dragons mai detaliat Oua de Aqua Dragons care au fost trimise in spatiu Hrana pentru Aqua Dragons Instructiuni pentru instalare si ingrijire Certificat de autenticitate editie de colectie cu specificatiile zborului in spatiu Aplicatia Aqua Dragons: Jocuri, curiozitati si video-ul 360 º al zborului in spatiu Dimensiuni: 23,5 x 12 x 30 cm Greutate: 180g Proiectul de ciclul de viata Aqua Dragons dureaza aproximativ 45-60 de zile, iar acest kit contine tot ce ai nevoie pentru a creste o intreaga generatie de Aqua Dragons. Siguranta garantata: Respecta reglementarile de siguranta pentru jucarii; EN71, ASTM, CPSIA, COC, AQIS  Gulf. Produsul necesita 2 baterii AAA (nu sunt incluse in pachet) Transforma fiecare zi intr-o aventura spatiala si urmareste cum Aqua Dragons se dezvolta in acvariu!","118",,"AD6001","[""https://gomagcdn.ro/domains/kidstory.ro/files/product/original/set-educativ-stem-aqua-dragons-habitat-lumea-subacvatica-acvariu-asteroid-cu-led-uri-825712.png"",""https://gomagcdn.ro/domains/kidstory.ro/files/product/original/set-educativ-stem-aqua-dragons-habitat-lumea-subacvatica-acvariu-asteroid-cu-led-uri-734751.png"",""https://gomagcdn.ro/domains/kidstory.ro/files/product/original/set-educativ-stem-aqua-dragons-habitat-lumea-subacvatica-acvariu-asteroid-cu-led-uri-956632.png"",""https://gomagcdn.ro/domains/kidstory.ro/files/product/original/set-educativ-stem-aqua-dragons-habitat-lumea-subacvatica-acvariu-asteroid-cu-led-uri-042009.png"",""https://gomagcdn.ro/domains/kidstory.ro/files/product/original/set-educativ-stem-aqua-dragons-habitat-lumea-subacvatica-acvariu-asteroid-cu-led-uri-365341.png"",""https://gomagcdn.ro/domains/kidstory.ro/files/product/original/set-educativ-stem-aqua-dragons-habitat-lumea-subacvatica-acvariu-asteroid-cu-led-uri-058627.png""]",,"[""Aqua Dragons""]",,,"true","false","1","0",,,,,"0","0","2026-02-07 02:17:55.145","2026-03-22 01:12:32.019",,"ELEMENTARY_6_8","94.4","0","0","0","0","0","0","2.9","0","0","APPROVED","GENERAL","26f5418c-965d-4630-994c-b51947cdec04","false",,
"c63ff115-e1af-40fa-a0d3-6aa713c4dc7d","Kit creativ STEM - Pianul distractiv, ThinkingKits","kit-creativ-stem-pianul-distractiv-thinkingkits-4M-04916","Creati-va propriul pian cu plastilina in tot felul de modele nebunesti si distractive!  Cand atingeti atat baza  cat si benzile de plastilina atasate la modulul de pian, corpul dumneavoastra transmite semnalul electric si completeaza circuitul care declanseaza sunetul unic! Modulul  trimite semnale electrice sigure. Este atat de distractiv!  Uimeste-ti prietenii si familia invatand sa canti melodii binecunoscute folosind cardurile muzicale furnizate!   Pianul 4M Dough Circuit prezinta conceptele STEAM unui public mai tanar. Aceasta activitate practica incantatoare combina electronica  si plastilina pentru a construi un pian functional.   Include sablon, plastilina conductoare colorata, banda adeziva,  si instructiuni detaliate.  Recomandat de la 4 ani in sus.  21.5 x 24 x 8 cm  Necesita 3 baterii AAA (nu sunt incluse)","119",,"4M-04916","[""https://gomagcdn.ro/domains/kidstory.ro/files/product/original/kit-creativ-stem-animeaza-desenele-thinkingkits-copie-12142-2943.jpg"",""https://gomagcdn.ro/domains/kidstory.ro/files/product/original/kit-creativ-stem-animeaza-desenele-thinkingkits-copie-12142-8835.jpg"",""https://gomagcdn.ro/domains/kidstory.ro/files/product/original/kit-creativ-stem-animeaza-desenele-thinkingkits-copie-12142-3575.jpg"",""https://gomagcdn.ro/domains/kidstory.ro/files/product/original/kit-creativ-stem-animeaza-desenele-thinkingkits-copie-12142-1999.jpg"",""https://gomagcdn.ro/domains/kidstory.ro/files/product/original/kit-creativ-stem-animeaza-desenele-thinkingkits-copie-12142-1225.jpg"",""https://gomagcdn.ro/domains/kidstory.ro/files/product/original/kit-creativ-stem-animeaza-desenele-thinkingkits-copie-12142-6295.jpg""]",,"[""4M""]",,,"true","false","1","0",,,,,"0","0","2026-02-07 02:17:55.145","2026-03-22 01:12:30.998",,"PRESCHOOL_3_5","89.25","0","0","0","0","0","0","2.9","0","0","APPROVED","TECHNOLOGY","26f5418c-965d-4630-994c-b51947cdec04","false",,
"4d15d19b-d0ee-4df0-a9a7-42d682c84db7","Joc de cooperare varianta de buzunar Pompierii salveaza pisica, Londji","joc-de-cooperare-varianta-de-buzunar-pompierii-salveaza-pisica-londji-Lj_PG005U","Pompierii salveaza pisica, joc de cooperare și strategie - varianta de buzunar Ajută-l pe pompier să stingă focul și salvează pisoiul prins pe acoperiș! În acest joc devenim pompieri și lucrăm împreună pentru a stinge incendiile și a ajunge pe acoperișul unde este prinsă pisicuța. Va trebui să fim cu ochii în patru și să gestionăm bine apa. Jucându-ne de-a pompierul exersăm luarea deciziilor în echipă, număratul și răbdarea. Formatul de buzunar, practic pentru călătorii. Ilustrație Can Seixanta Ambalat în cutie robustă din carton.Conține tabla de joc puzzle (26 x 47 cm), figurina pompier, figurina pisica, 9 piese foc, 12 token-uri numere, zar din lemn. Pentru 2-6 jucători.Vârsta recomandată: 4 - 8 ani.Confecționat din hârtie FSC și carton reciclat. Conform reglementărilor EN71&amp;ASTM.AVERTISMENT: Contraindicat copiilor sub 3 ani. Se recomandă supravegherea copilului de către un adult în timpul jocului.Produs de Londji în Spania.","119",,"Lj_PG005U","[""https://cdnmpro.com/708224949/p/raw/7/joc-de-cooperare-varianta-de-buzunar-pompierii-salveaza-pisica-londji~11827.jpg"",""https://cdnmpro.com/708224949/p/raw/8/joc-de-cooperare-varianta-de-buzunar-pompierii-salveaza-pisica-londji~11828.jpg"",""https://cdnmpro.com/708224949/p/raw/9/joc-de-cooperare-varianta-de-buzunar-pompierii-salveaza-pisica-londji~11829.jpg"",""https://cdnmpro.com/708224949/p/raw/0/joc-de-cooperare-varianta-de-buzunar-pompierii-salveaza-pisica-londji~11830.jpg""]",,"[""Londji""]",,,"true","false","21","0",,,,,"0","0","2026-02-07 02:17:14.098","2026-03-22 01:12:34.68","Lj_PG005U","TODDLERS_1_3","78.54","0","0","0","0","0","0","2.9","0","0","APPROVED","MATHEMATICS","ee75eea8-9f64-4076-96a2-52f5d6926c14","false",,
"9efc79c7-6e9f-4885-b3ca-8a3e42943dbd","Joc de memorie Fauna salbatica, Londji","joc-de-memorie-fauna-salbatica-londji-LJ_DI023U","Joc de memorie Fauna salbatica Balene, girafe, flamingo, veverițe, pinguini... Descoperiți viața sălbatică cu acest joc de memorie pentru toate vârstele. Jocul constă în găsirea cât mai multor jetoane identice de animale printre animalele sălbatice. Se pot face până la șaisprezece perechi, cel care obține cele mai multe câștigă. Un joc care stimulează memoria și logica. Exersează abilitățile de observare, concentrarea și orientarea în spațiu. Introducerea conceptul de a lua decizii neimpulsive. Un joc clasic de memorie cu animale, de jucat cu întreaga familie. Conține:&nbsp; treizeci și două de piese cu animale sălbatice, instrucțiuni în 5 limbi. Ilustrații: Nathalie OuederniVârsta recomandată: +3 ani. Confecționat din hârtie FSC și carton reciclat.AVERTISMENT: Contraindicat copiilor sub 3 ani. Se recomandă supravegherea copilului de către un adult în timpul jocului.Produs in Spania, Catalonia de Londji. ","119",,"LJ_DI023U","[""https://cdnmpro.com/708224949/p/raw/5/joc-de-memorie-fauna-salbatica-londji~19335.jpg"",""https://cdnmpro.com/708224949/p/raw/7/joc-de-memorie-fauna-salbatica-londji~19107.jpg"",""https://cdnmpro.com/708224949/p/raw/8/joc-de-memorie-fauna-salbatica-londji~19108.jpg"",""https://cdnmpro.com/708224949/p/raw/9/joc-de-memorie-fauna-salbatica-londji~19109.jpg"",""https://cdnmpro.com/708224949/p/raw/0/joc-de-memorie-fauna-salbatica-londji~19110.jpg""]",,"[""Londji""]",,,"true","false","7","0",,,,,"0","0","2026-02-07 02:17:14.098","2026-03-22 01:12:34.822","LJ_DI023U","TODDLERS_1_3","78.54","0","0","0","0","0","0","2.9","0","0","APPROVED","GENERAL","ee75eea8-9f64-4076-96a2-52f5d6926c14","false",,
"91b29cc4-ada6-41a8-bfef-d5f6850f5553","Kinoptik Roboti, Djeco","kinoptik-roboti-djeco-DJ05611","Kinoptik Roboți Un joc distractiv de imaginație, construcție și animație. Copiii proiectează și creează roboți aiuriți combin&acirc;nd părțile magnetice de pe tablă - există mii de combinații din care pot să aleagă. Prin mișcarea filtrului optic, ei pot face roboții să prindă viață și să se miște &icirc;n moduri magice și neașteptate. Broșura de instrucțiuni este inclusă. Joc care stimulează imaginația: copilul construiește forme noi și le adaptează după funcționalitate; set de &icirc;ndem&acirc;nare: copilul asamblează pe planșa de lucru formele după model sau liber; joc de animație: cu ajutorul filtrelor se creează efecte optice dinamice. Un exercițiu de creativitate și logică. O mulțime de piese pentru ore de joacă.Conținut: tablă magnetică (30 x 30 cm), 2 filtre optice (24 x 24 cm și 19 x 19 cm), 60 piese de magnetice, broșură cu instrucțiuni.V&acirc;rsta recomandată: 6-10 ani.Confecționat din materiale non-toxice, conform reglementărilor EN71&amp;ASTM, cu certificare&nbsp;FSC&reg;.AVERTISMENT: Conține magneți! Contraindicat copiilor sub 3 ani, conține piese mici, pericol de sufocare. A se utiliza sub directa supraveghere a unui adult. Producător: Djeco, Franța      &nbsp;","120.65",,"DJ05611","[""https://cdnmpro.com/708224949/p/raw/3/kinoptik-roboti-djeco~16373.jpg"",""https://cdnmpro.com/708224949/p/raw/3/kinoptik-roboti-djeco~3213.jpg"",""https://cdnmpro.com/708224949/p/raw/9/kinoptik-roboti-djeco~3599.jpg"",""https://cdnmpro.com/708224949/p/raw/4/kinoptik-roboti-djeco~16374.jpg""]",,"[""Djeco""]",,,"true","false","10","0",,,,,"0","0","2026-02-07 02:17:14.098","2026-03-22 01:12:33.71","3070900056114.0","TODDLERS_1_3","83.82","0","0","0","0","0","0","2.9","0","0","APPROVED","TECHNOLOGY","ee75eea8-9f64-4076-96a2-52f5d6926c14","false",,
"6b0adba7-06d2-4667-8397-238989df6d60","Kit stiintific Luminite Sistem Solar, STEAM Kids","kit-stiintific-luminite-sistem-solar-steam-kids-4M-04905","Explorati toate minunile spatiului cosmic cu acest kit pentru Sistemul Solar! Asamblati si pictati-va propriul mini-planetarium care   lumineaza in intuneric!    Kitul vine cu 9 seturi de modele pentru planete pentru a le decora cu sclipici si picta. Este inclus si un poster color cu date stiintifice despre sistemul solar.    Incurajeaza copiii sa fie creativi si sa invete despre spatiu in acelasi timp     Kiturile  STEAM Powered Kids sunt concepute pentru a deschide mintile copiilor catre noi principii stiintifice, celebrand in acelasi timp creativitatea artistica.  23,5 cm x 27,5 cm x 5,5 cm  Varsta 8+  Necesita doua baterii  1.5V AA  (nu sunt incluse)     Avertismente! Nerecomandat copiilor sub 3 ani, contine piese mici, pericol de inghitire! Recomandam indrumarea adultilor in utilizare. Cititi cu atentie instructiunile inainte de folosire. Urmati-le si pastrati-le pentru referinta in utilizari viitoare. Culorile si continutul pot varia fata de ilustratii. Fabricat in China.","122",,"4M-04905","[""https://gomagcdn.ro/domains/kidstory.ro/files/product/original/kit-stiintific-statia-meteo-steam-kids-copie-12137-3466.jpg"",""https://gomagcdn.ro/domains/kidstory.ro/files/product/original/kit-stiintific-statia-meteo-steam-kids-copie-12137-4233.jpg"",""https://gomagcdn.ro/domains/kidstory.ro/files/product/original/kit-stiintific-statia-meteo-steam-kids-copie-12137-8583.jpg"",""https://gomagcdn.ro/domains/kidstory.ro/files/product/original/kit-stiintific-statia-meteo-steam-kids-copie-12137-3296.jpg"",""https://gomagcdn.ro/domains/kidstory.ro/files/product/original/kit-stiintific-statia-meteo-steam-kids-copie-12137-2976.jpg"",""https://gomagcdn.ro/domains/kidstory.ro/files/product/original/kit-stiintific-statia-meteo-steam-kids-copie-12137-7996.jpg""]",,"[""4M""]",,,"true","false","0","0",,,,,"0","0","2026-02-07 02:17:55.145","2026-03-22 01:12:30.924",,"ELEMENTARY_6_8","91.5","0","0","0","0","0","0","2.9","0","0","APPROVED","SCIENCE","26f5418c-965d-4630-994c-b51947cdec04","false",,
"7be82f0f-44b7-4ebc-8e2f-7133c909a35b","Joc magnetic de sortare, Djeco","joc-magnetic-de-sortare-djeco-DJ01614","Joc magnetic de sortare – FrogyMaze FrogyMaze este un joc magnetic educativ, pentru copiii de peste 3 ani, care transformă învățarea culorilor și formelor într-o aventură amuzantă! Cu ajutorul stiloului magnetic, cei mici ghidează piesele prin labirint și le sortează în funcție de culoare și formă. 🐸 Cum se joacă?   Urmează traseele din labirint cu stiloul magnetic   Sortează cele 16 piese din lemn în cele 8 spații dedicate   Spațiile sunt marcate fie cu flori colorate (pentru culori), fie cu forme geometrice (pentru forme)   Ce dezvoltă FrogyMaze?   Recunoașterea culorilor și formelor   Coordonarea mână-ochi și motricitatea fină, joc pregatitor pentru scris   Răbdarea și gândirea logică   🌱 Materiale de calitate: Lemn certificat FSC® – sigur, durabil și ecologic Conține: tablă din lemn cu labirint, 16 piese mobile din lemn (4 culori × 4 forme), stilou magnetic atașat Dimensiuni produs: 22.5 x 22.5 x 1.5 cm AVERTISMENT! Contraindicat copiilor mai mici de 3 ani. Conține magneți. A se folosi sub directa supraveghere a unei persoane adulte. Producător: Djeco.","122.55",,"DJ01614","[""https://cdnmpro.com/708224949/p/raw/8/joc-magnetic-de-sortare-djeco~20908.jpg"",""https://cdnmpro.com/708224949/p/raw/6/joc-magnetic-de-sortare-djeco~20906.jpg"",""https://cdnmpro.com/708224949/p/raw/7/joc-magnetic-de-sortare-djeco~20907.jpg"",""https://cdnmpro.com/708224949/p/raw/9/joc-magnetic-de-sortare-djeco~20909.jpg""]",,"[""Djeco""]",,,"true","false","21","0",,,,,"0","0","2026-02-07 02:17:14.098","2026-03-22 01:12:35.293","3070900016149.0","TODDLERS_1_3","85.14","0","0","0","0","0","0","2.9","0","0","APPROVED","MATHEMATICS","ee75eea8-9f64-4076-96a2-52f5d6926c14","false",,
"ebd73246-7623-404a-86f6-bc6381186512","Joc educativ Polyminix","joc-educativ-polyminix-CTV_407","Un joc educativ, tactic, pentru întreaga familie. Jucătorii trebuie să potrivească piesele cu diferite forme geometrice (contururi) astfel încât să reconstruiască indicațiile de pe cartonașele de joc. Grade de dificultate ..de la ușor, la super expert- tu pe care vei reuși oare să îl completezi? Vârsta recomandată: + 6 ani AVERTISMENT: Contraindicat copiilor sub 3 ani, conține piese mici, pericol de sufocare. A se utiliza sub directa supraveghere a unui adult. Producător: CreativaMente, Italia","123.2",,"CTV_407","[""https://cdnmpro.com/708224949/p/raw/4/joc-educativ-polyminix~6204.jpg"",""https://cdnmpro.com/708224949/p/raw/6/joc-educativ-polyminix~6476.jpg"",""https://cdnmpro.com/708224949/p/raw/7/joc-educativ-polyminix~6477.jpg"",""https://cdnmpro.com/708224949/p/raw/8/joc-educativ-polyminix~6478.jpg"",""https://cdnmpro.com/708224949/p/raw/9/joc-educativ-polyminix~6479.jpg""]",,"[""CreativaMente""]",,,"true","false","6","0",,,,,"0","0","2026-02-07 02:17:14.098","2026-03-22 01:12:34.209","8032591784078.0","ELEMENTARY_6_8","106.26","0","0","0","0","0","0","2.9","0","0","APPROVED","MATHEMATICS","ee75eea8-9f64-4076-96a2-52f5d6926c14","false",,
"161deb01-b840-41cd-a65c-180101267787","Kit stiintific Circuit Muzical, STEAM Kids","kit-stiintific-circuit-muzical-steam-kids-4M-04907","Creati-va propriul instrument  electronic si pretindeti ca sunteti muzician. Puteti folosi modulul si banda conductiva pentru a va inventa propriile circuite interesante.  Necesita 3 x baterii AAA (nu sunt incluse)  Potrivit pentru copii cu varsta peste 5 ani  23,5 cm x 27,5 cm x 5,5 cm  Kiturile  STEAM Powered Kids sunt concepute pentru a deschide mintile copiilor catre noi principii stiintifice, celebrand in acelasi timp creativitatea artistica.       Avertismente! Nerecomandat copiilor sub 3 ani, contine piese mici, pericol de inghitire! Recomandam indrumarea adultilor in utilizare. Cititi cu atentie instructiunile inainte de folosire. Urmati-le si pastrati-le pentru referinta in utilizari viitoare. Culorile si continutul pot varia fata de ilustratii. Fabricat in China.","129",,"4M-04907","[""https://gomagcdn.ro/domains/kidstory.ro/files/product/original/kit-stiintific-alarma-intrus-robot-steam-kids-copie-12135-9711.jpg"",""https://gomagcdn.ro/domains/kidstory.ro/files/product/original/kit-stiintific-alarma-intrus-robot-steam-kids-copie-12135-9660.jpg"",""https://gomagcdn.ro/domains/kidstory.ro/files/product/original/kit-stiintific-alarma-intrus-robot-steam-kids-copie-12135-5874.jpg"",""https://gomagcdn.ro/domains/kidstory.ro/files/product/original/kit-stiintific-alarma-intrus-robot-steam-kids-copie-12135-3773.jpg"",""https://gomagcdn.ro/domains/kidstory.ro/files/product/original/kit-stiintific-alarma-intrus-robot-steam-kids-copie-12135-7047.jpg"",""https://gomagcdn.ro/domains/kidstory.ro/files/product/original/kit-stiintific-alarma-intrus-robot-steam-kids-copie-12135-6074.jpg"",""https://gomagcdn.ro/domains/kidstory.ro/files/product/original/kit-stiintific-alarma-intrus-robot-steam-kids-copie-12135-5901.jpg"",""https://gomagcdn.ro/domains/kidstory.ro/files/product/original/kit-stiintific-alarma-intrus-robot-steam-kids-copie-12135-3516.jpg"",""https://gomagcdn.ro/domains/kidstory.ro/files/product/original/kit-stiintific-alarma-intrus-robot-steam-kids-copie-12135-2066.jpg"",""https://gomagcdn.ro/domains/kidstory.ro/files/product/original/kit-stiintific-alarma-intrus-robot-steam-kids-copie-12135-5444.jpg""]",,"[""4M""]",,,"true","false","1","0",,,,,"0","0","2026-02-07 02:17:55.145","2026-03-22 01:12:30.821",,"PRESCHOOL_3_5","96.75","0","0","0","0","0","0","2.9","0","0","APPROVED","TECHNOLOGY","26f5418c-965d-4630-994c-b51947cdec04","false",,
"b054f550-18d9-4bce-a2c7-c4332fc7201e","Binoclu compact Hawk","binoclu-compact-hawk-HU-530","HU-530 Hawk,   Kids este un binoclu de teren compact de incepatori de 30mm. Acest binoclu pentru copii este durabil si usor.  Va ajuta copilul sa exploreze lumea din jurul lor. Hawk,   este excelent pentru evenimente in aer liber, sporturi, observarea pasarilor si camping!  Carson Optical este o companie cu 34 de experienta in domeniul opticii, fiind producatorul nr 1 de lupe din SUA, producatorul nr 1 de microscoape de buzunar din SUA si unul dintre principalii furnizori de binocluri. Carson are peste 100 de sute de brevete si vinde atat vanatorilor, cat si excursionistilor, studentilor, artizanilor si constructorilor. Si ce este minunat este ca au si o linie destinata copiilor!  Carson este un nume de incredere in domeniul opticii si ofera o varietate de produse care sunt perfecte pentru copii. Kiturile Carson sunt concepute pentru a fi distractive si educative si sunt cadouri excelente pentru copiii interesati de stiinta.","129",,"HU-530","[""https://gomagcdn.ro/domains/kidstory.ro/files/product/original/binoclu-compact-hawk-904592.jpg"",""https://gomagcdn.ro/domains/kidstory.ro/files/product/original/binoclu-compact-hawk-924118.jpg"",""https://gomagcdn.ro/domains/kidstory.ro/files/product/original/binoclu-compact-hawk-440554.jpg"",""https://gomagcdn.ro/domains/kidstory.ro/files/product/original/binoclu-compact-hawk-697750.jpg"",""https://gomagcdn.ro/domains/kidstory.ro/files/product/original/binoclu-compact-hawk-724710.jpg"",""https://gomagcdn.ro/domains/kidstory.ro/files/product/original/binoclu-compact-hawk-221811.jpg"",""https://gomagcdn.ro/domains/kidstory.ro/files/product/original/binoclu-compact-hawk-613408.jpg""]",,"[""Carson""]",,,"true","false","1","0",,,,,"0","0","2026-02-07 02:17:55.145","2026-03-22 01:12:31.7",,"MIDDLE_SCHOOL_9_12","129","0","0","0","0","0","0","2.9","0","0","APPROVED","ENGINEERING","26f5418c-965d-4630-994c-b51947cdec04","false",,
"be119c87-a881-4afa-ba14-9f588594979a","Set creativ STEM- Fantana Unicorn","set-creativ-stem-fantana-unicorn-4M-04789","Construieste aceasta superba fantana plutitoare cu unicorn plutitor, care produce in mod magic un jet de apa non-stop.    Pompeaza apa ca o fantana, dar pare sa pluteasca in aer! Prietenii si familia ta vor fi uimiti!    Lasa-ti imaginatia sa zburde in taramul fantastic al unicornilor. Invata cum functioneaza pompele electrice construindu-ti propria pompa inainte de a te juca cu ea!  Conceput pentru o joaca distractiva si interactiva in interior si in exterior. Copiii au un adevarat sentiment de realizare dupa ce o construiesc si se pot juca cu ea.  Varste: 5+  Dimensiune cutie: 25 x 18 x 7 cm  Necesita (nu sunt incluse) 2 baterii tip  1.5V AAA","129",,"4M-04789","[""https://gomagcdn.ro/domains/kidstory.ro/files/product/original/set-creativ-stem-fantana-unicorn-801909.jpg"",""https://gomagcdn.ro/domains/kidstory.ro/files/product/original/set-creativ-stem-fantana-unicorn-480696.jpg"",""https://gomagcdn.ro/domains/kidstory.ro/files/product/original/set-creativ-stem-fantana-unicorn-880396.jpg"",""https://gomagcdn.ro/domains/kidstory.ro/files/product/original/set-creativ-stem-fantana-unicorn-768529.jpg"",""https://gomagcdn.ro/domains/kidstory.ro/files/product/original/set-creativ-stem-fantana-unicorn-270159.jpg"",""https://gomagcdn.ro/domains/kidstory.ro/files/product/original/set-creativ-stem-fantana-unicorn-284239.jpg""]",,"[""4M""]",,,"true","false","1","2",,,,,"0","0","2026-02-07 02:17:55.145","2026-03-22 01:12:31.485",,"PRESCHOOL_3_5","96.75","0","0","0","0","0","0","2.9","0","0","APPROVED","TECHNOLOGY","26f5418c-965d-4630-994c-b51947cdec04","false",,
"9e31c61f-4046-4206-a330-ef93c6110f53","Puzzle 1,2,3 start! Londji","puzzle-123-start-londji-LJ_PZ303U","Puzzle 1,2,3 start! Puzzle gigant cu 54 de piese, ilustrând un joc clasic, trasul sforii, jucat de cele mai îndrăgite personaje din povești. Dimensiune puzzle asamblat: 200 x 15 cm. Vârsta recomandată: +5 ani.Confecționat din carton ecologic, nontoxic, conform reglementarilor EN71&amp;ASTM. AVERTISMENT: Contraindicat copiilor sub 3 ani, conține piese mici, pericol de sufocare. A se utiliza sub directa supraveghere a unui adult. Producător: Londji, Spania.","130",,"LJ_PZ303U","[""https://cdnmpro.com/708224949/p/raw/5/puzzle-1-2-3-start-londji~3245.jpg"",""https://cdnmpro.com/708224949/p/raw/2/puzzle-1-2-3-start-londji~3622.jpg"",""https://cdnmpro.com/708224949/p/raw/3/puzzle-1-2-3-start-londji~3623.jpg"",""https://cdnmpro.com/708224949/p/raw/4/puzzle-1-2-3-start-londji~3624.jpg"",""https://cdnmpro.com/708224949/p/raw/6/puzzle-1-2-3-start-londji~3626.jpg""]",,"[""Londji""]",,,"true","false","3","0",,,,,"0","0","2026-02-07 02:17:14.098","2026-03-22 01:12:33.725","LJ_PZ303U","TODDLERS_1_3","85.8","0","0","0","0","0","0","2.9","0","0","APPROVED","GENERAL","ee75eea8-9f64-4076-96a2-52f5d6926c14","false",,
"48cede0c-198f-45d0-8bf7-c44f016095e9","Kit stiintific - Gradina cu Cristale, STEAM Kids","kit-stiintific-gradina-cu-cristale-steam-kids-4M-04901-EU","Invatati chimia cu un experiment practic de crestere a cristalelor. Urmati pasi simpli pentru a creste cristale in culori si dimensiuni la alegere. Proiectati si realizati-va propria gradina de cristale uimitoare!  Creati acasa o gradina cu cristale multicolore magice! Un experiment de chimie interesant va asteapta cu kitul de cercetare 4M. Admirati cum cresc cristalele de diferite culori si dimensiuni, formand forme unice. Acestea seamana cu adevarate pietre pretioase! Decorati cristalele intr-un afisaj frumos cu un suport si un capac fatetat transparent.  In set veti gasi instructiuni pas cu pas cu imagini si veti afla informatii interesante despre cristale. Pregatiti totul pentru lucru in avans: acoperiti suprafata de lucru, purtati ochelari de protectie, manusi de cauciuc, sort. Veti avea nevoie, de asemenea, de apa fierbinte si de o cana de masurare. Kitul foloseste un produs chimic real  ndash; fosfat de monoamoniu. Nu permiteti ca acesta sa intre in contact cu membranele mucoase. Folositi pulberi colorante si 5 vase de crestere hexagonale: doua mari, medii si doua mici. In acest fel veti obtine cristale de diferite dimensiuni si culori pentru compozitie.  Dimensiune cutie:  23.5 x 8 x 27.5 cm","131",,"4M-04901-EU","[""https://gomagcdn.ro/domains/kidstory.ro/files/product/original/kit-stiintific-gradina-cu-cristale-steam-kids-953966.png"",""https://gomagcdn.ro/domains/kidstory.ro/files/product/original/kit-stiintific-gradina-cu-cristale-steam-kids-258237.png"",""https://gomagcdn.ro/domains/kidstory.ro/files/product/original/kit-stiintific-gradina-cu-cristale-steam-kids-197416.png""]",,"[""4M""]",,,"true","false","1","0",,,,,"0","0","2026-02-07 02:17:55.145","2026-03-22 01:12:31.569",,"PRESCHOOL_3_5","98.25","0","0","0","0","0","0","2.9","0","0","APPROVED","TECHNOLOGY","26f5418c-965d-4630-994c-b51947cdec04","false",,
"363a3c07-3242-4d98-95f6-07ba6d04a22c","Joc de strategie Ramuri incurcate, Svoora","joc-de-strategie-ramuri-incurcate-svoora-Sv_12527","Joc de strategie Ramuri incurcate  Ramuri &icirc;nc&acirc;lcite cresc rapid &mdash; cine va rezista p&acirc;nă la final? Intră &icirc;n lumea &icirc;ncurcată a ramurilor de grădină, greblelor și omizilor, un joc de societate rapid și strategic pentru 2&ndash;4 jucători sau echipe de c&acirc;te 2, &icirc;n care jucătorii se &icirc;ntrec să crească cele mai lungi și mai conectate plante folosind jetoane magnetice cu ramuri. Fii atent la flori, greble și foarfece &ndash; pot transforma grădina &icirc;ntr-un adevărat labirint! Pe parcursul jocului, participanții trag jetoane aleatorii și le plasează strategic pe tablă pentru a construi ramuri. Acțiunile tactice și deciziile rapide vor face diferența &icirc;ntre &icirc;ncurcătură și victorie! Conține: tablă de joc magnetică, 100 jetoane magnetice, săculeț din bumbac, instrucțiuni de joc &icirc;n mai multe limbi.    Dimensiune : 25 &times; 18 &times; 4.5 cm V&acirc;rsta recomandată: +8 ani. Confecționat din foaie magnetică, h&acirc;rtie. Conform celor mai stricte reglementări de siguranță EN71 și ASTM. AVERTISMENT: Nerecomandat copiilor sub 3 ani. Conține piese mici care pot fi &icirc;nghițite. Pericol de sufocare!Producător: Svoora      &nbsp;","131.4",,"Sv_12527","[""https://cdnmpro.com/708224949/p/raw/5/joc-de-strategie-ramuri-incurcate-svoora~100018795.jpg"",""https://cdnmpro.com/708224949/p/raw/4/joc-de-strategie-ramuri-incurcate-svoora~100018654.jpg""]",,"[""Svoora""]",,,"true","false","5","0",,,,,"0","0","2026-02-07 02:17:14.098","2026-03-22 01:12:35.371","5208006125276.0","ELEMENTARY_6_8","96.36","0","0","0","0","0","0","2.9","0","0","APPROVED","GENERAL","ee75eea8-9f64-4076-96a2-52f5d6926c14","false",,
"a2ff8b18-665a-4695-be76-369360c4ec2a","Kit stiintific Robinet Magic, Stiinta Verde - Green Science","kit-stiintific-robinet-magic-stiinta-verde-green-science-4M-03458","Kit stiintific Robinet Magic, Stiinta Verde - Green Science  este un kit educativ fascinant care le permite copiilor sa construiasca un robinet , žmagic,   ce pare sa pluteasca in aer, turnand apa intr-un flux continuu. Acest proiect captivant combina stiinta, iluzia optica si distractia, oferind o experienta de invatare interactiva si memorabila.   Beneficii      Explorare stiintifica  ,   Demonstreaza concepte de fizica si iluzie optica intr-un mod practic si distractiv.    Dezvoltarea abilitatilor  ,   Imbunatateste coordonarea mana-ochi, gandirea logica si abilitatile de rezolvare a problemelor.    Constientizare ecologica  ,   Incurajeaza discutii despre conservarea apei si utilizarea responsabila a resurselor naturale.    Caracteristici      Iluzie captivanta  ,   Robinetul pare sa pluteasca in aer, turnand apa intr-un flux continuu, creand un efect vizual uimitor.    Continut complet  ,   Include toate componentele necesare pentru asamblare: recipient pentru apa, robinet, modul motor, tuburi transparente, suruburi si instructiuni detaliate.    Personalizare creativa  ,   Posibilitatea de a adauga sabloane decorative, precum o racheta, pentru a personaliza proiectul.    Ce spun utilizatorii?   ,œ   , žCopilul meu a fost uimit de efectul de levitatie al robinetului!,   ,   Maria, Bucuresti  ,œ   , žUn mod excelent de a combina invatarea cu distractia. Recomand cu caldura!,   ,   Andrei, Cluj-Napoca  ,œ   , žInstructiunile sunt clare, iar rezultatul final este spectaculos. O activitate perfecta pentru weekend!,   ,   Elena, Iasi   Detalii tehnice:     Dimensiuni ambalaj: 21 cm (latime) x 28 cm (inaltime) x 6 cm (adancime)    Necesita 2 baterii AAA (neincluse)    Varsta recomandata: 5 ani+  ðŸ mdash;  Adauga acum in cos  Kit stiintific Robinet Magic, Stiinta Verde - Green Science  si ofera-i copilului tau o experienta educativa si distractiva!   Transforma invatarea intr-o aventura magica.  Comanda acum si lasa imaginatia sa prinda viata!","133",,"4M-03458","[""https://gomagcdn.ro/domains/kidstory.ro/files/product/original/kit-stiintific-robinet-magic-stiinta-verde-green-science-244607.png"",""https://gomagcdn.ro/domains/kidstory.ro/files/product/original/kit-stiintific-robinet-magic-stiinta-verde-green-science-909771.png"",""https://gomagcdn.ro/domains/kidstory.ro/files/product/original/kit-stiintific-robinet-magic-stiinta-verde-green-science-907386.png""]",,"[""4M""]",,,"true","false","1","0",,,,,"0","0","2026-02-07 02:17:55.145","2026-03-22 01:12:32.189",,"ELEMENTARY_6_8","99.75","0","0","0","0","0","0","2.9","0","0","APPROVED","SCIENCE","26f5418c-965d-4630-994c-b51947cdec04","false",,
"a4b052bf-6a5e-4cbc-91f3-29004ee50fbf","Kit constructie Vehicul solar, Stiinta Verde - Green Science","kit-constructie-vehicul-solar-stiinta-verde-green-science-4M-03286","ðŸšmdash;  Kit constructie Vehicul solar, Stiinta Verde - Green Science  este un kit educativ captivant care le permite copiilor sa construiasca un rover alimentat de energie solara. Transformand o doza reciclata de suc intr-un vehicul ecologic, acest set ofera o introducere practica in conceptele de energie regenerabila si inginerie mecanica.   Beneficii      Invatare practica  ,   Introduce copiii in principiile energiei solare si ale reciclarii.    Dezvoltarea abilitatilor  ,   Imbunatateste coordonarea mana-ochi si abilitatile de rezolvare a problemelor.    Stimulare creativa  ,   Incurajeaza creativitatea si curiozitatea prin asamblarea si personalizarea roverului.    Caracteristici      Alimentare solara  ,   Roverul functioneaza cu energie solara, demonstrand conversia luminii solare in energie mecanica.    Materiale reciclabile  ,   Utilizeaza o doza de suc reciclata ca parte a constructiei, promovand constientizarea ecologica.    Continut complet  ,   Include toate componentele necesare pentru asamblare si instructiuni detaliate.    Ce spun utilizatorii?   ,œ   , žCopilul meu a fost fascinat sa vada cum roverul se misca cu ajutorul soarelui!,   ,   Maria, Bucuresti  ,œ   , žUn mod excelent de a introduce conceptele de energie regenerabila intr-un mod distractiv.,   ,   Andrei, Cluj-Napoca  ,œ   , žAsamblarea a fost usoara si educativa. Recomand pentru toti micii inventatori!,   ,   Elena, Iasi   Detalii tehnice:     Dimensiuni ambalaj: 24.13 cm x 6.35 cm x 21.59 cm    Varsta recomandata: 8 ani+    Nu necesita baterii ,   functioneaza exclusiv cu energie solara  ðŸ mdash;  Adauga acum in cos  Kit constructie Vehicul solar, Stiinta Verde - Green Science  si ofera-i copilului tau o experienta educativa si distractiva!   Transforma invatarea intr-o aventura ecologica.  Comanda acum si lasa imaginatia sa prinda viata!","133",,"4M-03286","[""https://gomagcdn.ro/domains/kidstory.ro/files/product/original/kit-constructie-vehicul-solar-stiinta-verde-green-science-081901.png"",""https://gomagcdn.ro/domains/kidstory.ro/files/product/original/kit-constructie-vehicul-solar-stiinta-verde-green-science-246948.png"",""https://gomagcdn.ro/domains/kidstory.ro/files/product/original/kit-constructie-vehicul-solar-stiinta-verde-green-science-102332.png"",""https://gomagcdn.ro/domains/kidstory.ro/files/product/original/kit-constructie-vehicul-solar-stiinta-verde-green-science-025514.png"",""https://gomagcdn.ro/domains/kidstory.ro/files/product/original/kit-constructie-vehicul-solar-stiinta-verde-green-science-701283.png"",""https://gomagcdn.ro/domains/kidstory.ro/files/product/original/kit-constructie-vehicul-solar-stiinta-verde-green-science-459670.png"",""https://gomagcdn.ro/domains/kidstory.ro/files/product/original/kit-constructie-vehicul-solar-stiinta-verde-green-science-312113.png"",""https://gomagcdn.ro/domains/kidstory.ro/files/product/original/kit-constructie-vehicul-solar-stiinta-verde-green-science-814041.png""]",,"[""4M""]",,,"true","false","1","0",,,,,"0","0","2026-02-07 02:17:55.145","2026-03-22 01:12:32.075",,"ELEMENTARY_6_8","99.75","0","0","0","0","0","0","2.9","0","0","APPROVED","SCIENCE","26f5418c-965d-4630-994c-b51947cdec04","false",,
"025ec5c9-18af-429c-a057-5b853e70c44f","Kit constructie Avion Mobil, Stiinta Verde - Green Science","kit-constructie-avion-mobil-stiinta-verde-green-science-4M-03376","Descopera magia stiintei ecologice cu setul 4M Green Science - Avion Mobil! Acest kit educativ inovator este perfect pentru copiii curiosi si pasionati de stiinta si tehnologie, oferindu-le oportunitatea de a construi un avion mobil care functioneaza cu energie solara. Ideal pentru micii ingineri cu varste de la 5 ani in sus, acest set transforma invatarea intr-o experienta interactiva si distractiva.       Caracteristici principale:    Educatie prin joaca : Setul 4M Green Science - Avion Mobil combina invatarea cu distractia, permitand copiilor sa inteleaga principiile de baza ale energiei solare si aerodinamicii prin construirea unui avion mobil alimentat de soare.   Materiale de calitate : Kitul include toate componentele necesare pentru asamblarea avionului mobil, precum panouri solare, piese de montaj si instructiuni detaliate. Materialele sunt sigure, durabile si concepute pentru a oferi o experienta educativa fara probleme.   Proiect eco-friendly : Copiii vor invata despre importanta utilizarii resurselor regenerabile si cum sa transforme energia solara in miscare. Activitatea promoveaza constiinta ecologica si incurajeaza grija pentru mediul inconjurator.   Dezvoltare educativa : Construirea si experimentarea cu avionul mobil ajuta la dezvoltarea abilitatilor de rezolvare a problemelor, gandirea critica si coordonarea ochi-mana. Este o activitate educativa care stimuleaza curiozitatea si creativitatea.   Cadoul perfect pentru copii : Ambalajul atractiv si continutul educativ fac din acest set un cadou ideal pentru orice ocazie, fie ca este vorba de zile de nastere, sarbatori sau surprize speciale.       Ofera copilului tau ocazia de a descoperi si invata despre energiile regenerabile cu setul 4M Green Science - Avion Mobil. Acest kit nu doar ca ii va oferi ore de divertisment educativ, dar ii va si dezvolta abilitati valoroase si o constiinta ecologica.   Comanda acum si incurajeaza curiozitatea si creativitatea copilului tau cu setul 4M Green Science - Avion Mobil!    Ideal pentru Saptamana Verde.","133",,"4M-03376","[""https://gomagcdn.ro/domains/kidstory.ro/files/product/original/kit-constructie-avion-solar-stiinta-verde-green-science-956639.jpg"",""https://gomagcdn.ro/domains/kidstory.ro/files/product/original/kit-constructie-avion-solar-stiinta-verde-green-science-445574.jpg"",""https://gomagcdn.ro/domains/kidstory.ro/files/product/original/kit-constructie-avion-solar-stiinta-verde-green-science-867402.jpg"",""https://gomagcdn.ro/domains/kidstory.ro/files/product/original/kit-constructie-avion-solar-stiinta-verde-green-science-908570.jpg"",""https://gomagcdn.ro/domains/kidstory.ro/files/product/original/kit-constructie-avion-solar-stiinta-verde-green-science-236063.jpg"",""https://gomagcdn.ro/domains/kidstory.ro/files/product/original/kit-constructie-avion-solar-stiinta-verde-green-science-418108.jpg"",""https://gomagcdn.ro/domains/kidstory.ro/files/product/original/kit-constructie-avion-solar-stiinta-verde-green-science-443034.jpg"",""https://gomagcdn.ro/domains/kidstory.ro/files/product/original/kit-constructie-avion-solar-stiinta-verde-green-science-752736.jpg""]",,"[""4M""]",,,"true","false","1","1",,,,,"0","0","2026-02-07 02:17:55.145","2026-03-22 01:12:31.951",,"PRESCHOOL_3_5","99.75","0","0","0","0","0","0","2.9","0","0","APPROVED","SCIENCE","26f5418c-965d-4630-994c-b51947cdec04","false",,
"9e5884a7-4907-49c6-8629-ec998d3b0728","Kit constructie Robot Solar mini 3 in 1, Stiinta Verde - Green Science","kit-constructie-robot-solar-mini-3-in-1-stiinta-verde-green-science-4M-03377","Descopera puterea tehnologiei ecologice cu setul 4M Eco Engineering - Robot Solar Mini 3-in-1! Acest kit educativ fascinant este ideal pentru copiii curiosi si inventivi, oferindu-le oportunitatea de a construi trei modele diferite de roboti alimentati cu energie solara. Perfect pentru micii ingineri cu varste de la 5 ani in sus, acest set transforma invatarea intr-o experienta interactiva si distractiva.       Caracteristici principale:    Educatie prin joaca : Setul 4M Eco Engineering - Robot Solar Mini 3-in-1 permite copiilor sa inteleaga principiile de baza ale energiei solare si ale ingineriei prin construirea a trei modele unice: un robot, un scorpion si un tank. Acest kit educativ ofera o experienta hands-on care imbina invatarea cu distractia.   Materiale de calitate superioara : Kitul include toate componentele necesare pentru asamblarea celor trei modele, precum panouri solare, piese de montaj si instructiuni detaliate. Materialele sunt sigure, durabile si concepute pentru a oferi o experienta educativa fara probleme.   Proiect eco-friendly : Copiii vor invata despre importanta utilizarii resurselor regenerabile si cum sa transforme energia solara in miscare. Activitatea promoveaza constiinta ecologica si incurajeaza grija pentru mediul inconjurator.   Dezvoltare educativa : Construirea si experimentarea cu robotii solari ajuta la dezvoltarea abilitatilor de rezolvare a problemelor, gandirea critica si coordonarea ochi-mana. Este o activitate educativa care stimuleaza curiozitatea si creativitatea.   Cadoul perfect pentru copii : Ambalajul atractiv si continutul educativ fac din acest set un cadou ideal pentru orice ocazie, fie ca este vorba de zile de nastere, sarbatori sau surprize speciale.       De ce sa alegi 4M Eco Engineering - Robot Solar Mini 3-in-1?    Invatare interactiva : Ofera o modalitate practica de a introduce copiii in lumea energiei solare si a ingineriei.   Sustenabil si educativ : Promoveaza utilizarea energiei regenerabile si constiinta ecologica.   Versatilitate : Trei modele intr-un singur set, oferind ore de explorare si invatare.       Ofera copilului tau ocazia de a descoperi si invata despre energiile regenerabile cu setul 4M Eco Engineering - Robot Solar Mini 3-in-1. Acest kit nu doar ca ii va oferi ore de divertisment educativ, dar ii va si dezvolta abilitati valoroase si o constiinta ecologica.   Comanda acum si incurajeaza curiozitatea si creativitatea copilului tau cu setul 4M Eco Engineering - Robot Solar Mini 3-in-1!   Set ideal pentru Saptamana Verde.","133",,"4M-03377","[""https://gomagcdn.ro/domains/kidstory.ro/files/product/original/kit-constructie-mini-robot-solar-3-in-1-stiinta-verde-green-science-447016.jpg"",""https://gomagcdn.ro/domains/kidstory.ro/files/product/original/kit-constructie-mini-robot-solar-3-in-1-stiinta-verde-green-science-227822.jpg"",""https://gomagcdn.ro/domains/kidstory.ro/files/product/original/kit-constructie-mini-robot-solar-3-in-1-stiinta-verde-green-science-825386.jpg"",""https://gomagcdn.ro/domains/kidstory.ro/files/product/original/kit-constructie-mini-robot-solar-3-in-1-stiinta-verde-green-science-017187.jpg"",""https://gomagcdn.ro/domains/kidstory.ro/files/product/original/kit-constructie-mini-robot-solar-3-in-1-stiinta-verde-green-science-531741.jpg"",""https://gomagcdn.ro/domains/kidstory.ro/files/product/original/kit-constructie-mini-robot-solar-3-in-1-stiinta-verde-green-science-329959.jpg""]",,"[""4M""]",,,"true","false","1","0",,,,,"0","0","2026-02-07 02:17:55.145","2026-03-22 01:12:31.967",,"PRESCHOOL_3_5","99.75","0","0","0","0","0","0","2.9","0","0","APPROVED","SCIENCE","26f5418c-965d-4630-994c-b51947cdec04","false",,
"57b0d6cb-9770-44d4-84e3-b07fb53f9074","Kit stiintific Bec ecologic Stiinta Verde - Green Science","kit-stiintific-bec-ecologic-stiinta-verde-green-science-4M-03426","Kit stiintific Bec ecologic Stiinta Verde - Green Science   este un kit educativ captivant care le permite copiilor sa construiasca o lampa ecologica alimentata prin forta gravitatiei sau manual. Acest set ofera o introducere practica in conceptele de energie regenerabila si reciclare, incurajand creativitatea si gandirea ecologica.   Beneficii      Invatare practica  ,   Demonstreaza cum functioneaza diferite surse de energie regenerabila prin experimente interactive.    Dezvoltarea abilitatilor  ,   Imbunatateste abilitatile de rezolvare a problemelor si intelegerea principiilor stiintifice.    Constientizare ecologica  ,   Incurajeaza responsabilitatea fata de mediu si utilizarea surselor de energie durabile.    Caracteristici      Alimentare ecologica  ,   Functioneaza prin forta gravitatiei sau prin actionare manuala, fara a necesita baterii.    Design educativ  ,   Creat pentru a stimula curiozitatea si intelegerea conceptelor de energie regenerabila.    Continut complet  ,   Include toate componentele necesare pentru asamblare si instructiuni detaliate.    Ce spun utilizatorii?   ,œ   , žCopilul meu a fost fascinat de modul in care lampa functioneaza fara baterii!,   ,   Maria, Bucuresti  ,œ   , žUn mod excelent de a introduce conceptele de energie regenerabila intr-un mod distractiv.,   ,   Andrei, Cluj-Napoca  ,œ   , žAsamblarea a fost usoara si educativa. Recomand cu incredere!,   ,   Elena, Iasi   Detalii tehnice:     Dimensiuni ambalaj: 17 cm (latime) x 22 cm (inaltime) x 6 cm (adancime)    Varsta recomandata: 8 ani+    Nu necesita baterii ,   functioneaza exclusiv cu surse de energie regenerabila  ðŸ mdash;  Adauga acum in cos  Kit stiintific Bec ecologic Stiinta Verde - Green Science  si ofera-i copilului tau o experienta educativa si distractiva!   Transforma invatarea intr-o aventura ecologica.  Comanda acum si lasa imaginatia sa prinda viata!","133",,"4M-03426","[""https://gomagcdn.ro/domains/kidstory.ro/files/product/original/kit-stiintific-bec-ecologic-stiinta-verde-green-science-778120.png"",""https://gomagcdn.ro/domains/kidstory.ro/files/product/original/kit-stiintific-bec-ecologic-stiinta-verde-green-science-837843.png"",""https://gomagcdn.ro/domains/kidstory.ro/files/product/original/kit-stiintific-bec-ecologic-stiinta-verde-green-science-176585.png"",""https://gomagcdn.ro/domains/kidstory.ro/files/product/original/kit-stiintific-bec-ecologic-stiinta-verde-green-science-351182.png""]",,"[""4M""]",,,"true","false","1","0",,,,,"0","0","2026-02-07 02:17:55.145","2026-03-22 01:12:32.153",,"ELEMENTARY_6_8","99.75","0","0","0","0","0","0","2.9","0","0","APPROVED","SCIENCE","26f5418c-965d-4630-994c-b51947cdec04","false",,
"f7d2fe64-6cfa-4353-989a-adc129943d38","Kit constructie Robot solar, Stiinta Verde - Green Science","kit-constructie-robot-solar-stiinta-verde-green-science-4M-03294","ðŸ ndash;  Kit constructie Robot solar, Stiinta Verde - Green Science  este un kit educativ captivant care le permite copiilor sa construiasca un robot alimentat de energie solara. Acest set ofera o introducere practica in conceptele de energie regenerabila si reciclare, incurajand creativitatea si gandirea ecologica.   Beneficii      Invatare practica  ,   Introduce copiii in principiile energiei solare si ale reciclarii.    Dezvoltarea abilitatilor  ,   Imbunatateste coordonarea mana-ochi si abilitatile de rezolvare a problemelor.    Stimulare creativa  ,   Incurajeaza creativitatea prin personalizarea robotului cu materiale reciclate.    Caracteristici      Alimentare solara  ,   Functioneaza exclusiv cu energie solara, fara a necesita baterii.    Materiale reciclabile  ,   Permite utilizarea materialelor reciclate pentru personalizarea robotului.    Continut complet  ,   Include toate componentele necesare pentru asamblare si instructiuni detaliate.    Ce spun utilizatorii?   ,œ   , žCopilul meu a fost fascinat sa vada cum robotul se misca cu ajutorul soarelui!,   ,   Maria, Bucuresti  ,œ   , žUn mod excelent de a introduce conceptele de energie regenerabila intr-un mod distractiv.,   ,   Andrei, Cluj-Napoca  ,œ   , žAsamblarea a fost usoara si educativa. Recomand pentru toti micii inventatori!,   ,   Elena, Iasi   Detalii tehnice:     Dimensiuni ambalaj: 24 cm (latime) x 22 cm (inaltime) x 6 cm (adancime)    Varsta recomandata: 8 ani+    Nu necesita baterii ,   functioneaza exclusiv cu energie solara  ðŸ mdash;  Adauga acum in cos  Kit constructie Robot solar, Stiinta Verde - Green Science  si ofera-i copilului tau o experienta educativa si distractiva!   Transforma invatarea intr-o aventura ecologica.  Comanda acum si lasa imaginatia sa prinda viata!","133",,"4M-03294","[""https://gomagcdn.ro/domains/kidstory.ro/files/product/original/kit-constructie-robot-solar-stiinta-verde-green-science-327354.png"",""https://gomagcdn.ro/domains/kidstory.ro/files/product/original/kit-constructie-robot-solar-stiinta-verde-green-science-959702.png"",""https://gomagcdn.ro/domains/kidstory.ro/files/product/original/kit-constructie-robot-solar-stiinta-verde-green-science-872958.png""]",,"[""4M""]",,,"true","false","1","0",,,,,"0","0","2026-02-07 02:17:55.145","2026-03-22 01:12:32.094",,"ELEMENTARY_6_8","99.75","0","0","0","0","0","0","2.9","0","0","APPROVED","SCIENCE","26f5418c-965d-4630-994c-b51947cdec04","false",,
"1f67fc33-8a02-4ba9-85b9-93fb79defd4f","Joc de logica OctoPush, Djeco","joc-de-logica-octopush-djeco-DJ00806","Joc logic OctoPush Un joc uimitor care dă dependență.&nbsp; Puzzle 3D cu blocuri glisante pe care nu vei putea să-l lași jos!Un joc captivant pe care îți va plăcea să-l manevrezi: bucură-te de schimbările rapide de culoare pe măsură ce deplasezi piesele dintr-un pătrat în altul.Dezvoltă răbdarea, logica și abilitățile de deducție.Cele mai rapide soluții la provocări sunt oferite în broșură.Niveluri de dificultate crescătoare.&nbsp; Conținut: cutie din lemn cu o grilă din plastic, 9 octaedre din lemn și 90 de provocări (15 cărți cu două fețe). Reguli de joc disponibile în 10 limbi. Vârsta recomandată: 6-99 ani. Pentru un jucător. Confecționat din lemn certificat FSC®. Producător: Djeco. Manual Joc de logica OctoPush, Djeco - descarca aici fisierul   ","136.8",,"DJ00806","[""https://cdnmpro.com/708224949/p/raw/5/joc-de-logica-octopush-djeco~19345.jpg"",""https://cdnmpro.com/708224949/p/raw/4/joc-de-logica-octopush-djeco~19344.jpg"",""https://cdnmpro.com/708224949/p/raw/6/joc-de-logica-octopush-djeco~19346.jpg""]",,"[""Djeco""]",,,"true","false","17","0",,,,,"0","0","2026-02-07 02:17:14.098","2026-03-22 01:12:34.873","3070900008069.0","ELEMENTARY_6_8","95.04","0","0","0","0","0","0","2.9","0","0","APPROVED","GENERAL","ee75eea8-9f64-4076-96a2-52f5d6926c14","false",,
"61b44307-fb65-4f1d-9b79-4b21dce6f814","Microscop portabil cu LED si UV, cu adaptor de smartphone, marire 100-250x, MicroFlip","microscop-portabil-cu-led-si-uv-cu-adaptor-de-smartphone-marire-100-250x-microflip-MP-250","MicroFlip,   100x-250x, microscop de buzunar iluminat cu LED-uri si lumina UV, cu baza rabatabila si clips pentru digiscoping cu smartphone MP-250, este un microscop de buzunar extrem de puternic, cu iluminare LED, care contine o baza unica rabatabila cu lentila asferica pentru calitatea ultra precisa a imaginii.  Magnificarea de mare putere variaza intre 100x si 250x. MicroFlip,   contine, de asemenea, o lanterna UV incorporata perfecta pentru detectarea valutei false, cartografierea nectarului si multe altele.  MicroFlip,   vine inclus cu un clips pentru digiscoping cu smartphone, 1 lamela starter cu capac si o curea de mana pentru portabilitate convenabila.  Folositi clipsul pentru digiscoping cu smartphone-ul pentru a face poze si a inregistra video despre subiectul dvs. folosind aplicatia de camera incorporata pe smartphone-ul dvs. Apoi, distribuiti imaginile si videoclipurile pe retelele sociale sau trimiteti-le prin e-mail   SMS familiei, colegilor si prietenilor.  Clipsul pentru digiscoping cu smartphone-ul va functiona cu toate smartphone-urile. Carcasele mai groase, precum cele de tip Otterbox, pot trebui sa fie indepartate inainte de a atasa clipsul pentru digiscoping.  MicroFlip,   este alimentat de 1 baterie AA (nu este inclusa).  Este un microscop de teren educational excelent si cost-eficient pentru multiple hobby-uri, sarcini, invatare si explorare.  Carson Optical este o companie cu 34 de experienta in domeniul opticii, fiind producatorul nr 1 de lupe din SUA, producatorul nr 1 de microscoape de buzunar din SUA si unul dintre principalii furnizori de binocluri. Carson are peste 100 de sute de brevete si vinde atat vanatorilor, cat si excursionistilor, studentilor, artizanilor si constructorilor.    Carson este un nume de incredere in domeniul opticii si ofera o varietate de produse care sunt perfecte pentru copii. Kiturile Carson sunt concepute pentru a fi distractive si educative si sunt cadouri excelente pentru copiii interesati de stiinta.","139",,"MP-250","[""https://gomagcdn.ro/domains/kidstory.ro/files/product/original/microscop-portabil-cu-led-si-uv-cu-adaptor-de-smartphone-marire-100-250x-microflip-882007.jpg"",""https://gomagcdn.ro/domains/kidstory.ro/files/product/original/microscop-portabil-cu-led-si-uv-cu-adaptor-de-smartphone-marire-100-250x-microflip-394416.jpg"",""https://gomagcdn.ro/domains/kidstory.ro/files/product/original/microscop-portabil-cu-led-si-uv-cu-adaptor-de-smartphone-marire-100-250x-microflip-349084.jpg"",""https://gomagcdn.ro/domains/kidstory.ro/files/product/original/microscop-portabil-cu-led-si-uv-cu-adaptor-de-smartphone-marire-100-250x-microflip-487630.jpg"",""https://gomagcdn.ro/domains/kidstory.ro/files/product/original/microscop-portabil-cu-led-si-uv-cu-adaptor-de-smartphone-marire-100-250x-microflip-594700.jpg"",""https://gomagcdn.ro/domains/kidstory.ro/files/product/original/microscop-portabil-cu-led-si-uv-cu-adaptor-de-smartphone-marire-100-250x-microflip-605722.jpg"",""https://gomagcdn.ro/domains/kidstory.ro/files/product/original/microscop-portabil-cu-led-si-uv-cu-adaptor-de-smartphone-marire-100-250x-microflip-877548.jpg"",""https://gomagcdn.ro/domains/kidstory.ro/files/product/original/microscop-portabil-cu-led-si-uv-cu-adaptor-de-smartphone-marire-100-250x-microflip-123943.jpg"",""https://gomagcdn.ro/domains/kidstory.ro/files/product/original/microscop-portabil-cu-led-si-uv-cu-adaptor-de-smartphone-marire-100-250x-microflip-818136.jpg"",""https://gomagcdn.ro/domains/kidstory.ro/files/product/original/microscop-portabil-cu-led-si-uv-cu-adaptor-de-smartphone-marire-100-250x-microflip-833759.jpg""]",,"[""Carson""]",,,"true","false","1","0",,,,,"0","0","2026-02-07 02:17:55.145","2026-03-22 01:12:31.849",,"MIDDLE_SCHOOL_9_12","139","0","0","0","0","0","0","2.9","0","0","APPROVED","ENGINEERING","26f5418c-965d-4630-994c-b51947cdec04","false",,
"a470b177-b735-4547-b33d-0e0981256ca2","Joc Circuit Domino, Egmont Toys","joc-circuit-domino-egmont-toys-Egm_570135","Un joc clasic - circuit domino Conține: 200 piese de domino din lemn (câteva sunt mai mari, 1 piesă are atașat 1 clopoțel, pentru a marca finalul lanțului). Scopul jocului: să îți pui în joc toate piesele de domino sau să dobori întregul lanț din piese, dintr-o mișcare. Vârsta recomandată: +3 ani.Confecționat din materiale și vopsele non toxice conform reglementărilor EN71&amp;ASTM.AVERTISMENT: Contraindicat copiilor sub 3 ani. Conține părți mici. Se recomandă supravegherea copilului de către un adult în timpul jocului.Producător: Egmont Toys, Belgia.","140",,"Egm_570135","[""https://cdnmpro.com/708224949/p/raw/9/joc-circuit-domino-egmont-toys~6639.jpg""]",,"[""Egmont Toys""]",,,"true","false","7","0",,,,,"0","0","2026-02-07 02:17:14.098","2026-03-22 01:12:34.29","5420023034724.0","TODDLERS_1_3","92.4","0","0","0","0","0","0","2.9","0","0","APPROVED","TECHNOLOGY","ee75eea8-9f64-4076-96a2-52f5d6926c14","false",,
"da65b7b4-b3b1-4cf4-84a7-f168fdd936e9","Lansator electric de avioane","lansator-electric-de-avioane-4M-03453","Gata de decolare! Descoperiti cum motoarele si rotile cu scripeti pot lansa un avion de hartie cu pana la 40 km h. Construieste-ti lansatorul de avioane de hartie, incearca cateva modele diferite de avioane de hartie si apoi lanseaza-le! Aflati care modele zboara cel mai departe, cel mai repede sau care fac cele mai bune acrobatii!  Lansatorul de avioane foloseste doua roti rotative . O multime de energie este stocata in roti atunci cand acestea se invart. Cand strecori avionul de hartie intre ele, o parte din energie este transferata catre el, iar avionul este lansat cu mare viteza. Puteti regla inaltimea picioarelor de pe lansatorul de avioane pentru a lansa avioanele din diferite unghiuri.  Un kit educational care demonstreaza un principiu stiintific intr-un mod distractiv. Asamblarea si functionarea jucariei trebuie supravegheate de un adult - nu se vor putea abtine - cui nu-i place sa se joace cu avioane de hartie, indiferent de varsta!  Produs de producatorul de jucarii premiat 4M, lider in domeniul jucariilor STEAM pentru copii. Caracterul educativ, dar super distractiv al jucariei o face castigatoare pentru copii (si parinti) - nici macar nu realizeaza ca invata abilitati stiintifice si ingineresti in timp ce construiesc si se joaca cu aceasta jucarie.  Continut: Baza, sabloane simple pentru plierea avioanelor de hartie x 2, Roti de scripete x 2, Motoare x 2,: Suport pentru avion, Picioare x 2, Bara de reglare, Capace motor x 2, Capac baterie, suruburi x 7, Capace terminale x 2, saiba suruburi x 2, surub de reglare si ureche adeziva. De asemenea, sunt necesare, dar nu sunt incluse in kit: 3 baterii AAA de 1,5 V, o surubelnita mica si banda adeziva.  Acesta se doreste a fi un kit educational care demonstreaza un principiu stiintific intr-un mod distractiv. Toate operatiunile de asamblare si functionare a proiectului trebuie sa fie realizate si supravegheate de un adult sau de un copil cu varsta de peste 14 ani. Nu tintiti spre ochi sau fata.  Dimensiune cutie: 29 x 22 x 6 cm","140",,"4M-03453","[""https://gomagcdn.ro/domains/kidstory.ro/files/product/original/lansator-electric-de-avioane-837238.jpg"",""https://gomagcdn.ro/domains/kidstory.ro/files/product/original/lansator-electric-de-avioane-699961.jpg"",""https://gomagcdn.ro/domains/kidstory.ro/files/product/original/lansator-electric-de-avioane-174205.jpg""]",,"[""4M""]",,,"true","false","1","0",,,,,"0","0","2026-02-07 02:17:55.145","2026-03-22 01:12:31.285",,"TEENS_13_PLUS","105","0","0","0","0","0","0","2.9","0","0","APPROVED","TECHNOLOGY","26f5418c-965d-4630-994c-b51947cdec04","false",,
"74b01201-1cf6-4c1e-a3ba-9a90e7c90585","Joc Sah, Egmont Toys","joc-sah-egmont-toys-Egm_570134","Joc de sah Marele clasic, nelipsit din nicio familie. Vârsta recomandată: + 3 ani.Confecționat din lemn, cu vopsele non-toxice. Conform reglementărilor EN71&amp;ASTM. AVERTISMENT: Contraindicat copiilor sub 3 ani. A se utiliza sub directa supraveghere a unui adult. Producător: Egmont Toys, Belgia","140",,"Egm_570134","[""https://cdnmpro.com/708224949/p/raw/7/joc-sah-egmont-toys~5207.jpg""]",,"[""Egmont Toys""]",,,"true","false","5","0",,,,,"0","0","2026-02-07 02:17:14.098","2026-03-22 01:12:34.05","5420023032386.0","TODDLERS_1_3","92.4","0","0","0","0","0","0","2.9","0","0","APPROVED",,"ee75eea8-9f64-4076-96a2-52f5d6926c14","false",,
"64bf0a9c-60a8-4c1c-9285-f618eab06fb8","Set de construit cu magnet Spaghetteez 70 piese","set-de-construit-cu-magnet-spaghetteez-70-piese-Spaghet101001","Set de construit cu magnet Spaghetteez  Cele mai noi forme pentru construit- super flexibile, sigure, ușoare, versatile  Faceți clic, răsuciți și creați! Construiește cu cele mai inedite instrumente - Spaghetteez, bețișoare moi, flexibile, de diferite culori și dimensiuni. Ele pot fi ușor răsucite și unite, astfel încât copilul să se poată exprima în cel mai creativ mod. Iar când vreți modele noi, nu e nicio problemă, desfaceți bețișoarele spaghetteez și o luați de la capăt, pentru că se pot folosi ori de câte ori doriți. Conține 70 de bețișosre, o broșura cu instrucțiuni și modele pas cu pas. Vârsta recomandată: + 4 ani. AVERTISMENT! A se folosi sub directa supraveghere a unei persoane adulte. Asigurați-vă că ați citit toate atenționările înainte de a înmâna jucăria copilului. Produs certificat internațional pentru siguranță. Clics toys, Belgia.","140",,"Spaghet101001","[""https://cdnmpro.com/708224949/p/raw/4/set-de-construit-cu-magnet-spaghetteez-70-piese~10054.jpg"",""https://cdnmpro.com/708224949/p/raw/5/set-de-construit-cu-magnet-spaghetteez-70-piese~7825.jpg"",""https://cdnmpro.com/708224949/p/raw/7/set-de-construit-cu-magnet-spaghetteez-70-piese~7827.jpg"",""https://cdnmpro.com/708224949/p/raw/9/set-de-construit-cu-magnet-spaghetteez-70-piese~7829.jpg"",""https://cdnmpro.com/708224949/p/raw/4/set-de-construit-cu-magnet-spaghetteez-70-piese~7834.jpg""]",,"[""Clicstoys""]",,,"true","false","2","0",,,,,"0","0","2026-02-07 02:17:14.098","2026-03-22 01:12:34.356","5425002307707.0","TODDLERS_1_3","90.59","0","0","0","0","0","0","2.9","0","0","APPROVED",,"ee75eea8-9f64-4076-96a2-52f5d6926c14","false",,
"d032425f-0628-4d5f-880a-948824f7c70e","Joc educativ Cabanalock, Djeco","joc-educativ-cabanalock-djeco-DJ01659","Cabanalock, joc cu diferite sisteme de inchidere Un joc de dexteritate &icirc;n formă de casă pentru a&nbsp;&icirc;nvața copiii să deschidă și să &icirc;nchidă &icirc;ncuietori.&nbsp; O căsuță din lemn cu 4 ferestre care se deschid și se &icirc;nchid.Patru sisteme de &icirc;nchidere din metal: o cheie, un zăvor, un c&acirc;rlig și o &icirc;ncuietoare cu p&acirc;rghie.O ilustrație surpriză este dezvăluită atunci c&acirc;nd deschideți ferestrele.&nbsp; Descoperă &icirc;n imagini petrecerea aniversară a micuței pisici.Cabanalock sprijină copilul &icirc;n primele etape de &icirc;nvățare. Dezvoltă logica, coordonarea și dexteritatea.&Icirc;nvață despre aspecte ale vieții de zi cu zi.Dimensiune produs: 23 x 21 x 3 cm.Conține: jucărie cu piese care se pot &icirc;nchide cu diferite &icirc;ncuietori (lemn și metal). V&acirc;rsta recomandată: +3 ani.Confecționat din lemn certificat FSC&reg; și metal. Conform reglementărilor EN71&amp;ASTM.AVERTISMENT: A se utiliza sub directa supraveghere a unui adult. Producător: Djeco, Franța      &nbsp;","140.6",,"DJ01659","[""https://cdnmpro.com/708224949/p/raw/1/joc-educativ-cabanalock-djeco~11161.jpg"",""https://cdnmpro.com/708224949/p/raw/6/joc-educativ-cabanalock-djeco~11156.jpg"",""https://cdnmpro.com/708224949/p/raw/7/joc-educativ-cabanalock-djeco~11157.jpg"",""https://cdnmpro.com/708224949/p/raw/8/joc-educativ-cabanalock-djeco~11158.jpg"",""https://cdnmpro.com/708224949/p/raw/9/joc-educativ-cabanalock-djeco~11159.jpg""]",,"[""Djeco""]",,,"true","false","17","0",,,,,"0","0","2026-02-07 02:17:14.098","2026-03-22 01:12:34.602","3070900016590.0","TODDLERS_1_3","97.68","0","0","0","0","0","0","2.9","0","0","APPROVED","GENERAL","ee75eea8-9f64-4076-96a2-52f5d6926c14","false",,
"0e3a0bc2-bfa7-4314-b747-44bb04592ed1","Joc de logica Orbita spatiala, Djeco","joc-de-logica-orbita-spatiala-djeco-DJ00817","Joc logic Orbita spatiala O temă pe care copiii o adoră: spațiul. Fixați fiecare astronaut la stația sa spațială pentru a-i opri să plutească &icirc;n derivă &icirc;n spațiul infinit. Depinde de tine să găsești singura soluție posibilă pentru fiecare dintre cele 60 de provocări. Patru niveluri de dificultate crescătoare.&nbsp;Un joc original cu adaptare 3D. Dezvoltă răbdarea, logica și abilitățile de deducție.O singură soluție posibilă pentru fiecare provocare.Găsiți soluțiile la sf&acirc;rșitul broșurii.Conținut: o tablă spațială din lemn cu o grilă din lemn, 7 piese personaj din lemn, 13 piese din plastic, 30 de cărți de provocare ilustrate pe ambele părți și o broșură cu reguli de joc &icirc;n 10 limbi. V&acirc;rsta recomandată: 6-99 ani. Pentru un jucător. Confecționat din lemn certificat FSC&reg;. Producător: Djeco. Manual Joc de logica Orbita spatiala, Djeco - descarca aici fisierul      &nbsp; &nbsp;","142.5",,"DJ00817","[""https://cdnmpro.com/708224949/p/raw/1/joc-de-logica-orbita-spatiala-djeco~18311.jpg"",""https://cdnmpro.com/708224949/p/raw/9/joc-de-logica-orbita-spatiala-djeco~18309.jpg"",""https://cdnmpro.com/708224949/p/raw/0/joc-de-logica-orbita-spatiala-djeco~18310.jpg""]",,"[""Djeco""]",,,"true","false","22","0",,,,,"0","0","2026-02-07 02:17:14.098","2026-03-22 01:12:34.806","3070900008175.0","ELEMENTARY_6_8","99","0","0","0","0","0","0","2.9","0","0","APPROVED","GENERAL","ee75eea8-9f64-4076-96a2-52f5d6926c14","false",,
"29683c95-e3ab-4354-9e4a-eb12d000129f","Set experimente de crescut Cristale, terariu cu Dinozauri","set-experimente-de-crescut-cristale-terariu-cu-dinozauri-4M-03926-EU","Creste-ti propriile cristale si creeaza un terariu minunat de dinozauri.   Include 4 compusi de crestere a cristalelor si 3 dinozauri, plus propria ta cutie de terariu.    Combina mai multe concepte STEM in kitul de terariu cu dinozauri.   Aplicati geologia, chimia si paleontologia pentru a crea un terariu de dinozauri plin de cristale colorate pe care copiii le cresc singuri. Apoi expuneti creatia lor pentru ca toata lumea sa se bucure.  Acest kit este un cadou excelent pentru orice copil interesat de stiinta sau geologie.   Pentru varste de peste 10 ani.  Dimensiune cutie: 28 x 24 x 8 cm","143",,"4M-03926-EU","[""https://gomagcdn.ro/domains/kidstory.ro/files/product/original/set-experimente-de-crescut-cristale-terariu-cu-dinozauri-328059.jpg"",""https://gomagcdn.ro/domains/kidstory.ro/files/product/original/set-experimente-de-crescut-cristale-terariu-cu-dinozauri-043112.jpg"",""https://gomagcdn.ro/domains/kidstory.ro/files/product/original/set-experimente-de-crescut-cristale-terariu-cu-dinozauri-891314.jpg"",""https://gomagcdn.ro/domains/kidstory.ro/files/product/original/set-experimente-de-crescut-cristale-terariu-cu-dinozauri-770325.jpg"",""https://gomagcdn.ro/domains/kidstory.ro/files/product/original/set-experimente-de-crescut-cristale-terariu-cu-dinozauri-066800.jpg""]",,"[""4M""]",,,"true","false","1","0",,,,,"0","0","2026-02-07 02:17:55.145","2026-03-22 01:12:31.317",,"MIDDLE_SCHOOL_9_12","107.25","0","0","0","0","0","0","2.9","0","0","APPROVED","SCIENCE","26f5418c-965d-4630-994c-b51947cdec04","false",,
"dd63ca72-54ac-48cb-b565-ddcb565246e5","Set cuburi din spuma cu magnet Blockaroo, Barca 10 piese","set-cuburi-din-spuma-cu-magnet-blockaroo-barca-10-piese-blockaroo_301003","Set cuburi din spuma cu magnet Blockaroo, Barca 10 piese  Cuburi pentru construit - sigure, ușoare, versatile  Blocurile Blockaroo ™ sunt construite din spumă, conțin în interior magnet pentru a putea fi ușor de folosit la construcții, prin simpla apropiere. Dezvoltate de profesori pentru a fi jucăria STEM perfectă pentru învățarea timpurie, încă de la 18 luni. Sunt prietenoase cu apa, se pot spăla inclusiv în mașina pentru vase și oferă nenumărate variante de joc. Vârsta recomandată: +18 luni. AVERTISMENT! Contraindicat copiilor sub 18 luni. Contine magneti! A se folosi sub directa supraveghere a unei persoane adulte. Asigurati-va ca ati citit toate atentionarile inainte de a inmana jucaria copilului. Acest produs contine magneti. Inghitirea lor poate provoca complicatii care pot duce pana la infectii si moarte. Contactati imediat medicul in caz de inghitire. Nu se pun in foc. Se pot spala in masina de spalat vase sau rufe. Nu lasati copilul sa bage piesele in gura, risc de inghitire. A se inlatura imediat magnetul in cazul desprinderii. A nu se curata cu detergent, inalbitor sau alcool. A nu se depozita in locuri cu umiditate crescuta, in soare sau la temperaturi inalte. A nu se folosi la exterior. A nu se folosi parti dezasamblate, deteriorate, deformate. A nu se taia, dezasambla sau incalzi piesele. A nu se introduce in cuptor sau la microunde. A se pastra departe de obiecte care pot fi afectate magnetic precum TV, ceas, computer, mobil, dispozitiv portabil de stocare. Indepartati ambalajul inainte de a inmana jucaria copilului.  Produs certificat international pentru siguranta.  Producator: Blue Marble, USA. Import Clics toys, Belgia.","143.2",,"blockaroo_301003","[""https://cdnmpro.com/708224949/p/raw/6/set-cuburi-din-spuma-cu-magnet-blockaroo-barca-10-piese~6706.jpg"",""https://cdnmpro.com/708224949/p/raw/1/set-cuburi-din-spuma-cu-magnet-blockaroo-barca-10-piese~7211.jpg"",""https://cdnmpro.com/708224949/p/raw/2/set-cuburi-din-spuma-cu-magnet-blockaroo-barca-10-piese~7212.jpg"",""https://cdnmpro.com/708224949/p/raw/3/set-cuburi-din-spuma-cu-magnet-blockaroo-barca-10-piese~7213.jpg""]",,"[""Clicstoys""]",,,"true","false","4","0",,,,,"0","0","2026-02-07 02:17:14.098","2026-03-22 01:12:34.306","5425002309046.0","TODDLERS_1_3","116.1","0","0","0","0","0","0","2.9","0","0","APPROVED","ENGINEERING","ee75eea8-9f64-4076-96a2-52f5d6926c14","false",,
"e89291c3-fad1-4a14-be7c-3e9a009c3cb0","Joc cu magneti Stick-O, Bumba","joc-cu-magneti-stick-o-bumba-clics_904001","Drăguț și simplu, acest set cu 14 piese este introducerea perfectă în lumea distractivă a jocului magnetic Stick-O pentru copii mici.&nbsp; Piesele Stick-O au sistemul de magneți rotativi (RMS) super sigur, inițiat de Magformers, în care magneții disc mici, dar puternici, din neodim sunt etanșați în siguranță în interiorul pieselor principale. Deoarece se rotesc, atrag întotdeauna și nu resping niciodată - făcând construcția modelelor rapidă și ușoară. pentru mânuțele mici. Toate seturile Stick-O sunt complet compatibile. Confecționat din plastic BPA (nontoxic). Conform standardelor EN71. Vârsta recomandată + 18 luni. AVERTISMENT: Contraindicat copiilor sub 18 luni. Conține magneți! Inghitirea lor poate provoca complicatii care pot duce pana la infectii si moarte. Contactati imediat medicul in caz de inghitire. A se utiliza sub directa supraveghere a unui adult. Distribuit de Clicstoys, Belgia.","144.8",,"clics_904001","[""https://cdnmpro.com/708224949/p/raw/7/joc-cu-magneti-stick-o-bumba~10057.jpg"",""https://cdnmpro.com/708224949/p/raw/5/joc-cu-magneti-stick-o-bumba~10055.jpg"",""https://cdnmpro.com/708224949/p/raw/6/joc-cu-magneti-stick-o-bumba~10056.jpg"",""https://cdnmpro.com/708224949/p/raw/4/joc-cu-magneti-stick-o-bumba~14214.jpg"",""https://cdnmpro.com/708224949/p/raw/5/joc-cu-magneti-stick-o-bumba~14215.jpg""]",,"[""Clicstoys""]",,,"true","false","3","0",,,,,"0","0","2026-02-07 02:17:14.098","2026-03-22 01:12:34.486","8809465537319.0","TODDLERS_1_3","124.89","0","0","0","0","0","0","2.9","0","0","APPROVED","ENGINEERING","ee75eea8-9f64-4076-96a2-52f5d6926c14","false",,
"38e90e55-d783-4324-a184-c11b2870409f","Kit Constructie Sistemul Solar 3D, straluceste in intuneric","kit-constructie-sistemul-solar-3d-straluceste-in-intuneric-4M-05520","Acest sistem solar de 4M este perfect pentru copiii interesati sa invete despre planete si sistemul solar.    Explorati sistemul solar din confortul propriei case cu acest model cosmic spectaculos. Priviti planetele cum stralucesc in intuneric in timp ce se rotesc in jurul soarelui!  Acest model gigantic are 75 cm x 75 cm latime atunci cand este construit.  Include o harta de perete bonus si fapte amuzante.  Un proiect grozav care poate fi atarnat cu mandrie in dormitorul oricarui copil pentru educatie si uimire continua.    O jucarie inspirata de stiinta si mestesuguri pentru intreaga familie.    Varsta 8+.","148",,"4M-05520","[""https://gomagcdn.ro/domains/kidstory.ro/files/product/original/kit-constructie-sistemul-solar-3d-straluceste-in-intuneric-196332.png"",""https://gomagcdn.ro/domains/kidstory.ro/files/product/original/kit-constructie-sistemul-solar-3d-straluceste-in-intuneric-586881.png"",""https://gomagcdn.ro/domains/kidstory.ro/files/product/original/kit-constructie-sistemul-solar-3d-straluceste-in-intuneric-221629.png""]",,"[""4M""]",,,"true","false","1","0",,,,,"0","0","2026-02-07 02:17:55.145","2026-03-22 01:12:31.551",,"ELEMENTARY_6_8","111","0","0","0","0","0","0","2.9","0","0","APPROVED","SCIENCE","26f5418c-965d-4630-994c-b51947cdec04","false",,
"4cb7e36d-12da-473f-8d7a-513b43385f43","Binoclu WildCat","binoclu-wildcat-WC-718","Excelente pentru copii - Caracteristica de focalizare libera a acestor binocluri inseamna ca copiii le pot lua pur si simplu si pot incepe sa descopere minunile din jurul lor fara a avea nevoie de ajustari complicate.  Balansand usurinta de utilizare, durabilitatea si valoarea educationala, binoclurile Wild Cat ofera o experienta cuprinzatoare pentru tinerii aventurieri.  Convenienta de focalizare libera - Binoclurile Wild Cat depasesc statutul de simplu companion de vizionare; sunt un instrument educativ. Caracteristica de focalizare fixa permite copiilor sa se angajeze instantaneu cu mediul inconjurator fara a fi nevoie de ajustari complicate, incurajand o conexiune cu natura inca de la prima privire.  Optica de inalta calitate - Echipate cu prisme de acoperis BK7, binoclurile Wild Cat ofera imagini clare si de contrast ridicat. Puterea de marire de 7x a binoclurilor Wild Cat Focus Free loveste echilibrul perfect intre claritate si usurinta in utilizare. Ofera puterea de marire perfecta pentru observarea obiectelor indepartate fara a provoca dezorientare.  Curea pentru gat inclusa - O curea pentru gat este, de asemenea, inclusa cu binoclurile Wild Cat pentru a oferi mai multa comoditate si portabilitate. Curea pentru gat va ajuta sa va asigurati ca tinerii aventurieri nu-si pierd niciodata binoclurile si ca le au intotdeauna pregatite pentru a vedea minunile naturii.  Usor si educational - Binoclurile Wild Cat Focus Free sunt si un jucarie educationala STEM. Distanta ajustabila intre lentilele binoclului si opticile de focalizare fixa permit utilizarea fara efort de catre copii, promovand totodata interesul pentru natura si stiintele naturale.  Carson Optical este o companie cu 34 de experienta in domeniul opticii, fiind producatorul nr 1 de lupe din SUA, producatorul nr 1 de microscoape de buzunar din SUA si unul dintre principalii furnizori de binocluri. Carson are peste 100 de sute de brevete si vinde atat vanatorilor, cat si excursionistilor, studentilor, artizanilor si constructorilor. Si ce este minunat este ca au si o linie destinata copiilor!  Carson este un nume de incredere in domeniul opticii si ofera o varietate de produse care sunt perfecte pentru copii. Kiturile Carson sunt concepute pentru a fi distractive si educative si sunt cadouri excelente pentru copiii interesati de stiinta.","148",,"WC-718","[""https://gomagcdn.ro/domains/kidstory.ro/files/product/original/binoclu-wildcat-379920.jpg"",""https://gomagcdn.ro/domains/kidstory.ro/files/product/original/binoclu-wildcat-140864.jpg"",""https://gomagcdn.ro/domains/kidstory.ro/files/product/original/binoclu-wildcat-189162.jpg"",""https://gomagcdn.ro/domains/kidstory.ro/files/product/original/binoclu-wildcat-215068.jpg"",""https://gomagcdn.ro/domains/kidstory.ro/files/product/original/binoclu-wildcat-560155.jpg"",""https://gomagcdn.ro/domains/kidstory.ro/files/product/original/binoclu-wildcat-601512.jpg"",""https://gomagcdn.ro/domains/kidstory.ro/files/product/original/binoclu-wildcat-407383.jpg"",""https://gomagcdn.ro/domains/kidstory.ro/files/product/original/binoclu-wildcat-859882.jpg"",""https://gomagcdn.ro/domains/kidstory.ro/files/product/original/binoclu-wildcat-918667.jpg"",""https://gomagcdn.ro/domains/kidstory.ro/files/product/original/binoclu-wildcat-165111.jpg""]",,"[""Carson""]",,,"true","false","1","1",,,,,"0","0","2026-02-07 02:17:55.145","2026-03-22 01:12:31.916",,"MIDDLE_SCHOOL_9_12","148","0","0","0","0","0","0","2.9","0","0","APPROVED","ENGINEERING","26f5418c-965d-4630-994c-b51947cdec04","false",,
"7755e2c8-02d9-4244-9d33-8fc62ca9c749","Kit constructie Crab robot hibrid, Stiinta Verde - Green Science","kit-constructie-crab-robot-hibrid-stiinta-verde-green-science-4M-03448","Kit constructie Crab robot hibrid, Stiinta Verde - Green Science  este un kit educativ captivant care le permite copiilor sa construiasca o lampa ecologica alimentata prin forta gravitatiei sau manual. Acest set ofera o introducere practica in conceptele de energie regenerabila si reciclare, incurajand creativitatea si gandirea ecologica.   Beneficii      Invatare practica  ,   Demonstreaza cum functioneaza diferite surse de energie regenerabila prin experimente interactive.    Dezvoltarea abilitatilor  ,   Imbunatateste abilitatile de rezolvare a problemelor si intelegerea principiilor stiintifice.    Constientizare ecologica  ,   Incurajeaza responsabilitatea fata de mediu si utilizarea surselor de energie durabile.    Caracteristici      Alimentare ecologica  ,   Functioneaza prin forta gravitatiei sau prin actionare manuala, fara a necesita baterii.    Design educativ  ,   Creat pentru a stimula curiozitatea si intelegerea conceptelor de energie regenerabila.    Continut complet  ,   Include toate componentele necesare pentru asamblare si instructiuni detaliate.    Ce spun utilizatorii?   ,œ   , žCopilul meu a fost fascinat de modul in care lampa functioneaza fara baterii!,   ,   Maria, Bucuresti  ,œ   , žUn mod excelent de a introduce conceptele de energie regenerabila intr-un mod distractiv.,   ,   Andrei, Cluj-Napoca  ,œ   , žAsamblarea a fost usoara si educativa. Recomand cu incredere!,   ,   Elena, Iasi   Detalii tehnice:     Dimensiuni ambalaj: 17 cm (latime) x 22 cm (inaltime) x 6 cm (adancime)    Varsta recomandata: 8 ani+    Nu necesita baterii ,   functioneaza exclusiv cu surse de energie regenerabila  ðŸ mdash;  Adauga acum in cos  Kit constructie Crab robot hibrid, Stiinta Verde - Green Science  si ofera-i copilului tau o experienta educativa si distractiva!   Transforma invatarea intr-o aventura ecologica.  Comanda acum si lasa imaginatia sa prinda viata!","148",,"4M-03448","[""https://gomagcdn.ro/domains/kidstory.ro/files/product/original/kit-constructie-crab-robot-hibrid-stiinta-verde-green-science-518683.png"",""https://gomagcdn.ro/domains/kidstory.ro/files/product/original/kit-constructie-crab-robot-hibrid-stiinta-verde-green-science-732151.png""]",,"[""4M""]",,,"true","false","1","0",,,,,"0","0","2026-02-07 02:17:55.145","2026-03-22 01:12:32.173",,"ELEMENTARY_6_8","111","0","0","0","0","0","0","2.9","0","0","APPROVED","SCIENCE","26f5418c-965d-4630-994c-b51947cdec04","false",,
"c40fe6a9-b9c0-4b3b-9b09-400967a9d94e","Set Clics de construit vehicule de constructie 5 in 1","set-clics-de-construit-vehicule-de-constructie-5-in-1-clics_CB199-04","Set Clicformers cu 123 de piese cu ajutorul cărora poți construi 5 modele&nbsp;de vehicule de santier. Clicformers înseamnă mai mult decât o simplă jucărie. Sub sloganul „Let’s Click &amp; Play”, Clicformers reunește piese și accesorii pentru construit, dezvoltând îndemânarea, creativitatea și imaginația. Clicformers este o jucărie de construcție pentru fiecare copil, un mod inedit de a îmbina piesele, garantând pentru calitate și diversitate. Utilizând patru metode de combinație unice - CLICK, STACK, FOLD, HOOK, Clicformers permite copiilor să creeze aproape orice își imaginează, oferind piese de bază simple, cu un nivel ridicat de aplicabilitate și diverse accesorii care aduc un plus de distracție. Culorile asortate ale acestor componente ajută la creșterea simțul estetic al copiilor. Vârsta recomandată: +4 ani.Piesele și ambalajul sunt confecționate în întregime din plastic reciclat, fiind un produs sustenabil.AVERTISMENT! Contraindicat copiilor sub 3 ani. A se folosi sub directa supraveghere a unei persoane adulte.Producător: Clics Toys, Belgia.","150",,"clics_CB199-04","[""https://cdnmpro.com/708224949/p/raw/3/set-clics-de-construit-vehicule-de-constructie-5-in-1~10073.jpg"",""https://cdnmpro.com/708224949/p/raw/2/set-clics-de-construit-vehicule-de-constructie-5-in-1~10072.jpg"",""https://cdnmpro.com/708224949/p/raw/4/set-clics-de-construit-vehicule-de-constructie-5-in-1~10074.jpg"",""https://cdnmpro.com/708224949/p/raw/5/set-clics-de-construit-vehicule-de-constructie-5-in-1~10075.jpg"",""https://cdnmpro.com/708224949/p/raw/4/set-clics-de-construit-vehicule-de-constructie-5-in-1~14224.jpg""]",,"[""Clicstoys""]",,,"true","false","7","0",,,,,"0","0","2026-02-07 02:17:14.098","2026-03-22 01:12:34.503","5425002306120.0","TODDLERS_1_3","103.5","0","0","0","0","0","0","2.9","0","0","APPROVED","ENGINEERING","ee75eea8-9f64-4076-96a2-52f5d6926c14","false",,
"0d9be3ef-8fc3-4eab-b639-808e8e145462","Bariera motorizata KidzLabs","bariera-motorizata-kidzlabs-4M-03447","Construieste aceasta poarta robotizata cu bariera pentru a opri intrusii in camera ta. Este un gadget misto de stiinta mecanica.  Brat x 4, corp principal, capac motor, suport card, card de cheie, sablon de card (din clapele cutiei), baza articulata, capac articulatie, motor, capac baterie, legatura articulata, placa metalica, banda adeziva spuma dublu fete, capace terminale, Capac de imbinare mic, placa hexagonala, sarma neagra, suruburi saibe,: suruburi si autocolante. De asemenea, sunt necesare, dar nu sunt incluse in kit: 2 baterii AAA de 1,5 volti, o surubelnita mica.  Dimensiuni cutie: 21.5 X 24 X 6.3 CM  Varsta ani: 5 ani+  Necesita baterii (nu sunt incluse): 1,5 V AAA x 2    Costul aferent colectarii, tratarii si eliminarii DEEE   0.75 lei","152",,"4M-03447","[""https://gomagcdn.ro/domains/kidstory.ro/files/product/original/bariera-motorizata-kidzlabs-426687.jpg"",""https://gomagcdn.ro/domains/kidstory.ro/files/product/original/bariera-motorizata-kidzlabs-389490.jpg"",""https://gomagcdn.ro/domains/kidstory.ro/files/product/original/bariera-motorizata-kidzlabs-980804.jpg"",""https://gomagcdn.ro/domains/kidstory.ro/files/product/original/bariera-motorizata-kidzlabs-175491.jpg""]",,"[""4M""]",,,"true","false","1","0",,,,,"0","0","2026-02-07 02:17:55.145","2026-03-22 01:12:31.266",,"PRESCHOOL_3_5","114","0","0","0","0","0","0","2.9","0","0","APPROVED","SCIENCE","26f5418c-965d-4630-994c-b51947cdec04","false",,
"545124d8-9a14-4cba-9e91-82fb0bbe2f82","Joc de logica Hotelogic, Djeco","joc-de-logica-hotelogic-djeco-DJ08586","Joc de logica Hotelogic  &Icirc;n acest joc de g&acirc;ndire, depinde de tine să găsești singura soluție la fiecare provocare și să &icirc;i faci fericiți pe toți oaspeții! Sunt 60 de provocări cu mai multe niveluri de dificultate cresc&acirc;ndă.&nbsp; 60 de provocări.Doar o singură soluție posibilă pentru fiecare provocare.Soluțiile provocărilor sunt furnizate &icirc;n broșură. Cuprins: 30 de cărți, un cub de plastic pe o bază de lemn, 5 blocuri de lemn, set de reguli de joc &icirc;n 10 limbi.V&acirc;rsta recomandata: 7-99 ani. Fabricat din h&acirc;rtie și carton certificate FSC&reg;. AVERTISMENT: Contraindicat copiilor sub 3 ani. A se utiliza sub directa supraveghere a unui adult.  Producător: Djeco, Franța. Manual Joc de logica, Hotelogic, Djeco - vezi fisier      &nbsp;","153.9",,"DJ08586","[""https://cdnmpro.com/708224949/p/raw/3/joc-de-logica-hotelogic-djeco~11193.jpg"",""https://cdnmpro.com/708224949/p/raw/0/joc-de-logica-hotelogic-djeco~11190.jpg"",""https://cdnmpro.com/708224949/p/raw/1/joc-de-logica-hotelogic-djeco~11191.jpg"",""https://cdnmpro.com/708224949/p/raw/2/joc-de-logica-hotelogic-djeco~11192.jpg""]",,"[""Djeco""]",,,"true","false","13","0",,,,,"0","0","2026-02-07 02:17:14.098","2026-03-22 01:12:34.617","3070900085862.0","ELEMENTARY_6_8","106.92","0","0","0","0","0","0","2.9","0","0","APPROVED","GENERAL","ee75eea8-9f64-4076-96a2-52f5d6926c14","false",,
"ca59e2e0-30fb-4cd3-b9e1-86a71518fa81","Kit constructie Sistemul solar, Stiinta Verde - Green Science","kit-constructie-sistemul-solar-stiinta-verde-green-science-4M-03416","Kit constructie Sistemul solar, Stiinta Verde - Green Science  este un kit educativ captivant care le permite copiilor sa construiasca un model functional al sistemului nostru solar. Acest planetariu motorizat ofera o experienta interactiva de invatare, demonstrand miscarea planetelor in jurul Soarelui, alimentat fie de energia solara, fie de o baterie de rezerva.   Beneficii      Invatare interactiva  ,   Demonstreaza conceptele de astronomie si miscarea planetelor intr-un mod captivant.    Dezvoltarea abilitatilor  ,   Imbunatateste coordonarea mana-ochi si stimuleaza gandirea stiintifica.    Constientizare ecologica  ,   Incurajeaza utilizarea surselor de energie regenerabila prin alimentarea solara.    Caracteristici      Alimentare hibrida  ,   Functioneaza cu energie solara sau cu o baterie AAA (neinclusa), asigurand functionarea continua in orice conditii de lumina.    Miscare realista  ,   Planetele se rotesc in jurul Soarelui, oferind o reprezentare vizuala a sistemului solar.    Continut complet  ,   Include toate componentele necesare pentru asamblare si instructiuni detaliate.    Ce spun utilizatorii?   ,œ   , žCopilul meu a fost fascinat sa vada cum planetele se misca in jurul Soarelui!,   ,   Maria, Bucuresti  ,œ   , žUn mod excelent de a introduce conceptele de astronomie intr-un mod distractiv.,   ,   Andrei, Cluj-Napoca  ,œ   , žAsamblarea a fost usoara si educativa. Recomand pentru toti micii astronomi!,   ,   Elena, Iasi   Detalii tehnice:     Dimensiuni ambalaj: 26 cm (latime) x 19 cm (inaltime) x 5 cm (adancime)  ,šndash;  Greutate: 320 grame    Varsta recomandata: 5 ani+    Necesita 1 baterie AAA (neinclusa)  ðŸ mdash;  Adauga acum in cos  Kit constructie Sistemul solar, Stiinta Verde - Green Science  si ofera-i copilului tau o experienta educativa si distractiva!   Transforma invatarea intr-o aventura cosmica.  Comanda acum si lasa imaginatia sa prinda viata!","154",,"4M-03416","[""https://gomagcdn.ro/domains/kidstory.ro/files/product/original/kit-constructie-sistemul-solar-stiinta-verde-green-science-953750.png"",""https://gomagcdn.ro/domains/kidstory.ro/files/product/original/kit-constructie-sistemul-solar-stiinta-verde-green-science-746577.png"",""https://gomagcdn.ro/domains/kidstory.ro/files/product/original/kit-constructie-sistemul-solar-stiinta-verde-green-science-795335.png""]",,"[""4M""]",,,"true","false","1","0",,,,,"0","0","2026-02-07 02:17:55.145","2026-03-22 01:12:32.133",,"ELEMENTARY_6_8","115.5","0","0","0","0","0","0","2.9","0","0","APPROVED","SCIENCE","26f5418c-965d-4630-994c-b51947cdec04","false",,
"e52513e0-6661-46e7-bcb6-b4371b492f7d","Puzzle liber Dragon, Londji","puzzle-liber-dragon-londji-LJ_FG018U","Creează cel mai fascinant dragon din lume! Acest joc, fără reguli sau instrucțiuni, stimulează dezvoltarea copilului prin joc liber, spontaneitate și explorare, fără a-i limita creativitatea. Un joc care:· Dezvoltă creativitatea și imaginația.· Stimulează memoria și logica.· Ajută la exersarea atenției, concentrării și orientării în spațiu. Un joc fără reguli pentru a crea, experimenta și învăța. Dă frâu liber imaginației și creează un dragon fantastic! 🔹 Vârsta recomandată: 3-6 ani🔹 Material: Hârtie FSC și carton reciclat🔹 Ilustrație: Queralt Armengol🔹 Dimensiuni cutie: 17,5 x 17,5 x 7,8 cm🔹 Fabricat în Barcelona Avertisment! Nerecomandat copiilor sub 3 ani. Conține piese mici. Produs de Londji.","154",,"LJ_FG018U","[""https://cdnmpro.com/708224949/p/raw/6/puzzle-liber-dragon-londji~20526.jpg"",""https://cdnmpro.com/708224949/p/raw/5/puzzle-liber-dragon-londji~20385.jpg"",""https://cdnmpro.com/708224949/p/raw/6/puzzle-liber-dragon-londji~20386.jpg"",""https://cdnmpro.com/708224949/p/raw/7/puzzle-liber-dragon-londji~20387.jpg""]",,"[""Londji""]",,,"true","false","9","0",,,,,"0","0","2026-02-07 02:17:14.098","2026-03-22 01:12:34.958","LJ_FG018U","TODDLERS_1_3","101.64","0","0","0","0","0","0","2.9","0","0","APPROVED","GENERAL","ee75eea8-9f64-4076-96a2-52f5d6926c14","false",,
"4e38f5c2-11aa-433d-8510-7415c4918d21","Joc de memorie Gaini cu pui, Londji","joc-de-memorie-gaini-cu-pui-londji-LJ_DI022U","Joc de Memorie – Gaini cu pui&nbsp;🐥🐔 Un joc de memorie captivant pentru întreaga familie! În cotețul Londji, găinile își caută puii proaspăt ieșiți din ou. Poți să le ajuți să-i găsească? Formează cât mai multe perechi de găini și pui pentru a câștiga jocul! 🔹 Stimulează memoria și logica🔹 Dezvoltă atenția, concentrarea și orientarea în spațiu🔹 Îi învață pe cei mici să-și aștepte rândul și să ia decizii gândite 🎲 Cum se joacă?Un joc clasic de memorie, în care trebuie să găsești și să potrivești cele 15 perechi de găini și pui. Câștigă jucătorul care formează cele mai multe perechi! 🌱 Materiale ecologice &amp; sigure pentru copii  Fabricat din carton reciclat  📦 Conținutul cutiei:  30 de piese ilustrate delicat de Mar Ferrero Instrucțiuni disponibile în engleză, franceză, germană, italiană, spaniolă și catalană Dimensiuni compacte, ușor de luat în călătorii  📍 Fabricat cu grijă în Barcelona Avertisment! Nu este potrivit pentru copiii sub 3 ani. Conține piese mici. Produs de Londji","160",,"LJ_DI022U","[""https://cdnmpro.com/708224949/p/raw/8/joc-de-memorie-gaini-cu-pui-londji~20678.jpg"",""https://cdnmpro.com/708224949/p/raw/2/joc-de-memorie-gaini-cu-pui-londji~20672.jpg"",""https://cdnmpro.com/708224949/p/raw/3/joc-de-memorie-gaini-cu-pui-londji~20673.jpg"",""https://cdnmpro.com/708224949/p/raw/4/joc-de-memorie-gaini-cu-pui-londji~20674.jpg"",""https://cdnmpro.com/708224949/p/raw/6/joc-de-memorie-gaini-cu-pui-londji~20676.jpg""]",,"[""Londji""]",,,"true","false","5","0",,,,,"0","0","2026-02-07 02:17:14.098","2026-03-22 01:12:35.162","LJ_DI022U","TODDLERS_1_3","105.6","0","0","0","0","0","0","2.9","0","0","APPROVED","GENERAL","ee75eea8-9f64-4076-96a2-52f5d6926c14","false",,
"2ba9915a-f62a-428f-8390-e59935a25cff","Set magnetic de construit Brick Tiles 16 piese, Cleverclixx","set-magnetic-de-construit-brick-tiles-16-piese-cleverclixx-CC-1023","Cleverclixx Brick Tiles – Construiește mai mare, mai colorat, mai creativ! Transformă fiecare sesiune de construcție într-o aventură plină de culoare și imaginație cu Cleverclixx Brick Tiles! Setul conține 16 piese magnetice tip cărămidă, compatibile cu majoritatea pieselor Lego® &amp; Duplo®, pentru o experiență dublă de joacă. 🚀 Compatibilitate &amp; posibilități nelimitate  Se combină perfect cu seturile Cleverclixx existente. Compatibil cu Lego® &amp; Duplo®, pentru și mai multe posibilități de construcție. Compatibil cu alte branduri de piese magnetice de construit, precum Magna Tiles, Connetix, Coblo.  🎨 Culori vibrante &amp; design inovator  Adaugă noi texturi și forme pentru creații unice. Inspiră copiii să își depășească limitele creative. Perfect pentru joacă individuală sau în familie. Încurajează explorarea de forme noi și structuri inovatoare. Dezvoltă gândirea spațială și abilitățile de rezolvare a problemelor. Perfect pentru joacă individuală sau în grup.  🌟 Experiență de construcție unică  Se poate fixa pe suprafețe magnetice, precum un calorifer, pentru a crea în plan vertical. Se poate&nbsp;desena și scrie pe piese cu markere lavabile pentru mai multă distracție.  🎓 Învață prin metoda STEAM Joaca cu Cleverclixx stimulează dezvoltarea motorie și cognitivă, fiind tot mai des utilizată în grădinițe și școli primare.🌍 STEAM = Știință, Tehnologie, Inginerie, Arte &amp; Matematică – o metodă modernă de învățare practică. 🏆 Calitate și siguranță ✔ Potrivit pentru copii de la 3 ani✔ 16 piese din plastic MABS fără BPA✔ Certificări: CPSC, CE, EN71, ASTM Transformă fiecare sesiune de joacă într-o aventură creativă și educativă! AVERTISMENT: Contraindicat copiilor sub 3 ani. Se recomandă supravegherea copilului de către un adult în timpul jocului.Produs de Cleverclixx","161",,"CC-1023","[""https://cdnmpro.com/708224949/p/raw/4/set-magnetic-de-construit-brick-tiles-16-piese-cleverclixx~20634.jpg"",""https://cdnmpro.com/708224949/p/raw/5/set-magnetic-de-construit-brick-tiles-16-piese-cleverclixx~20635.jpg"",""https://cdnmpro.com/708224949/p/raw/7/set-magnetic-de-construit-brick-tiles-16-piese-cleverclixx~20637.jpg"",""https://cdnmpro.com/708224949/p/raw/0/set-magnetic-de-construit-brick-tiles-16-piese-cleverclixx~20640.jpg"",""https://cdnmpro.com/708224949/p/raw/1/set-magnetic-de-construit-brick-tiles-16-piese-cleverclixx~20641.jpg""]",,"[""Cleverclixx""]",,,"true","false","16","0",,,,,"0","0","2026-02-07 02:17:14.098","2026-03-22 01:12:35.111","6151003659666.0","TODDLERS_1_3","111.09","0","0","0","0","0","0","2.9","0","0","APPROVED","MATHEMATICS","ee75eea8-9f64-4076-96a2-52f5d6926c14","false",,
"b5e0848d-9a3f-45c0-a3d5-537d754068aa","Microscop portabil, cu adaptor pentru smartphone, marire 120 -240x, MicroPic","microscop-portabil-cu-adaptor-pentru-smartphone-marire-120-240x-micropic-MP-400","Magnificare impresionanta - Descoperiti lumea minunilor microscopice cu acest microscop de buzunar Carson iluminat cu LED-uri, echipat cu un interval de magnificare total puternic de 120x - 240x.  Fie ca sunteti un entuziast al stiintei, student sau profesionist, acest instrument portabil va permite sa explorati, sa invatati si sa impartasiti descoperirile dvs. ca niciodata inainte.  Explorati detaliile ascunse ale plantelor, frunzelor, florilor, microorganismelor, tesaturilor, parului, alimentelor, apei si nenumaratelor alte detalii mici din lumea din jurul vostru.  Digiscoping convenabil - Sistemul avansat de iluminare al acestui microscop portabil ofera 2 setari de luminozitate LED pentru iluminare optima, asigurandu-va ca capturati imagini clare.  Cu un clips adaptor pentru smartphone inclus, MP-400 este un excelent microscop de buzunar pentru un tanar stiintific interesat de lumea digiscoping ului. Conectati usor smartphone-ul la microscop cu clipsul pentru smartphone pentru a captura descoperirile dvs. pe telefonul dvs. mobil!  Explorati dincolo de lamele - Spre deosebire de microscoapele traditionale, microscoapele de buzunar de la Carson ofera o mare versatilitate, permitandu-va sa vizualizati fie obiecte de zi cu zi, fie lamele pregatite de oriunde!  Proiectati-va propriul experiment utilizand lamela goala si lamela inclusa pentru a crea propriile lamele de microscop personalizate cu specimenul biologic al alegerii dvs., sau pur si simplu indepartati suportul de baza al microscopului portabil pentru a examina obiectele direct.  Portabil si versatil - Microscoapele de buzunar iluminate cu LED-uri de la Carson sunt cele mai bune microscoape pentru cei care sunt in miscare. Designul sau compact, magnificarea ridicata si capacitatile de digiscoping pentru smartphone, il fac indispensabil pentru cercetarea de teren sau observatiile rapide in laborator.  Fie ca sunteti student sau cercetator profesionist, acest microscop portabil ofera o calitate si o comoditate exceptionale, toate din buzunarul dvs.!  Carson Optical este o companie cu 34 de experienta in domeniul opticii, fiind producatorul nr 1 de lupe din SUA, producatorul nr 1 de microscoape de buzunar din SUA si unul dintre principalii furnizori de binocluri. Carson are peste 100 de sute de brevete si vinde atat vanatorilor, cat si excursionistilor, studentilor, artizanilor si constructorilor.    Carson este un nume de incredere in domeniul opticii si ofera o varietate de produse care sunt perfecte pentru copii. Kiturile Carson sunt concepute pentru a fi distractive si educative si sunt cadouri excelente pentru copiii interesati de stiinta.","163",,"MP-400","[""https://gomagcdn.ro/domains/kidstory.ro/files/product/original/microscop-portabil-cu-adaptor-pentru-smartphone-marire-120-240x-micropic-386659.jpg"",""https://gomagcdn.ro/domains/kidstory.ro/files/product/original/microscop-portabil-cu-adaptor-pentru-smartphone-marire-120-240x-micropic-045797.jpg"",""https://gomagcdn.ro/domains/kidstory.ro/files/product/original/microscop-portabil-cu-adaptor-pentru-smartphone-marire-120-240x-micropic-648838.jpg"",""https://gomagcdn.ro/domains/kidstory.ro/files/product/original/microscop-portabil-cu-adaptor-pentru-smartphone-marire-120-240x-micropic-681659.jpg"",""https://gomagcdn.ro/domains/kidstory.ro/files/product/original/microscop-portabil-cu-adaptor-pentru-smartphone-marire-120-240x-micropic-613694.jpg"",""https://gomagcdn.ro/domains/kidstory.ro/files/product/original/microscop-portabil-cu-adaptor-pentru-smartphone-marire-120-240x-micropic-155877.jpg"",""https://gomagcdn.ro/domains/kidstory.ro/files/product/original/microscop-portabil-cu-adaptor-pentru-smartphone-marire-120-240x-micropic-276160.jpg"",""https://gomagcdn.ro/domains/kidstory.ro/files/product/original/microscop-portabil-cu-adaptor-pentru-smartphone-marire-120-240x-micropic-986731.jpg""]",,"[""Carson""]",,,"true","false","1","0",,,,,"0","0","2026-02-07 02:17:55.145","2026-03-22 01:12:31.883",,"MIDDLE_SCHOOL_9_12","163","0","0","0","0","0","0","2.9","0","0","APPROVED","SCIENCE","26f5418c-965d-4630-994c-b51947cdec04","false",,
"b9877a6e-eee3-44db-85d8-4c9df866405c","Extensie piese magnetice pentru circuit auto, Cleverclixx","extensie-piese-magnetice-pentru-circuit-auto-cleverclixx-CC-1020","Extensie Curbe pentru circuit auto – Cleverclixx | 15 piese magnetice pentru circuit de curse 🧲🏎️ Mai multă viteză, mai multe viraje! Cu acest set de 15 piese magnetice curbate, copiii pot extinde circuitul Cleverclixx și crea trasee mai complexe, mai lungi și mai spectaculoase. Compatibil cu toate seturile Cleverclixx și alte branduri magnetice. Ce conține pachetul:   15 piese magnetice de tip curbă (design Intense – culori vibrante)   Compatibile 100% cu toate seturile Cleverclixx Race Track   Se combină ușor cu alte piese: drepte, intersecții sau forme clasice   Oferă flexibilitate maximă în construcția circuitelor 3D   Recomandat pentru:   Extinderea seturilor de bază   Dezvoltarea gândirii spațiale și a creativității   Joacă educativă individuală sau în echipă   Vârsta recomandată: 3+ aniProducător: Cleverclixx, Belgia 🇧🇪 AVERTISMENT: Contraindicat copiilor sub 3 ani. Se recomandă supravegherea copilului de către un adult în timpul jocului.","164",,"CC-1020","[""https://cdnmpro.com/708224949/p/raw/1/extensie-piese-magnetice-pentru-circuit-auto-cleverclixx~21181.jpg"",""https://cdnmpro.com/708224949/p/raw/0/extensie-piese-magnetice-pentru-circuit-auto-cleverclixx~21180.jpg"",""https://cdnmpro.com/708224949/p/raw/2/extensie-piese-magnetice-pentru-circuit-auto-cleverclixx~21182.jpg"",""https://cdnmpro.com/708224949/p/raw/2/extensie-piese-magnetice-pentru-circuit-auto-cleverclixx~100022902.jpg""]",,"[""Cleverclixx""]",,,"true","false","20","0",,,,,"0","0","2026-02-07 02:17:14.098","2026-03-22 01:12:35.325","6096734294208.0","TODDLERS_1_3","113.16","0","0","0","0","0","0","2.9","0","0","APPROVED","TECHNOLOGY","ee75eea8-9f64-4076-96a2-52f5d6926c14","false",,
"060fd416-8e60-4924-8dc8-5106d78b0221","Kit stiintific copii - Stiinta din bucatarie, STEAM Kids","kit-stiintific-copii-stiinta-din-bucatarie-steam-kids-4M-05533","Efectuati experimente uimitoare cu materiale de zi cu zi - un kit distractiv plin de inspiratie!     Setul contine peste 30 de experimente special concepute pentru stiinta bucatariei. Include o brosura de instructiuni detaliate de 24 de pagini care invata principiile stiintifice din spatele fiecarui experiment.     Faceti un ceas alimentat de fructe, creati o fantana de apa in interiorul unei sticle, faceti un scafandru sa se miste in sus si in jos fara a-l atinge, construiti un aeroglisor cu un CD ROM, construiti un mini model de ciclu al apei intr-un pahar si multe altele! Puteti genera electricitate folosind o furculita, puteti lansa o racheta alimentata cu bicarbonat de sodiu si otet si puteti construi un vulcan de masa care erupe cu , žlava,   cu bule si multe altele!     Doar strangeti de acasa cateva obiecte de uz casnic pentru a finaliza experimentele distractive!     Varste 8+     Dimensiuni: 38cm x 29cm x 7cm","168",,"4M-05533","[""https://gomagcdn.ro/domains/kidstory.ro/files/product/original/kit-stiintific-stiinta-din-bucatarie-steam-kids-235445.jpg"",""https://gomagcdn.ro/domains/kidstory.ro/files/product/original/kit-stiintific-stiinta-din-bucatarie-steam-kids-682745.jpg"",""https://gomagcdn.ro/domains/kidstory.ro/files/product/original/kit-stiintific-stiinta-din-bucatarie-steam-kids-175944.jpg"",""https://gomagcdn.ro/domains/kidstory.ro/files/product/original/kit-stiintific-stiinta-din-bucatarie-steam-kids-923815.jpg"",""https://gomagcdn.ro/domains/kidstory.ro/files/product/original/kit-stiintific-stiinta-din-bucatarie-steam-kids-256530.jpg"",""https://gomagcdn.ro/domains/kidstory.ro/files/product/original/kit-stiintific-stiinta-din-bucatarie-steam-kids-623510.jpg"",""https://gomagcdn.ro/domains/kidstory.ro/files/product/original/kit-stiintific-stiinta-din-bucatarie-steam-kids-397006.jpg"",""https://gomagcdn.ro/domains/kidstory.ro/files/product/original/kit-stiintific-stiinta-din-bucatarie-steam-kids-441938.jpg""]",,"[""4M""]",,,"true","false","1","0",,,,,"0","0","2026-02-07 02:17:55.145","2026-03-22 01:12:31.18",,"ELEMENTARY_6_8","126","0","0","0","0","0","0","2.9","0","0","APPROVED","TECHNOLOGY","26f5418c-965d-4630-994c-b51947cdec04","false",,
"ac34f8ea-6671-40ad-96be-27f8750687a7","Puzzle gigant Beep Beep! Londji","puzzle-gigant-beep-beep-londji-Lj_PZ329U","Puzzle Beep Beep! Șoferi prudenți, bicicliști fericiți și camioane încărcate cu înghețată. Fie ca traseul să nu se termine niciodată! Odată ce puzzle-ul este asamblat devine un joc de observație. Cine va fi primul care va găsi toți cei 10 șoferi? Un puzzle gigant cu 48 de piese și un joc de observare din 10 piese pentru cei mici.Dimensiune puzzle asamblat: 113 x 64 cm. Jocul conține un puzzle de 48 de piese, 10 cartonașe vehicule, săculeț textil.Ilustrație Mar Ferrero.Vârsta recomandată: +3 ani.Confecționat din Hârtie FSC și carton reciclat conform reglementarilor EN71&amp;ASTM.AVERTISMENT: Contraindicat copiilor sub 3 ani, conține piese mici, pericol de sufocare. A se utiliza sub directa supraveghere a unui adult. Producător: Londji, Spania. Fabricat în Barcelona.&nbsp;","170",,"Lj_PZ329U","[""https://cdnmpro.com/708224949/p/raw/3/puzzle-gigant-beep-beep-londji~10423.jpg"",""https://cdnmpro.com/708224949/p/raw/6/puzzle-gigant-beep-beep-londji~8766.jpg"",""https://cdnmpro.com/708224949/p/raw/7/puzzle-gigant-beep-beep-londji~8767.jpg"",""https://cdnmpro.com/708224949/p/raw/2/puzzle-gigant-beep-beep-londji~10422.jpg""]",,"[""Londji""]",,,"true","false","5","0",,,,,"0","0","2026-02-07 02:17:14.098","2026-03-22 01:12:34.421","Lj_PZ329U","TODDLERS_1_3","112.2","0","0","0","0","0","0","2.9","0","0","APPROVED","GENERAL","ee75eea8-9f64-4076-96a2-52f5d6926c14","false",,
"08b2c5fe-b8d6-49a6-946b-bf3d21b00759","Puzzle Descopera dinozaurii, Londji","puzzle-descopera-dinozaurii-londji-LJ_PZ393U","Puzzle Descoperă dinozaurii Privește prin lupa albastră și călătorește în Era Jurasică cu Londji. Vei descoperi impresionantul Tiranosaurus rex, diplodocus și spinosaurus plimbându-se în mijlocul vulcanilor. Acum ia lupa roșie și vei vedea cum oasele fosilizate ale acestor giganți au devenit parte a muzeului de științe naturale. Un puzzle în care poți descoperi două realități, una cu lupa roșie și alta cu lupa albastră. Jocul include un puzzle cu 200 de piese și două lupe pentru a descoperi cele două universuri. Dimensiune puzzle 67 x 48 cm. Ambalat în cutie robustă din carton.Vârsta recomandată: +8 ani.Confecționat din hartie FSC și carton reciclat. Conform reglementarilor EN71&amp;ASTM.AVERTISMENT: Contraindicat copiilor sub 6 ani, conține piese mici, pericol de sufocare. A se utiliza sub directa supraveghere a unui adult. Producător: Londji, Spania. Ilustrat de Sebastià Serra.","170",,"LJ_PZ393U","[""https://cdnmpro.com/708224949/p/raw/5/puzzle-descopera-dinozaurii-londji~10145.jpg"",""https://cdnmpro.com/708224949/p/raw/6/puzzle-descopera-dinozaurii-londji~10146.jpg"",""https://cdnmpro.com/708224949/p/raw/7/puzzle-descopera-dinozaurii-londji~10147.jpg"",""https://cdnmpro.com/708224949/p/raw/8/puzzle-descopera-dinozaurii-londji~10148.jpg"",""https://cdnmpro.com/708224949/p/raw/7/puzzle-descopera-dinozaurii-londji~17007.jpg""]",,"[""Londji""]",,,"true","false","2","0",,,,,"0","0","2026-02-07 02:17:14.098","2026-03-22 01:12:34.018","LJ_PZ393U","ELEMENTARY_6_8","112.2","0","0","0","0","0","0","2.9","0","0","APPROVED","GENERAL","ee75eea8-9f64-4076-96a2-52f5d6926c14","false",,
"a55a0699-54c5-4abd-8ae4-f914e1397b60","Joc electronic Logiblocs - set Alarm Tech","joc-electronic-logiblocs-set-alarm-tech-06804IS","Construieste circuite de alarma cu senzori de lumina  atingere      Setul  Alarm Tech este proiectat in jurul senzorilor de lumina si atingere care pot activa tot felul de surprize, pot face parte din jocuri distractive precum vanatoare de comori si cu ajutorul lor se pot construi alarme diverse.        Ce contine setul Alarm Tech?       7 blocuri electronice modulare: BAZA DE PUTERE, BUTON, SENZOR LUMINA, CIRCUIT, BLOCUL NOT, LED ROSU, BIPER si un set instructiuni in limba engleza. Instructiunile in limba romana le puteti descarca apasand  AICI .     Ce poti face cu el?   Peste 30 de proiecte si inventii aplicate precum Alarma pentru intrusi, Detector Ploaie, Gardianul Comorii, Masinarie de transmis Codul Morse. Poti face multe lucruri cu acest set, incluzand ocazia sa iti testezi abilitatile logice. Doar lasa-ti imaginatia libera, deschide-ti orizonturile si dezvolta-ti talentele ascunse.    Toate Logiblocs interactioneaza intre ele. Combina acest set cu alte seturi Logiblocs disponibile si creste puterea si flexibilitatea experimentelor tale!  Necesita trei baterii  1.5V AAA - acestea nu sunt incluse in set.       Costul aferent colectarii, tratarii si eliminarii DEEE   0.15 lei      Despre Logiblocs          Logiblocs este sistemul electronic de descoperire care ii ajuta pe copii sa inteleaga lumea tehnologiei in care traim. De la semafoare la statii spatiale, de la masini la computere, totul in lumea high-tech actuala este controlat in acelasi mod ca si Logiblocs. Prin conectarea componentelor modulare, copiii pot construi sisteme de control si gadgeturi care sunt distractive si uneori chiar utile!          In interiorul fiecarui Logibloc se afla o placa cu circuite imprimate si fiecare bloc este codat in culori pentru a descrie functia sa. Conectand Logiblocs in diferite combinatii, copiii pot crea circuite si pot scrie practic un program simplu pentru a construi propriile inventii.          Logiblocurile au fost numite , žblocurile cibernetice ale viitorului,   - blocuri electronice fascinante care ii ajuta sa inteleaga lumea IT intr-un mod distractiv si placut. In cateva secunde pot crea tot felul de gadgeturi - alarma impotriva intrusilor pentru dormitorul lor, detector de ploaie, aparat de cod Morse, sonerie usa, detectoare de minciuni si chiar inregistrarea si redarea mesajelor secrete.          Logiblocs au devenit populare printre copiii, si sunt folosite in peste 4000 de scoli din UK. Indragitele Logiblocs au castigat in 2018 pestigiosul premiu Best of the best oferit de Reddot.","172",,"06804IS","[""https://gomagcdn.ro/domains/kidstory.ro/files/product/original/6804_is_p_rgb_hires-6909-2219.jpg"",""https://gomagcdn.ro/domains/kidstory.ro/files/product/original/539429_alt1_p6nkljouaurtnvto-6909-9726.jpg"",""https://gomagcdn.ro/domains/kidstory.ro/files/product/original/4mjuly2018_012-6909-6264.jpg"",""https://gomagcdn.ro/domains/kidstory.ro/files/product/original/4mjuly2018_016-6909-5629.jpg"",""https://gomagcdn.ro/domains/kidstory.ro/files/product/original/fsg6804_3_2000x-6909-4253.jpg""]",,"[""Imagine Station""]",,,"true","false","1","0",,,,,"0","0","2026-02-07 02:17:55.145","2026-03-22 01:12:30.686",,"TEENS_13_PLUS","129","0","0","0","0","0","0","2.9","0","0","APPROVED","TECHNOLOGY","26f5418c-965d-4630-994c-b51947cdec04","false",,
"6844f704-ca0d-4ae4-ad9e-0cd0ffcc353c","Joc electronic Logiblocs - set Spy Tech","joc-electronic-logiblocs-set-spy-tech-06805IS","Transmite mesaje secrete precum spionii    Kitul Spy Tech introduce copiii in electronica si informatica intr-un mod creativ si distractiv! Proiectati si creati gadget-uri de spionaj folosind Logiblocs.     Ce contine setul Spy Tech?     7 blocuri electronice modulare: BAZA DE PUTERE, BUTON, SENZOR LUMINA, CIRCUIT, BLOCUL NOT, BIPER, RECORDER si un set instructiuni in limba engleza. Instructiunile in limba romana le puteti descarca apasand AICI.     Ce poti face cu el?   Peste 30 de proiecte si inventii aplicate precum Gardianul Monedei, Cutia cu mesaj surpriza, Alarma pentru intrusi, Sonerie. Poti face multe lucruri cu acest set, incluzand ocazia sa iti testezi abilitatile logice. Doar lasa-ti imaginatia libera, deschide-ti orizonturile si dezvolta-ti talentele ascunse.    Toate Logiblocs interactioneaza intre ele. Combina acest set cu alte seturi Logiblocs disponibile si creste puterea si flexibilitatea experimentelor tale!  Necesita trei baterii  1.5V AAA - acestea nu sunt incluse in set.     Costul aferent colectarii, tratarii si eliminarii DEEE   0.15 lei   Despre Logiblocs     Logiblocs este sistemul electronic de descoperire care ii ajuta pe copii sa inteleaga lumea tehnologiei in care traim. De la semafoare la statii spatiale, de la masini la computere, totul in lumea high-tech actuala este controlat in acelasi mod ca si Logiblocs. Prin conectarea componentelor modulare, copiii pot construi sisteme de control si gadgeturi care sunt distractive si uneori chiar utile! In interiorul fiecarui Logibloc se afla o placa cu circuite imprimate si fiecare bloc este codat in culori pentru a descrie functia sa. Conectand Logiblocs in diferite combinatii, copiii pot crea circuite si pot scrie practic un program simplu pentru a construi propriile inventii.  Logiblocurile au fost numite , žblocurile cibernetice ale viitorului,   - blocuri electronice fascinante care ii ajuta sa inteleaga lumea IT intr-un mod distractiv si placut. In cateva secunde pot crea tot felul de gadgeturi - alarma impotriva intrusilor pentru dormitorul lor, detector de ploaie, aparat de cod Morse, sonerie usa, detectoare de minciuni si chiar inregistrarea si redarea mesajelor secrete.  Logiblocs au devenit populare printre copiii, si sunt folosite in peste 4000 de scoli din UK. Indragitele Logiblocs au castigat in 2018 pestigiosul premiu Best of the best oferit de Reddot.","172",,"06805IS","[""https://gomagcdn.ro/domains/kidstory.ro/files/product/original/joc-electronic-logiblocs-set-alarm-tech-copie-6910-1261.jpg"",""https://gomagcdn.ro/domains/kidstory.ro/files/product/original/joc-electronic-logiblocs-set-alarm-tech-copie-6910-9811.jpg"",""https://gomagcdn.ro/domains/kidstory.ro/files/product/original/joc-electronic-logiblocs-set-alarm-tech-copie-6910-9013.jpg"",""https://gomagcdn.ro/domains/kidstory.ro/files/product/original/joc-electronic-logiblocs-set-alarm-tech-copie-6910-3576.jpg""]",,"[""Imagine Station""]",,,"true","false","0","0",,,,,"0","0","2026-02-07 02:17:55.145","2026-03-22 01:12:30.715",,"TEENS_13_PLUS","129","0","0","0","0","0","0","2.9","0","0","APPROVED","TECHNOLOGY","26f5418c-965d-4630-994c-b51947cdec04","false",,
"17f1ab67-5608-4218-8fbc-986b20d07e89","Set educativ STEM - AQUA DRAGONS   - Habitat Lumea subacvatica - acvariu asteroid Deluxe cu LED-uri","set-educativ-stem-aqua-dragons-habitat-lumea-subacvatica-acvariu-asteroid-deluxe-cu-led-uri-AD6002","Adu la viata Aqua Dragons, animalele tale de companie acvatice fascinante! Aceste creaturi minunate ies din starea lor de oua hibernante si cresc, inoata, mananca si chiar se reproduc, oferindu-ti o experienta captivanta si educativa. Incredibil: Aqua Dragons au fost trimise in spatiu! Un lot de oua de Aqua Dragon, inclusiv ouale din kitul tau, a fost trimis in spatiu, depasind stratosfera Terrei, pentru a crea editia Live Astro Pets. Acestea sunt singurele animale de companie din lume care au fost efectiv in spatiu! Poti vizualiza datele zborului lor si un video 360 º al zborului prin aplicatia Aqua Dragons sau pe YouTube. Beneficiile Aqua Dragons: Experienta educativa: Invata despre biologie si ciclul de viata al Aqua Dragons, urmarind fiecare etapa a dezvoltarii lor. Activitate interactiva: Ideal pentru copii si adulti, Aqua Dragons iti ofera o activitate captivanta si interesanta. Uniqueness: Fii parte dintr-o aventura unica! Aqua Dragons sunt singurele animale de companie care au fost trimise in spatiu. Curiozitate si creativitate: Incurajeaza curiozitatea celor mici si stimuleaza imaginatia prin explorarea universului Aqua Dragons. Relaxare si observatie: Crearea unui habitat pentru Aqua Dragons poate fi o activitate relaxanta, perfecta pentru reducerea stresului si conectarea cu natura. Ce contine kitul? Acvariu in forma de asteroid cu LED-uri si baza care lumineaza in intuneric Capac cu lupa pentru a observa Aqua Dragons mai detaliat Termometru pentru monitorizarea temperaturii apei Bubuitor pentru oxigenarea apei Oua de Aqua Dragons care au fost trimise in spatiu Hrana pentru Aqua Dragons Lingurita de hranire care lumineaza in intuneric Instructiuni de instalare si ingrijire Certificat de autenticitate editie de colectie cu specificatiile zborului in spatiu Aplicatia Aqua Dragons: Jocuri, curiozitati si video-ul 360 º al zborului in spatiu Dimensiuni: 42 x 11 x 32 cm Greutate: 360g Proiectul de ciclul de viata Aqua Dragons dureaza aproximativ 45-60 de zile, iar acest kit contine tot ce ai nevoie pentru a creste o intreaga generatie de Aqua Dragons. Siguranta garantata: Respecta reglementarile de siguranta pentru jucarii; EN71, ASTM, CPSIA, AQUIS, COC  Gulf. Produsul necesita 2 baterii AAA (nu sunt incluse in pachet) Adauga un strop de magie spatiala in viata ta si transforma fiecare zi intr-o aventura de observare a Aqua Dragons!","175",,"AD6002","[""https://gomagcdn.ro/domains/kidstory.ro/files/product/original/set-educativ-stem-aqua-dragons-habitat-lumea-subacvatica-acvariu-asteroid-deluxe-cu-led-uri-701754.png"",""https://gomagcdn.ro/domains/kidstory.ro/files/product/original/set-educativ-stem-aqua-dragons-habitat-lumea-subacvatica-acvariu-asteroid-deluxe-cu-led-uri-966113.png"",""https://gomagcdn.ro/domains/kidstory.ro/files/product/original/set-educativ-stem-aqua-dragons-habitat-lumea-subacvatica-acvariu-asteroid-deluxe-cu-led-uri-742905.png"",""https://gomagcdn.ro/domains/kidstory.ro/files/product/original/set-educativ-stem-aqua-dragons-habitat-lumea-subacvatica-acvariu-asteroid-deluxe-cu-led-uri-510278.png"",""https://gomagcdn.ro/domains/kidstory.ro/files/product/original/set-educativ-stem-aqua-dragons-habitat-lumea-subacvatica-acvariu-asteroid-deluxe-cu-led-uri-385088.png"",""https://gomagcdn.ro/domains/kidstory.ro/files/product/original/set-educativ-stem-aqua-dragons-habitat-lumea-subacvatica-acvariu-asteroid-deluxe-cu-led-uri-181997.png""]",,"[""Aqua Dragons""]",,,"true","false","1","0",,,,,"0","0","2026-02-07 02:17:55.145","2026-03-22 01:12:32.039",,"PRESCHOOL_3_5","140","0","0","0","0","0","0","2.9","0","0","APPROVED","GENERAL","26f5418c-965d-4630-994c-b51947cdec04","false",,
"f7697146-63f7-4300-a389-f3b6285e78ae","Kit stiintific detectiv ,   senzor de miscare paianjen KidzLabs","kit-stiintific-detectiv-senzor-de-miscare-paianjen-kidzlabs-4M-03473","Detector de Miscare ,   Spider Spy Set pentru a construi un detector de miscare inspirat din tehnologia agentilor secreti. Stimuleaza interesul pentru stiinta si inginerie (STEM). Detecteaza miscarea si emite un semnal sonor cand este activat. Include toate componentele pentru asamblare. Functioneaza cu 2 baterii AAA (nu sunt incluse). Dimensiuni ambalaj: aprox. 17 x 22 x 6 cm. Recomandat pentru copii de la 8 ani in sus. Perfect pentru copii pasionati de tehnologie si experimente practice!","179",,"4M-03473","[""https://gomagcdn.ro/domains/kidstory.ro/files/product/original/kit-stiintific-detectiv-senzor-de-miscare-paianjen-kidzlabs-209841.png"",""https://gomagcdn.ro/domains/kidstory.ro/files/product/original/kit-stiintific-detectiv-senzor-de-miscare-paianjen-kidzlabs-451621.png""]",,"[""4M""]",,,"true","false","1","0",,,,,"0","0","2026-02-07 02:17:55.145","2026-03-22 01:12:32.252",,"ELEMENTARY_6_8","134.25","0","0","0","0","0","0","2.9","0","0","APPROVED","SCIENCE","26f5418c-965d-4630-994c-b51947cdec04","false",,
"a4ce7f55-7bcd-475d-9877-b76be72ddb9d","Joc de echilibru Alehop Turnul elefantilor, Londji","joc-de-echilibru-alehop-turnul-elefantilor-londji-LJ_WT006U","Joc de echilibru - Turnul Elefanților -&nbsp;Construiește turnuri imposibile Joc creativ din lemn, fabricat în Barcelona! Descriere produs Primul un elefant, apoi o minge, încă un elefant... și acum... atenție, cade! Cine va reuși să construiască cel mai înalt turn și să sfideze legile gravitației?Acest joc de echilibru și îndemânare oferă ore întregi de distracție și creativitate pentru întreaga familie. Caracteristici principale  Conține:&nbsp;8 figurine din lemn în formă de elefant, 3 mingi pentru a crea structuri diverse și pentru a găsi echilibrul perfect. Beneficii pentru copii și familie  Dezvoltă coordonarea și abilitățile motorii fine. Stimulează creativitatea și gândirea logică. Perfect pentru jocuri în familie sau activități educative. Cum se joacă?  Alege o piesă și începe să construiești turnul. Adaugă elefanți și mingi, încercând să menții echilibrul. Cine construiește cel mai înalt turn fără să-l dărâme câștigă! Materiale eco-friendly:  Realizat din fibre de lemn reciclate și vopsele organice de origine europeană. Certificat FSC.       Design unic:&nbsp;Ilustrații semnate de Txell Darné. Avertiment:&nbsp;Nu este recomandat pentru copiii sub 3 ani. Conține piese mici care pot fi înghițite. Fabricat în Barcelona. ","179.1",,"LJ_WT006U","[""https://cdnmpro.com/708224949/p/raw/4/joc-de-echilibru-alehop-turnul-elefantilor-londji~20744.jpg"",""https://cdnmpro.com/708224949/p/raw/5/joc-de-echilibru-alehop-turnul-elefantilor-londji~20745.jpg"",""https://cdnmpro.com/708224949/p/raw/6/joc-de-echilibru-alehop-turnul-elefantilor-londji~20746.jpg"",""https://cdnmpro.com/708224949/p/raw/7/joc-de-echilibru-alehop-turnul-elefantilor-londji~20747.jpg"",""https://cdnmpro.com/708224949/p/raw/8/joc-de-echilibru-alehop-turnul-elefantilor-londji~20748.jpg""]",,"[""Londji""]",,,"true","false","12","0",,,,,"0","0","2026-02-07 02:17:14.098","2026-03-22 01:12:35.214","LJ_WT006U","TODDLERS_1_3","131.34","0","0","0","0","0","0","2.9","0","0","APPROVED","ENGINEERING","ee75eea8-9f64-4076-96a2-52f5d6926c14","false",,
"9d628920-265e-49d6-a17f-d4f79457dc8f","Kit DIY - Realizeaza un microscop, marire 50-400x, OptiGami","kit-diy-realizeaza-un-microscop-marire-50-400x-optigami-OG-100","Traieste experienta distractiva de a asambla propriul tau microscop cu kitul Optigami Build-Your-Own Microscop din carton.  Microscopul poate fi folosit ca un dispozitiv independent sau poate deveni un microscop digital prin atasarea platformei pentru smartphone pentru a ajuta la capturarea de fotografii sau videoclipuri ale descoperirilor tale interesante.  Distreaza-te privind lamelele pregatite incluse. Cu o putere de marire puternica de 50-400x, Optigami te va ajuta sa descoperi lucruri pe care ochiul liber nu le poate vedea.  Optigami va oferi ore de distractie!  Este o modalitate excelenta de a implica intreaga familie si de a dezvolta dragostea unui copil pentru stiinta.  Include: 13 lame pregatite, 2 lame de microscop goale cu capacuri de protectie si (1) pipeta.  Foloseste 2 baterii AA (nu sunt incluse).  Se potriveste cu toate telefoanele.  Carson Optical este o companie cu 34 de experienta in domeniul opticii, fiind producatorul nr 1 de lupe din SUA, producatorul nr 1 de microscoape de buzunar din SUA si unul dintre principalii furnizori de binocluri. Carson are peste 100 de sute de brevete si vinde atat vanatorilor, cat si excursionistilor, studentilor, artizanilor si constructorilor. Si ce este minunat este ca au si o linie destinata copiilor!  Carson este un nume de incredere in domeniul opticii si ofera o varietate de produse care sunt perfecte pentru copii. Kiturile Carson sunt concepute pentru a fi distractive si educative si sunt cadouri excelente pentru copiii interesati de stiinta.","180",,"OG-100","[""https://gomagcdn.ro/domains/kidstory.ro/files/product/original/kit-diy-realizeaza-un-microscop-marire-50-400x-optigami-487804.jpg"",""https://gomagcdn.ro/domains/kidstory.ro/files/product/original/kit-diy-realizeaza-un-microscop-marire-50-400x-optigami-518904.jpg"",""https://gomagcdn.ro/domains/kidstory.ro/files/product/original/kit-diy-realizeaza-un-microscop-marire-50-400x-optigami-147582.jpg"",""https://gomagcdn.ro/domains/kidstory.ro/files/product/original/kit-diy-realizeaza-un-microscop-marire-50-400x-optigami-638929.jpg"",""https://gomagcdn.ro/domains/kidstory.ro/files/product/original/kit-diy-realizeaza-un-microscop-marire-50-400x-optigami-914571.jpg""]",,"[""Carson""]",,,"true","false","1","0",,,,,"0","0","2026-02-07 02:17:55.145","2026-03-22 01:12:31.899",,"MIDDLE_SCHOOL_9_12","180","0","0","0","0","0","0","2.9","0","0","APPROVED","ENGINEERING","26f5418c-965d-4630-994c-b51947cdec04","false",,
"5a203ea0-2756-4ed5-a9c1-3a27c8a2fc0e","Circuit Tren si Figurine, Egmont Toys","circuit-tren-si-figurine-egmont-toys-Egm_511082","Tren cu sine din lemn  Un circuit rotund pentru tren cu vagoane (vagoanele sunt prinse intre ele cu magneti). In jurul său un mic orășel animat de figurinele din lemn, completeaza povestea celor mici. Vârsta recomandată: +3 ani.Confecționat din lemn, cu metal și magnet. Vopsele pe bază de apă, non-toxice. Conform reglementărilor EN71&amp;ASTM.AVERTISMENT: Contraindicat copiilor mai mici de 3 ani, conţine piese mici. A se folosi sub directa supraveghere a unei persoane adulte. Producător: Egmont Toys, Belgia","182.7",,"Egm_511082","[""https://cdnmpro.com/708224949/p/raw/8/circuit-tren-si-figurine-egmont-toys~5208.jpg""]",,"[""Egmont Toys""]",,,"true","false","12","0",,,,,"0","0","2026-02-07 02:17:14.098","2026-03-22 01:12:34.068","5420023037374.0","TODDLERS_1_3","133.98","0","0","0","0","0","0","2.9","0","0","APPROVED","TECHNOLOGY","ee75eea8-9f64-4076-96a2-52f5d6926c14","false",,
"8b2bd8b2-70de-4870-8ff9-b954f48beeab","Puzzle Planeta animalelor, Londji","puzzle-planeta-animalelor-londji-LJ_PZ602U","Puzzle Planeta animalelor Descoperă animalele lumii și devino zoolog. Asamblează puzzle-ul și găsește animalele din caietul exploratorului. Planeta Pământ este o mare necunoscută. Trăim într-o societate a informației și totuși nu cunoaștem multe dintre speciile care împart cu noi această mare planetă albastră. A cunoaște înseamnă a respecta. Puzzle-ul include un joc de observație. Odată asamblat, tinerii aventurieri pot alege o expediție și își pot asuma provocarea de a deveni zoologi, căutând și găsind specii de animale pentru a le fotografia. Acest puzzle ne va ajuta să introducem conceptele de bază ale geografiei, descoperind principalele continente și locațiile lor și să învățăm despre speciile de animale. Vom descoperi o mare varietate de animale, atât cunoscute, cât și mai puțin cunoscute.  Joc pentru conștientizarea mediului prin descoperirea importanței biodiversității și necesitatea protejării habitatelor naturale.  Îmbunătățește capacitatea de observație, logica, atenția și concentrarea.Ilustrat de Txell Darné.Ambalat în cutie robustă din carton. Dimensiune puzzle 21.5 x 18 cm.Vârsta recomandată: +5 ani. Confecționat din hartie FSC și carton reciclat. Conform reglementarilor EN71&amp;ASTM. AVERTISMENT: Contraindicat copiilor sub 3 ani, conține piese mici, pericol de sufocare. A se utiliza sub directa supraveghere a unui adult. Producător: Londji, Spania.","187",,"LJ_PZ602U","[""https://cdnmpro.com/708224949/p/raw/7/puzzle-planeta-animalelor-londji~19117.jpg"",""https://cdnmpro.com/708224949/p/raw/6/puzzle-planeta-animalelor-londji~19116.jpg"",""https://cdnmpro.com/708224949/p/raw/8/puzzle-planeta-animalelor-londji~19118.jpg"",""https://cdnmpro.com/708224949/p/raw/9/puzzle-planeta-animalelor-londji~19119.jpg"",""https://cdnmpro.com/708224949/p/raw/0/puzzle-planeta-animalelor-londji~19120.jpg""]",,"[""Londji""]",,,"true","false","15","0",,,,,"0","0","2026-02-07 02:17:14.098","2026-03-22 01:12:34.837","LJ_PZ602U","ELEMENTARY_6_8","123.42","0","0","0","0","0","0","2.9","0","0","APPROVED","SCIENCE","ee75eea8-9f64-4076-96a2-52f5d6926c14","false",,
"cmltqpp8u0007jjvrb4ux27sz","Crystals & Geology Mini Lab Bundle","crystals-geology-mini-lab-bundle","Grow, dig, and crack crystal experiments in one compact starter bundle.","190.08","216",,"[""https://gomagcdn.ro/domains/kidstory.ro/files/product/original/set-experimente-de-crescut-cristale-stiinta-cristalelor-225677.jpg"",""https://gomagcdn.ro/domains/kidstory.ro/files/product/original/set-experimente-de-crescut-cristale-stiinta-cristalelor-587525.jpg"",""https://gomagcdn.ro/domains/kidstory.ro/files/product/original/set-experimente-de-crescut-cristale-stiinta-cristalelor-429445.jpg"",""https://gomagcdn.ro/domains/kidstory.ro/files/product/original/set-experimente-de-crescut-cristale-stiinta-cristalelor-069318.jpg"",""https://gomagcdn.ro/domains/kidstory.ro/files/product/original/set-experimente-de-crescut-cristale-stiinta-cristalelor-392631.jpg"",""https://gomagcdn.ro/domains/kidstory.ro/files/product/original/set-experimente-de-crescut-cristale-stiinta-cristalelor-417635.jpg"",""https://gomagcdn.ro/domains/kidstory.ro/files/product/original/set-experimente-de-crescut-cristale-stiinta-cristalelor-140707.jpg"",""https://gomagcdn.ro/domains/kidstory.ro/files/product/original/set-experimente-de-crescut-cristale-stiinta-cristalelor-222368.jpg""]","cmltqopok0000jjujlb7k8cog","[""Science & Experiments"",""Bundle"",""SCIENCE""]",,,"true","true","1","0",,,,,"0","0","2026-02-19 17:33:47.406","2026-02-19 19:49:13.595",,"MIDDLE_SCHOOL_9_12","162","0","0","0","0","0","0","2.9","0","0","APPROVED","SCIENCE","26f5418c-965d-4630-994c-b51947cdec04","true","[""0dedfb02-186b-44c3-a1fd-a6f709af7b59"",""34c20ad1-679e-44a1-8b5f-0d8da7a08dba"",""17b1ac62-9b9c-4a36-8d97-3a1e0ec07f61""]","12"
"333278ca-08e0-41d5-a037-bb2cadd41ff5","Kit stiintific - Tricotat si Crosetat, STEAM Kids","kit-stiintific-tricotat-si-crosetat-steam-kids-4M-05539","Invata sa tricotezi si sa crosetezi cu acest set de lux, care include instrumente usor de utilizat si instructiuni detaliate.     Lasa-ti imaginatia sa infloreasca, creand diferite proiecte din fire.     Integrarea artei si a creativitatii in jucariile stiintifice este esentiala pentru invatarea echilibrata si pentru a ajuta copiii sa-si exploreze imaginatia nelimitata.     Pentru varsta de 5 ani +     Dimensiuni: 37,5 cm x 28,5 cm x 6,5 cm","194",,"4M-05539","[""https://gomagcdn.ro/domains/kidstory.ro/files/product/original/kit-stiintific-tricotat-si-crosetat-steam-kids-694454.jpg"",""https://gomagcdn.ro/domains/kidstory.ro/files/product/original/kit-stiintific-tricotat-si-crosetat-steam-kids-124654.jpg"",""https://gomagcdn.ro/domains/kidstory.ro/files/product/original/kit-stiintific-tricotat-si-crosetat-steam-kids-091931.jpg"",""https://gomagcdn.ro/domains/kidstory.ro/files/product/original/kit-stiintific-tricotat-si-crosetat-steam-kids-544458.jpg"",""https://gomagcdn.ro/domains/kidstory.ro/files/product/original/kit-stiintific-tricotat-si-crosetat-steam-kids-100497.jpg"",""https://gomagcdn.ro/domains/kidstory.ro/files/product/original/kit-stiintific-tricotat-si-crosetat-steam-kids-276650.jpg"",""https://gomagcdn.ro/domains/kidstory.ro/files/product/original/kit-stiintific-tricotat-si-crosetat-steam-kids-358537.jpg"",""https://gomagcdn.ro/domains/kidstory.ro/files/product/original/kit-stiintific-tricotat-si-crosetat-steam-kids-268142.jpg"",""https://gomagcdn.ro/domains/kidstory.ro/files/product/original/kit-stiintific-tricotat-si-crosetat-steam-kids-112576.jpg"",""https://gomagcdn.ro/domains/kidstory.ro/files/product/original/kit-stiintific-tricotat-si-crosetat-steam-kids-385362.jpg""]",,"[""4M""]",,,"true","false","1","0",,,,,"0","0","2026-02-07 02:17:55.145","2026-03-22 01:12:31.165",,"PRESCHOOL_3_5","145.5","0","0","0","0","0","0","2.9","0","0","APPROVED","GENERAL","26f5418c-965d-4630-994c-b51947cdec04","false",,
"28e2825d-091a-4019-8263-e63a08331da0","Kit STEM Marul lui Newton, Thames & Kosmos","kit-stem-marul-lui-newton-thames-and-kosmos-K_620304","Kit STEM Marul lui Newton Un măr care sfidează gravitația și se plimbă pe o coardă elastică - ce ar fi crezut Isaac Newton? Construiți un robot măr care merge pe o coardă elastică. Cum? Datorită componentei principale a robotului, un giroscop motorizat, acesta își poate menține echilibrul și poate realiza acest truc amuzant fără să cadă. Prin intermediul a cinci experimente, puteți descoperi puterile uimitoare ale giroscopului motorizat și puteți explora fizica din spatele comportamentelor sale uimitoare. Experimentați cum să-l faceți să meargă pe diferitele piste incluse și pe sfoară, investigați centrul de greutate al giroscopului, urmăriți cum se învârte giroscopul pe o suprafață plană.Construiește un robot măr unicat care sfidează gravitația!Datorită componentei principale a robotului, un giroscop motorizat, acest măr special poate merge pe o coardă elastică fără să cadă.Explorați fizica din spatele acestui dispozitiv științific prin intermediul a cinci experimente unice care investighează gravitația.Designul unic și funcțional face din acesta un cadou accesibil, distractiv și educativ, cu o valoare ludică ridicată.Kitul include piese pentru a construi gyrobotul și setări experimentale, inclusiv o pistă pe care să se plimbe. Prin construirea robotului și efectuarea experimentelor cu unitatea giroscopică motorizată, tinerii ingineri pot învăța despre știința dispozitivelor giroscopice și despre rolul indispensabil pe care îl joacă în viața noastră. Un manual de experimente ilustrat în culori, oferă instrucțiuni de asamblare pas cu pas și explicații științifice.Kitul conține 75 de piese, 5 experimente, manual cu instrucțiuni. Necesită 2 baterii AAA.Vârsta recomandată: +8 ani. Confecționat din plastic și metal. Conform reglementarilor EN71&amp;ASTM.AVERTISMENT: Contraindicat copiilor sub 3 ani, conține piese mici. Se recomandă supravegherea copilului de către un adult în timpul jocului.&nbsp;Citiți instrucțiunile înainte de utilizare, urmați-le și păstrați-le pentru referință.Produs in Taiwan pentru Thames &amp; Kosmos, Anglia Manual Kit STEM Marul lui Newton - vezi fisier","195",,"K_620304","[""https://cdnmpro.com/708224949/p/raw/8/kit-stem-marul-lui-newton-thames-kosmos~11008.jpg"",""https://cdnmpro.com/708224949/p/raw/7/kit-stem-marul-lui-newton-thames-kosmos~11007.jpg"",""https://cdnmpro.com/708224949/p/raw/9/kit-stem-marul-lui-newton-thames-kosmos~11009.jpg"",""https://cdnmpro.com/708224949/p/raw/0/kit-stem-marul-lui-newton-thames-kosmos~11010.jpg"",""https://cdnmpro.com/708224949/p/raw/1/kit-stem-marul-lui-newton-thames-kosmos~11011.jpg""]",,"[""Thames & Kosmos""]",,,"true","false","6","0",,,,,"0","0","2026-02-07 02:17:14.098","2026-03-22 01:12:34.584","814743017948.0","ELEMENTARY_6_8","134.55","0","0","0","0","0","0","2.9","0","0","APPROVED","SCIENCE","ee75eea8-9f64-4076-96a2-52f5d6926c14","false",,
"1bb64828-25e2-453b-8b97-c837e6aca399","Joc din lemn Cei trei purcelusi, Londji","joc-din-lemn-cei-trei-purcelusi-londji-LJ_WT013U","Joc din lemn Cei trei purcelusi Au fost odată ca niciodată 3 purceluși care au decis să își construiască propria casă. Ajută-i înainte să vină lupul. &nbsp; Joc insipirat dintr-un basm clasic care încurajează abilitățile narative și dezvoltarea limbajului și a memoriei. Copiii își pot lăsa imaginația să zburde, inventând noi povești, ceea ce le încurajează creativitatea. Au ocazia să experimenteze spațiului, ordonarea formelor și a culorilor, dezvoltând astfel abilitățile logice și matematice.&nbsp; Piesele în formă de tub de diferite mărimi, permit copiilor să experimenteze golul și permanența obiectelor, îmbunătățind înțelegerea spațiului. Copiii pot experimena de asemenea echilibrul prin construirea de turnuri și alte structuri, dezvoltând coordonarea și simțul echilibrului. O jucărie din lemn pentru a stivui, a potrivi și a spune povești.&nbsp;Calitatea și versatilitatea pieselor oferă multiple opțiuni de joc, fiind ideală ca material pentru explorare, clasificare și joc simbolic.Stimulează motricitatea fină și coordonarea spațială. Ca joc simbolic, stimulează imaginația și crearea de scenarii diferite. Setul este livrat într-o cutie frumoasă din carton reciclat pentru a-l avea mereu ordonat și pregătit. Conține 13 piese din lemn de fag.Vârsta recomandată: +2 ani. Jocurile din lemn au o magie aparte care le fac unice. Mirosul natural al lemnului, atingerea sa moale și caldă transportă jucătorii direct pe tărâmul copilăriei. Sunt jocuri care durează, care se transmit din generație în generație. Fiind realizate în atelierul Londji local,&nbsp; impactul asupra mediului este redus.&nbsp;Confecționat&nbsp;din lemn de fag PEFC de origine europeană și coloranți pe bază de apă&nbsp;&nbsp;Conform reglementărilor EN71&amp;ASTM.AVERTISMENT: Contraindicat copiilor sub 2 ani. Se recomandă supravegherea copilului de către un adult în timpul jocului. Produs de Londj în Spania.","198",,"LJ_WT013U","[""https://cdnmpro.com/708224949/p/raw/1/joc-din-lemn-cei-trei-purcelusi-londji~19161.jpg"",""https://cdnmpro.com/708224949/p/raw/1/joc-din-lemn-cei-trei-purcelusi-londji~19151.jpg"",""https://cdnmpro.com/708224949/p/raw/2/joc-din-lemn-cei-trei-purcelusi-londji~19152.jpg"",""https://cdnmpro.com/708224949/p/raw/3/joc-din-lemn-cei-trei-purcelusi-londji~19153.jpg"",""https://cdnmpro.com/708224949/p/raw/4/joc-din-lemn-cei-trei-purcelusi-londji~19154.jpg""]",,"[""Londji""]",,,"true","false","10","0",,,,,"0","0","2026-02-07 02:17:14.098","2026-03-22 01:12:34.854","LJ_WT013U","TODDLERS_1_3","130.68","0","0","0","0","0","0","2.9","0","0","APPROVED","MATHEMATICS","ee75eea8-9f64-4076-96a2-52f5d6926c14","false",,
"cmltqpq2a000njjvrv1sb3egg","Fridolin IQ Challenge Bundle","fridolin-iq-challenge-bundle","Rope and 3D puzzles for concentration, patience, and advanced thinking.","198.39","233.4",,"[""https://cdnmpro.com/708224949/p/raw/0/joc-logic-iq-puzzle-cu-snur-elibereaza-inelul-1-fridolin~2370.jpg"",""https://cdnmpro.com/708224949/p/raw/3/joc-logic-iq-puzzle-cu-snur-elibereaza-inelul-1-fridolin~2673.jpg""]","cmltqoqov0003jjujnu1ppk5u","[""Logic Games"",""Bundle"",""MATHEMATICS""]",,,"true","true","1","1",,,,,"0","0","2026-02-19 17:33:48.466","2026-03-03 01:17:49.073",,"ELEMENTARY_6_8","161.04","0","0","0","0","0","0","2.9","0","0","APPROVED","MATHEMATICS","ee75eea8-9f64-4076-96a2-52f5d6926c14","true","[""09f378d6-17a8-45b5-b7a0-14cb25164b64"",""35ef74ba-e208-40ca-9706-d21fe617629d"",""26f222e4-1ed7-4363-9ab3-befb99b2c2cc"",""3330e08b-bfdf-4f75-b06c-dddc20534e01"",""2433f701-233d-443e-8978-f2430fa378d7""]","15"
"60b811c0-04c3-47e3-8791-6ac8c1e6b581","Kit stiintific - Lumea Dinozaurilor, STEAM Kids","kit-stiintific-lumea-dinozaurilor-steam-kids-4M-05540","Sapa si gaseste misterioasa fosila de dinozaur. Construieste o diorama preistorica cu o piscina cu nisipuri miscatoare si o eruptie vulcanica. Modelati si pictati un T-Rex 3D si magneti dino stralucitori si jucati un joc interesant de aventura cu prietenii tai.  Este un kit captivant STEAM pentru pasionatii de dinozauri!  Dimensiune cutie:  37.5cm x 28.5cm x 6.5cm","199",,"4M-05540","[""https://gomagcdn.ro/domains/kidstory.ro/files/product/original/kit-stiintific-lumea-dinozaurilor-steam-kids-810358.png"",""https://gomagcdn.ro/domains/kidstory.ro/files/product/original/kit-stiintific-lumea-dinozaurilor-steam-kids-439326.jpg"",""https://gomagcdn.ro/domains/kidstory.ro/files/product/original/kit-stiintific-lumea-dinozaurilor-steam-kids-072535.png"",""https://gomagcdn.ro/domains/kidstory.ro/files/product/original/kit-stiintific-lumea-dinozaurilor-steam-kids-583371.jpg""]",,"[""4M""]",,,"true","false","1","0",,,,,"0","0","2026-02-07 02:17:55.145","2026-03-22 01:12:31.362",,"PRESCHOOL_3_5","149.25","0","0","0","0","0","0","2.9","0","0","APPROVED","SCIENCE","26f5418c-965d-4630-994c-b51947cdec04","false",,
"e66c89d5-596b-41ec-a5a8-52d22e913d2f","Joc cu magneti Stick-O, Set de baza cu 20 piese","joc-cu-magneti-stick-o-set-de-baza-cu-20-piese-clic-901002","Joc de construit cu 20 de piese cu magnet, de diferite forme, culori și mărimi, cu ajutorul cărora cei mici pot construi orice poftesc! Piesele cu magnet incorporat trebuie doar să fie apropiate una de alta, și astfel se ~fixează~ și permit nenumărate combinații. Proiectate și dezvoltate de specialiști de la „Magformers” - liderul global în domeniul jocului de construit cu magnet, și „Clics” - marcă de jucării cu renume în Belgia, jucariile cu magneti Stick-O au fost concepute special pentru cei mici. Stick-O reunește piese și accesorii pentru construit, dezvoltând îndemânarea, creativitatea și imaginația, inca de la cele mai mici varste. Oferă piese de bază simple, cu un nivel ridicat de aplicabilitate și diverse accesorii care aduc un plus de distracție. Culorile asortate ale acestor componente ajută la creșterea simțul estetic al copiilor. Siguranta este insa pe primul loc, astfel ca magnetii sunt incastrati in interiorul pieselor, fiind evitat riscul de a fi inghititi. Inedit este si faptul ca magnetii sunt pozitionati astfel incat se pot roti automat, pentru a respecta polaritatea necesara atragerii si ~lipirii~ pieselor, indiferent de cum sunt apropiate. Vârsta recomandată: +3 ani. AVERTISMENT! Contraindicat copiilor sub 3 ani. Contine magneti! A se folosi sub directa supraveghere a unei persoane adulte. Producător: Clics toys, Belgia.","200",,"901002","[""https://cdnmpro.com/708224949/p/raw/3/joc-cu-magneti-stick-o-set-de-baza-cu-20-piese~5713.jpg"",""https://cdnmpro.com/708224949/p/raw/3/joc-cu-magneti-stick-o-set-de-baza-cu-20-piese~6103.jpg"",""https://cdnmpro.com/708224949/p/raw/4/joc-cu-magneti-stick-o-set-de-baza-cu-20-piese~6104.jpg"",""https://cdnmpro.com/708224949/p/raw/5/joc-cu-magneti-stick-o-set-de-baza-cu-20-piese~6105.jpg"",""https://cdnmpro.com/708224949/p/raw/6/joc-cu-magneti-stick-o-set-de-baza-cu-20-piese~6106.jpg""]",,"[""Clicstoys""]",,,"true","false","5","0",,,,,"0","0","2026-02-07 02:17:14.098","2026-03-22 01:12:34.191","8809465535919.0","TODDLERS_1_3","172.5","0","0","0","0","0","0","2.9","0","0","APPROVED",,"ee75eea8-9f64-4076-96a2-52f5d6926c14","false",,
"e4ae3896-f9be-4d48-8164-8a14cc64195d","Set magnetic de construit- Magformers Animale, 40 piese","set-magnetic-de-construit-magformers-animale-40-piese-clic-702014","Set Magfomers cu 40 de piese cu magnet, de forme si culori diferite, cu ajutorul carora copiii pot sa contruiasca animale 3D. Posibilitatile si distractia sunt nelimitate, asa ca cei mici pot sa isi lase imaginatia libera si creativitatea lor va prinde cat mai multe forme. Acest set este conceput special pentru cei mici, astfel ca stivuind piesele, maniera cea mai simpla de a utiliza Magformers, ei pot obtine forme usor de recunoscut si asociat cu niste animalute prietenoase. Proiectate și dezvoltate de specialiști de la „Magformers” - liderul global în domeniul jocului de construit cu magnet, și „Clics” - marcă de jucării cu renume în Belgia, Magformers înseamnă mai mult decât o simplă jucărie. Magformers reunește piese și accesorii pentru construit cu magneți, dezvoltând îndemânarea, creativitatea și imaginația. Magformers este o jucărie de construcție pentru fiecare copil, un mod inedit de a îmbina piesele, garantând pentru calitate și diversitate. Magformers oferă piese de bază simple, cu un nivel ridicat de aplicabilitate, dezvoltându-și îndemânarea, înțelegând spațialitatea și geometria. Siguranța este esențială, așadar piesele cu magnet sunt sigure pentru cei mici! Magneții sunt încapsulați în interiorul pieselor, pe toate laturile lor, și poziționati astfel încât polii lor să se atragă, indiferent de modul în care piesele sunt apropiate, ceea ce este un avantaj inedit! Piesele Magformers se pot apropia pentru a construi apoi prin pliere, combinarea de mai multe părți, îndoirea sau extensia unor laturi, astfel că posibilitățile sunt nelimitate. Vârsta recomandată: +18 luni. AVERTISMENT! Contraindicat copiilor sub 18 luni. A se folosi sub directa supraveghere a unei persoane adulte. Producător: Clics toys, Belgia.","200.8",,"702014","[""https://cdnmpro.com/708224949/p/raw/6/set-magnetic-de-construit-magformers-animale-40-piese~5226.jpg"",""https://cdnmpro.com/708224949/p/raw/7/set-magnetic-de-construit-magformers-animale-40-piese~5557.jpg"",""https://cdnmpro.com/708224949/p/raw/8/set-magnetic-de-construit-magformers-animale-40-piese~5558.jpg"",""https://cdnmpro.com/708224949/p/raw/9/set-magnetic-de-construit-magformers-animale-40-piese~5559.jpg"",""https://cdnmpro.com/708224949/p/raw/0/set-magnetic-de-construit-magformers-animale-40-piese~5560.jpg""]",,"[""Clicstoys""]",,,"true","false","5","0",,,,,"0","0","2026-02-07 02:17:14.098","2026-03-22 01:12:34.088","8809465530181.0","TODDLERS_1_3","163.08","0","0","0","0","0","0","2.9","0","0","APPROVED","MATHEMATICS","ee75eea8-9f64-4076-96a2-52f5d6926c14","false",,
"fb9be398-5327-4e12-b8c1-b0a43b594888","Kit stiintific - Stiinta Pamantului, STEAM Kids","kit-stiintific-stiinta-pamantului-steam-kids-4M-05538","Invata puterea naturala a Pamantului si experimenteaza distractia nelimitata a stiintei geologice. Creati un vulcan, mine pentru cristale minerale si cresteti-va propriile colectii unice de cristale.     Acest kit contine :  matrita vulcan (asamblare necesara), 2 amestecuri de ipsos de calitate fina, 1 banda de vopsea de sase culori, 1 pensula, 1 agitator, 2 benzi de cauciuc, 1 bloc de ipsos cu cristale ingropate in interior, 1 unealta special conceputa pentru sapat. 1 pensula, 1 lupa, 1 set vitrina cu capac si card de baza, 1 punga, 1 punga de compus de cristal alb, punga mica de amestec de seminte de culoare, baza patrata transparenta cu capac, baza hexagonala transparenta cu capac, recipient hexagonal putin adanc, baza de cristal de luna care straluceste in intuneric, bol pentru amestecare, lingura pentru amestecare, 1 set de hartie de cristal pentru copac de zapada si o brosura de 8 pagini. De asemenea, este necesar, dar nu este inclus in acest kit, carpa de lucru sau sort, otet si bicarbonat de sodiu, un borcan cu apa fierbinte aburinda, ochelari de protectie si manusi de cauciuc.      Varsta: 8+     Dimensiuni (L x A x A): 38cm x 29cm x 7cm","201",,"4M-05538","[""https://gomagcdn.ro/domains/kidstory.ro/files/product/original/kit-stiintific-explorarea-magnetica-steam-kids-copie-947425.jpg"",""https://gomagcdn.ro/domains/kidstory.ro/files/product/original/kit-stiintific-explorarea-magnetica-steam-kids-copie-272707.jpg"",""https://gomagcdn.ro/domains/kidstory.ro/files/product/original/kit-stiintific-explorarea-magnetica-steam-kids-copie-211658.jpg"",""https://gomagcdn.ro/domains/kidstory.ro/files/product/original/kit-stiintific-explorarea-magnetica-steam-kids-copie-735688.jpg"",""https://gomagcdn.ro/domains/kidstory.ro/files/product/original/kit-stiintific-explorarea-magnetica-steam-kids-copie-423723.jpg"",""https://gomagcdn.ro/domains/kidstory.ro/files/product/original/kit-stiintific-explorarea-magnetica-steam-kids-copie-991340.jpg"",""https://gomagcdn.ro/domains/kidstory.ro/files/product/original/kit-stiintific-explorarea-magnetica-steam-kids-copie-640717.jpg"",""https://gomagcdn.ro/domains/kidstory.ro/files/product/original/kit-stiintific-explorarea-magnetica-steam-kids-copie-771160.jpg"",""https://gomagcdn.ro/domains/kidstory.ro/files/product/original/kit-stiintific-explorarea-magnetica-steam-kids-copie-196452.jpg""]",,"[""4M""]",,,"true","false","1","0",,,,,"0","0","2026-02-07 02:17:55.145","2026-03-22 01:12:31.215",,"ELEMENTARY_6_8","150.75","0","0","0","0","0","0","2.9","0","0","APPROVED","SCIENCE","26f5418c-965d-4630-994c-b51947cdec04","false",,
"6c1bbf4f-e261-44e0-82f0-2b998659311f","Joc Unde-mi sunt sosetele, Londji","joc-unde-mi-sunt-sosetele-londji-Lj_FG029U","Joc Unde-mi sunt sosetele Joc distractiv de observație, atenție și viteză pentru întreaga familie. A fost odată ca niciodată o familie care avea o mulțime de obiecte împrăștiate prin casă. Până într-o zi când s-au hotărât să facă ordine. 2 moduri de joc: 1. Modul cu cărți: Toți jucătorii caută în același timp obiectul printre cărți, iar cel care îl găsește cel mai repede îl plasează pe planșa sa personaj. Primul care adună 9 obiecte câștigă! 2. Modul cu tablă de joc: Jucătorul caută jetoanele obiect care apar pe planșa sa, iar primul care adună 15 jetoane din spațiul său câștigă! Un joc ideal pentru a exersa vocabularul, care stimulează observația. Necesită atenție susținută. Vârsta recomandată: 3-103 ani.Confecționat din hârtie FSC și carton reciclat. Conform reglementarilor EN71&amp;ASTM.AVERTISMENT: Contraindicat copiilor sub 3 ani. Se recomandă supravegherea copilului de către un adult în timpul jocului.Producător: Londji, Spania. Ilustrat de Anna Aparicio Català","204",,"Lj_FG029U","[""https://cdnmpro.com/708224949/p/raw/4/joc-unde-mi-sunt-sosetele-londji~11784.jpg"",""https://cdnmpro.com/708224949/p/raw/5/joc-unde-mi-sunt-sosetele-londji~11785.jpg"",""https://cdnmpro.com/708224949/p/raw/6/joc-unde-mi-sunt-sosetele-londji~11786.jpg"",""https://cdnmpro.com/708224949/p/raw/7/joc-unde-mi-sunt-sosetele-londji~11787.jpg"",""https://cdnmpro.com/708224949/p/raw/9/joc-unde-mi-sunt-sosetele-londji~15229.jpg""]",,"[""Londji""]",,,"true","false","4","0",,,,,"0","0","2026-02-07 02:17:14.098","2026-03-22 01:12:34.664","Lj_FG029U","TODDLERS_1_3","134.64","0","0","0","0","0","0","2.9","0","0","APPROVED",,"ee75eea8-9f64-4076-96a2-52f5d6926c14","false",,
"c07f20dd-2ef5-4bc2-a6f7-37b360617528","Kit stiintific - Curcubee si Unicorni, STEAM Kids","kit-stiintific-curcubee-si-unicorni-steam-kids-4M-05541","Exploreaza distractia si entuziasmul stiintei cu acest kit complet de activitati STEAM Rainbow  Unicorns, care combina stiinta, tehnologia si creativitatea.  Peste 20 de proiecte practice de descoperit! Plin de stiinta si mestesuguri distractive - inclusiv magneti de frigider Mould  Paint, Unicorni 3D Mould  Paint, un set Rainbow Colour Mixer si niste unicorni amuzanti de realitate augmentata!  Pentru varste de peste 5 ani.  Dimensiune cutie: 38 x 29 x 8 cm","209",,"4M-05541","[""https://gomagcdn.ro/domains/kidstory.ro/files/product/original/kit-stiintific-curcubee-si-unicorni-steam-kids-720129.png"",""https://gomagcdn.ro/domains/kidstory.ro/files/product/original/kit-stiintific-curcubee-si-unicorni-steam-kids-398740.jpg"",""https://gomagcdn.ro/domains/kidstory.ro/files/product/original/kit-stiintific-curcubee-si-unicorni-steam-kids-815500.jpg"",""https://gomagcdn.ro/domains/kidstory.ro/files/product/original/kit-stiintific-curcubee-si-unicorni-steam-kids-806704.jpg"",""https://gomagcdn.ro/domains/kidstory.ro/files/product/original/kit-stiintific-curcubee-si-unicorni-steam-kids-855223.jpg"",""https://gomagcdn.ro/domains/kidstory.ro/files/product/original/kit-stiintific-curcubee-si-unicorni-steam-kids-596202.jpg"",""https://gomagcdn.ro/domains/kidstory.ro/files/product/original/kit-stiintific-curcubee-si-unicorni-steam-kids-146910.jpg"",""https://gomagcdn.ro/domains/kidstory.ro/files/product/original/kit-stiintific-curcubee-si-unicorni-steam-kids-022253.jpg"",""https://gomagcdn.ro/domains/kidstory.ro/files/product/original/kit-stiintific-curcubee-si-unicorni-steam-kids-554272.jpg"",""https://gomagcdn.ro/domains/kidstory.ro/files/product/original/kit-stiintific-curcubee-si-unicorni-steam-kids-013329.jpg""]",,"[""4M""]",,,"true","false","1","0",,,,,"0","0","2026-02-07 02:17:55.145","2026-03-22 01:12:31.38",,"PRESCHOOL_3_5","156.75","0","0","0","0","0","0","2.9","0","0","APPROVED","SCIENCE","26f5418c-965d-4630-994c-b51947cdec04","false",,
"a86f0cbb-d3cd-4f25-8080-dbfe1a5eac9a","Jucarie Montessori Casuta iepurasilor, joc din lemn cu sisteme de inchidere Egmont Toys","jucarie-montessori-casuta-iepurasilor-joc-din-lemn-cu-sisteme-de-inchidere-egmont-toys-Egm_511132","Casuta iepurasilor, joc din lemn cu sisteme de inchidere Joc din lemn cu activități motorii distractive având diverse tipuri de încuietori. O gamă largă de activități posibile, pentru a promova dezvoltarea motricității fine, o mulțime de încuietori pe care copiii le cunosc din viața de zi cu zi și pe care le pot exersa într-un mod distractiv. La deschidere și închidere, copiii își antrenează în mod ludic abilitățile de prindere și coordonarea mână-ochi. Această jucărie este inspirată de metoda de predare Montessori care dezvoltă în mod optim abilitățile motorii.  Vârsta recomandată: +3&nbsp; ani.Confecționat din lemn si metal. Conform reglementărilor EN71&amp;ASTM.AVERTISMENT! Contraindicat copiilor sub 3 ani. Conține părți mici. A se folosi sub directa supraveghere a unei persoane adulte.Producător: Egmont Toys, Belgia","216",,"Egm_511132","[""https://cdnmpro.com/708224949/p/raw/1/jucarie-montessori-casuta-iepurasilor-joc-din-lemn-cu-sisteme-de~11221.jpg"",""https://cdnmpro.com/708224949/p/raw/2/jucarie-montessori-casuta-iepurasilor-joc-din-lemn-cu-sisteme-de~11222.jpg"",""https://cdnmpro.com/708224949/p/raw/3/jucarie-montessori-casuta-iepurasilor-joc-din-lemn-cu-sisteme-de~14913.jpg"",""https://cdnmpro.com/708224949/p/raw/3/jucarie-montessori-casuta-iepurasilor-joc-din-lemn-cu-sisteme-de~15253.jpg""]",,"[""Egmont Toys""]",,,"true","false","7","0",,,,,"0","0","2026-02-07 02:17:14.098","2026-03-22 01:12:34.632","5420023042576.0","TODDLERS_1_3","142.56","0","0","0","0","0","0","2.9","0","0","APPROVED",,"ee75eea8-9f64-4076-96a2-52f5d6926c14","false",,
"db3b31bd-38f8-468d-be17-45f9848452cf","Set pentru explorarea naturii, Outdoor Adventure","set-pentru-explorarea-naturii-outdoor-adventure-HU-401","AdventurePak,   HU-401, care include binoclu pentru copii de 30mm, busola lentilatica, lanterna si fluier de semnalizare cu termometru incorporat, este tot ce aveti nevoie pentru aventuri fantastice!  Perfect pentru excursii cu rucsacul, ciclism, camping si toate formele de explorare. Include un binoclu compact de 30mm, lanterna, busola lentilatica cu adevarate capacitati de triangulare manuala si un fluier de semnalizare termometru combinate.  Carson Optical este o companie cu 34 de experienta in domeniul opticii, fiind producatorul nr 1 de lupe din SUA, producatorul nr 1 de microscoape de buzunar din SUA si unul dintre principalii furnizori de binocluri. Carson are peste 100 de sute de brevete si vinde atat vanatorilor, cat si excursionistilor, studentilor, artizanilor si constructorilor. Si ce este minunat este ca au si o linie destinata copiilor!  Carson este un nume de incredere in domeniul opticii si ofera o varietate de produse care sunt perfecte pentru copii. Kiturile Carson sunt concepute pentru a fi distractive si educative si sunt cadouri excelente pentru copiii interesati de stiinta.","224",,"HU-401","[""https://gomagcdn.ro/domains/kidstory.ro/files/product/original/set-pentru-explorarea-naturii-outdoor-adventure-143043.jpg"",""https://gomagcdn.ro/domains/kidstory.ro/files/product/original/set-pentru-explorarea-naturii-outdoor-adventure-610373.jpg"",""https://gomagcdn.ro/domains/kidstory.ro/files/product/original/set-pentru-explorarea-naturii-outdoor-adventure-167030.jpg"",""https://gomagcdn.ro/domains/kidstory.ro/files/product/original/set-pentru-explorarea-naturii-outdoor-adventure-105860.jpg"",""https://gomagcdn.ro/domains/kidstory.ro/files/product/original/set-pentru-explorarea-naturii-outdoor-adventure-183197.jpg"",""https://gomagcdn.ro/domains/kidstory.ro/files/product/original/set-pentru-explorarea-naturii-outdoor-adventure-464590.jpg"",""https://gomagcdn.ro/domains/kidstory.ro/files/product/original/set-pentru-explorarea-naturii-outdoor-adventure-859110.jpg"",""https://gomagcdn.ro/domains/kidstory.ro/files/product/original/set-pentru-explorarea-naturii-outdoor-adventure-157381.jpg"",""https://gomagcdn.ro/domains/kidstory.ro/files/product/original/set-pentru-explorarea-naturii-outdoor-adventure-017188.jpg""]",,"[""Carson""]",,,"true","false","0","0",,,,,"0","0","2026-02-07 02:17:55.145","2026-03-22 01:12:31.684",,"MIDDLE_SCHOOL_9_12","224","0","0","0","0","0","0","2.9","0","0","APPROVED","ENGINEERING","26f5418c-965d-4630-994c-b51947cdec04","false",,
"92a31a5f-c144-4e79-8a9c-3d0b273f57ad","Microscop portabil cu LED si UV, cu adaptor de smartphone, include 24 de lamele pregatite, marire 100-250x, MicroFlip","microscop-portabil-cu-led-si-uv-cu-adaptor-de-smartphone-include-24-de-lamele-pregatite-marire-100-250x-microflip-MP-250BUN",",   Calitatea imaginii HD cu iluminare UV + LED -  Microscopul de buzunar MicroFlip dispune de o lumina UV de inalta putere si o lumina LED si utilizeaza un sistem de lentile asferice pentru a oferi o magnificare de 100x-250x si imagini microscopice de inalta definitie.  Un instrument cost-eficient si de inalta calitate, perfect pentru orice aventura stiintifica.  ,   Digiscoping - Acest set de microscop este compatibil cu smartphone-ul, cu un adaptor si un clips pentru digiscoping incluse. Simplu atasati orice smartphone la MicroFlip-ul dvs. pentru a face fotografii si videoclipuri ale cercetarii stiintifice si pentru a explora biologia si microbiologia!  ,   Educational - Acest set de microscop este unul dintre cadourile perfecte pentru copiii interesati de stiinta sau microbiologie. Proiectat pentru utilizare usoara si portabilitate, oferind in acelasi timp o viziune clara si o magnificare ridicata, acest kit STEM educational include 24 de lamele pregatite unice pentru orice tanar stiintific sa examineze.  ,   Accesorii pentru kit - Microscopul de teren MicroFlip include diverse accesorii pentru a permite portabilitatea convenabila si utilizarea imediata in fiecare studiu de teren.  Include: un clips pentru digiscoping cu smartphone-ul, o curea de mana si 24 de lamele de microscop pregatite, 12 lamele cu animale si 12 lamele cu insecte.  Carson Optical este o companie cu 34 de experienta in domeniul opticii, fiind producatorul nr 1 de lupe din SUA, producatorul nr 1 de microscoape de buzunar din SUA si unul dintre principalii furnizori de binocluri. Carson are peste 100 de sute de brevete si vinde atat vanatorilor, cat si excursionistilor, studentilor, artizanilor si constructorilor.    Carson este un nume de incredere in domeniul opticii si ofera o varietate de produse care sunt perfecte pentru copii. Kiturile Carson sunt concepute pentru a fi distractive si educative si sunt cadouri excelente pentru copiii interesati de stiinta.","224",,"MP-250BUN","[""https://gomagcdn.ro/domains/kidstory.ro/files/product/original/microscop-portabil-cu-led-si-uv-cu-adaptor-de-smartphone-include-24-de-lamele-pregatite-marire-100-250x-microflip-864570.jpg"",""https://gomagcdn.ro/domains/kidstory.ro/files/product/original/microscop-portabil-cu-led-si-uv-cu-adaptor-de-smartphone-include-24-de-lamele-pregatite-marire-100-250x-microflip-155652.jpg"",""https://gomagcdn.ro/domains/kidstory.ro/files/product/original/microscop-portabil-cu-led-si-uv-cu-adaptor-de-smartphone-include-24-de-lamele-pregatite-marire-100-250x-microflip-851835.jpg"",""https://gomagcdn.ro/domains/kidstory.ro/files/product/original/microscop-portabil-cu-led-si-uv-cu-adaptor-de-smartphone-include-24-de-lamele-pregatite-marire-100-250x-microflip-029577.jpg"",""https://gomagcdn.ro/domains/kidstory.ro/files/product/original/microscop-portabil-cu-led-si-uv-cu-adaptor-de-smartphone-include-24-de-lamele-pregatite-marire-100-250x-microflip-452207.jpg"",""https://gomagcdn.ro/domains/kidstory.ro/files/product/original/microscop-portabil-cu-led-si-uv-cu-adaptor-de-smartphone-include-24-de-lamele-pregatite-marire-100-250x-microflip-254549.jpg"",""https://gomagcdn.ro/domains/kidstory.ro/files/product/original/microscop-portabil-cu-led-si-uv-cu-adaptor-de-smartphone-include-24-de-lamele-pregatite-marire-100-250x-microflip-278070.jpg""]",,"[""Carson""]",,,"true","false","1","0",,,,,"0","0","2026-02-07 02:17:55.145","2026-03-22 01:12:31.867",,"MIDDLE_SCHOOL_9_12","224","0","0","0","0","0","0","2.9","0","0","APPROVED","ENGINEERING","26f5418c-965d-4630-994c-b51947cdec04","false",,
"8dda88ea-373e-4024-b5d9-8f9422281c3f","Joc de cooperare Zana si vrajitorul, Londji","joc-de-cooperare-zana-si-vrajitorul-londji-Lj_FG026U","Joc de cooperare Zana si vrajitorul A fost odată ca niciodată o z&acirc;nă bună și o vrăjitoare rea. Z&acirc;na a vrut să creeze o pădure &icirc;n care fiecare animal să aibă un cămin. Vrăjitoarea, pe de altă parte, voia să &icirc;nchidă animalele &icirc;n pădure. Ajutați-o pe z&acirc;nă să o oprească pe vrăjitoare să-și ducă planul la &icirc;ndeplinire! Scopul jocului este de a construi &icirc;mpreună o pădure &icirc;nainte ca vrăjitoarea să facă vrăji și să &icirc;nchidă toate animalele &icirc;n cuști. Jocul se joacă pe r&acirc;nd, iar jucătorii elaborează &icirc;mpreună strategii pentru a se asigura că vrăjitoarea nu c&acirc;știgă jocul.Dacă un jucător reușește să formeze pădurea completă, toate animalele sunt automat eliberate, iar z&acirc;na și animalele c&acirc;știgă jocul!Un joc cooperativ care:- &Icirc;ncurajează comunicarea și strategiile de grup.- Stimulează orientarea spațială și calculul mental de bază.Un joc cooperativ de familie, &icirc;n care se lucrează &icirc;n echipă pentru a ajuta la construirea unei păduri &icirc;n care să trăiască animalele. Fabricat &icirc;n Spania de Londji. Pentru 2-5&nbsp; jucătoriDurata jocului 20 min. Ambalat &icirc;n cutie robustă din carton. Ilustrator Can Seixanta V&acirc;rsta recomandată: +6 ani.Confecționat din h&acirc;rtie FSC și carton reciclat. Conform reglementarilor EN71&amp;ASTM.AVERTISMENT: Contraindicat copiilor sub 3 ani. Se recomandă supravegherea copilului de către un adult &icirc;n timpul jocului.Producător: Londji, Spania.&nbsp;Proiectat și fabricat &icirc;n Europa","227",,"Lj_FG026U","[""https://cdnmpro.com/708224949/p/raw/7/joc-de-cooperare-zana-si-vrajitorul-londji~10827.jpg"",""https://cdnmpro.com/708224949/p/raw/5/joc-de-cooperare-zana-si-vrajitorul-londji~10825.jpg"",""https://cdnmpro.com/708224949/p/raw/6/joc-de-cooperare-zana-si-vrajitorul-londji~10826.jpg"",""https://cdnmpro.com/708224949/p/raw/8/joc-de-cooperare-zana-si-vrajitorul-londji~10828.jpg"",""https://cdnmpro.com/708224949/p/raw/9/joc-de-cooperare-zana-si-vrajitorul-londji~14729.jpg""]",,"[""Londji""]",,,"true","false","60","0",,,,,"0","0","2026-02-07 02:17:14.098","2026-03-22 01:12:34.551","Lj_FG026U","ELEMENTARY_6_8","149.82","0","0","0","0","0","0","2.9","0","0","APPROVED",,"ee75eea8-9f64-4076-96a2-52f5d6926c14","false",,
"fcda1a44-6f43-47ce-9f5c-1858507bea45","Joc Noapte buna 3 in 1, Londji","joc-noapte-buna-3-in-1-londji-Lj_FG028U","Joc Noapte bună 3 in 1 Prietenii noștri visători se duc la culcare. Cine poartă același model de pijama? Cine doarme în casa mea? Sub care pat se ascunde monstrul? Odata dezlegate toate acestea e timpul pentru somn. Noapte bună! 3 variante de joc: memorie, relații și deducție pentru cei mai tineri membri ai familiei. Pentru 2-5&nbsp; jucătoriDurata jocului 10 min. Ambalat în cutie robustă din carton. Ilustrator Can Seixanta Vârsta recomandată: +3 ani.Confecționat din hârtie FSC și carton reciclat. Conform reglementarilor EN71&amp;ASTM.AVERTISMENT: Contraindicat copiilor sub 3 ani. Se recomandă supravegherea copilului de către un adult în timpul jocului. Fabricat în Spania de Londji.","227",,"Lj_FG028U","[""https://cdnmpro.com/708224949/p/raw/3/joc-noapte-buna-3-in-1-londji~10853.jpg"",""https://cdnmpro.com/708224949/p/raw/0/joc-noapte-buna-3-in-1-londji~10850.jpg"",""https://cdnmpro.com/708224949/p/raw/1/joc-noapte-buna-3-in-1-londji~10851.jpg"",""https://cdnmpro.com/708224949/p/raw/2/joc-noapte-buna-3-in-1-londji~10852.jpg"",""https://cdnmpro.com/708224949/p/raw/4/joc-noapte-buna-3-in-1-londji~10854.jpg""]",,"[""Londji""]",,,"true","false","10","0",,,,,"0","0","2026-02-07 02:17:14.098","2026-03-22 01:12:34.567","Lj_FG028U","TODDLERS_1_3","149.82","0","0","0","0","0","0","2.9","0","0","APPROVED",,"ee75eea8-9f64-4076-96a2-52f5d6926c14","false",,
"f4c835ef-3750-4fec-97f0-163f143daafe","Joc Win Win Winter Fuga prin padure dupa mancare, Londji","joc-win-win-winter-fuga-prin-padure-dupa-mancare-londji-LJ_FG017U","Joc Win Win Winter - Fuga prin pădure după mâncare Iarna se apropie și veverițele se grăbesc să adune cât mai multe ghinde. Un joc de rapiditate și strategie pentru maxim 4 jucători. Veverița care reușește să adune cele mai multe ghinde și să le ducă la vizuină câștigă.Un joc educativ pe toate planurile- matematica simplă, conștientizarea spațială, definirea de strategii pentru a vă atinge obiectivele și pentru a vă ajuta să gestionați emoțiile. Jocul conține circuit de joc tip puzzle dimensiune 67x40 cm, 4 pioni (veverite) din lemn, zar, 24 de token-uri. Pentru 2-4 jucători. Durata jocului 20 minute. Vârsta recomandată: +7 ani.&nbsp; Confecționat din lemn, hartie FSC si carton reciclat. Conform reglementărilor EN71. AVERTISMENT: Contraindicat copiilor sub 3 ani. Se recomandă supravegherea copilului de către un adult în timpul jocului. Producător: Londji, Spania. Ilustrat de Can Seixanta","227",,"LJ_FG017U","[""https://cdnmpro.com/708224949/p/raw/6/joc-win-win-winter-fuga-prin-padure-dupa-mancare-londji~6366.jpg"",""https://cdnmpro.com/708224949/p/raw/8/joc-win-win-winter-fuga-prin-padure-dupa-mancare-londji~6818.jpg"",""https://cdnmpro.com/708224949/p/raw/0/joc-win-win-winter-fuga-prin-padure-dupa-mancare-londji~6820.jpg"",""https://cdnmpro.com/708224949/p/raw/2/joc-win-win-winter-fuga-prin-padure-dupa-mancare-londji~6822.jpg"",""https://cdnmpro.com/708224949/p/raw/4/joc-win-win-winter-fuga-prin-padure-dupa-mancare-londji~6824.jpg""]",,"[""Londji""]",,,"true","false","10","0",,,,,"0","0","2026-02-07 02:17:14.098","2026-03-22 01:12:34.24","LJ_FG017U","TODDLERS_1_3","149.82","0","0","0","0","0","0","2.9","0","0","APPROVED","MATHEMATICS","ee75eea8-9f64-4076-96a2-52f5d6926c14","false",,
"055c7518-8567-4500-bed1-f25cc391bc02","Kit STEM de construit motoare si generatoare, Thames & Kosmos","kit-stem-de-construit-motoare-si-generatoare-thames-and-kosmos-K_665036","Kit STEM de construit motoare si generatoare  Motoarele și generatoarele electrice se regăsesc în nenumărate dispozitive, aparate și vehicule pe care le folosim în fiecare zi. Sunt o tehnologie esențială în lumea noastră modernă. Cu acest kit, puteți efectua 25 de experimente pentru a afla cum un motor electric transformă electricitatea în mișcare și cum un generator electric face exact invers, transformând mișcarea în electricitate. Motorul electric este realizat din plastic transparent pentru a vedea cum funcționează componentele interioare. Configurați motorul să funcționeze pe baterie și aflați cum funcționează un motor. Apoi reconfigurați dispozitivul să funcționeze în sens invers ca un generator electric cu manivelă. Experimentați forța magnetismului și modul în care câmpurile magnetice se leagă de curentul electric. Construiți circuite simple constând din motor sau generator, fire și un bec pentru a afla despre fluxul de electricitate. Aflați despre roți dințate și transmisii și cum funcționează acestea pentru a converti eficient energia cinetică în energie electrică și înapoi. Manualul cu imagini colorate, de 48 de pagini, vă ghidează experimentele cu instrucțiuni pas cu pas. Conține 12 piese, manual cu instrucțiuni și informații. Necesita 2 baterii AA. Vârsta recomandată: +8 ani .AVERTISMENT: Contraindicat copiilor sub 8 ani, conține piese mici, pericol de înghițire. Se recomandă supravegherea copilului de către un adult în timpul jocului.&nbsp;Citiți instrucțiunile înainte de utilizare, urmați-le și păstrați-le pentru referință.Produs in China pentru Thames &amp; Kosmos, Anglia.&nbsp; Manual Kit STEM de construit motoare si generatoare - descarca fisier   ","232",,"K_665036","[""https://cdnmpro.com/708224949/p/raw/8/kit-stem-de-construit-motoare-si-generatoare-thames-kosmos~9398.jpg"",""https://cdnmpro.com/708224949/p/raw/9/kit-stem-de-construit-motoare-si-generatoare-thames-kosmos~9399.jpg"",""https://cdnmpro.com/708224949/p/raw/0/kit-stem-de-construit-motoare-si-generatoare-thames-kosmos~9400.jpg"",""https://cdnmpro.com/708224949/p/raw/1/kit-stem-de-construit-motoare-si-generatoare-thames-kosmos~9401.jpg"",""https://cdnmpro.com/708224949/p/raw/3/kit-stem-de-construit-motoare-si-generatoare-thames-kosmos~13783.jpg""]",,"[""Thames & Kosmos""]",,,"true","false","31","0",,,,,"0","0","2026-02-07 02:17:14.098","2026-03-22 01:12:34.453","814743010390.0","ELEMENTARY_6_8","160.08","0","0","0","0","0","0","2.9","0","0","APPROVED","TECHNOLOGY","ee75eea8-9f64-4076-96a2-52f5d6926c14","false",,
"dcc6e2f7-dd87-4d45-9ecc-4e33247e747f","Joc Cucereste muntele, Londji","joc-cucereste-muntele-londji-Lj_FG020U","Joc Cucerește muntele Joc de strategie pentru cei care iubesc natura, muntele și joaca. Jocul te poartă pe cel mai înalt munte, pe vârful căruia încă nu a reușit să ajungă nimeni. Cucerește tu vârful, folosindu-te de logică și strategie pentru a crea traseul pe care să urci pas cu pas. Pentru 2-5 jucători. Durata jocului: 50 min. Joc de cooperare și strategie. Dezvoltă planificarea, orientarea in spatiu, anticiparea mișcărilor și gândirea strategică, cooperarea între jucători. Conține 5 pioni, 2 zaruri cu cifre, un zar cu animale, 120 piese cu care se construiește traseul spre varful muntelui, 5 token-uri mari (4 animale + o zână), 42 token-uri mici (provizii, gunoi, cabana, premiu). Ilustrație Can Seixanta Vârsta recomandată: +7 ani. Confecționat din hârtie FSC, carton reciclat și lemn. Conform reglementarilor EN71&amp;ASTM. AVERTISMENT: Contraindicat copiilor sub 3 ani. Se recomandă supravegherea copilului de către un adult în timpul jocului. Producător: Londji, Spania. Ilustrat de Can Seixanta FG020U cucereste muntele- descarca aici regulile jocului","233",,"Lj_FG020U","[""https://cdnmpro.com/708224949/p/raw/6/joc-cucereste-muntele-londji~6896.jpg"",""https://cdnmpro.com/708224949/p/raw/6/joc-cucereste-muntele-londji~7606.jpg"",""https://cdnmpro.com/708224949/p/raw/7/joc-cucereste-muntele-londji~7607.jpg"",""https://cdnmpro.com/708224949/p/raw/8/joc-cucereste-muntele-londji~7608.jpg"",""https://cdnmpro.com/708224949/p/raw/8/joc-cucereste-muntele-londji~17098.jpg""]",,"[""Londji""]",,,"true","false","11","0",,,,,"0","0","2026-02-07 02:17:14.098","2026-03-22 01:12:34.34","Lj_FG020U","TODDLERS_1_3","153.78","0","0","0","0","0","0","2.9","0","0","APPROVED","GENERAL","ee75eea8-9f64-4076-96a2-52f5d6926c14","false",,
"6f374a2a-5570-45e4-abad-56b8423cbad5","Set magnetic de construit- Magformers, 30 piese","set-magnetic-de-construit-magformers-30-piese-clic-701005","Set Magformers cu 30 de piese cu magnet, de formă pătrată și triunghiulară, cu ajutorul cărora copiii pot să contruiască orice modele doresc. Posibilitățile și distracția sunt nelimitate, așa că cei mici pot să își lase imaginația liberă și creativitatea lor va prinde cât mai multe forme. Proiectate și dezvoltate de specialiști de la „Magformers” - liderul global în domeniul jocului de construit cu magnet, și „Clics” - marcă de jucării cu renume în Belgia, Magformers înseamnă mai mult decât o simplă jucărie. Magformers reunește piese și accesorii pentru construit cu magneți, dezvoltând îndemânarea, creativitatea și imaginația. Magformers este o jucărie de construcție pentru fiecare copil, un mod inedit de a îmbina piesele, garantând pentru calitate și diversitate. Magformers oferă piese de bază simple, cu un nivel ridicat de aplicabilitate, dezvoltându-și îndemânarea, înțelegând spațialitatea și geometria. Siguranța este esențială, așadar piesele cu magnet sunt sigure pentru cei mici! Magneții sunt încapsulați în interiorul pieselor, pe toate laturile lor, și poziționati astfel încât polii lor să se atragă, indiferent de modul în care piesele sunt apropiate, ceea ce este un avantaj inedit! Piesele Magformers se pot apropia pentru a construi apoi prin pliere, combinarea de mai multe părți, îndoirea sau extensia unor laturi, astfel că posibilitățile sunt nelimitate. Vârsta recomandată: +3 ani. AVERTISMENT! Contraindicat copiilor sub 3 ani. A se folosi sub directa supraveghere a unei persoane adulte. Producător: Clics toys, Belgia.","240.8",,"701005","[""https://cdnmpro.com/708224949/p/raw/7/set-magnetic-de-construit-magformers-30-piese~5707.jpg"",""https://cdnmpro.com/708224949/p/raw/9/set-magnetic-de-construit-magformers-30-piese~6079.jpg"",""https://cdnmpro.com/708224949/p/raw/0/set-magnetic-de-construit-magformers-30-piese~6080.jpg"",""https://cdnmpro.com/708224949/p/raw/1/set-magnetic-de-construit-magformers-30-piese~6081.jpg"",""https://cdnmpro.com/708224949/p/raw/2/set-magnetic-de-construit-magformers-30-piese~6082.jpg""]",,"[""Clicstoys""]",,,"true","false","2","0",,,,,"0","0","2026-02-07 02:17:14.098","2026-03-22 01:12:34.121","8809134360019.0","TODDLERS_1_3","195.96","0","0","0","0","0","0","2.9","0","0","APPROVED","MATHEMATICS","ee75eea8-9f64-4076-96a2-52f5d6926c14","false",,
"cmltqppc80009jjvrt5qzpfwn","Dino Dig Mega Pack Bundle","dino-dig-mega-pack-bundle","Four dinosaur dig kits for a complete junior paleontology adventure.","242.88","276",,"[""https://gomagcdn.ro/domains/kidstory.ro/files/product/original/set-educativ-sapa-si-descopera-dinozauri-t-rex-198469.jpg"",""https://gomagcdn.ro/domains/kidstory.ro/files/product/original/set-educativ-sapa-si-descopera-dinozauri-t-rex-975376.jpg"",""https://gomagcdn.ro/domains/kidstory.ro/files/product/original/set-educativ-sapa-si-descopera-dinozauri-t-rex-799521.jpg"",""https://gomagcdn.ro/domains/kidstory.ro/files/product/original/set-educativ-sapa-si-descopera-dinozauri-t-rex-395172.jpg"",""https://gomagcdn.ro/domains/kidstory.ro/files/product/original/set-educativ-sapa-si-descopera-dinozauri-t-rex-723799.jpg"",""https://gomagcdn.ro/domains/kidstory.ro/files/product/original/set-educativ-sapa-si-descopera-dinozauri-t-rex-151543.jpg"",""https://gomagcdn.ro/domains/kidstory.ro/files/product/original/set-educativ-sapa-si-descopera-dinozauri-t-rex-152559.jpg"",""https://gomagcdn.ro/domains/kidstory.ro/files/product/original/set-educativ-sapa-si-descopera-dinozauri-t-rex-110970.jpg"",""https://gomagcdn.ro/domains/kidstory.ro/files/product/original/set-educativ-sapa-si-descopera-dinozauri-t-rex-014048.jpg""]","cmltqopok0000jjujlb7k8cog","[""Science & Experiments"",""Bundle"",""SCIENCE""]",,,"true","true","1","0",,,,,"0","0","2026-02-19 17:33:47.527","2026-02-19 19:49:05.954",,"PRESCHOOL_3_5","207","0","0","0","0","0","0","2.9","0","0","APPROVED","SCIENCE","26f5418c-965d-4630-994c-b51947cdec04","true","[""08fcc22d-2367-41c7-880c-d070ea8b2182"",""39231a01-1622-40c2-b976-4119a577ed58"",""682ccbc9-692b-4a96-b0b2-52fb4df681b9"",""f8888ef9-e927-434d-9dd9-40c9fde8f5ce""]","12"
"cmltqpp5p0005jjvrals0s601","Spy & Security STEM Pack","spy-security-stem-pack","A logic and gadget set for kids who love spy missions and engineering puzzles.","252.9","281",,"[""https://gomagcdn.ro/domains/kidstory.ro/files/product/original/kit-stem-proiector-identitati-trusa-spionului-kidzlabs-324205.webp""]","cmltqopok0000jjujlb7k8cog","[""Science & Experiments"",""Bundle"",""SCIENCE""]",,,"true","true","1","0",,,,,"0","0","2026-02-19 17:33:47.293","2026-02-19 19:49:21.692",,"ELEMENTARY_6_8","210.75","0","0","0","0","0","0","2.9","0","0","APPROVED","SCIENCE","26f5418c-965d-4630-994c-b51947cdec04","true","[""0b640779-a1d0-44c1-8046-737af3e9f97b"",""1d11dd52-6652-4248-8bed-d59fc0bb6962"",""333fcc89-b53a-4ce5-91f1-f97b90a233d8""]","10"
"cmltqpqa5000rjjvrr2q8p6kw","Egmont Magnetic Games Trio Bundle","egmont-magnetic-games-trio-bundle","Three compact magnetic logic games ideal for travel and quick brain practice.","258.72","294",,"[""https://cdnmpro.com/708224949/p/raw/9/jocuri-magnetice-tangram-egmont-toys~20869.jpg"",""https://cdnmpro.com/708224949/p/raw/5/jocuri-magnetice-tangram-egmont-toys~20865.jpg"",""https://cdnmpro.com/708224949/p/raw/6/jocuri-magnetice-tangram-egmont-toys~20866.jpg"",""https://cdnmpro.com/708224949/p/raw/7/jocuri-magnetice-tangram-egmont-toys~20867.jpg"",""https://cdnmpro.com/708224949/p/raw/8/jocuri-magnetice-tangram-egmont-toys~20868.jpg""]","cmltqoqov0003jjujnu1ppk5u","[""Logic Games"",""Bundle"",""MATHEMATICS""]",,,"true","true","1","1",,,,,"0","0","2026-02-19 17:33:48.749","2026-03-19 01:12:36.011",,"ELEMENTARY_6_8","194.04","0","0","0","0","0","0","2.9","0","0","APPROVED","MATHEMATICS","ee75eea8-9f64-4076-96a2-52f5d6926c14","true","[""4c660443-eda6-4983-a9b4-3e640ba90acd"",""667b3cfe-8a1c-40bd-8bea-9755809fa89d"",""5cd32c03-6754-435f-8e9f-3bb1d88b105d""]","12"
"349857e5-c842-4a4b-a545-1c2084d88b97","Set magnetic de construit- Magformers Inspire, 30 piese","set-magnetic-de-construit-magformers-inspire-30-piese-clic-704002","Set Magformers cu 30 de piese cu magnet, de formă pătrată și triunghiulară, cu ajutorul cărora copiii pot să contruiască orice modele doresc. Posibilitățile și distracția sunt nelimitate, așa că cei mici pot să își lase imaginația liberă și creativitatea lor va prinde cât mai multe forme. Și fetele merită un set de construit, ele pot fi viitoarele arhitecte! Proiectate și dezvoltate de specialiști de la „Magformers” - liderul global în domeniul jocului de construit cu magnet, și „Clics” - marcă de jucării cu renume în Belgia, Magformers înseamnă mai mult decât o simplă jucărie. Magformers reunește piese și accesorii pentru construit cu magneți, dezvoltând îndemânarea, creativitatea și imaginația. Magformers este o jucărie de construcție pentru fiecare copil, un mod inedit de a îmbina piesele, garantând pentru calitate și diversitate. Magformers oferă piese de bază simple, cu un nivel ridicat de aplicabilitate, dezvoltându-și îndemânarea, înțelegând spațialitatea și geometria. Siguranța este esențială, așadar piesele cu magnet sunt sigure pentru cei mici! Magneții sunt încapsulați în interiorul pieselor, pe toate laturile lor, și poziționati astfel încât polii lor să se atragă, indiferent de modul în care piesele sunt apropiate, ceea ce este un avantaj inedit! Piesele Magformers se pot apropia pentru a construi apoi prin pliere, combinarea de mai multe părți, îndoirea sau extensia unor laturi, astfel că posibilitățile sunt nelimitate. Vârsta recomandată: +3 ani. AVERTISMENT! Contraindicat copiilor sub 3 ani. A se folosi sub directa supraveghere a unei persoane adulte. Producător: Clics toys, Belgia.","260.8",,"704002","[""https://cdnmpro.com/708224949/p/raw/6/set-magnetic-de-construit-magformers-inspire-30-piese~6416.jpg"",""https://cdnmpro.com/708224949/p/raw/5/set-magnetic-de-construit-magformers-inspire-30-piese~7085.jpg"",""https://cdnmpro.com/708224949/p/raw/7/set-magnetic-de-construit-magformers-inspire-30-piese~7087.jpg"",""https://cdnmpro.com/708224949/p/raw/8/set-magnetic-de-construit-magformers-inspire-30-piese~7088.jpg"",""https://cdnmpro.com/708224949/p/raw/9/set-magnetic-de-construit-magformers-inspire-30-piese~7089.jpg""]",,"[""Clicstoys""]",,,"true","false","8","0",,,,,"0","0","2026-02-07 02:17:14.098","2026-03-22 01:12:34.257","8809134367438.0","TODDLERS_1_3","212.07","0","0","0","0","0","0","2.9","0","0","APPROVED","MATHEMATICS","ee75eea8-9f64-4076-96a2-52f5d6926c14","false",,
"1b1671c4-ae2a-42a5-8bd5-56b52035c6ea","Compendiu de 11 jocuri de societate, Egmont Toys","compendiu-de-11-jocuri-de-societate-egmont-toys-Egm_571013","11 jocuri de societate: șah, mikado, ludo, moara, table, domino, cărți de joc și multe altele!  Transformă momentele de familie și întâlnirile cu prietenii în experiențe memorabile cu Compendiul de Jocuri – 11 Jocuri Diverse de la Egmont Toys. Acest set complet oferă o selecție variată de jocuri clasice, toate incluse într-o cutie de lemn durabilă, ușor de transportat și depozitat.  Conținutul cutiei:   Tabla de șah față/ verso: Pentru partide strategice de șah și dame și dezvoltarea gândirii tactice.    Cărți de joc:&nbsp;două seturi de cărți de joc pentru o varietate de jocuri de societate.    Mikado: Un joc de dexteritate pentru exersarea răbdării, concentrării și preciziei.    Zaruri: 2 zaruri albe și 2 zaruri negre pentru jocuri de noroc și strategie.    Alte piese pentru jocuri de societate: ludo, moara, domino, etc. pentru a satisface toate preferințele și vârstele.    Detalii produs:   Dimensiuni cutie: 30 x 60 x 6 cm    Vârsta recomandată: +5 ani    Materiale: Lemn și carton     Compendiul de Jocuri – 11 Jocuri Diverse este cadoul ideal pentru familii și iubitorii de jocuri de societate, oferind ore întregi de distracție și învățare prin joc. Conform reglementărilor EN71&amp;ASTM. Contraindicat copiilor mai mici de 3 ani. Conține piese mici. Pericol de înghițire. A se utiliza sub directa supraveghere a unei persoane adulte. Producător: Egmont Toys, Belgia","263",,"Egm_571013","[""https://cdnmpro.com/708224949/p/raw/2/compendiu-de-11-jocuri-de-societate-egmont-toys~12392.jpg"",""https://cdnmpro.com/708224949/p/raw/3/compendiu-de-11-jocuri-de-societate-egmont-toys~12393.jpg""]",,"[""Egmont Toys""]",,,"true","false","11","0",,,,,"0","0","2026-02-07 02:17:14.098","2026-03-22 01:12:34.713","5420023043375.0","TODDLERS_1_3","173.58","0","0","0","0","0","0","2.9","0","0","APPROVED","GENERAL","ee75eea8-9f64-4076-96a2-52f5d6926c14","false",,
"64b2e84d-aa32-4bd5-9870-1d9269936c95","Set magnetic de construit- Set de baza Magformers, 30 piese","set-magnetic-de-construit-set-de-baza-magformers-30-piese-clic-702001","Set Magformers cu 30 de piese cu magnet, de formă pătrată și triunghiulară, cu ajutorul cărora copiii pot să contruiască orice modele doresc. Posibilitățile și distracția sunt nelimitate, așa că cei mici pot să își lase imaginația liberă și creativitatea lor va prinde cât mai multe forme. Proiectate și dezvoltate de specialiști de la „Magformers” - liderul global în domeniul jocului de construit cu magnet, și „Clics” - marcă de jucării cu renume în Belgia, Magformers înseamnă mai mult decât o simplă jucărie. Magformers reunește piese și accesorii pentru construit cu magneți, dezvoltând îndemânarea, creativitatea și imaginația. Magformers este o jucărie de construcție pentru fiecare copil, un mod inedit de a îmbina piesele, garantând pentru calitate și diversitate. Magformers oferă piese de bază simple, cu un nivel ridicat de aplicabilitate, dezvoltându-și îndemânarea, înțelegând spațialitatea și geometria. Siguranța este esențială, așadar piesele cu magnet sunt sigure pentru cei mici! Magneții sunt încapsulați în interiorul pieselor, pe toate laturile lor, și poziționati astfel încât polii lor să se atragă, indiferent de modul în care piesele sunt apropiate, ceea ce este un avantaj inedit! Piesele Magformers se pot apropia pentru a construi apoi prin pliere, combinarea de mai multe părți, îndoirea sau extensia unor laturi, astfel că posibilitățile sunt nelimitate. Vârsta recomandată: +3 ani. AVERTISMENT! Contraindicat copiilor sub 3 ani. A se folosi sub directa supraveghere a unei persoane adulte. Producător: Clics toys, Belgia.","270.4",,"702001","[""https://cdnmpro.com/708224949/p/raw/1/set-magnetic-de-construit-set-de-baza-magformers-30-piese~5711.jpg"",""https://cdnmpro.com/708224949/p/raw/6/set-magnetic-de-construit-set-de-baza-magformers-30-piese~6096.jpg"",""https://cdnmpro.com/708224949/p/raw/7/set-magnetic-de-construit-set-de-baza-magformers-30-piese~6097.jpg"",""https://cdnmpro.com/708224949/p/raw/8/set-magnetic-de-construit-set-de-baza-magformers-30-piese~6098.jpg"",""https://cdnmpro.com/708224949/p/raw/9/set-magnetic-de-construit-set-de-baza-magformers-30-piese~6099.jpg""]",,"[""Clicstoys""]",,,"true","false","15","0",,,,,"0","0","2026-02-07 02:17:14.098","2026-03-22 01:12:34.155","8809134367506.0","TODDLERS_1_3","220.12","0","0","0","0","0","0","2.9","0","0","APPROVED","MATHEMATICS","ee75eea8-9f64-4076-96a2-52f5d6926c14","false",,
"cmltqppyt000ljjvrwoc1aatk","Londji Puzzle & Optical Bundle","londji-puzzle-optical-bundle","A premium puzzle plus optical toys bundle for curiosity and imaginative play.","272.8","310",,"[""https://cdnmpro.com/708224949/p/raw/5/puzzle-descopera-dinozaurii-londji~10145.jpg"",""https://cdnmpro.com/708224949/p/raw/6/puzzle-descopera-dinozaurii-londji~10146.jpg"",""https://cdnmpro.com/708224949/p/raw/7/puzzle-descopera-dinozaurii-londji~10147.jpg"",""https://cdnmpro.com/708224949/p/raw/8/puzzle-descopera-dinozaurii-londji~10148.jpg"",""https://cdnmpro.com/708224949/p/raw/7/puzzle-descopera-dinozaurii-londji~17007.jpg""]","cmltqoqsf0004jjujibh2j3vx","[""Puzzles & Optics"",""Bundle"",""SCIENCE""]",,,"true","true","2","1",,,,,"0","0","2026-02-19 17:33:48.341","2026-03-10 01:22:54.705",,"ELEMENTARY_6_8","204.6","0","0","0","0","0","0","2.9","0","0","APPROVED","SCIENCE","ee75eea8-9f64-4076-96a2-52f5d6926c14","true","[""08b2c5fe-b8d6-49a6-946b-bf3d21b00759"",""37763e24-9240-4a2e-a7d8-7b18649b0298"",""18337bd9-43a9-4da2-820e-7b4a41416139"",""10d5c3f6-b9ad-4f74-b4a4-7d520ab02221""]","12"
"cmltqppqr000hjjvr9qzksght","Clicformers Builder Variety Bundle","clicformers-builder-variety-bundle","Creative construction bundle combining insects, animals, and advanced nano pieces.","287.47","323",,"[""https://cdnmpro.com/708224949/p/raw/0/set-de-construit-clicformers-insecte-30-piese~5710.jpg"",""https://cdnmpro.com/708224949/p/raw/0/set-de-construit-clicformers-insecte-30-piese~6090.jpg"",""https://cdnmpro.com/708224949/p/raw/1/set-de-construit-clicformers-insecte-30-piese~6091.jpg"",""https://cdnmpro.com/708224949/p/raw/2/set-de-construit-clicformers-insecte-30-piese~6092.jpg"",""https://cdnmpro.com/708224949/p/raw/3/set-de-construit-clicformers-insecte-30-piese~6093.jpg""]","cmltqoqd70002jjujuey1ukeu","[""Magnetic Building"",""Bundle"",""ENGINEERING""]",,,"true","true","1","0",,,,,"0","0","2026-02-19 17:33:48.051","2026-02-19 19:48:33.741",,"ELEMENTARY_6_8","222.87","0","0","0","0","0","0","2.9","0","0","APPROVED","ENGINEERING","ee75eea8-9f64-4076-96a2-52f5d6926c14","true","[""1bdd5572-8c47-4a8f-be0f-f4bc695cc6f2"",""662a2814-dbd1-4834-9570-075b867e8c6e"",""3b21e993-1834-450e-9076-ecb8264976f3""]","11"
"dde1c2c3-21fd-449d-a18f-4fa54fed08a4","Set Clixo de construit cu magnet, Itsy pack Flamingo-Turquoise 30","set-clixo-de-construit-cu-magnet-itsy-pack-flamingo-turquoise-30-clixo201006","Cele mai noi forme pentru construit - super flexibile, sigure, ușoare, versatile  Construiește cu cele mai inedite instrumente- piesele Clixo sunt moi, ușoare, flexibile, care pot fi îmbinate cu magneții din capete prin simpla apropiere, creând nenumărate forme. Faceți clic și proiectați! Iar când vreți modele noi, nu e nicio problemă, desfaceți piesele Clixo și o luați de la capăt, pentru că se pot folosi de oricâte ori doriți.  Conține 30 piese.  Dezvoltă joaca liberă, motricitatea, imaginația. Vârsta recomandată: + 4 ani. AVERTISMENT! A se folosi sub directa supraveghere a unei persoane adulte. Asigurați-vă că ați citit toate atenționările înainte de a înmâna jucăria copilului. Produs certificat internațional pentru siguranță. Producator: Clics toys, Belgia.","296.8",,"clixo201006","[""https://cdnmpro.com/708224949/p/raw/3/set-clixo-de-construit-cu-magnet-itsy-pack-flamingo-turquoise-30~6993.jpg"",""https://cdnmpro.com/708224949/p/raw/2/set-clixo-de-construit-cu-magnet-itsy-pack-flamingo-turquoise-30~7922.jpg"",""https://cdnmpro.com/708224949/p/raw/4/set-clixo-de-construit-cu-magnet-itsy-pack-flamingo-turquoise-30~7924.jpg"",""https://cdnmpro.com/708224949/p/raw/6/set-clixo-de-construit-cu-magnet-itsy-pack-flamingo-turquoise-30~7926.jpg"",""https://cdnmpro.com/708224949/p/raw/7/set-clixo-de-construit-cu-magnet-itsy-pack-flamingo-turquoise-30~7927.jpg""]",,"[""Clicstoys""]",,,"true","false","1","0",,,,,"0","0","2026-02-07 02:17:14.098","2026-03-22 01:12:34.373","860005765942.0","TODDLERS_1_3","241.59","0","0","0","0","0","0","2.9","0","0","APPROVED",,"ee75eea8-9f64-4076-96a2-52f5d6926c14","false",,
"cbc7a5a2-d9f8-4f88-8f42-616f27dd7d0d","Kit STEM Principii avansate de fizica aplicata, Genius Toy","kit-stem-principii-avansate-de-fizica-aplicata-genius-toy-G_7441","Kit STEM Prinicipii avansate de fizică aplicată Construiți un generator de energie eoliană, o macara, un ceas cu pendul, o mașină cu p&acirc;nze, un robot marțian, un joc cu bile, o mașină cu ciocane, o centrifugă,o balanță de forță și zeci de alte modele.●Experimentați cu mașini simple: angrenaje, p&acirc;rghii, șuruburi, planuri &icirc;nclinate, scripeți, roți și axe.●&Icirc;nvățați și &icirc;nțelegeți cele mai importante legi și ecuații ale fizicii.●Citiți despre aplicații uimitoare ale fizicii &icirc;n lumea reală. ● 37 de experimente permit copiilor să &icirc;nvețe legile fundamentale ale fizicii mecanice, gravitația, mașinile simple, accelerația, impulsul și multe altele. ● Aplicații de fizică din lumea reală. ● Cutia motorului mărește puterea de antrenare a cuplului de 28 de ori și rulează fără probleme toate modelele. Piesele din aceast kit sunt compatibile cu piesele altor seturi de construcție Gigo.Conține 306 piese, 37 modele, manual cu instrucțiuni. Necesită 2 baterii AA. Vărsta recomandată: +8 ani. Confecționat din plastic. Conform reglementarilor EN71&amp;ASTM.AVERTISMENT: Contraindicat copiilor sub 3 ani, conține piese mici. Se recomandă supravegherea copilului de către un adult &icirc;n timpul jocului.&nbsp;Citiți instrucțiunile &icirc;nainte de utilizare, urmați-le și păstrați-le pentru referință.Produs in Taiwan de Genius Toy.   ","299",,"G_7441","[""https://cdnmpro.com/708224949/p/raw/3/kit-stem-principii-avansate-de-fizica-aplicata-genius-toy~19943.jpg"",""https://cdnmpro.com/708224949/p/raw/8/kit-stem-principii-avansate-de-fizica-aplicata-genius-toy~19938.jpg"",""https://cdnmpro.com/708224949/p/raw/9/kit-stem-principii-avansate-de-fizica-aplicata-genius-toy~19939.jpg"",""https://cdnmpro.com/708224949/p/raw/0/kit-stem-principii-avansate-de-fizica-aplicata-genius-toy~19940.jpg"",""https://cdnmpro.com/708224949/p/raw/1/kit-stem-principii-avansate-de-fizica-aplicata-genius-toy~19941.jpg""]",,"[""Gigo Toys""]",,,"true","false","61","0",,,,,"0","0","2026-02-07 02:17:14.098","2026-03-22 01:12:34.908","4716503074412.0","ELEMENTARY_6_8","197.34","0","0","0","0","0","0","2.9","0","0","APPROVED","SCIENCE","ee75eea8-9f64-4076-96a2-52f5d6926c14","false",,
"cmltqpp2f0003jjvrzevc3xjb","Space & Orbits STEM Pack","space-orbits-stem-pack","Hands-on astronomy and space science set with planetary and rocket builds.","301.5","335",,"[""https://gomagcdn.ro/domains/kidstory.ro/files/product/original/kit-constructie-sistemul-solar-stiinta-verde-green-science-953750.png"",""https://gomagcdn.ro/domains/kidstory.ro/files/product/original/kit-constructie-sistemul-solar-stiinta-verde-green-science-746577.png"",""https://gomagcdn.ro/domains/kidstory.ro/files/product/original/kit-constructie-sistemul-solar-stiinta-verde-green-science-795335.png""]","cmltqopok0000jjujlb7k8cog","[""Science & Experiments"",""Bundle"",""SCIENCE""]",,,"true","true","1","0",,,,,"0","0","2026-02-19 17:33:47.176","2026-02-19 19:49:28.289",,"ELEMENTARY_6_8","251.25","0","0","0","0","0","0","2.9","0","0","APPROVED","SCIENCE","26f5418c-965d-4630-994c-b51947cdec04","true","[""ca59e2e0-30fb-4cd3-b9e1-86a71518fa81"",""7ef54a14-a9b3-4c33-a949-c587777b6d2d"",""81c98796-f3c3-4b4a-bd15-42ee58c58bc0""]","10"
"6c368f15-6406-49b1-b50e-3dc08a7239e0","Set magnetic de constuit Dome pastel 34 piese, Cleverclixx","set-magnetic-de-constuit-dome-pastel-34-piese-cleverclixx-CC-1025","Cleverclixx Curved Dome – Creează construcții mai mari și mai spectaculoase! Descoperă Curved Dome Pack, set cu&nbsp;34 de piese magnetice cu forme curbate, concepute pentru a permite copiilor să construiască structuri mai complexe și impresionante. Cu aceste piese inovatoare, imaginația copilului va atinge un nou nivel! 🚀 Creativitate fără limite și învățare prin joacă  Încurajează explorarea de forme noi și structuri inovatoare. Dezvoltă gândirea spațială și abilitățile de rezolvare a problemelor. Perfect pentru joacă individuală sau în grup.  🌟 Experiență de construcție unică  Creează domuri, arcade și structuri fascinante. Compatibil cu alte seturi Cleverclixx pentru construcții infinite. Se poate fixa pe suprafețe magnetice, precum un calorifer, pentru a crea în plan vertical. Se poate&nbsp;desena și scrie pe piese cu markere lavabile pentru mai multă distracție.  🎓 Învață prin metoda STEAM Joaca cu Cleverclixx stimulează dezvoltarea motorie și cognitivă, fiind tot mai des utilizată în grădinițe și școli primare.🌍 STEAM = Știință, Tehnologie, Inginerie, Arte &amp; Matematică – o metodă modernă de învățare practică. 🏆 Calitate și siguranță ✔ Potrivit pentru copii de la 3 ani✔ 34 de piese din plastic MABS fără BPA✔ Certificări: CPSC, CE, EN71, ASTM Transformă fiecare sesiune de joacă într-o aventură creativă și educativă! AVERTISMENT: Contraindicat copiilor sub 3 ani. Se recomandă supravegherea copilului de către un adult în timpul jocului.Produs de Cleverclixx","315",,"CC-1025","[""https://cdnmpro.com/708224949/p/raw/8/set-magnetic-de-constuit-dome-pastel-34-piese-cleverclixx~20658.jpg"",""https://cdnmpro.com/708224949/p/raw/9/set-magnetic-de-constuit-dome-pastel-34-piese-cleverclixx~20659.jpg"",""https://cdnmpro.com/708224949/p/raw/0/set-magnetic-de-constuit-dome-pastel-34-piese-cleverclixx~20660.jpg"",""https://cdnmpro.com/708224949/p/raw/2/set-magnetic-de-constuit-dome-pastel-34-piese-cleverclixx~20662.jpg"",""https://cdnmpro.com/708224949/p/raw/3/set-magnetic-de-constuit-dome-pastel-34-piese-cleverclixx~20663.jpg""]",,"[""Cleverclixx""]",,,"true","false","7","0",,,,,"0","0","2026-02-07 02:17:14.098","2026-03-22 01:12:35.145","6151004375305.0","TODDLERS_1_3","217.35","0","0","0","0","0","0","2.9","0","0","APPROVED","MATHEMATICS","ee75eea8-9f64-4076-96a2-52f5d6926c14","false",,
"cmltqpovt0001jjvrv9278q84","Solar Robots Trio Bundle","solar-robots-trio-bundle","Build three solar models and explore renewable energy through play.","359.1","399",,"[""https://gomagcdn.ro/domains/kidstory.ro/files/product/original/kit-constructie-robot-solar-stiinta-verde-green-science-327354.png"",""https://gomagcdn.ro/domains/kidstory.ro/files/product/original/kit-constructie-robot-solar-stiinta-verde-green-science-959702.png"",""https://gomagcdn.ro/domains/kidstory.ro/files/product/original/kit-constructie-robot-solar-stiinta-verde-green-science-872958.png""]","cmltqopok0000jjujlb7k8cog","[""Science & Experiments"",""Bundle"",""SCIENCE""]",,,"true","true","1","0",,,,,"0","0","2026-02-19 17:33:46.937","2026-02-19 19:49:33.781",,"ELEMENTARY_6_8","299.25","0","0","0","0","0","0","2.9","0","0","APPROVED","SCIENCE","26f5418c-965d-4630-994c-b51947cdec04","true","[""f7d2fe64-6cfa-4353-989a-adc129943d38"",""a4b052bf-6a5e-4cbc-91f3-29004ee50fbf"",""9e5884a7-4907-49c6-8629-ec998d3b0728""]","10"
"cmltqppvo000jjjvrks8jz1ry","Djeco Logic Trio Bundle","djeco-logic-trio-bundle","Three top logic games for spatial reasoning, sequencing, and problem solving.","363.375","403.75",,"[""https://cdnmpro.com/708224949/p/raw/5/joc-de-logica-eduludo-topologix-djeco~2455.jpg"",""https://cdnmpro.com/708224949/p/raw/3/joc-de-logica-eduludo-topologix-djeco~2123.jpg"",""https://cdnmpro.com/708224949/p/raw/3/joc-de-logica-eduludo-topologix-djeco~2453.jpg""]","cmltqoqov0003jjujnu1ppk5u","[""Logic Games"",""Bundle"",""MATHEMATICS""]",,,"true","true","13","0",,,,,"0","0","2026-02-19 17:33:48.228","2026-02-19 19:48:23.134",,"ELEMENTARY_6_8","280.5","0","0","0","0","0","0","2.9","0","0","APPROVED","MATHEMATICS","ee75eea8-9f64-4076-96a2-52f5d6926c14","true","[""0542c6b5-bc2e-46a5-8ac2-e4a0925fa58d"",""0e3a0bc2-bfa7-4314-b747-44bb04592ed1"",""545124d8-9a14-4cba-9e91-82fb0bbe2f82""]","10"
"98db14ab-d0e5-4b55-b670-5854b71d5373","Set magnetic de construit Dome 47 piese, Cleverclixx","set-magnetic-de-construit-dome-47-piese-cleverclixx-CC-1024","Cleverclixx&nbsp;Curved Dome Intense&nbsp;– Creează construcții mai mari și mai spectaculoase! Descoperă Curved Dome Pack, set&nbsp; cu&nbsp;47 de piese magnetice cu forme curbate,&nbsp; pentru construirea unor structuri complexe și impresionante. Piesele cu forme variate permit imaginației copilului să atingă un nou nivel! 🚀 Creativitate fără limite și învățare prin joacă  Încurajează explorarea de forme noi și structuri inovatoare. Dezvoltă gândirea spațială și abilitățile de rezolvare a problemelor. Perfect pentru joacă individuală sau în grup.  🌟 Experiență de construcție unică  Creează domuri, arcade și structuri fascinante. Compatibil cu alte seturi Cleverclixx pentru construcții infinite. Se poate fixa pe suprafețe magnetice, precum un calorifer, pentru a crea în plan vertical. Se poate&nbsp;desena și scrie pe piese cu markere lavabile pentru mai multă distracție.  🎓 Învață prin metoda STEAM Joaca cu Cleverclixx stimulează dezvoltarea motorie și cognitivă, fiind tot mai des utilizată în grădinițe și școli primare.🌍 STEAM = Știință, Tehnologie, Inginerie, Arte &amp; Matematică – o metodă modernă de învățare practică. 🏆 Calitate și siguranță ✔ Potrivit pentru copii de la 3 ani✔ 47 de piese din plastic MABS fără BPA✔ Certificări: CPSC, CE, EN71, ASTM Transformă fiecare sesiune de joacă într-o aventură creativă și educativă! AVERTISMENT: Contraindicat copiilor sub 3 ani. Se recomandă supravegherea copilului de către un adult în timpul jocului.Produs de Cleverclixx","367",,"CC-1024","[""https://cdnmpro.com/708224949/p/raw/7/set-magnetic-de-construit-dome-47-piese-cleverclixx~20647.jpg"",""https://cdnmpro.com/708224949/p/raw/8/set-magnetic-de-construit-dome-47-piese-cleverclixx~20648.jpg"",""https://cdnmpro.com/708224949/p/raw/9/set-magnetic-de-construit-dome-47-piese-cleverclixx~20649.jpg"",""https://cdnmpro.com/708224949/p/raw/0/set-magnetic-de-construit-dome-47-piese-cleverclixx~20650.jpg"",""https://cdnmpro.com/708224949/p/raw/1/set-magnetic-de-construit-dome-47-piese-cleverclixx~20651.jpg""]",,"[""Cleverclixx""]",,,"true","false","9","0",,,,,"0","0","2026-02-07 02:17:14.098","2026-03-22 01:12:35.128","6151003753746.0","TODDLERS_1_3","253.23","0","0","0","0","0","0","2.9","0","0","APPROVED","MATHEMATICS","ee75eea8-9f64-4076-96a2-52f5d6926c14","false",,
"d62ccdf4-4544-41a1-8942-8cbe337e43e2","Set magnetic Circuit cu bile Compact 60 Piese, Cleverclixx","set-magnetic-circuit-cu-bile-compact-60-piese-cleverclixx-CC-1004","Cleverclixx Circuit cu bile Compact – Construiește circuite pentru bile! Set magnetic pentru construirea unui circuit cu bile plin de culoare, oferind ore întregi de distracție și creativitate. 🚀 Construcții interactive &amp; joacă fără limite  Creează trasee&nbsp;pentru bile și urmărește-le în acțiune! Stimulează creativitatea, imaginația și îndemânarea copilului.  🎓 Joacă educativă – prin metoda STEAM Seturile magnetic Cleverclixx cresc odată cu copilul!  De la 3 ani – învață bazele construcțiilor 3D. Pe măsură ce cresc, copiii pot realiza structuri mai complexe. Util și în școală – ajută la înțelegerea conceptelor matematice și a gândirii logice.  De ce să alegi Cleverclixx? 🔹 Stimulează creativitatea și imaginația – Magneții au ceva magic, captivând copiii și oferindu-le libertatea de a construi forme și structuri unice.🔹 Compatibil și extensibil – Toate seturile Cleverclixx sunt compatibile atât între ele cât și cu alte seturi magnetice, permițând extinderea colecției și dezvoltarea continuă a creativității.🔹 Joacă versatilă – Construiește pe podea sau du creativitatea la un alt nivel atașând construcțiile pe suprafețe magnetice, precum caloriferele. Folosește markere lavabile pentru a desena litere, numere sau forme și transformă joaca într-o experiență educativă!🔹 Încurajează învățarea STEAM – Cleverclixx dezvoltă abilități din domeniile Știință, Tehnologie, Inginerie, Artă și Matematică (STEAM), transformând învățarea într-un proces practic, captivant și distractiv. Educațional și sigur Seturile Cleverclixx sunt utilizate în grădinițe și școli primare din întreaga lume pentru a sprijini dezvoltarea abilităților motorii, gândirii logice și rezolvării problemelor. Misiunea Cleverclixx este de a crea jucării educaționale care inspiră curiozitatea, creativitatea și dorința de a învăța pe tot parcursul vieții. Detalii produs ✔ 60 piese magnetice, culori diferite✔ Recomandat pentru copii de la 3 ani✔ Fabricat din plastic MABS de înaltă calitate✔ Fără BPA - sigur pentru copii✔ Certificat (CPSC, CE, EN71, ASTM) Lasă imaginația să construiască fără limite cu Cleverclixx! 🚀 Avertisment! Nu este potrivit pentru copiii sub 3 ani. Conține piese mici.&nbsp;Se recomandă supravegherea copilului de către un adult în timpul jocului. Produs de Cleverclixx","398",,"CC-1004","[""https://cdnmpro.com/708224949/p/raw/3/set-magnetic-circuit-cu-bile-compact-60-piese-cleverclixx~100019863.jpg"",""https://cdnmpro.com/708224949/p/raw/5/set-magnetic-circuit-cu-bile-compact-60-piese-cleverclixx~20555.jpg"",""https://cdnmpro.com/708224949/p/raw/5/set-magnetic-circuit-cu-bile-compact-60-piese-cleverclixx~100019845.jpg"",""https://cdnmpro.com/708224949/p/raw/8/set-magnetic-circuit-cu-bile-compact-60-piese-cleverclixx~100019848.jpg"",""https://cdnmpro.com/708224949/p/raw/1/set-magnetic-circuit-cu-bile-compact-60-piese-cleverclixx~100019851.jpg""]",,"[""Cleverclixx""]",,,"true","false","12","0",,,,,"0","0","2026-02-07 02:17:14.098","2026-03-22 01:12:35.076","6096120034050.0","TODDLERS_1_3","274.62","0","0","0","0","0","0","2.9","0","0","APPROVED","MATHEMATICS","ee75eea8-9f64-4076-96a2-52f5d6926c14","false",,
"6d3105ea-484b-42ed-981a-eb986ad880e1","Set magnetic de construit Inventiv 60 piese, Cleverclixx","set-magnetic-de-construit-inventiv-60-piese-cleverclixx-CC-1008","Set de Constructie Cleverclixx - 60 Piese: Creativitate Fara Limite! Descoperă plăcerea nesfârșită a construcțiilor cu acest set original Cleverclixx de 60 de piese! Copilul va explora diferite forme și culori, dezvoltându-și imaginația și abilitățile motorii. Este un set introductiv care poate fi ulterior extins cu seturile suplimentare Cleverclixx! 🚀 Creativitate fără limite și învățare prin joacă  Încurajează explorarea de forme noi și structuri inovatoare. Dezvoltă gândirea spațială și abilitățile de rezolvare a problemelor. Perfect pentru joacă individuală sau în grup.  🌟 Experiență de construcție fără limite  Creează structuri diverse. Conține piese patrate, dreptunghiulare, triunghiulare, crenelate, de dimensiuni si culori diferite. Compatibil cu alte seturi Cleverclixx&nbsp;precum și cu alte seturi magnetice pentru construcții infinite. Se poate fixa pe suprafețe magnetice, precum un calorifer, pentru a crea în plan vertical. Se poate&nbsp;desena și scrie pe piese cu markere lavabile pentru mai multă distracție.  Învață prin metoda STEAM Joaca cu Cleverclixx stimulează dezvoltarea motorie și cognitivă, fiind tot mai des utilizată în grădinițe și școli primare.🌍 STEAM = Știință, Tehnologie, Inginerie, Arte &amp; Matematică – o metodă modernă de învățare practică. Calitate și siguranță ✔ Potrivit pentru copii de la 3 ani✔ 60 de piese din plastic MABS fără BPA✔ Certificări: CPSC, CE, EN71, ASTM Transformă fiecare sesiune de joacă într-o aventură creativă și educativă! AVERTISMENT: Contraindicat copiilor sub 3 ani. Se recomandă supravegherea copilului de către un adult în timpul jocului.Produs de Cleverclixx","403",,"CC-1008","[""https://cdnmpro.com/708224949/p/raw/1/set-magnetic-de-construit-inventiv-60-piese-cleverclixx~100019191.jpg"",""https://cdnmpro.com/708224949/p/raw/0/set-magnetic-de-construit-inventiv-60-piese-cleverclixx~20700.jpg"",""https://cdnmpro.com/708224949/p/raw/2/set-magnetic-de-construit-inventiv-60-piese-cleverclixx~100019182.jpg"",""https://cdnmpro.com/708224949/p/raw/5/set-magnetic-de-construit-inventiv-60-piese-cleverclixx~100019185.jpg"",""https://cdnmpro.com/708224949/p/raw/8/set-magnetic-de-construit-inventiv-60-piese-cleverclixx~100019188.jpg""]",,"[""Cleverclixx""]",,,"true","false","14","0",,,,,"0","0","2026-02-07 02:17:14.098","2026-03-22 01:12:35.179","6096121427462.0","TODDLERS_1_3","278.07","0","0","0","0","0","0","2.9","0","0","APPROVED","MATHEMATICS","ee75eea8-9f64-4076-96a2-52f5d6926c14","false",,
"e65a9160-441a-4d17-9137-703e5d900588","Kit STEM Electricitate si forta magnetica, Thames & Kosmos","kit-stem-electricitate-si-forta-magnetica-thames-and-kosmos-K_620417","Kit STEM Electricitate si forta magnetica  Realizează peste 60 de experimente captivante cu circuite și dispozitive magnetice pentru a învăța despre electricitate și magnetism și despre modul în care aceste două proprietăți fundamentale sunt strâns legate între ele. Copiii cu vârsta de peste opt ani pot experimenta în siguranță și cu ușurință jucându-se cu curentul electric și câmpurile magnetice folosind blocurile și componentele colorate care se montează la fix în acest kit practic.Construiește circuite în serie și în paralel pentru a aprinde un bec. Experimentează cu butoane și întrerupătoare on-off. Asamblează circuite care includ un motor care se învârte, două întrerupătoare și până la trei becuri.Efectuează teste pentru a vedea ce materiale sunt magnetice. Învață despre forța magnetismului și despre polii magnetici. Magnetizează un metal. Folosește umpluturi de fier pentru a face vizibile câmpuri magnetice invizibile. Investighează forța și direcția magnetică cu ajutorul unui dispozitiv cu pendul magnetic. Învață cum funcționează o busolă și despre câmpurile magnetice ale Pământului. Efectuează o serie de experimente cu un electromagnet robust.În cele din urmă, pune în valoare tot ce ai învățat construind un difuzor, un comutator cu releu electromagnetic și o cheie de telegraf în cod Morse.Componentele sunt special concepute pentru a face învățarea distractivă și accesibilă. Blocurile electrice se potrivesc între ele cu ajutorul unor conectori simpli cu ștecher și priză. Deoarece blocurile sunt viu colorate și au forme unice, este ușor de urmărit schemele de asamblare pentru a construi dispozitive funcționale. Manualul de experimente de 64 de pagini, complet color, te va ghida prin experimente cu diagrame ușor de urmărit.  Kitul conține 64 de piese, 62 de experimente, manual cu instrucțiuni. Necesita 2 baterii AA.Vârsta recomandată: 8+ ani. Premiat cu Aur de Alegerea părinților Confecționat din plastic. Conform reglementarilor EN71&amp;ASTM.AVERTISMENT: Contraindicat copiilor sub 3 ani, conține piese mici. Se recomandă supravegherea copilului de către un adult în timpul jocului.&nbsp;Citiți instrucțiunile înainte de utilizare, urmați-le și păstrați-le pentru referință.&nbsp;Nu amestecați bateriile vechi cu cele noi. Nu amestecați baterii alcaline, standard (carbon-zinc) sau reîncărcabile (nichel-cadmiu).&nbsp;Niciuna dintre componentele electrice sau electronice din acest kit nu trebuie aruncată la gunoiul menajer obișnuit după ce ați terminat cu ele. În schimb, acestea trebuie să fie predate la o locație de colectare pentru reciclarea dispozitivelor electrice și electronice. Vă rugăm să contactați autoritatea locală pentru a afla care este locul de eliminare adecvat.&nbsp; AVERTISMENT: MAGNEȚI MICI - Acest produs conține magneți mici. Magneții înghițiți se pot lipi între ei de-a lungul intestinelor, provocând infecții grave și moartea. Solicitați imediat asistență medicală dacă magneții sunt înghițiți sau inhalați.Fabricat în China pentru Thames &amp; Kosmos, Anglia. Manual Kit STEM Electricitate si forta magnetica, Thames &amp; Kosmos - descarca fisier","423",,"K_620417","[""https://cdnmpro.com/708224949/p/raw/8/kit-stem-electricitate-si-forta-magnetica-thames-kosmos~12238.jpg"",""https://cdnmpro.com/708224949/p/raw/9/kit-stem-electricitate-si-forta-magnetica-thames-kosmos~12239.jpg"",""https://cdnmpro.com/708224949/p/raw/0/kit-stem-electricitate-si-forta-magnetica-thames-kosmos~12240.jpg"",""https://cdnmpro.com/708224949/p/raw/1/kit-stem-electricitate-si-forta-magnetica-thames-kosmos~12241.jpg"",""https://cdnmpro.com/708224949/p/raw/2/kit-stem-electricitate-si-forta-magnetica-thames-kosmos~12242.jpg""]",,"[""Thames & Kosmos""]",,,"true","false","14","0",,,,,"0","0","2026-02-07 02:17:14.098","2026-03-22 01:12:34.698","814743010451.0","ELEMENTARY_6_8","291.87","0","0","0","0","0","0","2.9","0","0","APPROVED","TECHNOLOGY","ee75eea8-9f64-4076-96a2-52f5d6926c14","false",,
"cmltqppkd000djjvrph3s0tro","Cleverclixx Starter Shapes Bundle","cleverclixx-starter-shapes-bundle","A balanced magnetic building starter combining tiles and dome structures.","428.4","476",,"[""https://cdnmpro.com/708224949/p/raw/4/set-magnetic-de-construit-brick-tiles-16-piese-cleverclixx~20634.jpg"",""https://cdnmpro.com/708224949/p/raw/5/set-magnetic-de-construit-brick-tiles-16-piese-cleverclixx~20635.jpg"",""https://cdnmpro.com/708224949/p/raw/7/set-magnetic-de-construit-brick-tiles-16-piese-cleverclixx~20637.jpg"",""https://cdnmpro.com/708224949/p/raw/0/set-magnetic-de-construit-brick-tiles-16-piese-cleverclixx~20640.jpg"",""https://cdnmpro.com/708224949/p/raw/1/set-magnetic-de-construit-brick-tiles-16-piese-cleverclixx~20641.jpg""]","cmltqoqd70002jjujuey1ukeu","[""Magnetic Building"",""Bundle"",""ENGINEERING""]",,,"true","true","7","0",,,,,"0","0","2026-02-19 17:33:47.821","2026-02-19 19:48:48.875",,"TODDLERS_1_3","328.44","0","0","0","0","0","0","2.9","0","0","APPROVED","ENGINEERING","ee75eea8-9f64-4076-96a2-52f5d6926c14","true","[""2ba9915a-f62a-428f-8390-e59935a25cff"",""6c368f15-6406-49b1-b50e-3dc08a7239e0""]","10"
"adc0aac3-5805-4220-b0e1-184a61d23a3f","Joc magnetic Circuit pastel cu bile - 70 Piese, Cleverclixx","joc-magnetic-circuit-pastel-cu-bile-70-piese-cleverclixx-CC-1002","Cleverclixx Circuit pastel&nbsp;cu bile 70 piese Set magnetic de construcție cu 70 piese conceput pentru a inspira micii arhitecți! Acest set este introducerea perfectă în jocul magnetic, oferind posibilități nelimitate pentru structuri creative și trasee spectaculoase pentru bile. De ce să alegi Cleverclixx? 🔹 Stimulează creativitatea și imaginația – Magneții au ceva magic, captivând copiii și oferindu-le libertatea de a construi forme și structuri unice.🔹 Crește odată cu copilul&nbsp;&nbsp;– De la vârsta de 3 ani, cei mici pot explora conceptele de construcție 3D. Pe măsură ce cresc, pot realiza structuri mai complexe și chiar folosi Cleverclixx pentru exerciții matematice la școală.🔹 Compatibil și extensibil – Toate seturile Cleverclixx sunt complet compatibile între ele, permițând extinderea colecției și dezvoltarea continuă a creativității.🔹 Joacă versatilă – Construiește pe podea sau du creativitatea la un alt nivel atașând construcțiile pe suprafețe magnetice, precum caloriferele. Folosește markere lavabile pentru a desena litere, numere sau forme și transformă joaca într-o experiență educativă!🔹 Încurajează învățarea STEAM – Cleverclixx dezvoltă abilități din domeniile Știință, Tehnologie, Inginerie, Artă și Matematică (STEAM), transformând învățarea într-un proces practic, captivant și distractiv. Educațional și sigur Seturile Cleverclixx sunt utilizate în grădinițe și școli primare din întreaga lume pentru a sprijini dezvoltarea abilităților motorii, gândirii logice și rezolvării problemelor. Misiunea Cleverclixx este de a crea jucării educaționale care inspiră curiozitatea, creativitatea și dorința de a învăța pe tot parcursul vieții. Detalii produs ✔ 70 piese magnetice în culori pastelate✔ Recomandat pentru copii de la 3 ani✔ Fabricat din plastic MABS de înaltă calitate✔ Fără BPA - sigur pentru copii✔ Certificat (CPSC, CE, EN71, ASTM) Descoperă mai multe! Explorează gama completă de seturi Cleverclixx, inclusiv seturi mici, medii, mari, culori pastelate &amp; intense, circuite cu bile și multe altele. Lasă imaginația să construiască fără limite cu Cleverclixx! 🚀 Avertisment! Nu este potrivit pentru copiii sub 3 ani. Conține piese mici.&nbsp;Se recomandă supravegherea copilului de către un adult în timpul jocului. Produs de Cleverclixx","451",,"CC-1002","[""https://cdnmpro.com/708224949/p/raw/7/joc-magnetic-circuit-pastel-cu-bile-70-piese-cleverclixx~20537.jpg"",""https://cdnmpro.com/708224949/p/raw/9/joc-magnetic-circuit-pastel-cu-bile-70-piese-cleverclixx~20539.jpg"",""https://cdnmpro.com/708224949/p/raw/3/joc-magnetic-circuit-pastel-cu-bile-70-piese-cleverclixx~20543.jpg"",""https://cdnmpro.com/708224949/p/raw/4/joc-magnetic-circuit-pastel-cu-bile-70-piese-cleverclixx~100022974.jpg"",""https://cdnmpro.com/708224949/p/raw/7/joc-magnetic-circuit-pastel-cu-bile-70-piese-cleverclixx~100022977.jpg""]",,"[""Cleverclixx""]",,,"true","false","8","0",,,,,"0","0","2026-02-07 02:17:14.098","2026-03-22 01:12:35.028","6096128047069.0","TODDLERS_1_3","311.19","0","0","0","0","0","0","2.9","0","0","APPROVED","MATHEMATICS","ee75eea8-9f64-4076-96a2-52f5d6926c14","false",,
"544d260b-cacf-4a0c-b7f4-bc3c9397daea","Garaj cu macara si vehicule, Egmont Toys","garaj-cu-macara-si-vehicule-egmont-toys-Egm_511049","Garaj din lemn cu mai multe niveluri pentru toate mașinile. Poți chiar încărca containere de marfa cu ajutorul macaralei. Conține: macara cu carlig magnetic, 3 camioane, 3&nbsp;containere magnetice, 2 masini, 5 semne de averizare. Dimensiune finală: 50 x 40 x 40 cm. Vârsta recomandată: +3&nbsp;ani. Confecționat din&nbsp;lemn, cu vopsele non-toxice, conform reglementărilor EN71&amp;ASTM.&nbsp;&nbsp; AVERTISMENT: Contraindicat copiilor sub 3 ani, conține piese mici, pericol de sufocare. A se utiliza sub directa supraveghere a unui adult. Producător: Egmont Toys, Belgia","452",,"Egm_511049","[""https://cdnmpro.com/708224949/p/raw/6/garaj-cu-macara-si-vehicule-egmont-toys~1316.jpg""]",,"[""Egmont Toys""]",,,"true","false","1","0",,,,,"0","0","2026-02-07 02:17:14.098","2026-03-22 01:12:33.462","5420023034656.0","TODDLERS_1_3","298.32","0","0","0","0","0","0","2.9","0","0","APPROVED",,"ee75eea8-9f64-4076-96a2-52f5d6926c14","false",,
"cmltqpph2000bjjvr8dm5f4f9","Outdoor Nature Explorer Bundle","outdoor-nature-explorer-bundle","Outdoor discovery set with binoculars and pocket microscopes for field adventures.","475.2","528",,"[""https://gomagcdn.ro/domains/kidstory.ro/files/product/original/set-pentru-explorarea-naturii-outdoor-adventure-143043.jpg"",""https://gomagcdn.ro/domains/kidstory.ro/files/product/original/set-pentru-explorarea-naturii-outdoor-adventure-610373.jpg"",""https://gomagcdn.ro/domains/kidstory.ro/files/product/original/set-pentru-explorarea-naturii-outdoor-adventure-167030.jpg"",""https://gomagcdn.ro/domains/kidstory.ro/files/product/original/set-pentru-explorarea-naturii-outdoor-adventure-105860.jpg"",""https://gomagcdn.ro/domains/kidstory.ro/files/product/original/set-pentru-explorarea-naturii-outdoor-adventure-183197.jpg"",""https://gomagcdn.ro/domains/kidstory.ro/files/product/original/set-pentru-explorarea-naturii-outdoor-adventure-464590.jpg"",""https://gomagcdn.ro/domains/kidstory.ro/files/product/original/set-pentru-explorarea-naturii-outdoor-adventure-859110.jpg"",""https://gomagcdn.ro/domains/kidstory.ro/files/product/original/set-pentru-explorarea-naturii-outdoor-adventure-157381.jpg"",""https://gomagcdn.ro/domains/kidstory.ro/files/product/original/set-pentru-explorarea-naturii-outdoor-adventure-017188.jpg""]","cmltqoq940001jjujkuq676do","[""Outdoor & Nature"",""Bundle"",""ENGINEERING""]",,,"false","false","0","0",,,,,"0","0","2026-02-19 17:33:47.702","2026-03-17 01:12:34.961",,"MIDDLE_SCHOOL_9_12","528","0","0","0","0","0","0","2.9","0","0","APPROVED","ENGINEERING","26f5418c-965d-4630-994c-b51947cdec04","true","[""db3b31bd-38f8-468d-be17-45f9848452cf"",""b054f550-18d9-4bce-a2c7-c4332fc7201e"",""6dd34d7c-ac76-4a54-865c-da57aebca328"",""347b4498-48a1-46f3-a63a-1348dc047638""]","10"
"45036a74-a36c-4b5c-98f2-77e84f0b00c4","Jocuri magnetice Circuit cu bile luminoase 100 piese, Cleverclixx","jocuri-magnetice-circuit-cu-bile-luminoase-100-piese-cleverclixx-CC-1003","Cleverclixx Circuit cu bile luminoase &ndash; Construiește cel mai spectaculos circuit pentru bile! Set magnetic pentru construirea unui circuit pentru bile plin de culoare și lumină, oferind ore &icirc;ntregi de distracție și creativitate. 🚀 Construcții interactive &amp; joacă fără limite  Creează trasee unice pentru bile și urmărește-le &icirc;n acțiune! Stimulează creativitatea, imaginația și &icirc;ndem&acirc;narea copilului. Design captivant, cu piese luminoase pentru un efect vizual spectaculos.  🎓 Joacă educativă &ndash; ideală pentru metoda STEAM Seturile magnetic Cleverclixx cresc odată cu copilul!  De la 3 ani &ndash; &icirc;nvață bazele construcțiilor 3D. Pe măsură ce cresc, copiii pot realiza structuri mai complexe. Util și &icirc;n școală &ndash; ajută la &icirc;nțelegerea conceptelor matematice și a g&acirc;ndirii logice.  De ce să alegi Cleverclixx? 🔹 Stimulează creativitatea și imaginația &ndash; Magneții au ceva magic, captiv&acirc;nd copiii și oferindu-le libertatea de a construi forme și structuri unice.🔹 Compatibil și extensibil &ndash; Toate seturile Cleverclixx sunt compatibile at&acirc;t &icirc;ntre ele c&acirc;t și cu alte seturi magnetice, permiț&acirc;nd extinderea colecției și dezvoltarea continuă a creativității.🔹 Joacă versatilă &ndash; Construiește pe podea sau du creativitatea la un alt nivel ataș&acirc;nd construcțiile pe suprafețe magnetice, precum caloriferele. Folosește markere lavabile pentru a desena litere, numere sau forme și transformă joaca &icirc;ntr-o experiență educativă!🔹 &Icirc;ncurajează &icirc;nvățarea STEAM &ndash; Cleverclixx dezvoltă abilități din domeniile Știință, Tehnologie, Inginerie, Artă și Matematică (STEAM), transform&acirc;nd &icirc;nvățarea &icirc;ntr-un proces practic, captivant și distractiv. Educațional și sigur Seturile Cleverclixx sunt utilizate &icirc;n grădinițe și școli primare din &icirc;ntreaga lume pentru a sprijini dezvoltarea abilităților motorii, g&acirc;ndirii logice și rezolvării problemelor. Misiunea Cleverclixx este de a crea jucării educaționale care inspiră curiozitatea, creativitatea și dorința de a &icirc;nvăța pe tot parcursul vieții. Detalii produs ✔ 100 piese magnetice, culori diferite✔ Recomandat pentru copii de la 3 ani✔ Fabricat din plastic MABS de &icirc;naltă calitate✔ Fără BPA - sigur pentru copii✔ Certificat (CPSC, CE, EN71, ASTM) Lasă imaginația să construiască fără limite cu Cleverclixx! 🚀 Avertisment! Nu este potrivit pentru copiii sub 3 ani. Conține piese mici.&nbsp;Se recomandă supravegherea copilului de către un adult &icirc;n timpul jocului. Produs de Cleverclixx","498",,"CC-1003","[""https://cdnmpro.com/708224949/p/raw/4/jocuri-magnetice-circuit-cu-bile-luminoase-100-piese-cleverclixx~20544.jpg"",""https://cdnmpro.com/708224949/p/raw/5/jocuri-magnetice-circuit-cu-bile-luminoase-100-piese-cleverclixx~20545.jpg"",""https://cdnmpro.com/708224949/p/raw/6/jocuri-magnetice-circuit-cu-bile-luminoase-100-piese-cleverclixx~20546.jpg"",""https://cdnmpro.com/708224949/p/raw/7/jocuri-magnetice-circuit-cu-bile-luminoase-100-piese-cleverclixx~20547.jpg"",""https://cdnmpro.com/708224949/p/raw/0/jocuri-magnetice-circuit-cu-bile-luminoase-100-piese-cleverclixx~20550.jpg""]",,"[""Cleverclixx""]",,,"true","false","6","0",,,,,"0","0","2026-02-07 02:17:14.098","2026-03-22 01:12:35.055","6096124770725.0","TODDLERS_1_3","343.62","0","0","0","0","0","0","2.9","0","0","APPROVED","MATHEMATICS","ee75eea8-9f64-4076-96a2-52f5d6926c14","false",,
"f154bf15-a4d1-439a-9f36-b8566504893c","Joc magnetic Circuit pastel cu bile - 110 Piese, Cleverclixx","joc-magnetic-circuit-pastel-cu-bile-110-piese-cleverclixx-CC-1001","Cleverclixx Circuit pastel&nbsp;cu bile Set magnetic de construcție cu 110 piese conceput pentru a inspira micii arhitecți! Acest set este introducerea perfectă în jocul magnetic, oferind posibilități nelimitate pentru structuri creative și trasee spectaculoase cu bile. De ce să alegi Cleverclixx? 🔹 Stimulează creativitatea și imaginația – Magneții au ceva magic, captivând copiii și oferindu-le libertatea de a construi forme și structuri unice.🔹 Crește odată cu copilul tău – De la vârsta de 3 ani, cei mici pot explora conceptele de construcție 3D. Pe măsură ce cresc, vor realiza structuri din ce în ce mai complexe și vor putea folosi Cleverclixx pentru exerciții matematice la școală.🔹 Compatibil și extensibil – Toate seturile Cleverclixx sunt complet compatibile între ele, permițând extinderea colecției și dezvoltarea continuă a creativității.🔹 Joacă versatilă – Construiește pe podea sau du creativitatea la un alt nivel atașând construcțiile pe suprafețe magnetice, precum caloriferele. Folosește markere lavabile pentru a desena litere, numere sau forme și transformă joaca într-o experiență educativă!🔹 Încurajează învățarea STEAM – Cleverclixx dezvoltă abilități din domeniile Știință, Tehnologie, Inginerie, Artă și Matematică (STEAM), transformând învățarea într-un proces practic, captivant și distractiv. Educațional și sigur Seturile Cleverclixx sunt utilizate în grădinițe și școli primare din întreaga lume pentru a sprijini dezvoltarea abilităților motorii, gândirii logice și rezolvării problemelor. Misiunea Cleverclixx este de a crea jucării educaționale care inspiră curiozitatea, creativitatea și dorința de a învăța pe tot parcursul vieții. Detalii produs ✔ 110 piese magnetice în culori pastelate✔ Recomandat pentru copii de la 3 ani✔ Fabricat din plastic MABS de înaltă calitate✔ Fără BPA - sigur pentru copii✔ Certificat (CPSC, CE, EN71, ASTM) Lasă imaginația să construiască fără limite cu Cleverclixx! 🚀 Avertisment! Nu este potrivit pentru copiii sub 3 ani. Conține piese mici.&nbsp;Se recomandă supravegherea copilului de către un adult în timpul jocului. Produs de Cleverclixx","524",,"CC-1001","[""https://cdnmpro.com/708224949/p/raw/8/joc-magnetic-circuit-pastel-cu-bile-110-piese-cleverclixx~20528.jpg"",""https://cdnmpro.com/708224949/p/raw/9/joc-magnetic-circuit-pastel-cu-bile-110-piese-cleverclixx~20529.jpg"",""https://cdnmpro.com/708224949/p/raw/0/joc-magnetic-circuit-pastel-cu-bile-110-piese-cleverclixx~20530.jpg"",""https://cdnmpro.com/708224949/p/raw/1/joc-magnetic-circuit-pastel-cu-bile-110-piese-cleverclixx~20531.jpg"",""https://cdnmpro.com/708224949/p/raw/2/joc-magnetic-circuit-pastel-cu-bile-110-piese-cleverclixx~20532.jpg""]",,"[""Cleverclixx""]",,,"true","false","8","0",,,,,"0","0","2026-02-07 02:17:14.098","2026-03-22 01:12:35.008","6096146023076.0","TODDLERS_1_3","361.56","0","0","0","0","0","0","2.9","0","0","APPROVED","MATHEMATICS","ee75eea8-9f64-4076-96a2-52f5d6926c14","false",,
"cmltqppnk000fjjvrmsf53l2u","Cleverclixx Ball Run Starter Bundle","cleverclixx-ball-run-starter-bundle","Start magnetic marble run play with one core circuit plus extension tiles.","556.92","612",,"[""https://cdnmpro.com/708224949/p/raw/7/joc-magnetic-circuit-pastel-cu-bile-70-piese-cleverclixx~20537.jpg"",""https://cdnmpro.com/708224949/p/raw/9/joc-magnetic-circuit-pastel-cu-bile-70-piese-cleverclixx~20539.jpg"",""https://cdnmpro.com/708224949/p/raw/3/joc-magnetic-circuit-pastel-cu-bile-70-piese-cleverclixx~20543.jpg"",""https://cdnmpro.com/708224949/p/raw/4/joc-magnetic-circuit-pastel-cu-bile-70-piese-cleverclixx~100022974.jpg"",""https://cdnmpro.com/708224949/p/raw/7/joc-magnetic-circuit-pastel-cu-bile-70-piese-cleverclixx~100022977.jpg""]","cmltqoqd70002jjujuey1ukeu","[""Magnetic Building"",""Bundle"",""ENGINEERING""]",,,"true","true","8","0",,,,,"0","0","2026-02-19 17:33:47.936","2026-02-19 19:48:40.825",,"ELEMENTARY_6_8","422.28","0","0","0","0","0","0","2.9","0","0","APPROVED","ENGINEERING","ee75eea8-9f64-4076-96a2-52f5d6926c14","true","[""adc0aac3-5805-4220-b0e1-184a61d23a3f"",""2ba9915a-f62a-428f-8390-e59935a25cff""]","9"
"c7adf52f-b0d6-4d87-beaf-48a7c2e05ba1","Set magnetic de construit Inventiv 110 piese, Cleverclixx","set-magnetic-de-construit-inventiv-110-piese-cleverclixx-CC-1007","Cleverclixx&nbsp;Set magnetic Inventiv&nbsp;– Creează construcții pe măsura imaginației tale! Descoperă setul&nbsp; cu&nbsp;110 piese magnetice cu forme diverse, concepute pentru a permite copiilor să construiască structuri mai complexe și impresionante. Copilul va explora forme și culori diferite, dezvoltându-și imaginația și îndemânarea. Este setul perfect pentru a construi împreună cu familia și pentru a realiza creații de mari dimensiuni! 🚀 Creativitate fără limite și învățare prin joacă  Încurajează explorarea de forme noi și structuri inovatoare. Dezvoltă gândirea spațială și abilitățile de rezolvare a problemelor. Perfect pentru joacă individuală sau în grup.  🌟 Experiență de construcție fără limite  Creează structuri diverse. Conține piese patrate, dreptunghiulare, triunghiulare, crenelate, de dimensiuni si culori diferite. Compatibil cu alte seturi Cleverclixx&nbsp;precum și cu alte seturi magnetice pentru construcții infinite. Se poate fixa pe suprafețe magnetice, precum un calorifer, pentru a crea în plan vertical. Se poate&nbsp;desena și scrie pe piese cu markere lavabile pentru mai multă distracție.  🎓 Învață prin metoda STEAM Joaca cu Cleverclixx stimulează dezvoltarea motorie și cognitivă, fiind tot mai des utilizată în grădinițe și școli primare.🌍 STEAM = Știință, Tehnologie, Inginerie, Arte &amp; Matematică – o metodă modernă de învățare practică. 🏆 Calitate și siguranță ✔ Potrivit pentru copii de la 3 ani✔ 110 piese din plastic MABS fără BPA✔ Certificări: CPSC, CE, EN71, ASTM Transformă fiecare sesiune de joacă într-o aventură creativă și educativă! AVERTISMENT: Contraindicat copiilor sub 3 ani. Se recomandă supravegherea copilului de către un adult în timpul jocului.Produs de Cleverclixx","576",,"CC-1007","[""https://cdnmpro.com/708224949/p/raw/6/set-magnetic-de-construit-inventiv-110-piese-cleverclixx~100019806.jpg"",""https://cdnmpro.com/708224949/p/raw/3/set-magnetic-de-construit-inventiv-110-piese-cleverclixx~100019803.jpg"",""https://cdnmpro.com/708224949/p/raw/9/set-magnetic-de-construit-inventiv-110-piese-cleverclixx~100019809.jpg"",""https://cdnmpro.com/708224949/p/raw/2/set-magnetic-de-construit-inventiv-110-piese-cleverclixx~100019812.jpg"",""https://cdnmpro.com/708224949/p/raw/5/set-magnetic-de-construit-inventiv-110-piese-cleverclixx~100019815.jpg""]",,"[""Cleverclixx""]",,,"true","false","2","0",,,,,"0","0","2026-02-07 02:17:14.098","2026-03-22 01:12:35.093","6096133132118.0","TODDLERS_1_3","397.44","0","0","0","0","0","0","2.9","0","0","APPROVED","MATHEMATICS","ee75eea8-9f64-4076-96a2-52f5d6926c14","false",,
"b72a143a-6794-4376-b301-9a6a32cfe09e","Jocuri magnetice Traseu de curse 65 piese, Cleverclixx","jocuri-magnetice-traseu-de-curse-65-piese-cleverclixx-CC-1011","Cleverclixx&nbsp;Set de Piste de Curse - 65 Piese: Distracție Fără Sf&acirc;rșit! Descoperă plăcerea nesf&acirc;rșită a curselor de mașini cu acest set Cleverclixx de 65 de piese! Copilul va construi piste de curse originale, la diferite niveluri, dezvolt&acirc;ndu-și creativitatea și &icirc;ndem&acirc;narea. Setul include semne de circulație, un automobil care se deplasează singur și piloni pentru o experiență de joc captivantă. 🚀 Creativitate fără limite și &icirc;nvățare prin joacă  &Icirc;ncurajează explorarea de forme noi și structuri inovatoare. Dezvoltă g&acirc;ndirea spațială și abilitățile de rezolvare a problemelor. Perfect pentru joacă individuală sau &icirc;n grup.  🌟 Experiență de construcție fără limite  Creează structuri diverse. Conține piese patrate, dreptunghiulare, triunghiulare, crenelate, de dimensiuni si culori diferite. Compatibil cu alte seturi Cleverclixx&nbsp;precum și cu alte seturi magnetice pentru construcții infinite. Se poate fixa pe suprafețe magnetice, precum un calorifer, pentru a crea &icirc;n plan vertical. Se poate&nbsp;desena și scrie pe piese cu markere lavabile pentru mai multă distracție.  🎓 &Icirc;nvață prin metoda STEAM Joaca cu Cleverclixx stimulează dezvoltarea motorie și cognitivă, fiind tot mai des utilizată &icirc;n grădinițe și școli primare.🌍 STEAM = Știință, Tehnologie, Inginerie, Arte &amp; Matematică &ndash; o metodă modernă de &icirc;nvățare practică. 🏆 Calitate și siguranță ✔ Potrivit pentru copii de la 3 ani✔ 65 de piese din plastic MABS fără BPA✔ Certificări: CPSC, CE, EN71, ASTM Transformă fiecare sesiune de joacă &icirc;ntr-o aventură creativă și educativă! AVERTISMENT: Contraindicat copiilor sub 3 ani. Se recomandă supravegherea copilului de către un adult &icirc;n timpul jocului.Produs de Cleverclixx","629",,"CC-1011","[""https://cdnmpro.com/708224949/p/raw/5/jocuri-magnetice-traseu-de-curse-65-piese-cleverclixx~100019515.jpg"",""https://cdnmpro.com/708224949/p/raw/0/jocuri-magnetice-traseu-de-curse-65-piese-cleverclixx~100019500.jpg"",""https://cdnmpro.com/708224949/p/raw/3/jocuri-magnetice-traseu-de-curse-65-piese-cleverclixx~100019503.jpg"",""https://cdnmpro.com/708224949/p/raw/6/jocuri-magnetice-traseu-de-curse-65-piese-cleverclixx~100019506.jpg"",""https://cdnmpro.com/708224949/p/raw/9/jocuri-magnetice-traseu-de-curse-65-piese-cleverclixx~100019509.jpg""]",,"[""Cleverclixx""]",,,"true","false","13","0",,,,,"0","0","2026-02-07 02:17:14.098","2026-03-22 01:12:35.198","6096125953998.0","TODDLERS_1_3","434.01","0","0","0","0","0","0","2.9","0","0","APPROVED","MATHEMATICS","ee75eea8-9f64-4076-96a2-52f5d6926c14","false",,
"cmltqpq5h000pjjvr5138q2br","Thames Energy & Physics Lab Bundle","thames-energy-physics-lab-bundle","Advanced STEM lab bundle focused on energy systems, electricity, and physics.","773.5","850",,"[""https://cdnmpro.com/708224949/p/raw/8/kit-stem-de-construit-motoare-si-generatoare-thames-kosmos~9398.jpg"",""https://cdnmpro.com/708224949/p/raw/9/kit-stem-de-construit-motoare-si-generatoare-thames-kosmos~9399.jpg"",""https://cdnmpro.com/708224949/p/raw/0/kit-stem-de-construit-motoare-si-generatoare-thames-kosmos~9400.jpg"",""https://cdnmpro.com/708224949/p/raw/1/kit-stem-de-construit-motoare-si-generatoare-thames-kosmos~9401.jpg"",""https://cdnmpro.com/708224949/p/raw/3/kit-stem-de-construit-motoare-si-generatoare-thames-kosmos~13783.jpg""]","cmltqopok0000jjujlb7k8cog","[""Science & Experiments"",""Bundle"",""TECHNOLOGY""]",,,"true","true","6","2",,,,,"0","0","2026-02-19 17:33:48.582","2026-02-27 02:36:20.132",,"MIDDLE_SCHOOL_9_12","586.5","0","0","0","0","0","0","2.9","0","0","APPROVED","TECHNOLOGY","ee75eea8-9f64-4076-96a2-52f5d6926c14","true","[""055c7518-8567-4500-bed1-f25cc391bc02"",""e65a9160-441a-4d17-9137-703e5d900588"",""28e2825d-091a-4019-8263-e63a08331da0""]","9"
"7cc0dda1-4015-4f24-86e0-3c9e0ad02830","Jocuri magnetice Traseu de curse 80 piese pastel, Cleverclixx","jocuri-magnetice-traseu-de-curse-80-piese-pastel-cleverclixx-CC-1019","Circuit magnetic pastel &ndash; Cleverclixx | Construcții creative cu 80 de piese luminoase 🚗🌈 Transformă podeaua &icirc;n pistă de curse cu acest set de 80 de piese magnetice Cleverclixx &icirc;n culori pastelate! Copiii &icirc;și pot construi propriul circuit 3D, combin&acirc;nd piese de drum cu forme geometrice translucide, compatibile cu toate seturile Cleverclixx. Creativitate fără limite și &icirc;nvățare prin joacă  &Icirc;ncurajează explorarea de forme noi și structuri inovatoare. Dezvoltă g&acirc;ndirea spațială și abilitățile de rezolvare a problemelor. Pentru joacă individuală sau &icirc;n grup.   Se poate&nbsp;desena și scrie pe piese cu markere lavabile pentru mai multă distracție.  80 de piese din plastic MABS fără BPA: piese de drum curbate și drepte + forme magnetice   Compatibil cu toate seturile Cleverclixx,&nbsp;Connetix, Magna-Tiles, etc.   Culori pastel translucide care lasă lumina să treacă pentru un efect magic   Ușor de conectat și de reconstruit, ori de c&acirc;te ori se dorește  Pentru acasă, grădinițe sau locuri de joacă  &Icirc;nv&acirc;țarea prin metoda STEAM -&nbsp;Joaca cu Cleverclixx stimulează dezvoltarea motorie și cognitivă, fiind tot mai des utilizată &icirc;n grădinițe și școli primare. 🌍 STEAM = Știință, Tehnologie, Inginerie, Arte &amp; Matematică &ndash; o metodă modernă de &icirc;nvățare practică. ✔ Potrivit pentru copii de la 3 ani✔ Certificări: CPSC, CE, EN71, ASTM Transformă fiecare sesiune de joacă &icirc;ntr-o aventură creativă și educativă! Producător: Cleverclixx, Belgia 🇧🇪 AVERTISMENT: Contraindicat copiilor sub 3 ani. Se recomandă supravegherea copilului de către un adult &icirc;n timpul jocului.","794",,"CC-1019","[""https://cdnmpro.com/708224949/p/raw/1/jocuri-magnetice-traseu-de-curse-80-piese-pastel-cleverclixx~21171.jpg"",""https://cdnmpro.com/708224949/p/raw/0/jocuri-magnetice-traseu-de-curse-80-piese-pastel-cleverclixx~21170.jpg"",""https://cdnmpro.com/708224949/p/raw/0/jocuri-magnetice-traseu-de-curse-80-piese-pastel-cleverclixx~100022890.jpg"",""https://cdnmpro.com/708224949/p/raw/3/jocuri-magnetice-traseu-de-curse-80-piese-pastel-cleverclixx~100022893.jpg"",""https://cdnmpro.com/708224949/p/raw/6/jocuri-magnetice-traseu-de-curse-80-piese-pastel-cleverclixx~100022896.jpg""]",,"[""Cleverclixx""]",,,"true","false","3","1",,,,,"0","0","2026-02-07 02:17:14.098","2026-03-22 01:12:35.31","6097349073011.0","TODDLERS_1_3","547.86","0","0","0","0","0","0","2.9","0","0","APPROVED","MATHEMATICS","ee75eea8-9f64-4076-96a2-52f5d6926c14","false",,
"c23193f3-d823-48c0-bcef-08cb7d56130f","Kit STEM Primii pasi Principii de codare si roboti, Thames & Kosmos","kit-stem-primii-pasi-principii-de-codare-si-roboti-thames-and-kosmos-K_567012","Kit STEM Copiii descopera principiile de codare si cum functioneaza robotii  Acest mic și simpatic sandviș cu gem este de fapt un robot care îi învață pe copii principiile și abilitățile de codare. Nu aveți nevoie de o tabletă, de un smartphone sau de un computer pentru a programa acest robot; programele sunt create prin simpla așezare a unei secvențe de carduri.Pe măsură ce robotul trece peste cardurile de cod, un scaner optic OID din partea de jos a robotului citește cardurile de cod unul câte unul și încarcă programul. Apoi, plasați robotul pe o grilă, iar el va execută programul. Puteți programa robotul să se deplaseze în diferite direcții, să își activeze angrenajul de ieșire, să își aprindă LED-ul, să emită sunete și să răspundă la diferite carduri de funcții. Angrenajul de ieșire integrat face posibilă construirea unor creații robotice simple, cu brațe sau alte părți mobile care răspund conform instrucțiunilor programului.Acest kit de robot predă, de asemenea, abilități de inginerie fizică și de rezolvare a problemelor printr-o serie de lecții de construcție și codificare. Cele 30 de lecții sunt aliniate la standardele pentru educația în domeniul informaticii elaborate de Computer Science Teachers Association (CSTA) și de International Society for Technology (ISTE) Education, precum și la cursurile de la Code.org. Lecțiile progresează în complexitate prin intermediul manualului ilustrat, permițând kitului să fie adecvat pentru un copil de la 4 ani cu ajutorul unui adult și până la opt ani. Lecțiile acoperă aceste șase domenii cheie în codificare: secvențiere, bucle, evenimente, condiționale, funcții și variabile.Sunt incluse 6 povești, fiecare cu o serie de provocări de construcție modele și de codificare precum și lecții legate de acestea: un șoarece se deplasează printr-un labirint pentru a găsi brânză; un pinguin se plimbă printr-o grădină zoologică; un jucător de fotbal dă o minge în poartă; un camion de pompieri stinge un incendiu; și un robot de fabrică îndeplinește sarcini într-o secție de fabrică. Un manual ilustrat în culori îi ghidează pe utilizatori prin lecțiile de codare și asamblarea diferitelor modele.Conține 417 piese, 30 de experimente, manual cu instrucțiuni. Confecționat din plastic. Conform reglementarilor EN71&amp;ASTM.AVERTISMENT: Contraindicat copiilor sub 3 ani, conține piese mici. Se recomandă supravegherea copilului de către un adult în timpul jocului.&nbsp;Citiți instrucțiunile înainte de utilizare, urmați-le și păstrați-le pentru referință.Produs in Taiwan pentru Thames &amp; Kosmos, Anglia. Manual Kit STEM Primii pasi Principii de codare si roboti - descarca fisier   ","907",,"K_567012","[""https://cdnmpro.com/708224949/p/raw/2/kit-stem-primii-pasi-principii-de-codare-si-roboti-thames-kosmos~10152.jpg"",""https://cdnmpro.com/708224949/p/raw/9/kit-stem-primii-pasi-principii-de-codare-si-roboti-thames-kosmos~10149.jpg"",""https://cdnmpro.com/708224949/p/raw/0/kit-stem-primii-pasi-principii-de-codare-si-roboti-thames-kosmos~10150.jpg"",""https://cdnmpro.com/708224949/p/raw/1/kit-stem-primii-pasi-principii-de-codare-si-roboti-thames-kosmos~10151.jpg"",""https://cdnmpro.com/708224949/p/raw/3/kit-stem-primii-pasi-principii-de-codare-si-roboti-thames-kosmos~14263.jpg""]",,"[""Thames & Kosmos""]",,,"true","false","3","0",,,,,"0","0","2026-02-07 02:17:14.098","2026-03-22 01:12:34.52","814743013490.0","TODDLERS_1_3","625.83","0","0","0","0","0","0","2.9","0","0","APPROVED","SCIENCE","ee75eea8-9f64-4076-96a2-52f5d6926c14","false",,
"879bef58-f315-4eee-a3bc-0fbe83a5d755","Kit STEM Workshop de robotica compatibil cu micro:bit, Genius Toy","kit-stem-workshop-de-robotica-compatibil-cu-microbit-genius-toy-G_1409","Kit STEM Workshop de robotica&nbsp;compatibil cu micro:bit Cel mai bun atelier de robotică pentru a &icirc;nvăța codarea! Un kit intuitiv de ultimă generație pentru construcții și robotică, destinat utilizării acasă și la școală. Construiește și programează roboți cu acest sistem complet de inginerie robotică. Include un mini-calculator cu o matrice integrată de 25 de LED-uri și senzori &icirc;ncorporați care pot măsura lumina, temperatura, magnetismul, mișcarea și sunetul. Atelierul de robotică include, de asemenea, două cutii de viteze planetare puternice 50X, un servomotor tactic, un senzor ultrasonic durabil și un controler inteligent care le integrează pe toate. Cu sute de piese de construcție care se &icirc;mbină prin clipsare, poți asambla 14 roboți diferiți. Piesele versatile &icirc;ți permit, de asemenea, să creezi roboți după propriile desene și să-i programezi pentru a le da viață! Această activitate de robotică &icirc;ncepe cu instrucțiuni pentru construirea unor roboți simpli, &icirc;nvăț&acirc;ndu-te cum pot fi utilizați senzorii pentru a controla roboții. Construiește un robot ultrasonic care poate evita obstacolele, un robot bionic, un angrenaj cu tobe, un braț robotic impresionant și multe altele. Adaugă cod pentru a da viață roboților. Oricine poate &icirc;nvăța să programeze folosind aplicația gratuită MakeCode, bazată pe web sau tabletă, care &icirc;ncarcă codul direct pe micro:bit. &Icirc;ncepe cu programarea vizuală bloc, ușor de &icirc;nțeles, și apoi dezvoltă-te pentru a &icirc;nvăța cele mai relevante limbaje de programare din industria tehnologică: Python și JavaScript. &Icirc;ncărcarea codului pe micro:bit este rapidă și ușoară. Folosește cablul Micro-USB (nu este inclus) de la un desktop sau conectează-te wireless la controlerul inteligent folosind o conexiune Bluetooth Low Energy. După ce ai stăp&acirc;nit toate modelele robotice din instrucțiuni, vei avea instrumentele și cunoștințele necesare pentru a construi și programa propriile creații robotice uimitoare. Un manual color de 36 de pagini și o mulțime de resurse online prezintă instrucțiuni ilustrate pas cu pas, care explică cum să construiești, programezi și operezi modelele de roboți. ● Modele și explicații simple și ușor de utilizat pentru &icirc;ncepătorii &icirc;n programarea micro:bit. ● Trei teme majore acoperă aplicații din lumea reală: casă inteligentă, transport, robotică și automatizare. ● Dispune de o cutie de control principală actualizată, 2 motoare cu cuplu ridicat, un senzor ultrasonic și un servomotor unghiular pentru aplicații diverse.&nbsp; ● Necesită două baterii re&icirc;ncărcabile litiu-ion 18650 (nu sunt incluse). Bateria poate fi &icirc;ncărcată folosind cablul USB tip C inclus. ● Necesită o placă principală BBC micro:bit (nu este inclusă). Piesele din aceast kit sunt compatibile cu piesele altor seturi de construcție Gigo.Conține 245 piese, 14 modele, manual cu instrucțiuni. Vărsta recomandată: +8 ani. Confecționat din plastic. Conform reglementarilor EN71&amp;ASTM.AVERTISMENT: Contraindicat copiilor sub 3 ani, conține piese mici. Se recomandă supravegherea copilului de către un adult &icirc;n timpul jocului.&nbsp;Citiți instrucțiunile &icirc;nainte de utilizare, urmați-le și păstrați-le pentru referință.Produs in Taiwan de Genius Toy. Manual Kit STEM Workshop de robotica compatibil cu micro:bit, Gigo Toys - descarca aici fisierul","1428",,"G_1409","[""https://cdnmpro.com/708224949/p/raw/6/kit-stem-workshop-de-robotica-compatibil-cu-micro-bit-genius-toy~19966.jpg"",""https://cdnmpro.com/708224949/p/raw/5/kit-stem-workshop-de-robotica-compatibil-cu-micro-bit-genius-toy~19965.jpg"",""https://cdnmpro.com/708224949/p/raw/7/kit-stem-workshop-de-robotica-compatibil-cu-micro-bit-genius-toy~19967.jpg"",""https://cdnmpro.com/708224949/p/raw/8/kit-stem-workshop-de-robotica-compatibil-cu-micro-bit-genius-toy~19968.jpg"",""https://cdnmpro.com/708224949/p/raw/9/kit-stem-workshop-de-robotica-compatibil-cu-micro-bit-genius-toy~19969.jpg""]",,"[""Gigo Toys""]",,,"true","false","1","0",,,,,"0","0","2026-02-07 02:17:14.098","2026-03-22 01:12:34.941","4716503314099.0","ELEMENTARY_6_8","942.48","0","0","0","0","0","0","2.9","0","0","APPROVED","SCIENCE","ee75eea8-9f64-4076-96a2-52f5d6926c14","false",,